2026-07-27 10:50:26 | Log: C:\Users\Admin\Desktop\hai\ConViTX\code ViT_8 block CNN\HybridModel_Maize_NoPretrain\results\training.log
2026-07-27 10:50:26 | Device: cuda
2026-07-27 10:50:26 | *** MODE: ALL MODELS FROM SCRATCH (NO PRETRAINED WEIGHTS) ***
2026-07-27 10:50:26 | Models: ['MobileNetV2']
2026-07-27 10:50:26 | Folds:  [1, 2, 3, 4, 5]
2026-07-27 10:50:26 | Dataset: 18402 samples, 3 classes
2026-07-27 10:50:26 |   [params] MobileNetV2      = 2.228 M  (FROM SCRATCH)
2026-07-27 10:50:26 | 
================================================================================
2026-07-27 10:50:26 | TRAIN (FROM SCRATCH): MobileNetV2 | Fold 1/5 | batch=128
2026-07-27 10:50:26 | ================================================================================
2026-07-27 10:50:27 |   [INFO] MobileNetV2 initialized FROM SCRATCH (no pretrained weights)
2026-07-27 10:52:46 | Ep 01/50 | Loss 0.4948 Acc 79.12% | Val 0.3747 Acc 84.35% | 139.3s
2026-07-27 10:52:46 |   -> saved best
2026-07-27 10:54:17 | Ep 02/50 | Loss 0.3086 Acc 87.98% | Val 0.3033 Acc 87.10% | 90.8s
2026-07-27 10:54:17 |   -> saved best
2026-07-27 10:56:39 | Ep 03/50 | Loss 0.2693 Acc 89.57% | Val 0.2435 Acc 90.25% | 141.8s
2026-07-27 10:56:39 |   -> saved best
2026-07-27 10:59:22 | Ep 04/50 | Loss 0.2462 Acc 90.72% | Val 0.2462 Acc 90.17% | 163.0s
2026-07-27 11:02:05 | Ep 05/50 | Loss 0.2267 Acc 91.58% | Val 0.2045 Acc 92.39% | 162.9s
2026-07-27 11:02:05 |   -> saved best
2026-07-27 11:04:25 | Ep 06/50 | Loss 0.2132 Acc 92.05% | Val 0.2137 Acc 91.99% | 139.4s
2026-07-27 11:07:06 | Ep 07/50 | Loss 0.2051 Acc 92.51% | Val 0.1910 Acc 92.99% | 161.5s
2026-07-27 11:07:06 |   -> saved best
2026-07-27 11:09:49 | Ep 08/50 | Loss 0.1883 Acc 93.36% | Val 0.1759 Acc 94.00% | 162.3s
2026-07-27 11:09:49 |   -> saved best
2026-07-27 11:12:32 | Ep 09/50 | Loss 0.1910 Acc 93.06% | Val 0.1767 Acc 93.91% | 163.5s
2026-07-27 11:15:15 | Ep 10/50 | Loss 0.1828 Acc 93.27% | Val 0.1952 Acc 93.24% | 162.6s
2026-07-27 11:17:57 | Ep 11/50 | Loss 0.1748 Acc 93.82% | Val 0.1571 Acc 94.62% | 162.2s
2026-07-27 11:17:57 |   -> saved best
2026-07-27 11:20:39 | Ep 12/50 | Loss 0.1644 Acc 94.17% | Val 0.1556 Acc 94.38% | 161.9s
2026-07-27 11:20:40 |   -> saved best
2026-07-27 11:23:23 | Ep 13/50 | Loss 0.1664 Acc 94.03% | Val 0.1573 Acc 94.54% | 163.3s
2026-07-27 11:26:06 | Ep 14/50 | Loss 0.1577 Acc 94.54% | Val 0.1436 Acc 95.22% | 162.5s
2026-07-27 11:26:06 |   -> saved best
2026-07-27 11:28:50 | Ep 15/50 | Loss 0.1538 Acc 94.46% | Val 0.1405 Acc 95.27% | 164.2s
2026-07-27 11:28:50 |   -> saved best
2026-07-27 11:31:33 | Ep 16/50 | Loss 0.1476 Acc 94.88% | Val 0.1336 Acc 95.49% | 162.6s
2026-07-27 11:31:33 |   -> saved best
2026-07-27 11:34:15 | Ep 17/50 | Loss 0.1418 Acc 94.86% | Val 0.1325 Acc 95.35% | 161.9s
2026-07-27 11:34:15 |   -> saved best
2026-07-27 11:36:57 | Ep 18/50 | Loss 0.1350 Acc 95.22% | Val 0.1264 Acc 95.68% | 162.4s
2026-07-27 11:36:58 |   -> saved best
2026-07-27 11:39:40 | Ep 19/50 | Loss 0.1388 Acc 94.99% | Val 0.1301 Acc 95.68% | 162.0s
2026-07-27 11:42:23 | Ep 20/50 | Loss 0.1329 Acc 95.33% | Val 0.1237 Acc 95.93% | 163.1s
2026-07-27 11:42:23 |   -> saved best
2026-07-27 11:45:05 | Ep 21/50 | Loss 0.1278 Acc 95.67% | Val 0.1174 Acc 96.12% | 162.1s
2026-07-27 11:45:05 |   -> saved best
2026-07-27 11:47:47 | Ep 22/50 | Loss 0.1184 Acc 95.64% | Val 0.1272 Acc 95.82% | 161.2s
2026-07-27 11:50:29 | Ep 23/50 | Loss 0.1195 Acc 95.81% | Val 0.1106 Acc 96.36% | 162.2s
2026-07-27 11:50:29 |   -> saved best
2026-07-27 11:53:13 | Ep 24/50 | Loss 0.1167 Acc 95.91% | Val 0.1200 Acc 96.09% | 164.0s
2026-07-27 11:55:56 | Ep 25/50 | Loss 0.1145 Acc 96.18% | Val 0.1041 Acc 96.77% | 163.2s
2026-07-27 11:55:56 |   -> saved best
2026-07-27 11:58:39 | Ep 26/50 | Loss 0.1099 Acc 96.15% | Val 0.1006 Acc 96.77% | 162.7s
2026-07-27 11:58:39 |   -> saved best
2026-07-27 12:01:21 | Ep 27/50 | Loss 0.1084 Acc 96.29% | Val 0.1030 Acc 96.66% | 162.0s
2026-07-27 12:04:04 | Ep 28/50 | Loss 0.1110 Acc 96.07% | Val 0.1030 Acc 96.63% | 161.9s
2026-07-27 12:06:46 | Ep 29/50 | Loss 0.1061 Acc 96.39% | Val 0.0981 Acc 96.88% | 162.4s
2026-07-27 12:06:46 |   -> saved best
2026-07-27 12:09:28 | Ep 30/50 | Loss 0.0984 Acc 96.56% | Val 0.1016 Acc 96.58% | 161.5s
2026-07-27 12:12:11 | Ep 31/50 | Loss 0.0982 Acc 96.56% | Val 0.1050 Acc 96.41% | 163.0s
2026-07-27 12:14:53 | Ep 32/50 | Loss 0.0971 Acc 96.54% | Val 0.1043 Acc 96.66% | 162.1s
2026-07-27 12:17:37 | Ep 33/50 | Loss 0.0955 Acc 96.69% | Val 0.1101 Acc 96.47% | 164.3s
2026-07-27 12:20:20 | Ep 34/50 | Loss 0.0921 Acc 96.79% | Val 0.1128 Acc 96.33% | 162.4s
2026-07-27 12:23:03 | Ep 35/50 | Loss 0.0904 Acc 96.69% | Val 0.0958 Acc 96.88% | 162.6s
2026-07-27 12:23:03 |   -> saved best
2026-07-27 12:25:46 | Ep 36/50 | Loss 0.0929 Acc 96.68% | Val 0.0909 Acc 97.07% | 163.2s
2026-07-27 12:25:46 |   -> saved best
2026-07-27 12:28:29 | Ep 37/50 | Loss 0.0846 Acc 97.07% | Val 0.1002 Acc 96.50% | 162.3s
2026-07-27 12:31:11 | Ep 38/50 | Loss 0.0855 Acc 97.02% | Val 0.0980 Acc 96.74% | 162.7s
2026-07-27 12:33:53 | Ep 39/50 | Loss 0.0836 Acc 97.01% | Val 0.0928 Acc 96.90% | 161.7s
2026-07-27 12:36:36 | Ep 40/50 | Loss 0.0814 Acc 97.35% | Val 0.0854 Acc 97.36% | 162.4s
2026-07-27 12:36:36 |   -> saved best
2026-07-27 12:39:18 | Ep 41/50 | Loss 0.0766 Acc 97.49% | Val 0.0764 Acc 97.53% | 162.0s
2026-07-27 12:39:18 |   -> saved best
2026-07-27 12:42:00 | Ep 42/50 | Loss 0.0739 Acc 97.43% | Val 0.0806 Acc 97.36% | 161.9s
2026-07-27 12:44:49 | Ep 43/50 | Loss 0.0724 Acc 97.45% | Val 0.0790 Acc 97.50% | 168.7s
2026-07-27 12:47:31 | Ep 44/50 | Loss 0.0742 Acc 97.48% | Val 0.0827 Acc 97.53% | 162.0s
2026-07-27 12:50:15 | Ep 45/50 | Loss 0.0763 Acc 97.33% | Val 0.0822 Acc 97.47% | 164.3s
2026-07-27 12:53:10 | Ep 46/50 | Loss 0.0751 Acc 97.40% | Val 0.0865 Acc 97.31% | 174.9s
2026-07-27 12:56:03 | Ep 47/50 | Loss 0.0761 Acc 97.22% | Val 0.0780 Acc 97.77% | 172.1s
2026-07-27 12:58:45 | Ep 48/50 | Loss 0.0680 Acc 97.56% | Val 0.0878 Acc 97.07% | 162.1s
2026-07-27 13:01:27 | Ep 49/50 | Loss 0.0719 Acc 97.60% | Val 0.0741 Acc 97.72% | 162.3s
2026-07-27 13:01:27 |   -> saved best
2026-07-27 13:04:09 | Ep 50/50 | Loss 0.0662 Acc 97.79% | Val 0.0803 Acc 97.53% | 161.3s
2026-07-27 13:04:09 | Done in 133.70 min
2026-07-27 13:04:36 | 
================================================================================
2026-07-27 13:04:36 | TRAIN (FROM SCRATCH): MobileNetV2 | Fold 2/5 | batch=128
2026-07-27 13:04:36 | ================================================================================
2026-07-27 13:04:36 |   [INFO] MobileNetV2 initialized FROM SCRATCH (no pretrained weights)
2026-07-27 13:07:37 | Ep 01/50 | Loss 0.5543 Acc 75.41% | Val 0.3956 Acc 84.81% | 180.5s
2026-07-27 13:07:37 |   -> saved best
2026-07-27 13:10:28 | Ep 02/50 | Loss 0.3564 Acc 85.75% | Val 0.3160 Acc 86.99% | 170.6s
2026-07-27 13:10:28 |   -> saved best
2026-07-27 13:13:12 | Ep 03/50 | Loss 0.3155 Acc 87.32% | Val 0.2808 Acc 89.16% | 164.6s
2026-07-27 13:13:12 |   -> saved best
2026-07-27 13:15:52 | Ep 04/50 | Loss 0.2748 Acc 89.06% | Val 0.2269 Acc 91.36% | 159.8s
2026-07-27 13:15:52 |   -> saved best
2026-07-27 13:18:33 | Ep 05/50 | Loss 0.2544 Acc 90.49% | Val 0.2190 Acc 92.15% | 160.6s
2026-07-27 13:18:33 |   -> saved best
2026-07-27 13:21:17 | Ep 06/50 | Loss 0.2327 Acc 91.16% | Val 0.2156 Acc 92.37% | 163.2s
2026-07-27 13:21:17 |   -> saved best
2026-07-27 13:23:58 | Ep 07/50 | Loss 0.2188 Acc 91.98% | Val 0.2506 Acc 90.90% | 161.7s
2026-07-27 13:26:42 | Ep 08/50 | Loss 0.2138 Acc 92.08% | Val 0.1894 Acc 93.02% | 163.8s
2026-07-27 13:26:42 |   -> saved best
2026-07-27 13:29:25 | Ep 09/50 | Loss 0.2046 Acc 92.83% | Val 0.1818 Acc 94.08% | 163.0s
2026-07-27 13:29:25 |   -> saved best
2026-07-27 13:32:09 | Ep 10/50 | Loss 0.2016 Acc 92.76% | Val 0.1865 Acc 93.56% | 163.4s
2026-07-27 13:34:51 | Ep 11/50 | Loss 0.1885 Acc 93.22% | Val 0.1628 Acc 94.35% | 161.8s
2026-07-27 13:34:51 |   -> saved best
2026-07-27 13:37:35 | Ep 12/50 | Loss 0.1812 Acc 93.49% | Val 0.1608 Acc 94.62% | 163.5s
2026-07-27 13:37:35 |   -> saved best
2026-07-27 13:40:18 | Ep 13/50 | Loss 0.1781 Acc 93.61% | Val 0.1621 Acc 94.10% | 163.6s
2026-07-27 13:43:01 | Ep 14/50 | Loss 0.1720 Acc 93.95% | Val 0.1518 Acc 94.49% | 162.8s
2026-07-27 13:43:01 |   -> saved best
2026-07-27 13:45:42 | Ep 15/50 | Loss 0.1657 Acc 94.15% | Val 0.1617 Acc 93.72% | 160.5s
2026-07-27 13:48:26 | Ep 16/50 | Loss 0.1652 Acc 94.35% | Val 0.1428 Acc 95.00% | 163.5s
2026-07-27 13:48:26 |   -> saved best
2026-07-27 13:51:09 | Ep 17/50 | Loss 0.1662 Acc 93.93% | Val 0.1656 Acc 94.00% | 163.0s
2026-07-27 13:53:50 | Ep 18/50 | Loss 0.1520 Acc 94.71% | Val 0.1314 Acc 95.68% | 161.3s
2026-07-27 13:53:50 |   -> saved best
2026-07-27 13:56:35 | Ep 19/50 | Loss 0.1451 Acc 94.85% | Val 0.1288 Acc 95.30% | 165.1s
2026-07-27 13:56:36 |   -> saved best
2026-07-27 13:58:12 | Ep 20/50 | Loss 0.1436 Acc 94.99% | Val 0.1235 Acc 95.73% | 96.6s
2026-07-27 13:58:12 |   -> saved best
2026-07-27 13:59:39 | Ep 21/50 | Loss 0.1436 Acc 94.92% | Val 0.1321 Acc 95.57% | 86.8s
2026-07-27 14:01:04 | Ep 22/50 | Loss 0.1370 Acc 95.20% | Val 0.1161 Acc 95.79% | 84.5s
2026-07-27 14:01:04 |   -> saved best
2026-07-27 14:02:33 | Ep 23/50 | Loss 0.1344 Acc 95.25% | Val 0.1093 Acc 96.17% | 89.3s
2026-07-27 14:02:33 |   -> saved best
2026-07-27 14:04:03 | Ep 24/50 | Loss 0.1327 Acc 95.40% | Val 0.1205 Acc 95.71% | 90.1s
2026-07-27 14:05:34 | Ep 25/50 | Loss 0.1229 Acc 95.67% | Val 0.1159 Acc 96.20% | 90.4s
2026-07-27 14:07:04 | Ep 26/50 | Loss 0.1232 Acc 95.54% | Val 0.1073 Acc 96.33% | 89.9s
2026-07-27 14:07:04 |   -> saved best
2026-07-27 14:08:33 | Ep 27/50 | Loss 0.1212 Acc 95.72% | Val 0.1076 Acc 96.22% | 89.0s
2026-07-27 14:10:03 | Ep 28/50 | Loss 0.1216 Acc 95.57% | Val 0.1090 Acc 96.20% | 90.1s
2026-07-27 14:11:36 | Ep 29/50 | Loss 0.1205 Acc 95.81% | Val 0.1000 Acc 96.58% | 92.4s
2026-07-27 14:11:36 |   -> saved best
2026-07-27 14:13:07 | Ep 30/50 | Loss 0.1111 Acc 96.13% | Val 0.0982 Acc 96.88% | 91.7s
2026-07-27 14:13:07 |   -> saved best
2026-07-27 14:14:39 | Ep 31/50 | Loss 0.1147 Acc 96.03% | Val 0.0968 Acc 97.04% | 91.4s
2026-07-27 14:14:39 |   -> saved best
2026-07-27 14:16:10 | Ep 32/50 | Loss 0.1096 Acc 96.08% | Val 0.0901 Acc 97.34% | 90.7s
2026-07-27 14:16:10 |   -> saved best
2026-07-27 14:17:46 | Ep 33/50 | Loss 0.1065 Acc 96.22% | Val 0.1038 Acc 96.79% | 96.6s
2026-07-27 14:19:19 | Ep 34/50 | Loss 0.1032 Acc 96.39% | Val 0.1010 Acc 96.74% | 92.7s
2026-07-27 14:20:49 | Ep 35/50 | Loss 0.1051 Acc 96.24% | Val 0.1064 Acc 96.74% | 89.7s
2026-07-27 14:22:25 | Ep 36/50 | Loss 0.1026 Acc 96.41% | Val 0.0840 Acc 97.39% | 96.2s
2026-07-27 14:22:25 |   -> saved best
2026-07-27 14:23:59 | Ep 37/50 | Loss 0.0975 Acc 96.51% | Val 0.0864 Acc 97.28% | 93.9s
2026-07-27 14:25:30 | Ep 38/50 | Loss 0.1037 Acc 96.26% | Val 0.0818 Acc 97.26% | 90.2s
2026-07-27 14:25:30 |   -> saved best
2026-07-27 14:27:10 | Ep 39/50 | Loss 0.0988 Acc 96.37% | Val 0.0845 Acc 97.23% | 99.9s
2026-07-27 14:28:42 | Ep 40/50 | Loss 0.0961 Acc 96.68% | Val 0.0792 Acc 97.56% | 92.1s
2026-07-27 14:28:42 |   -> saved best
2026-07-27 14:30:17 | Ep 41/50 | Loss 0.0936 Acc 96.57% | Val 0.0827 Acc 97.61% | 95.1s
2026-07-27 14:32:02 | Ep 42/50 | Loss 0.0902 Acc 96.92% | Val 0.0775 Acc 97.56% | 105.1s
2026-07-27 14:32:02 |   -> saved best
2026-07-27 14:33:32 | Ep 43/50 | Loss 0.0876 Acc 96.92% | Val 0.0862 Acc 97.36% | 89.7s
2026-07-27 14:35:01 | Ep 44/50 | Loss 0.0849 Acc 96.97% | Val 0.0843 Acc 97.26% | 88.7s
2026-07-27 14:36:31 | Ep 45/50 | Loss 0.0847 Acc 97.08% | Val 0.0796 Acc 97.42% | 90.4s
2026-07-27 14:38:01 | Ep 46/50 | Loss 0.0837 Acc 97.14% | Val 0.0766 Acc 97.45% | 89.7s
2026-07-27 14:38:01 |   -> saved best
2026-07-27 14:39:30 | Ep 47/50 | Loss 0.0850 Acc 96.80% | Val 0.0754 Acc 97.50% | 89.2s
2026-07-27 14:39:30 |   -> saved best
2026-07-27 14:41:00 | Ep 48/50 | Loss 0.0800 Acc 97.19% | Val 0.0781 Acc 97.61% | 89.4s
2026-07-27 14:42:28 | Ep 49/50 | Loss 0.0755 Acc 97.45% | Val 0.0803 Acc 97.47% | 88.6s
2026-07-27 14:43:58 | Ep 50/50 | Loss 0.0766 Acc 97.29% | Val 0.0802 Acc 97.69% | 89.8s
2026-07-27 14:43:58 | Done in 99.37 min
2026-07-27 14:44:17 | 
================================================================================
2026-07-27 14:44:17 | TRAIN (FROM SCRATCH): MobileNetV2 | Fold 3/5 | batch=128
2026-07-27 14:44:17 | ================================================================================
2026-07-27 14:44:17 |   [INFO] MobileNetV2 initialized FROM SCRATCH (no pretrained weights)
2026-07-27 14:46:13 | Ep 01/50 | Loss 0.5143 Acc 77.32% | Val 0.3412 Acc 85.84% | 115.4s
2026-07-27 14:46:13 |   -> saved best
2026-07-27 14:47:44 | Ep 02/50 | Loss 0.3340 Acc 86.23% | Val 0.2629 Acc 89.27% | 90.8s
2026-07-27 14:47:44 |   -> saved best
2026-07-27 14:49:19 | Ep 03/50 | Loss 0.2882 Acc 88.97% | Val 0.2181 Acc 92.17% | 95.1s
2026-07-27 14:49:19 |   -> saved best
2026-07-27 14:50:53 | Ep 04/50 | Loss 0.2465 Acc 90.70% | Val 0.2052 Acc 92.83% | 93.7s
2026-07-27 14:50:53 |   -> saved best
2026-07-27 14:52:26 | Ep 05/50 | Loss 0.2240 Acc 91.90% | Val 0.1912 Acc 93.48% | 93.2s
2026-07-27 14:52:26 |   -> saved best
2026-07-27 14:53:56 | Ep 06/50 | Loss 0.2098 Acc 92.19% | Val 0.1847 Acc 93.70% | 89.6s
2026-07-27 14:53:56 |   -> saved best
2026-07-27 14:55:25 | Ep 07/50 | Loss 0.2028 Acc 92.55% | Val 0.1748 Acc 94.05% | 89.5s
2026-07-27 14:55:25 |   -> saved best
2026-07-27 14:56:56 | Ep 08/50 | Loss 0.1874 Acc 93.46% | Val 0.1564 Acc 94.67% | 90.4s
2026-07-27 14:56:56 |   -> saved best
2026-07-27 14:58:26 | Ep 09/50 | Loss 0.1828 Acc 93.38% | Val 0.1420 Acc 94.95% | 90.3s
2026-07-27 14:58:26 |   -> saved best
2026-07-27 14:59:56 | Ep 10/50 | Loss 0.1786 Acc 93.61% | Val 0.1488 Acc 94.65% | 89.9s
2026-07-27 15:01:59 | Ep 11/50 | Loss 0.1725 Acc 93.78% | Val 0.1411 Acc 95.22% | 123.1s
2026-07-27 15:01:59 |   -> saved best
2026-07-27 15:04:40 | Ep 12/50 | Loss 0.1723 Acc 93.95% | Val 0.1294 Acc 95.43% | 160.0s
2026-07-27 15:04:40 |   -> saved best
2026-07-27 15:07:18 | Ep 13/50 | Loss 0.1605 Acc 94.23% | Val 0.1316 Acc 95.60% | 158.3s
2026-07-27 15:09:57 | Ep 14/50 | Loss 0.1604 Acc 94.41% | Val 0.1241 Acc 95.90% | 158.9s
2026-07-27 15:09:57 |   -> saved best
2026-07-27 15:12:40 | Ep 15/50 | Loss 0.1521 Acc 94.66% | Val 0.1253 Acc 95.62% | 162.5s
2026-07-27 15:15:18 | Ep 16/50 | Loss 0.1498 Acc 94.71% | Val 0.1275 Acc 95.60% | 158.4s
2026-07-27 15:17:20 | Ep 17/50 | Loss 0.1428 Acc 94.83% | Val 0.1149 Acc 96.14% | 121.4s
2026-07-27 15:17:20 |   -> saved best
2026-07-27 15:18:50 | Ep 18/50 | Loss 0.1473 Acc 94.67% | Val 0.1079 Acc 96.52% | 89.8s
2026-07-27 15:18:50 |   -> saved best
2026-07-27 15:20:18 | Ep 19/50 | Loss 0.1362 Acc 95.38% | Val 0.1075 Acc 96.47% | 88.2s
2026-07-27 15:20:18 |   -> saved best
2026-07-27 15:21:46 | Ep 20/50 | Loss 0.1351 Acc 95.30% | Val 0.1071 Acc 96.33% | 88.2s
2026-07-27 15:21:46 |   -> saved best
2026-07-27 15:23:15 | Ep 21/50 | Loss 0.1290 Acc 95.48% | Val 0.1102 Acc 96.36% | 88.5s
2026-07-27 15:24:44 | Ep 22/50 | Loss 0.1316 Acc 95.14% | Val 0.1148 Acc 96.01% | 89.2s
2026-07-27 15:26:14 | Ep 23/50 | Loss 0.1219 Acc 95.65% | Val 0.0931 Acc 97.01% | 90.0s
2026-07-27 15:26:14 |   -> saved best
2026-07-27 15:27:43 | Ep 24/50 | Loss 0.1256 Acc 95.52% | Val 0.0925 Acc 97.01% | 88.2s
2026-07-27 15:27:43 |   -> saved best
2026-07-27 15:29:10 | Ep 25/50 | Loss 0.1147 Acc 95.75% | Val 0.1016 Acc 96.44% | 87.6s
2026-07-27 15:30:38 | Ep 26/50 | Loss 0.1190 Acc 95.73% | Val 0.0921 Acc 97.12% | 87.9s
2026-07-27 15:30:38 |   -> saved best
2026-07-27 15:32:05 | Ep 27/50 | Loss 0.1126 Acc 95.98% | Val 0.0890 Acc 96.82% | 86.9s
2026-07-27 15:32:05 |   -> saved best
2026-07-27 15:33:31 | Ep 28/50 | Loss 0.1174 Acc 95.99% | Val 0.0873 Acc 96.96% | 85.9s
2026-07-27 15:33:31 |   -> saved best
2026-07-27 15:34:59 | Ep 29/50 | Loss 0.1072 Acc 96.29% | Val 0.0825 Acc 97.23% | 87.2s
2026-07-27 15:34:59 |   -> saved best
2026-07-27 15:36:26 | Ep 30/50 | Loss 0.1070 Acc 96.41% | Val 0.0819 Acc 97.31% | 87.1s
2026-07-27 15:36:26 |   -> saved best
2026-07-27 15:37:53 | Ep 31/50 | Loss 0.1033 Acc 96.37% | Val 0.0872 Acc 97.26% | 86.6s
2026-07-27 15:39:19 | Ep 32/50 | Loss 0.0999 Acc 96.41% | Val 0.0868 Acc 97.26% | 86.9s
2026-07-27 15:40:48 | Ep 33/50 | Loss 0.0987 Acc 96.77% | Val 0.0782 Acc 97.47% | 88.4s
2026-07-27 15:40:48 |   -> saved best
2026-07-27 15:42:15 | Ep 34/50 | Loss 0.0994 Acc 96.66% | Val 0.0884 Acc 97.07% | 87.3s
2026-07-27 15:43:43 | Ep 35/50 | Loss 0.0899 Acc 96.85% | Val 0.0891 Acc 96.96% | 87.4s
2026-07-27 15:45:09 | Ep 36/50 | Loss 0.0924 Acc 96.74% | Val 0.0768 Acc 97.39% | 86.1s
2026-07-27 15:45:09 |   -> saved best
2026-07-27 15:46:35 | Ep 37/50 | Loss 0.0951 Acc 96.64% | Val 0.0784 Acc 97.26% | 86.4s
2026-07-27 15:48:02 | Ep 38/50 | Loss 0.0914 Acc 96.68% | Val 0.0740 Acc 97.55% | 86.4s
2026-07-27 15:48:02 |   -> saved best
2026-07-27 15:49:28 | Ep 39/50 | Loss 0.0943 Acc 96.77% | Val 0.0758 Acc 97.47% | 86.4s
2026-07-27 15:50:53 | Ep 40/50 | Loss 0.0884 Acc 96.92% | Val 0.0756 Acc 97.31% | 84.5s
2026-07-27 15:52:18 | Ep 41/50 | Loss 0.0837 Acc 97.04% | Val 0.0756 Acc 97.42% | 84.9s
2026-07-27 15:53:48 | Ep 42/50 | Loss 0.0817 Acc 97.25% | Val 0.0723 Acc 97.66% | 89.9s
2026-07-27 15:53:48 |   -> saved best
2026-07-27 15:55:16 | Ep 43/50 | Loss 0.0757 Acc 97.41% | Val 0.0800 Acc 97.42% | 88.3s
2026-07-27 15:57:05 | Ep 44/50 | Loss 0.0834 Acc 97.17% | Val 0.0719 Acc 97.42% | 109.0s
2026-07-27 15:57:05 |   -> saved best
2026-07-27 15:58:50 | Ep 45/50 | Loss 0.0764 Acc 97.37% | Val 0.0798 Acc 97.31% | 104.6s
2026-07-27 16:00:19 | Ep 46/50 | Loss 0.0753 Acc 97.34% | Val 0.0642 Acc 97.83% | 88.7s
2026-07-27 16:00:19 |   -> saved best
2026-07-27 16:01:53 | Ep 47/50 | Loss 0.0763 Acc 97.26% | Val 0.0727 Acc 97.80% | 93.6s
2026-07-27 16:03:21 | Ep 48/50 | Loss 0.0762 Acc 97.38% | Val 0.0638 Acc 97.72% | 88.9s
2026-07-27 16:03:22 |   -> saved best
2026-07-27 16:04:45 | Ep 49/50 | Loss 0.0687 Acc 97.68% | Val 0.0605 Acc 97.91% | 83.8s
2026-07-27 16:04:45 |   -> saved best
2026-07-27 16:06:08 | Ep 50/50 | Loss 0.0759 Acc 97.47% | Val 0.0687 Acc 97.64% | 82.4s
2026-07-27 16:06:08 | Done in 81.84 min
2026-07-27 16:06:26 | 
================================================================================
2026-07-27 16:06:26 | TRAIN (FROM SCRATCH): MobileNetV2 | Fold 4/5 | batch=128
2026-07-27 16:06:26 | ================================================================================
2026-07-27 16:06:26 |   [INFO] MobileNetV2 initialized FROM SCRATCH (no pretrained weights)
2026-07-27 16:08:02 | Ep 01/50 | Loss 0.5272 Acc 76.75% | Val 0.3618 Acc 85.95% | 96.6s
2026-07-27 16:08:03 |   -> saved best
2026-07-27 16:09:26 | Ep 02/50 | Loss 0.3477 Acc 86.06% | Val 0.2846 Acc 88.51% | 83.6s
2026-07-27 16:09:26 |   -> saved best
2026-07-27 16:10:57 | Ep 03/50 | Loss 0.2896 Acc 88.70% | Val 0.2224 Acc 92.01% | 90.6s
2026-07-27 16:10:57 |   -> saved best
2026-07-27 16:12:21 | Ep 04/50 | Loss 0.2538 Acc 90.28% | Val 0.2150 Acc 92.01% | 83.7s
2026-07-27 16:12:21 |   -> saved best
2026-07-27 16:13:45 | Ep 05/50 | Loss 0.2317 Acc 91.37% | Val 0.1878 Acc 93.04% | 84.0s
2026-07-27 16:13:45 |   -> saved best
2026-07-27 16:15:08 | Ep 06/50 | Loss 0.2180 Acc 91.97% | Val 0.1665 Acc 94.02% | 83.1s
2026-07-27 16:15:08 |   -> saved best
2026-07-27 16:16:32 | Ep 07/50 | Loss 0.2048 Acc 92.45% | Val 0.1831 Acc 93.32% | 84.2s
2026-07-27 16:17:56 | Ep 08/50 | Loss 0.1924 Acc 92.90% | Val 0.1646 Acc 94.16% | 84.2s
2026-07-27 16:17:57 |   -> saved best
2026-07-27 16:19:21 | Ep 09/50 | Loss 0.1860 Acc 93.38% | Val 0.1744 Acc 93.48% | 84.2s
2026-07-27 16:20:49 | Ep 10/50 | Loss 0.1823 Acc 93.45% | Val 0.1566 Acc 94.21% | 88.1s
2026-07-27 16:20:49 |   -> saved best
2026-07-27 16:22:14 | Ep 11/50 | Loss 0.1699 Acc 94.11% | Val 0.1453 Acc 94.92% | 84.6s
2026-07-27 16:22:14 |   -> saved best
2026-07-27 16:23:37 | Ep 12/50 | Loss 0.1690 Acc 93.82% | Val 0.1411 Acc 95.00% | 83.1s
2026-07-27 16:23:37 |   -> saved best
2026-07-27 16:25:00 | Ep 13/50 | Loss 0.1663 Acc 94.13% | Val 0.1403 Acc 94.97% | 83.6s
2026-07-27 16:25:01 |   -> saved best
2026-07-27 16:26:23 | Ep 14/50 | Loss 0.1602 Acc 94.42% | Val 0.1279 Acc 95.57% | 82.7s
2026-07-27 16:26:23 |   -> saved best
2026-07-27 16:27:47 | Ep 15/50 | Loss 0.1605 Acc 94.35% | Val 0.1545 Acc 94.35% | 83.7s
2026-07-27 16:29:10 | Ep 16/50 | Loss 0.1463 Acc 94.84% | Val 0.1169 Acc 96.01% | 83.0s
2026-07-27 16:29:10 |   -> saved best
2026-07-27 16:30:33 | Ep 17/50 | Loss 0.1473 Acc 95.07% | Val 0.1128 Acc 96.14% | 82.8s
2026-07-27 16:30:33 |   -> saved best
2026-07-27 16:31:57 | Ep 18/50 | Loss 0.1430 Acc 94.85% | Val 0.1040 Acc 96.66% | 83.6s
2026-07-27 16:31:57 |   -> saved best
2026-07-27 16:33:19 | Ep 19/50 | Loss 0.1362 Acc 95.29% | Val 0.1080 Acc 96.52% | 82.4s
2026-07-27 16:34:43 | Ep 20/50 | Loss 0.1338 Acc 95.33% | Val 0.1012 Acc 96.52% | 84.0s
2026-07-27 16:34:43 |   -> saved best
2026-07-27 16:36:08 | Ep 21/50 | Loss 0.1299 Acc 95.36% | Val 0.0985 Acc 96.44% | 84.0s
2026-07-27 16:36:08 |   -> saved best
2026-07-27 16:37:31 | Ep 22/50 | Loss 0.1249 Acc 95.59% | Val 0.1040 Acc 96.28% | 83.7s
2026-07-27 16:38:54 | Ep 23/50 | Loss 0.1232 Acc 95.63% | Val 0.1061 Acc 96.39% | 83.0s
2026-07-27 16:40:18 | Ep 24/50 | Loss 0.1168 Acc 95.82% | Val 0.1009 Acc 96.55% | 83.9s
2026-07-27 16:41:42 | Ep 25/50 | Loss 0.1184 Acc 95.83% | Val 0.1020 Acc 96.58% | 83.6s
2026-07-27 16:43:05 | Ep 26/50 | Loss 0.1166 Acc 95.93% | Val 0.0875 Acc 97.09% | 83.2s
2026-07-27 16:43:05 |   -> saved best
2026-07-27 16:44:28 | Ep 27/50 | Loss 0.1041 Acc 96.37% | Val 0.0873 Acc 97.07% | 83.0s
2026-07-27 16:44:28 |   -> saved best
2026-07-27 16:45:52 | Ep 28/50 | Loss 0.1080 Acc 96.13% | Val 0.0832 Acc 97.42% | 83.5s
2026-07-27 16:45:52 |   -> saved best
2026-07-27 16:47:16 | Ep 29/50 | Loss 0.1060 Acc 96.29% | Val 0.0824 Acc 97.34% | 83.7s
2026-07-27 16:47:16 |   -> saved best
2026-07-27 16:48:39 | Ep 30/50 | Loss 0.1003 Acc 96.66% | Val 0.0826 Acc 97.31% | 83.4s
2026-07-27 16:50:02 | Ep 31/50 | Loss 0.1004 Acc 96.41% | Val 0.0840 Acc 97.42% | 83.0s
2026-07-27 16:51:25 | Ep 32/50 | Loss 0.0942 Acc 96.66% | Val 0.0775 Acc 97.42% | 82.8s
2026-07-27 16:51:25 |   -> saved best
2026-07-27 16:52:49 | Ep 33/50 | Loss 0.0926 Acc 96.67% | Val 0.0794 Acc 97.72% | 83.7s
2026-07-27 16:54:13 | Ep 34/50 | Loss 0.0930 Acc 96.86% | Val 0.0863 Acc 96.98% | 83.8s
2026-07-27 16:55:41 | Ep 35/50 | Loss 0.0905 Acc 96.84% | Val 0.0695 Acc 97.85% | 88.0s
2026-07-27 16:55:41 |   -> saved best
2026-07-27 16:57:12 | Ep 36/50 | Loss 0.0882 Acc 96.83% | Val 0.0714 Acc 97.99% | 91.2s
2026-07-27 16:58:36 | Ep 37/50 | Loss 0.0895 Acc 96.98% | Val 0.0674 Acc 97.99% | 83.3s
2026-07-27 16:58:36 |   -> saved best
2026-07-27 17:00:06 | Ep 38/50 | Loss 0.0822 Acc 97.02% | Val 0.0693 Acc 97.66% | 90.7s
2026-07-27 17:01:32 | Ep 39/50 | Loss 0.0793 Acc 97.23% | Val 0.0666 Acc 97.93% | 85.1s
2026-07-27 17:01:32 |   -> saved best
2026-07-27 17:02:55 | Ep 40/50 | Loss 0.0814 Acc 97.20% | Val 0.0709 Acc 98.04% | 83.2s
2026-07-27 17:04:18 | Ep 41/50 | Loss 0.0814 Acc 97.23% | Val 0.0668 Acc 98.12% | 83.5s
2026-07-27 17:05:43 | Ep 42/50 | Loss 0.0787 Acc 97.40% | Val 0.0708 Acc 97.69% | 84.6s
2026-07-27 17:07:08 | Ep 43/50 | Loss 0.0778 Acc 97.36% | Val 0.0664 Acc 97.96% | 85.0s
2026-07-27 17:07:08 |   -> saved best
2026-07-27 17:08:31 | Ep 44/50 | Loss 0.0778 Acc 97.34% | Val 0.0659 Acc 97.69% | 82.8s
2026-07-27 17:08:31 |   -> saved best
2026-07-27 17:09:54 | Ep 45/50 | Loss 0.0777 Acc 97.28% | Val 0.0664 Acc 97.93% | 83.2s
2026-07-27 17:11:18 | Ep 46/50 | Loss 0.0725 Acc 97.48% | Val 0.0628 Acc 98.18% | 83.3s
2026-07-27 17:11:18 |   -> saved best
2026-07-27 17:12:41 | Ep 47/50 | Loss 0.0723 Acc 97.54% | Val 0.0606 Acc 98.10% | 83.4s
2026-07-27 17:12:41 |   -> saved best
2026-07-27 17:14:05 | Ep 48/50 | Loss 0.0696 Acc 97.51% | Val 0.0600 Acc 98.18% | 83.3s
2026-07-27 17:14:05 |   -> saved best
2026-07-27 17:15:28 | Ep 49/50 | Loss 0.0685 Acc 97.66% | Val 0.0684 Acc 98.07% | 82.9s
2026-07-27 17:16:51 | Ep 50/50 | Loss 0.0678 Acc 97.61% | Val 0.0636 Acc 97.96% | 83.5s
2026-07-27 17:16:51 | Done in 70.42 min
2026-07-27 17:17:08 | 
================================================================================
2026-07-27 17:17:08 | TRAIN (FROM SCRATCH): MobileNetV2 | Fold 5/5 | batch=128
2026-07-27 17:17:08 | ================================================================================
2026-07-27 17:17:08 |   [INFO] MobileNetV2 initialized FROM SCRATCH (no pretrained weights)
2026-07-27 17:18:46 | Ep 01/50 | Loss 0.5206 Acc 77.83% | Val 0.3465 Acc 86.44% | 97.3s
2026-07-27 17:18:46 |   -> saved best
2026-07-27 17:20:09 | Ep 02/50 | Loss 0.3412 Acc 86.82% | Val 0.2857 Acc 89.18% | 83.0s
2026-07-27 17:20:09 |   -> saved best
2026-07-27 17:21:32 | Ep 03/50 | Loss 0.2876 Acc 88.98% | Val 0.2840 Acc 90.05% | 83.7s
2026-07-27 17:21:32 |   -> saved best
2026-07-27 17:22:56 | Ep 04/50 | Loss 0.2545 Acc 90.39% | Val 0.2436 Acc 91.52% | 83.4s
2026-07-27 17:22:56 |   -> saved best
2026-07-27 17:24:19 | Ep 05/50 | Loss 0.2346 Acc 91.37% | Val 0.2093 Acc 92.50% | 83.1s
2026-07-27 17:24:19 |   -> saved best
2026-07-27 17:25:51 | Ep 06/50 | Loss 0.2226 Acc 91.68% | Val 0.1806 Acc 93.45% | 91.4s
2026-07-27 17:25:51 |   -> saved best
2026-07-27 17:27:13 | Ep 07/50 | Loss 0.2145 Acc 92.18% | Val 0.2011 Acc 92.91% | 82.6s
2026-07-27 17:28:42 | Ep 08/50 | Loss 0.2062 Acc 92.64% | Val 0.1998 Acc 93.04% | 88.2s
2026-07-27 17:30:08 | Ep 09/50 | Loss 0.1949 Acc 92.93% | Val 0.1699 Acc 94.05% | 86.1s
2026-07-27 17:30:08 |   -> saved best
2026-07-27 17:31:31 | Ep 10/50 | Loss 0.1897 Acc 93.26% | Val 0.1910 Acc 93.51% | 83.6s
2026-07-27 17:32:55 | Ep 11/50 | Loss 0.1766 Acc 93.75% | Val 0.1596 Acc 94.16% | 83.5s
2026-07-27 17:32:55 |   -> saved best
2026-07-27 17:34:19 | Ep 12/50 | Loss 0.1768 Acc 93.63% | Val 0.1635 Acc 94.16% | 83.5s
2026-07-27 17:35:44 | Ep 13/50 | Loss 0.1717 Acc 93.79% | Val 0.1782 Acc 93.99% | 85.0s
2026-07-27 17:37:11 | Ep 14/50 | Loss 0.1611 Acc 94.28% | Val 0.1421 Acc 94.84% | 87.6s
2026-07-27 17:37:11 |   -> saved best
2026-07-27 17:38:34 | Ep 15/50 | Loss 0.1591 Acc 94.27% | Val 0.1550 Acc 94.32% | 82.8s
2026-07-27 17:40:05 | Ep 16/50 | Loss 0.1515 Acc 94.84% | Val 0.1411 Acc 94.67% | 91.2s
2026-07-27 17:40:05 |   -> saved best
2026-07-27 17:41:28 | Ep 17/50 | Loss 0.1486 Acc 94.64% | Val 0.1299 Acc 95.49% | 82.9s
2026-07-27 17:41:28 |   -> saved best
2026-07-27 17:42:52 | Ep 18/50 | Loss 0.1468 Acc 94.90% | Val 0.1225 Acc 95.90% | 83.3s
2026-07-27 17:42:52 |   -> saved best
2026-07-27 17:44:15 | Ep 19/50 | Loss 0.1356 Acc 95.05% | Val 0.1250 Acc 95.41% | 82.9s
2026-07-27 17:45:38 | Ep 20/50 | Loss 0.1364 Acc 95.05% | Val 0.1076 Acc 96.17% | 82.9s
2026-07-27 17:45:38 |   -> saved best
2026-07-27 17:47:01 | Ep 21/50 | Loss 0.1288 Acc 95.35% | Val 0.1121 Acc 96.09% | 83.6s
2026-07-27 17:48:28 | Ep 22/50 | Loss 0.1282 Acc 95.46% | Val 0.1391 Acc 95.22% | 86.1s
2026-07-27 17:49:54 | Ep 23/50 | Loss 0.1250 Acc 95.42% | Val 0.1038 Acc 96.41% | 86.1s
2026-07-27 17:49:54 |   -> saved best
2026-07-27 17:51:17 | Ep 24/50 | Loss 0.1193 Acc 95.62% | Val 0.1127 Acc 96.01% | 83.0s
2026-07-27 17:52:41 | Ep 25/50 | Loss 0.1181 Acc 95.73% | Val 0.1036 Acc 96.47% | 83.9s
2026-07-27 17:52:41 |   -> saved best
2026-07-27 17:54:07 | Ep 26/50 | Loss 0.1178 Acc 95.83% | Val 0.1011 Acc 96.25% | 86.5s
2026-07-27 17:54:07 |   -> saved best
2026-07-27 17:55:38 | Ep 27/50 | Loss 0.1068 Acc 96.13% | Val 0.1037 Acc 96.47% | 90.0s
2026-07-27 17:57:08 | Ep 28/50 | Loss 0.1047 Acc 96.38% | Val 0.0890 Acc 97.12% | 90.6s
2026-07-27 17:57:08 |   -> saved best
2026-07-27 17:58:38 | Ep 29/50 | Loss 0.1032 Acc 96.37% | Val 0.0878 Acc 97.07% | 90.1s
2026-07-27 17:58:38 |   -> saved best
2026-07-27 18:00:08 | Ep 30/50 | Loss 0.1020 Acc 96.47% | Val 0.0947 Acc 96.71% | 89.8s
2026-07-27 18:01:38 | Ep 31/50 | Loss 0.0970 Acc 96.58% | Val 0.0814 Acc 97.26% | 90.0s
2026-07-27 18:01:38 |   -> saved best
2026-07-27 18:03:09 | Ep 32/50 | Loss 0.0949 Acc 96.58% | Val 0.0983 Acc 96.74% | 90.4s
2026-07-27 18:04:39 | Ep 33/50 | Loss 0.0931 Acc 96.85% | Val 0.0742 Acc 97.55% | 90.5s
2026-07-27 18:04:39 |   -> saved best
2026-07-27 18:06:09 | Ep 34/50 | Loss 0.0876 Acc 97.05% | Val 0.0732 Acc 97.69% | 89.1s
2026-07-27 18:06:09 |   -> saved best
2026-07-27 18:07:38 | Ep 35/50 | Loss 0.0845 Acc 97.14% | Val 0.0858 Acc 96.93% | 89.0s
2026-07-27 18:09:08 | Ep 36/50 | Loss 0.0888 Acc 96.92% | Val 0.0782 Acc 97.36% | 90.0s
2026-07-27 18:10:38 | Ep 37/50 | Loss 0.0907 Acc 96.92% | Val 0.0790 Acc 97.31% | 90.5s
2026-07-27 18:12:18 | Ep 38/50 | Loss 0.0779 Acc 97.17% | Val 0.0852 Acc 97.23% | 100.1s
2026-07-27 18:13:42 | Ep 39/50 | Loss 0.0842 Acc 96.99% | Val 0.0821 Acc 96.96% | 83.2s
2026-07-27 18:15:05 | Ep 40/50 | Loss 0.0802 Acc 97.11% | Val 0.0862 Acc 96.93% | 83.1s
2026-07-27 18:16:33 | Ep 41/50 | Loss 0.0777 Acc 97.35% | Val 0.0698 Acc 97.88% | 87.5s
2026-07-27 18:16:33 |   -> saved best
2026-07-27 18:18:01 | Ep 42/50 | Loss 0.0780 Acc 97.30% | Val 0.0733 Acc 97.72% | 87.9s
2026-07-27 18:19:28 | Ep 43/50 | Loss 0.0771 Acc 97.40% | Val 0.0741 Acc 97.53% | 87.8s
2026-07-27 18:20:52 | Ep 44/50 | Loss 0.0741 Acc 97.44% | Val 0.0766 Acc 97.55% | 83.5s
2026-07-27 18:22:16 | Ep 45/50 | Loss 0.0743 Acc 97.39% | Val 0.0759 Acc 97.39% | 83.9s
2026-07-27 18:23:39 | Ep 46/50 | Loss 0.0742 Acc 97.33% | Val 0.0662 Acc 97.85% | 83.3s
2026-07-27 18:23:39 |   -> saved best
2026-07-27 18:25:02 | Ep 47/50 | Loss 0.0660 Acc 97.68% | Val 0.0690 Acc 97.61% | 82.8s
2026-07-27 18:26:25 | Ep 48/50 | Loss 0.0705 Acc 97.49% | Val 0.0777 Acc 97.42% | 82.8s
2026-07-27 18:27:53 | Ep 49/50 | Loss 0.0704 Acc 97.55% | Val 0.0648 Acc 97.74% | 88.0s
2026-07-27 18:27:53 |   -> saved best
2026-07-27 18:29:18 | Ep 50/50 | Loss 0.0655 Acc 97.70% | Val 0.0620 Acc 98.21% | 85.1s
2026-07-27 18:29:18 |   -> saved best
2026-07-27 18:29:18 | Done in 72.17 min
2026-07-27 18:29:35 | 
================================================================================
2026-07-27 18:29:35 | FINAL SUMMARY (ALL FROM SCRATCH — NO PRETRAINED WEIGHTS)
2026-07-27 18:29:35 | ================================================================================
2026-07-27 18:29:36 | 
|             |   Params (M) |   n_folds | Accuracy         | Precision        | Recall           | F1-Score         | Kappa             | AUC               | Train Time (min)   |
|:------------|-------------:|----------:|:-----------------|:-----------------|:-----------------|:-----------------|:------------------|:------------------|:-------------------|
| MobileNetV2 |        2.228 |         5 | 97.90% +/- 0.27% | 97.49% +/- 0.40% | 97.48% +/- 0.27% | 97.48% +/- 0.31% | 0.9662 +/- 0.0043 | 0.9980 +/- 0.0004 | 91.50 +/- 23.47    |
2026-07-27 18:29:36 | 
Saved: C:\Users\Admin\Desktop\hai\ConViTX\code ViT_8 block CNN\HybridModel_Maize_NoPretrain\results\comparison_results.json
2026-07-27 19:05:05 | Log: C:\Users\Admin\Desktop\hai\ConViTX\code ViT_8 block CNN\HybridModel_Maize_NoPretrain\results\training.log
2026-07-27 19:05:05 | Device: cuda
2026-07-27 19:05:05 | *** MODE: ALL MODELS FROM SCRATCH (NO PRETRAINED WEIGHTS) ***
2026-07-27 19:05:05 | Models: ['MobileNetV2', 'EfficientNet-B0', 'MobileViT-S', 'Swin-Tiny', 'ResNet-50', 'DeiT-Small', 'ViT-B/16', 'ConvNeXt-Base']
2026-07-27 19:05:05 | Folds:  [1, 2, 3, 4, 5]
2026-07-27 19:05:05 | Resume: 5 runs done
2026-07-27 19:05:06 | Dataset: 18402 samples, 3 classes
2026-07-27 19:05:06 |   [params] MobileNetV2      = 2.228 M  (FROM SCRATCH)
2026-07-27 19:05:06 |   [params] EfficientNet-B0  = 4.011 M  (FROM SCRATCH)
2026-07-27 19:05:06 |   [params] MobileViT-S      = 4.94 M  (FROM SCRATCH)
2026-07-27 19:05:06 |   [params] Swin-Tiny        = 27.522 M  (FROM SCRATCH)
2026-07-27 19:05:07 |   [params] ResNet-50        = 23.514 M  (FROM SCRATCH)
2026-07-27 19:05:07 |   [params] DeiT-Small       = 21.667 M  (FROM SCRATCH)
2026-07-27 19:05:07 |   [params] ViT-B/16         = 85.801 M  (FROM SCRATCH)
2026-07-27 19:05:08 |   [params] ConvNeXt-Base    = 87.57 M  (FROM SCRATCH)
2026-07-27 19:05:08 | [SKIP] MobileNetV2_fold1 already done
2026-07-27 19:05:08 | [SKIP] MobileNetV2_fold2 already done
2026-07-27 19:05:08 | [SKIP] MobileNetV2_fold3 already done
2026-07-27 19:05:08 | [SKIP] MobileNetV2_fold4 already done
2026-07-27 19:05:08 | [SKIP] MobileNetV2_fold5 already done
2026-07-27 19:05:08 | 
================================================================================
2026-07-27 19:05:08 | TRAIN (FROM SCRATCH): EfficientNet-B0 | Fold 1/5 | batch=128
2026-07-27 19:05:08 | ================================================================================
2026-07-27 19:05:08 |   [INFO] EfficientNet-B0 initialized FROM SCRATCH (no pretrained weights)
2026-07-27 19:07:43 | Ep 01/50 | Loss 0.5374 Acc 76.51% | Val 0.3110 Acc 87.64% | 155.1s
2026-07-27 19:07:44 |   -> saved best
2026-07-27 19:09:15 | Ep 02/50 | Loss 0.2756 Acc 89.16% | Val 0.2291 Acc 91.66% | 91.6s
2026-07-27 19:09:15 |   -> saved best
2026-07-27 19:10:47 | Ep 03/50 | Loss 0.2329 Acc 91.23% | Val 0.2145 Acc 92.18% | 91.3s
2026-07-27 19:10:47 |   -> saved best
2026-07-27 19:12:18 | Ep 04/50 | Loss 0.2107 Acc 92.17% | Val 0.1987 Acc 92.37% | 91.5s
2026-07-27 19:12:18 |   -> saved best
2026-07-27 19:13:57 | Ep 05/50 | Loss 0.1864 Acc 93.28% | Val 0.1656 Acc 93.89% | 98.7s
2026-07-27 19:13:57 |   -> saved best
2026-07-27 19:15:36 | Ep 06/50 | Loss 0.1727 Acc 93.97% | Val 0.1567 Acc 94.05% | 98.4s
2026-07-27 19:15:36 |   -> saved best
2026-07-27 19:17:19 | Ep 07/50 | Loss 0.1615 Acc 94.15% | Val 0.1485 Acc 94.97% | 103.5s
2026-07-27 19:17:19 |   -> saved best
2026-07-27 19:18:46 | Ep 08/50 | Loss 0.1434 Acc 95.10% | Val 0.1314 Acc 95.33% | 86.1s
2026-07-27 19:18:46 |   -> saved best
2026-07-27 19:20:11 | Ep 09/50 | Loss 0.1384 Acc 94.91% | Val 0.1121 Acc 96.17% | 85.4s
2026-07-27 19:20:11 |   -> saved best
2026-07-27 19:21:49 | Ep 10/50 | Loss 0.1346 Acc 95.03% | Val 0.1124 Acc 95.84% | 98.0s
2026-07-27 19:23:14 | Ep 11/50 | Loss 0.1178 Acc 95.86% | Val 0.1098 Acc 96.33% | 85.0s
2026-07-27 19:23:14 |   -> saved best
2026-07-27 19:24:40 | Ep 12/50 | Loss 0.1113 Acc 96.09% | Val 0.0992 Acc 96.41% | 85.5s
2026-07-27 19:24:40 |   -> saved best
2026-07-27 19:26:05 | Ep 13/50 | Loss 0.1122 Acc 96.08% | Val 0.0953 Acc 96.66% | 84.9s
2026-07-27 19:26:05 |   -> saved best
2026-07-27 19:27:30 | Ep 14/50 | Loss 0.1019 Acc 96.49% | Val 0.0817 Acc 97.23% | 85.4s
2026-07-27 19:27:30 |   -> saved best
2026-07-27 19:28:56 | Ep 15/50 | Loss 0.1025 Acc 96.51% | Val 0.0860 Acc 97.07% | 85.8s
2026-07-27 19:30:22 | Ep 16/50 | Loss 0.0913 Acc 96.84% | Val 0.0820 Acc 97.23% | 85.8s
2026-07-27 19:31:48 | Ep 17/50 | Loss 0.0917 Acc 96.71% | Val 0.0823 Acc 97.20% | 86.1s
2026-07-27 19:33:14 | Ep 18/50 | Loss 0.0849 Acc 97.00% | Val 0.0729 Acc 97.45% | 85.4s
2026-07-27 19:33:14 |   -> saved best
2026-07-27 19:34:40 | Ep 19/50 | Loss 0.0795 Acc 97.16% | Val 0.0766 Acc 97.58% | 85.5s
2026-07-27 19:36:05 | Ep 20/50 | Loss 0.0792 Acc 97.21% | Val 0.0748 Acc 97.56% | 85.3s
2026-07-27 19:37:38 | Ep 21/50 | Loss 0.0776 Acc 97.30% | Val 0.0804 Acc 97.39% | 92.5s
2026-07-27 19:39:12 | Ep 22/50 | Loss 0.0721 Acc 97.58% | Val 0.0625 Acc 97.96% | 94.1s
2026-07-27 19:39:12 |   -> saved best
2026-07-27 19:40:40 | Ep 23/50 | Loss 0.0702 Acc 97.53% | Val 0.0664 Acc 97.96% | 87.8s
2026-07-27 19:42:06 | Ep 24/50 | Loss 0.0696 Acc 97.65% | Val 0.0746 Acc 97.75% | 86.1s
2026-07-27 19:43:31 | Ep 25/50 | Loss 0.0660 Acc 97.85% | Val 0.0580 Acc 98.10% | 85.4s
2026-07-27 19:43:31 |   -> saved best
2026-07-27 19:44:57 | Ep 26/50 | Loss 0.0647 Acc 97.80% | Val 0.0770 Acc 97.42% | 85.7s
2026-07-27 19:46:23 | Ep 27/50 | Loss 0.0648 Acc 97.77% | Val 0.0770 Acc 97.39% | 85.5s
2026-07-27 19:47:49 | Ep 28/50 | Loss 0.0601 Acc 97.90% | Val 0.0724 Acc 97.56% | 85.7s
2026-07-27 19:49:14 | Ep 29/50 | Loss 0.0569 Acc 98.04% | Val 0.0627 Acc 98.26% | 85.3s
2026-07-27 19:50:39 | Ep 30/50 | Loss 0.0566 Acc 98.06% | Val 0.0849 Acc 97.09% | 84.8s
2026-07-27 19:52:08 | Ep 31/50 | Loss 0.0544 Acc 98.19% | Val 0.0635 Acc 97.96% | 88.7s
2026-07-27 19:53:35 | Ep 32/50 | Loss 0.0539 Acc 98.23% | Val 0.0594 Acc 98.15% | 87.2s
2026-07-27 19:55:01 | Ep 33/50 | Loss 0.0498 Acc 98.40% | Val 0.0612 Acc 98.29% | 85.5s
2026-07-27 19:56:26 | Ep 34/50 | Loss 0.0491 Acc 98.31% | Val 0.0601 Acc 98.23% | 85.5s
2026-07-27 19:57:50 | Ep 35/50 | Loss 0.0471 Acc 98.42% | Val 0.0507 Acc 98.53% | 84.0s
2026-07-27 19:57:50 |   -> saved best
2026-07-27 19:59:17 | Ep 36/50 | Loss 0.0510 Acc 98.25% | Val 0.0563 Acc 98.10% | 86.0s
2026-07-27 20:00:42 | Ep 37/50 | Loss 0.0508 Acc 98.24% | Val 0.0826 Acc 97.58% | 85.2s
2026-07-27 20:02:07 | Ep 38/50 | Loss 0.0494 Acc 98.29% | Val 0.0522 Acc 98.23% | 84.9s
2026-07-27 20:03:32 | Ep 39/50 | Loss 0.0438 Acc 98.59% | Val 0.0523 Acc 98.37% | 85.2s
2026-07-27 20:04:58 | Ep 40/50 | Loss 0.0432 Acc 98.50% | Val 0.0611 Acc 98.23% | 85.9s
2026-07-27 20:06:24 | Ep 41/50 | Loss 0.0428 Acc 98.72% | Val 0.0558 Acc 98.29% | 85.7s
2026-07-27 20:07:49 | Ep 42/50 | Loss 0.0450 Acc 98.42% | Val 0.0571 Acc 98.26% | 85.0s
2026-07-27 20:09:14 | Ep 43/50 | Loss 0.0407 Acc 98.55% | Val 0.0557 Acc 98.42% | 84.9s
2026-07-27 20:10:39 | Ep 44/50 | Loss 0.0413 Acc 98.57% | Val 0.0644 Acc 97.88% | 84.9s
2026-07-27 20:12:05 | Ep 45/50 | Loss 0.0387 Acc 98.76% | Val 0.0645 Acc 97.77% | 85.7s
2026-07-27 20:13:33 | Ep 46/50 | Loss 0.0428 Acc 98.61% | Val 0.0539 Acc 98.34% | 87.7s
2026-07-27 20:15:06 | Ep 47/50 | Loss 0.0419 Acc 98.59% | Val 0.0577 Acc 98.23% | 93.4s
2026-07-27 20:16:32 | Ep 48/50 | Loss 0.0371 Acc 98.69% | Val 0.0610 Acc 98.29% | 85.4s
2026-07-27 20:17:57 | Ep 49/50 | Loss 0.0372 Acc 98.76% | Val 0.0585 Acc 98.37% | 85.3s
2026-07-27 20:19:23 | Ep 50/50 | Loss 0.0353 Acc 98.80% | Val 0.0548 Acc 98.48% | 85.8s
2026-07-27 20:19:23 |   Early stop at epoch 50
2026-07-27 20:19:23 | Done in 74.25 min
2026-07-27 20:19:40 | 
================================================================================
2026-07-27 20:19:40 | TRAIN (FROM SCRATCH): EfficientNet-B0 | Fold 2/5 | batch=128
2026-07-27 20:19:40 | ================================================================================
2026-07-27 20:19:40 |   [INFO] EfficientNet-B0 initialized FROM SCRATCH (no pretrained weights)
2026-07-27 20:21:20 | Ep 01/50 | Loss 0.5018 Acc 78.29% | Val 0.2782 Acc 88.59% | 99.8s
2026-07-27 20:21:20 |   -> saved best
2026-07-27 20:22:55 | Ep 02/50 | Loss 0.2807 Acc 89.27% | Val 0.2043 Acc 92.72% | 95.2s
2026-07-27 20:22:55 |   -> saved best
2026-07-27 20:24:21 | Ep 03/50 | Loss 0.2383 Acc 91.22% | Val 0.1911 Acc 93.34% | 85.1s
2026-07-27 20:24:21 |   -> saved best
2026-07-27 20:25:54 | Ep 04/50 | Loss 0.2051 Acc 92.34% | Val 0.1732 Acc 94.13% | 93.8s
2026-07-27 20:25:55 |   -> saved best
2026-07-27 20:27:25 | Ep 05/50 | Loss 0.1956 Acc 92.77% | Val 0.1624 Acc 94.38% | 90.2s
2026-07-27 20:27:25 |   -> saved best
2026-07-27 20:28:53 | Ep 06/50 | Loss 0.1859 Acc 93.40% | Val 0.1437 Acc 95.27% | 87.9s
2026-07-27 20:28:53 |   -> saved best
2026-07-27 20:30:21 | Ep 07/50 | Loss 0.1724 Acc 93.84% | Val 0.1718 Acc 94.00% | 87.6s
2026-07-27 20:31:50 | Ep 08/50 | Loss 0.1654 Acc 94.15% | Val 0.1315 Acc 95.68% | 88.9s
2026-07-27 20:31:50 |   -> saved best
2026-07-27 20:33:15 | Ep 09/50 | Loss 0.1480 Acc 94.79% | Val 0.1215 Acc 95.98% | 85.1s
2026-07-27 20:33:15 |   -> saved best
2026-07-27 20:34:46 | Ep 10/50 | Loss 0.1485 Acc 94.73% | Val 0.1379 Acc 95.54% | 91.5s
2026-07-27 20:36:21 | Ep 11/50 | Loss 0.1386 Acc 95.11% | Val 0.1263 Acc 96.01% | 94.7s
2026-07-27 20:38:00 | Ep 12/50 | Loss 0.1276 Acc 95.56% | Val 0.1015 Acc 96.93% | 98.7s
2026-07-27 20:38:00 |   -> saved best
2026-07-27 20:39:23 | Ep 13/50 | Loss 0.1218 Acc 95.59% | Val 0.1027 Acc 96.44% | 83.3s
2026-07-27 20:40:48 | Ep 14/50 | Loss 0.1114 Acc 96.04% | Val 0.1162 Acc 95.71% | 84.3s
2026-07-27 20:42:18 | Ep 15/50 | Loss 0.1029 Acc 96.43% | Val 0.1155 Acc 95.84% | 90.2s
2026-07-27 20:43:49 | Ep 16/50 | Loss 0.1025 Acc 96.45% | Val 0.0976 Acc 97.09% | 90.3s
2026-07-27 20:43:49 |   -> saved best
2026-07-27 20:45:19 | Ep 17/50 | Loss 0.1032 Acc 96.33% | Val 0.1217 Acc 95.60% | 89.9s
2026-07-27 20:46:53 | Ep 18/50 | Loss 0.0898 Acc 96.77% | Val 0.0848 Acc 97.50% | 94.6s
2026-07-27 20:46:53 |   -> saved best
2026-07-27 20:48:19 | Ep 19/50 | Loss 0.0909 Acc 96.72% | Val 0.0803 Acc 97.23% | 85.8s
2026-07-27 20:48:19 |   -> saved best
2026-07-27 20:49:44 | Ep 20/50 | Loss 0.0857 Acc 97.04% | Val 0.0790 Acc 97.75% | 84.3s
2026-07-27 20:49:44 |   -> saved best
2026-07-27 20:51:08 | Ep 21/50 | Loss 0.0818 Acc 97.21% | Val 0.0927 Acc 96.90% | 83.9s
2026-07-27 20:52:32 | Ep 22/50 | Loss 0.0814 Acc 97.20% | Val 0.0695 Acc 97.83% | 84.3s
2026-07-27 20:52:32 |   -> saved best
2026-07-27 20:53:56 | Ep 23/50 | Loss 0.0758 Acc 97.39% | Val 0.0665 Acc 98.15% | 83.7s
2026-07-27 20:53:56 |   -> saved best
2026-07-27 20:55:21 | Ep 24/50 | Loss 0.0731 Acc 97.42% | Val 0.0888 Acc 97.12% | 84.4s
2026-07-27 20:56:44 | Ep 25/50 | Loss 0.0692 Acc 97.62% | Val 0.0594 Acc 98.29% | 83.9s
2026-07-27 20:56:45 |   -> saved best
2026-07-27 20:58:08 | Ep 26/50 | Loss 0.0697 Acc 97.59% | Val 0.0616 Acc 98.07% | 83.3s
2026-07-27 20:59:31 | Ep 27/50 | Loss 0.0735 Acc 97.33% | Val 0.0644 Acc 98.13% | 83.4s
2026-07-27 21:00:55 | Ep 28/50 | Loss 0.0629 Acc 97.87% | Val 0.0661 Acc 98.02% | 83.5s
2026-07-27 21:02:19 | Ep 29/50 | Loss 0.0636 Acc 97.74% | Val 0.0560 Acc 98.18% | 84.2s
2026-07-27 21:02:19 |   -> saved best
2026-07-27 21:03:48 | Ep 30/50 | Loss 0.0588 Acc 98.00% | Val 0.0645 Acc 97.83% | 88.3s
2026-07-27 21:05:14 | Ep 31/50 | Loss 0.0577 Acc 98.06% | Val 0.0570 Acc 98.18% | 85.7s
2026-07-27 21:06:37 | Ep 32/50 | Loss 0.0599 Acc 97.88% | Val 0.0545 Acc 98.40% | 83.5s
2026-07-27 21:06:37 |   -> saved best
2026-07-27 21:08:01 | Ep 33/50 | Loss 0.0568 Acc 98.13% | Val 0.0616 Acc 98.32% | 83.9s
2026-07-27 21:09:25 | Ep 34/50 | Loss 0.0522 Acc 98.21% | Val 0.0729 Acc 98.02% | 83.3s
2026-07-27 21:10:48 | Ep 35/50 | Loss 0.0519 Acc 98.24% | Val 0.0534 Acc 98.61% | 83.7s
2026-07-27 21:10:48 |   -> saved best
2026-07-27 21:12:13 | Ep 36/50 | Loss 0.0523 Acc 98.23% | Val 0.0631 Acc 98.04% | 84.7s
2026-07-27 21:13:37 | Ep 37/50 | Loss 0.0499 Acc 98.27% | Val 0.0495 Acc 98.37% | 83.8s
2026-07-27 21:13:37 |   -> saved best
2026-07-27 21:15:00 | Ep 38/50 | Loss 0.0515 Acc 98.22% | Val 0.0542 Acc 98.48% | 83.1s
2026-07-27 21:16:33 | Ep 39/50 | Loss 0.0509 Acc 98.27% | Val 0.0521 Acc 98.48% | 92.7s
2026-07-27 21:18:05 | Ep 40/50 | Loss 0.0481 Acc 98.33% | Val 0.0597 Acc 98.15% | 92.2s
2026-07-27 21:19:36 | Ep 41/50 | Loss 0.0464 Acc 98.41% | Val 0.0596 Acc 98.32% | 90.0s
2026-07-27 21:21:04 | Ep 42/50 | Loss 0.0436 Acc 98.46% | Val 0.0503 Acc 98.61% | 88.5s
2026-07-27 21:22:35 | Ep 43/50 | Loss 0.0419 Acc 98.53% | Val 0.0490 Acc 98.56% | 90.3s
2026-07-27 21:22:35 |   -> saved best
2026-07-27 21:24:04 | Ep 44/50 | Loss 0.0396 Acc 98.72% | Val 0.0482 Acc 98.59% | 89.1s
2026-07-27 21:24:04 |   -> saved best
2026-07-27 21:25:34 | Ep 45/50 | Loss 0.0440 Acc 98.49% | Val 0.0463 Acc 98.51% | 89.9s
2026-07-27 21:25:34 |   -> saved best
2026-07-27 21:27:03 | Ep 46/50 | Loss 0.0397 Acc 98.71% | Val 0.0493 Acc 98.70% | 89.5s
2026-07-27 21:28:33 | Ep 47/50 | Loss 0.0379 Acc 98.72% | Val 0.0567 Acc 98.45% | 89.6s
2026-07-27 21:30:04 | Ep 48/50 | Loss 0.0414 Acc 98.61% | Val 0.0470 Acc 98.53% | 90.5s
2026-07-27 21:31:33 | Ep 49/50 | Loss 0.0405 Acc 98.53% | Val 0.0511 Acc 98.56% | 89.1s
2026-07-27 21:33:58 | Log: C:\Users\Admin\Desktop\hai\ConViTX\code ViT_8 block CNN\HybridModel_Maize_NoPretrain\results\training.log
2026-07-27 21:33:58 | Device: cuda
2026-07-27 21:33:58 | *** MODE: ALL MODELS FROM SCRATCH (NO PRETRAINED WEIGHTS) ***
2026-07-27 21:33:58 | Models: ['CViTLw', 'MobileNetV2', 'EfficientNet-B0', 'MobileViT-S', 'Swin-Tiny', 'ResNet-50', 'DeiT-Small', 'ViT-B/16', 'ConvNeXt-Base']
2026-07-27 21:33:58 | Folds:  [1, 2, 3, 4, 5]
2026-07-27 21:33:58 | Resume: 6 runs done
2026-07-27 21:33:59 | Dataset: 18402 samples, 3 classes
2026-07-27 21:33:59 |   [params] CViTLw           = 0.329 M  (FROM SCRATCH)
2026-07-27 21:33:59 |   [params] MobileNetV2      = 2.228 M  (FROM SCRATCH)
2026-07-27 21:33:59 |   [params] EfficientNet-B0  = 4.011 M  (FROM SCRATCH)
2026-07-27 21:33:59 |   [params] MobileViT-S      = 4.94 M  (FROM SCRATCH)
2026-07-27 21:34:00 |   [params] Swin-Tiny        = 27.522 M  (FROM SCRATCH)
2026-07-27 21:34:00 |   [params] ResNet-50        = 23.514 M  (FROM SCRATCH)
2026-07-27 21:34:00 |   [params] DeiT-Small       = 21.667 M  (FROM SCRATCH)
2026-07-27 21:34:01 |   [params] ViT-B/16         = 85.801 M  (FROM SCRATCH)
2026-07-27 21:34:01 |   [params] ConvNeXt-Base    = 87.57 M  (FROM SCRATCH)
2026-07-27 21:34:01 | 
================================================================================
2026-07-27 21:34:01 | TRAIN (FROM SCRATCH): CViTLw | Fold 1/5 | batch=64
2026-07-27 21:34:01 | ================================================================================
2026-07-27 21:34:02 |   [INFO] CViTLw initialized FROM SCRATCH (no pretrained weights)
2026-07-27 21:35:55 | Log: C:\Users\Admin\Desktop\hai\ConViTX\code ViT_8 block CNN\HybridModel_Maize_NoPretrain\results\training.log
2026-07-27 21:35:55 | Device: cuda
2026-07-27 21:35:55 | *** MODE: ALL MODELS FROM SCRATCH (NO PRETRAINED WEIGHTS) ***
2026-07-27 21:35:55 | Models: ['CViTLw', 'MobileNetV2', 'EfficientNet-B0', 'MobileViT-S', 'Swin-Tiny', 'ResNet-50', 'DeiT-Small', 'ViT-B/16', 'ConvNeXt-Base']
2026-07-27 21:35:55 | Folds:  [1, 2, 3, 4, 5]
2026-07-27 21:35:55 | Resume: 11 runs done
2026-07-27 21:35:55 | Dataset: 18402 samples, 3 classes
2026-07-27 21:35:55 |   [params] CViTLw           = 0.329 M  (FROM SCRATCH)
2026-07-27 21:35:55 |   [params] MobileNetV2      = 2.228 M  (FROM SCRATCH)
2026-07-27 21:35:55 |   [params] EfficientNet-B0  = 4.011 M  (FROM SCRATCH)
2026-07-27 21:35:55 |   [params] MobileViT-S      = 4.94 M  (FROM SCRATCH)
2026-07-27 21:35:56 |   [params] Swin-Tiny        = 27.522 M  (FROM SCRATCH)
2026-07-27 21:35:56 |   [params] ResNet-50        = 23.514 M  (FROM SCRATCH)
2026-07-27 21:35:56 |   [params] DeiT-Small       = 21.667 M  (FROM SCRATCH)
2026-07-27 21:35:57 |   [params] ViT-B/16         = 85.801 M  (FROM SCRATCH)
2026-07-27 21:35:57 |   [params] ConvNeXt-Base    = 87.57 M  (FROM SCRATCH)
2026-07-27 21:35:57 | [SKIP] CViTLw_fold1 already done
2026-07-27 21:35:57 | [SKIP] CViTLw_fold2 already done
2026-07-27 21:35:57 | [SKIP] CViTLw_fold3 already done
2026-07-27 21:35:57 | [SKIP] CViTLw_fold4 already done
2026-07-27 21:35:57 | [SKIP] CViTLw_fold5 already done
2026-07-27 21:35:57 | [SKIP] MobileNetV2_fold1 already done
2026-07-27 21:35:57 | [SKIP] MobileNetV2_fold2 already done
2026-07-27 21:35:57 | [SKIP] MobileNetV2_fold3 already done
2026-07-27 21:35:57 | [SKIP] MobileNetV2_fold4 already done
2026-07-27 21:35:57 | [SKIP] MobileNetV2_fold5 already done
2026-07-27 21:35:57 | [SKIP] EfficientNet-B0_fold1 already done
2026-07-27 21:35:57 | 
================================================================================
2026-07-27 21:35:57 | TRAIN (FROM SCRATCH): EfficientNet-B0 | Fold 2/5 | batch=128
2026-07-27 21:35:57 | ================================================================================
2026-07-27 21:35:57 |   [INFO] EfficientNet-B0 initialized FROM SCRATCH (no pretrained weights)
2026-07-27 21:35:58 |   Resume from epoch 50
2026-07-27 21:38:08 | Ep 50/50 | Loss 0.0381 Acc 98.85% | Val 0.0467 Acc 98.72% | 130.7s
2026-07-27 21:38:08 | Done in 74.06 min
2026-07-27 21:38:23 | 
================================================================================
2026-07-27 21:38:23 | TRAIN (FROM SCRATCH): EfficientNet-B0 | Fold 3/5 | batch=128
2026-07-27 21:38:23 | ================================================================================
2026-07-27 21:38:23 |   [INFO] EfficientNet-B0 initialized FROM SCRATCH (no pretrained weights)
2026-07-27 21:40:01 | Ep 01/50 | Loss 0.5780 Acc 74.23% | Val 0.3878 Acc 84.43% | 98.6s
2026-07-27 21:40:01 |   -> saved best
2026-07-27 21:41:07 | Ep 02/50 | Loss 0.3022 Acc 88.19% | Val 0.2466 Acc 91.17% | 65.5s
2026-07-27 21:41:07 |   -> saved best
2026-07-27 21:42:00 | Ep 03/50 | Loss 0.2496 Acc 90.51% | Val 0.2144 Acc 91.96% | 52.5s
2026-07-27 21:42:00 |   -> saved best
2026-07-27 21:42:58 | Ep 04/50 | Loss 0.2165 Acc 92.00% | Val 0.1530 Acc 94.70% | 58.0s
2026-07-27 21:42:58 |   -> saved best
2026-07-27 21:43:58 | Ep 05/50 | Loss 0.1910 Acc 93.23% | Val 0.1376 Acc 95.08% | 59.8s
2026-07-27 21:43:58 |   -> saved best
2026-07-27 21:44:50 | Ep 06/50 | Loss 0.1752 Acc 93.88% | Val 0.1134 Acc 95.95% | 52.4s
2026-07-27 21:44:50 |   -> saved best
2026-07-27 21:45:42 | Ep 07/50 | Loss 0.1619 Acc 94.27% | Val 0.1246 Acc 95.27% | 51.9s
2026-07-27 21:46:34 | Ep 08/50 | Loss 0.1512 Acc 94.64% | Val 0.1322 Acc 95.22% | 51.7s
2026-07-27 21:47:26 | Ep 09/50 | Loss 0.1387 Acc 95.21% | Val 0.0943 Acc 96.88% | 52.3s
2026-07-27 21:47:26 |   -> saved best
2026-07-27 21:48:19 | Ep 10/50 | Loss 0.1338 Acc 95.14% | Val 0.0960 Acc 96.66% | 52.5s
2026-07-27 21:49:23 | Ep 11/50 | Loss 0.1236 Acc 95.60% | Val 0.0926 Acc 97.07% | 63.4s
2026-07-27 21:49:23 |   -> saved best
2026-07-27 21:50:16 | Ep 12/50 | Loss 0.1167 Acc 96.09% | Val 0.0907 Acc 97.09% | 53.7s
2026-07-27 21:50:16 |   -> saved best
2026-07-27 21:51:09 | Ep 13/50 | Loss 0.1128 Acc 95.84% | Val 0.0858 Acc 97.15% | 52.2s
2026-07-27 21:51:09 |   -> saved best
2026-07-27 21:52:01 | Ep 14/50 | Loss 0.1137 Acc 96.03% | Val 0.0754 Acc 97.39% | 52.4s
2026-07-27 21:52:01 |   -> saved best
2026-07-27 21:52:57 | Ep 15/50 | Loss 0.1030 Acc 96.43% | Val 0.0860 Acc 97.31% | 55.4s
2026-07-27 21:53:48 | Ep 16/50 | Loss 0.1002 Acc 96.45% | Val 0.0802 Acc 97.34% | 50.8s
2026-07-27 21:54:42 | Ep 17/50 | Loss 0.0944 Acc 96.76% | Val 0.0721 Acc 97.53% | 54.6s
2026-07-27 21:54:42 |   -> saved best
2026-07-27 21:55:38 | Ep 18/50 | Loss 0.0909 Acc 96.84% | Val 0.0657 Acc 98.04% | 55.1s
2026-07-27 21:55:38 |   -> saved best
2026-07-27 21:56:29 | Ep 19/50 | Loss 0.0818 Acc 97.23% | Val 0.0726 Acc 97.50% | 51.5s
2026-07-27 21:57:21 | Ep 20/50 | Loss 0.0818 Acc 97.14% | Val 0.0619 Acc 97.91% | 51.2s
2026-07-27 21:57:21 |   -> saved best
2026-07-27 21:58:12 | Ep 21/50 | Loss 0.0816 Acc 97.07% | Val 0.0618 Acc 98.21% | 51.1s
2026-07-27 21:58:12 |   -> saved best
2026-07-27 21:59:03 | Ep 22/50 | Loss 0.0838 Acc 96.94% | Val 0.0656 Acc 97.77% | 51.4s
2026-07-27 21:59:54 | Ep 23/50 | Loss 0.0789 Acc 97.17% | Val 0.0581 Acc 98.21% | 50.2s
2026-07-27 21:59:54 |   -> saved best
2026-07-27 22:00:43 | Ep 24/50 | Loss 0.0718 Acc 97.48% | Val 0.0638 Acc 98.15% | 49.6s
2026-07-27 22:01:34 | Ep 25/50 | Loss 0.0685 Acc 97.60% | Val 0.0522 Acc 98.15% | 50.5s
2026-07-27 22:01:34 |   -> saved best
2026-07-27 22:02:25 | Ep 26/50 | Loss 0.0686 Acc 97.51% | Val 0.0546 Acc 98.26% | 50.6s
2026-07-27 22:03:15 | Ep 27/50 | Loss 0.0657 Acc 97.80% | Val 0.0506 Acc 98.40% | 50.7s
2026-07-27 22:03:16 |   -> saved best
2026-07-27 22:04:06 | Ep 28/50 | Loss 0.0661 Acc 97.82% | Val 0.0507 Acc 98.34% | 50.0s
2026-07-27 22:04:56 | Ep 29/50 | Loss 0.0685 Acc 97.55% | Val 0.0463 Acc 98.42% | 50.4s
2026-07-27 22:04:56 |   -> saved best
2026-07-27 22:05:46 | Ep 30/50 | Loss 0.0614 Acc 97.86% | Val 0.0532 Acc 98.37% | 50.1s
2026-07-27 22:06:35 | Ep 31/50 | Loss 0.0581 Acc 98.06% | Val 0.0454 Acc 98.64% | 48.2s
2026-07-27 22:06:35 |   -> saved best
2026-07-27 22:07:24 | Ep 32/50 | Loss 0.0574 Acc 97.91% | Val 0.0480 Acc 98.51% | 49.0s
2026-07-27 22:08:15 | Ep 33/50 | Loss 0.0570 Acc 98.13% | Val 0.0544 Acc 98.37% | 50.7s
2026-07-27 22:09:09 | Ep 34/50 | Loss 0.0561 Acc 98.10% | Val 0.0451 Acc 98.67% | 53.8s
2026-07-27 22:09:09 |   -> saved best
2026-07-27 22:10:02 | Ep 35/50 | Loss 0.0569 Acc 98.03% | Val 0.0426 Acc 98.70% | 53.2s
2026-07-27 22:10:02 |   -> saved best
2026-07-27 22:10:58 | Ep 36/50 | Loss 0.0547 Acc 98.17% | Val 0.0451 Acc 98.80% | 55.6s
2026-07-27 22:11:50 | Ep 37/50 | Loss 0.0548 Acc 98.24% | Val 0.0485 Acc 98.53% | 52.3s
2026-07-27 22:12:40 | Ep 38/50 | Loss 0.0482 Acc 98.41% | Val 0.0433 Acc 98.64% | 49.6s
2026-07-27 22:13:29 | Ep 39/50 | Loss 0.0511 Acc 98.31% | Val 0.0436 Acc 98.61% | 49.6s
2026-07-27 22:14:19 | Ep 40/50 | Loss 0.0469 Acc 98.46% | Val 0.0512 Acc 98.45% | 49.8s
2026-07-27 22:15:09 | Ep 41/50 | Loss 0.0469 Acc 98.38% | Val 0.0582 Acc 98.23% | 49.9s
2026-07-27 22:15:58 | Ep 42/50 | Loss 0.0467 Acc 98.35% | Val 0.0475 Acc 98.59% | 48.7s
2026-07-27 22:16:48 | Ep 43/50 | Loss 0.0454 Acc 98.38% | Val 0.0408 Acc 98.83% | 49.7s
2026-07-27 22:16:48 |   -> saved best
2026-07-27 22:17:38 | Ep 44/50 | Loss 0.0444 Acc 98.57% | Val 0.0391 Acc 98.72% | 50.4s
2026-07-27 22:17:39 |   -> saved best
2026-07-27 22:18:26 | Ep 45/50 | Loss 0.0437 Acc 98.44% | Val 0.0411 Acc 98.70% | 47.3s
2026-07-27 22:19:15 | Ep 46/50 | Loss 0.0426 Acc 98.49% | Val 0.0469 Acc 98.23% | 48.9s
2026-07-27 22:20:05 | Ep 47/50 | Loss 0.0425 Acc 98.49% | Val 0.0409 Acc 98.59% | 49.4s
2026-07-27 22:20:54 | Ep 48/50 | Loss 0.0418 Acc 98.51% | Val 0.0491 Acc 98.42% | 49.6s
2026-07-27 22:21:43 | Ep 49/50 | Loss 0.0414 Acc 98.67% | Val 0.0356 Acc 98.86% | 48.8s
2026-07-27 22:21:43 |   -> saved best
2026-07-27 22:22:32 | Ep 50/50 | Loss 0.0428 Acc 98.48% | Val 0.0386 Acc 98.83% | 49.2s
2026-07-27 22:22:33 | Done in 44.17 min
2026-07-27 22:22:47 | 
================================================================================
2026-07-27 22:22:47 | TRAIN (FROM SCRATCH): EfficientNet-B0 | Fold 4/5 | batch=128
2026-07-27 22:22:47 | ================================================================================
2026-07-27 22:22:47 |   [INFO] EfficientNet-B0 initialized FROM SCRATCH (no pretrained weights)
2026-07-27 22:24:10 | Ep 01/50 | Loss 0.5161 Acc 77.36% | Val 0.2641 Acc 88.70% | 83.0s
2026-07-27 22:24:10 |   -> saved best
2026-07-27 22:25:13 | Ep 02/50 | Loss 0.2881 Acc 88.63% | Val 0.1954 Acc 92.69% | 62.8s
2026-07-27 22:25:13 |   -> saved best
2026-07-27 22:26:05 | Ep 03/50 | Loss 0.2462 Acc 90.55% | Val 0.1770 Acc 93.70% | 52.0s
2026-07-27 22:26:05 |   -> saved best
2026-07-27 22:26:57 | Ep 04/50 | Loss 0.2230 Acc 91.60% | Val 0.1815 Acc 93.29% | 51.7s
2026-07-27 22:27:48 | Ep 05/50 | Loss 0.2053 Acc 92.49% | Val 0.1533 Acc 94.54% | 51.4s
2026-07-27 22:27:48 |   -> saved best
2026-07-27 22:28:40 | Ep 06/50 | Loss 0.1904 Acc 93.27% | Val 0.1380 Acc 95.19% | 51.5s
2026-07-27 22:28:40 |   -> saved best
2026-07-27 22:29:32 | Ep 07/50 | Loss 0.1686 Acc 94.08% | Val 0.1171 Acc 95.79% | 52.0s
2026-07-27 22:29:32 |   -> saved best
2026-07-27 22:30:26 | Ep 08/50 | Loss 0.1606 Acc 94.26% | Val 0.1103 Acc 96.25% | 53.5s
2026-07-27 22:30:26 |   -> saved best
2026-07-27 22:31:23 | Ep 09/50 | Loss 0.1543 Acc 94.49% | Val 0.1035 Acc 96.30% | 56.9s
2026-07-27 22:31:23 |   -> saved best
2026-07-27 22:32:14 | Ep 10/50 | Loss 0.1444 Acc 94.83% | Val 0.1100 Acc 96.03% | 50.9s
2026-07-27 22:33:05 | Ep 11/50 | Loss 0.1345 Acc 95.20% | Val 0.0976 Acc 96.63% | 50.6s
2026-07-27 22:33:05 |   -> saved best
2026-07-27 22:34:04 | Ep 12/50 | Loss 0.1308 Acc 95.37% | Val 0.0866 Acc 96.90% | 59.5s
2026-07-27 22:34:04 |   -> saved best
2026-07-27 22:34:56 | Ep 13/50 | Loss 0.1259 Acc 95.45% | Val 0.0938 Acc 96.79% | 51.8s
2026-07-27 22:35:49 | Ep 14/50 | Loss 0.1205 Acc 95.69% | Val 0.0898 Acc 96.82% | 52.5s
2026-07-27 22:36:47 | Ep 15/50 | Loss 0.1183 Acc 95.88% | Val 0.0718 Acc 97.45% | 57.7s
2026-07-27 22:36:47 |   -> saved best
2026-07-27 22:37:44 | Ep 16/50 | Loss 0.1056 Acc 96.30% | Val 0.0708 Acc 97.39% | 57.1s
2026-07-27 22:37:44 |   -> saved best
2026-07-27 22:38:38 | Ep 17/50 | Loss 0.1030 Acc 96.30% | Val 0.0695 Acc 97.50% | 54.2s
2026-07-27 22:38:38 |   -> saved best
2026-07-27 22:39:29 | Ep 18/50 | Loss 0.0995 Acc 96.52% | Val 0.0702 Acc 97.66% | 50.6s
2026-07-27 22:40:21 | Ep 19/50 | Loss 0.0994 Acc 96.44% | Val 0.0664 Acc 97.50% | 51.5s
2026-07-27 22:40:21 |   -> saved best
2026-07-27 22:41:17 | Ep 20/50 | Loss 0.0893 Acc 96.96% | Val 0.0734 Acc 97.55% | 56.4s
2026-07-27 22:42:20 | Ep 21/50 | Loss 0.0901 Acc 96.82% | Val 0.0823 Acc 97.55% | 62.3s
2026-07-27 22:43:16 | Ep 22/50 | Loss 0.0836 Acc 97.18% | Val 0.0680 Acc 97.66% | 56.0s
2026-07-27 22:44:15 | Ep 23/50 | Loss 0.0795 Acc 97.25% | Val 0.0610 Acc 98.02% | 59.3s
2026-07-27 22:44:15 |   -> saved best
2026-07-27 22:45:10 | Ep 24/50 | Loss 0.0819 Acc 97.11% | Val 0.0580 Acc 98.07% | 54.5s
2026-07-27 22:45:10 |   -> saved best
2026-07-27 22:46:06 | Ep 25/50 | Loss 0.0760 Acc 97.50% | Val 0.0587 Acc 98.10% | 56.0s
2026-07-27 22:46:58 | Ep 26/50 | Loss 0.0815 Acc 97.15% | Val 0.0534 Acc 98.26% | 52.1s
2026-07-27 22:46:58 |   -> saved best
2026-07-27 22:47:50 | Ep 27/50 | Loss 0.0681 Acc 97.62% | Val 0.0677 Acc 97.74% | 51.3s
2026-07-27 22:48:44 | Ep 28/50 | Loss 0.0698 Acc 97.57% | Val 0.0566 Acc 97.91% | 54.0s
2026-07-27 22:49:40 | Ep 29/50 | Loss 0.0721 Acc 97.55% | Val 0.0505 Acc 98.32% | 55.7s
2026-07-27 22:49:40 |   -> saved best
2026-07-27 22:50:30 | Ep 30/50 | Loss 0.0616 Acc 97.79% | Val 0.0476 Acc 98.59% | 50.7s
2026-07-27 22:50:30 |   -> saved best
2026-07-27 22:51:22 | Ep 31/50 | Loss 0.0667 Acc 97.77% | Val 0.0505 Acc 98.15% | 51.0s
2026-07-27 22:52:13 | Ep 32/50 | Loss 0.0650 Acc 97.81% | Val 0.0563 Acc 98.02% | 51.2s
2026-07-27 22:53:05 | Ep 33/50 | Loss 0.0574 Acc 98.08% | Val 0.0440 Acc 98.61% | 52.1s
2026-07-27 22:53:05 |   -> saved best
2026-07-27 22:53:58 | Ep 34/50 | Loss 0.0591 Acc 97.91% | Val 0.0659 Acc 97.64% | 52.3s
2026-07-27 22:54:47 | Ep 35/50 | Loss 0.0603 Acc 97.88% | Val 0.0471 Acc 98.70% | 49.6s
2026-07-27 22:55:38 | Ep 36/50 | Loss 0.0532 Acc 98.23% | Val 0.0469 Acc 98.56% | 51.0s
2026-07-27 22:56:32 | Ep 37/50 | Loss 0.0568 Acc 98.05% | Val 0.0502 Acc 98.40% | 53.5s
2026-07-27 22:57:23 | Ep 38/50 | Loss 0.0520 Acc 98.17% | Val 0.0435 Acc 98.67% | 51.3s
2026-07-27 22:57:23 |   -> saved best
2026-07-27 22:58:14 | Ep 39/50 | Loss 0.0542 Acc 98.18% | Val 0.0387 Acc 98.80% | 50.7s
2026-07-27 22:58:14 |   -> saved best
2026-07-27 22:59:06 | Ep 40/50 | Loss 0.0504 Acc 98.17% | Val 0.0606 Acc 97.83% | 51.3s
2026-07-27 22:59:57 | Ep 41/50 | Loss 0.0499 Acc 98.25% | Val 0.0400 Acc 98.67% | 51.3s
2026-07-27 23:00:48 | Ep 42/50 | Loss 0.0484 Acc 98.42% | Val 0.0393 Acc 98.56% | 50.5s
2026-07-27 23:01:38 | Ep 43/50 | Loss 0.0458 Acc 98.46% | Val 0.0457 Acc 98.42% | 50.4s
2026-07-27 23:02:29 | Ep 44/50 | Loss 0.0452 Acc 98.40% | Val 0.0432 Acc 98.40% | 50.7s
2026-07-27 23:03:19 | Ep 45/50 | Loss 0.0461 Acc 98.41% | Val 0.0446 Acc 98.59% | 50.0s
2026-07-27 23:04:09 | Ep 46/50 | Loss 0.0472 Acc 98.43% | Val 0.0423 Acc 98.78% | 50.1s
2026-07-27 23:05:00 | Ep 47/50 | Loss 0.0448 Acc 98.38% | Val 0.0545 Acc 98.18% | 50.5s
2026-07-27 23:05:52 | Ep 48/50 | Loss 0.0422 Acc 98.55% | Val 0.0400 Acc 98.72% | 52.3s
2026-07-27 23:06:45 | Ep 49/50 | Loss 0.0409 Acc 98.60% | Val 0.0392 Acc 98.83% | 53.1s
2026-07-27 23:07:36 | Ep 50/50 | Loss 0.0382 Acc 98.74% | Val 0.0401 Acc 98.67% | 50.1s
2026-07-27 23:07:36 | Done in 44.82 min
2026-07-27 23:07:49 | 
================================================================================
2026-07-27 23:07:49 | TRAIN (FROM SCRATCH): EfficientNet-B0 | Fold 5/5 | batch=128
2026-07-27 23:07:49 | ================================================================================
2026-07-27 23:07:49 |   [INFO] EfficientNet-B0 initialized FROM SCRATCH (no pretrained weights)
2026-07-27 23:09:11 | Ep 01/50 | Loss 0.5587 Acc 76.25% | Val 0.3461 Acc 86.25% | 81.7s
2026-07-27 23:09:11 |   -> saved best
2026-07-27 23:10:02 | Ep 02/50 | Loss 0.3363 Acc 87.03% | Val 0.2440 Acc 90.90% | 51.6s
2026-07-27 23:10:03 |   -> saved best
2026-07-27 23:10:55 | Ep 03/50 | Loss 0.2782 Acc 89.18% | Val 0.2501 Acc 90.35% | 52.7s
2026-07-27 23:11:48 | Ep 04/50 | Loss 0.2464 Acc 90.72% | Val 0.1954 Acc 92.85% | 52.9s
2026-07-27 23:11:48 |   -> saved best
2026-07-27 23:12:41 | Ep 05/50 | Loss 0.2120 Acc 92.30% | Val 0.1567 Acc 94.16% | 52.7s
2026-07-27 23:12:41 |   -> saved best
2026-07-27 23:13:34 | Ep 06/50 | Loss 0.1996 Acc 92.46% | Val 0.1501 Acc 94.43% | 52.6s
2026-07-27 23:13:34 |   -> saved best
2026-07-27 23:14:26 | Ep 07/50 | Loss 0.1801 Acc 93.57% | Val 0.1391 Acc 95.35% | 51.8s
2026-07-27 23:14:26 |   -> saved best
2026-07-27 23:15:18 | Ep 08/50 | Loss 0.1728 Acc 93.46% | Val 0.1287 Acc 95.54% | 51.8s
2026-07-27 23:15:18 |   -> saved best
2026-07-27 23:16:09 | Ep 09/50 | Loss 0.1533 Acc 94.65% | Val 0.1132 Acc 95.95% | 50.7s
2026-07-27 23:16:09 |   -> saved best
2026-07-27 23:16:59 | Ep 10/50 | Loss 0.1448 Acc 94.88% | Val 0.0961 Acc 96.58% | 50.7s
2026-07-27 23:16:59 |   -> saved best
2026-07-27 23:17:51 | Ep 11/50 | Loss 0.1330 Acc 95.29% | Val 0.0902 Acc 96.71% | 51.1s
2026-07-27 23:17:51 |   -> saved best
2026-07-27 23:18:42 | Ep 12/50 | Loss 0.1289 Acc 95.41% | Val 0.0908 Acc 97.09% | 50.7s
2026-07-27 23:19:39 | Ep 13/50 | Loss 0.1225 Acc 95.63% | Val 0.0944 Acc 96.68% | 57.4s
2026-07-27 23:20:40 | Ep 14/50 | Loss 0.1149 Acc 96.02% | Val 0.0827 Acc 97.39% | 61.2s
2026-07-27 23:20:40 |   -> saved best
2026-07-27 23:21:32 | Ep 15/50 | Loss 0.1171 Acc 95.88% | Val 0.1047 Acc 96.22% | 51.9s
2026-07-27 23:22:24 | Ep 16/50 | Loss 0.1077 Acc 96.09% | Val 0.0906 Acc 97.07% | 51.1s
2026-07-27 23:23:14 | Ep 17/50 | Loss 0.1002 Acc 96.47% | Val 0.0722 Acc 97.85% | 50.6s
2026-07-27 23:23:14 |   -> saved best
2026-07-27 23:24:06 | Ep 18/50 | Loss 0.1015 Acc 96.41% | Val 0.0758 Acc 97.53% | 51.1s
2026-07-27 23:24:56 | Ep 19/50 | Loss 0.0945 Acc 96.79% | Val 0.0671 Acc 97.80% | 50.6s
2026-07-27 23:24:56 |   -> saved best
2026-07-27 23:25:47 | Ep 20/50 | Loss 0.0949 Acc 96.73% | Val 0.0641 Acc 97.88% | 50.3s
2026-07-27 23:25:47 |   -> saved best
2026-07-27 23:26:37 | Ep 21/50 | Loss 0.0824 Acc 97.24% | Val 0.0639 Acc 97.93% | 50.7s
2026-07-27 23:26:38 |   -> saved best
2026-07-27 23:27:31 | Ep 22/50 | Loss 0.0839 Acc 97.22% | Val 0.0643 Acc 97.80% | 53.4s
2026-07-27 23:28:28 | Ep 23/50 | Loss 0.0796 Acc 97.35% | Val 0.0599 Acc 98.10% | 56.7s
2026-07-27 23:28:28 |   -> saved best
2026-07-27 23:29:20 | Ep 24/50 | Loss 0.0824 Acc 97.18% | Val 0.0617 Acc 97.88% | 52.2s
2026-07-27 23:30:17 | Ep 25/50 | Loss 0.0791 Acc 97.20% | Val 0.0566 Acc 98.29% | 57.1s
2026-07-27 23:30:17 |   -> saved best
2026-07-27 23:31:10 | Ep 26/50 | Loss 0.0784 Acc 97.28% | Val 0.0669 Acc 97.64% | 52.9s
2026-07-27 23:32:09 | Ep 27/50 | Loss 0.0718 Acc 97.76% | Val 0.0619 Acc 97.77% | 58.9s
2026-07-27 23:33:04 | Ep 28/50 | Loss 0.0679 Acc 97.71% | Val 0.0539 Acc 98.26% | 54.3s
2026-07-27 23:33:04 |   -> saved best
2026-07-27 23:33:54 | Ep 29/50 | Loss 0.0658 Acc 97.71% | Val 0.0575 Acc 98.32% | 49.6s
2026-07-27 23:34:46 | Ep 30/50 | Loss 0.0660 Acc 97.85% | Val 0.0594 Acc 97.91% | 52.8s
2026-07-27 23:35:42 | Ep 31/50 | Loss 0.0608 Acc 98.00% | Val 0.0557 Acc 98.21% | 55.1s
2026-07-27 23:36:32 | Ep 32/50 | Loss 0.0611 Acc 97.92% | Val 0.0502 Acc 98.15% | 50.0s
2026-07-27 23:36:32 |   -> saved best
2026-07-27 23:37:22 | Ep 33/50 | Loss 0.0594 Acc 98.03% | Val 0.0569 Acc 98.26% | 50.5s
2026-07-27 23:38:13 | Ep 34/50 | Loss 0.0571 Acc 98.16% | Val 0.0505 Acc 98.40% | 50.0s
2026-07-27 23:39:02 | Ep 35/50 | Loss 0.0542 Acc 98.07% | Val 0.0542 Acc 98.40% | 49.6s
2026-07-27 23:39:52 | Ep 36/50 | Loss 0.0514 Acc 98.36% | Val 0.0540 Acc 98.23% | 49.5s
2026-07-27 23:40:42 | Ep 37/50 | Loss 0.0531 Acc 98.29% | Val 0.0557 Acc 98.21% | 49.9s
2026-07-27 23:41:32 | Ep 38/50 | Loss 0.0470 Acc 98.38% | Val 0.0493 Acc 98.26% | 50.5s
2026-07-27 23:41:32 |   -> saved best
2026-07-27 23:42:22 | Ep 39/50 | Loss 0.0537 Acc 98.28% | Val 0.0570 Acc 98.10% | 49.6s
2026-07-27 23:43:13 | Ep 40/50 | Loss 0.0471 Acc 98.36% | Val 0.0526 Acc 98.51% | 50.3s
2026-07-27 23:44:02 | Ep 41/50 | Loss 0.0515 Acc 98.15% | Val 0.0538 Acc 98.48% | 49.8s
2026-07-27 23:44:52 | Ep 42/50 | Loss 0.0491 Acc 98.31% | Val 0.0518 Acc 98.29% | 49.8s
2026-07-27 23:45:48 | Ep 43/50 | Loss 0.0478 Acc 98.44% | Val 0.0577 Acc 98.10% | 55.5s
2026-07-27 23:46:41 | Ep 44/50 | Loss 0.0464 Acc 98.38% | Val 0.0482 Acc 98.34% | 53.4s
2026-07-27 23:46:41 |   -> saved best
2026-07-27 23:47:31 | Ep 45/50 | Loss 0.0450 Acc 98.49% | Val 0.0509 Acc 98.40% | 49.8s
2026-07-27 23:48:21 | Ep 46/50 | Loss 0.0427 Acc 98.55% | Val 0.0581 Acc 98.23% | 49.4s
2026-07-27 23:49:11 | Ep 47/50 | Loss 0.0407 Acc 98.52% | Val 0.0661 Acc 97.91% | 49.7s
2026-07-27 23:50:01 | Ep 48/50 | Loss 0.0410 Acc 98.61% | Val 0.0595 Acc 98.04% | 50.0s
2026-07-27 23:50:51 | Ep 49/50 | Loss 0.0409 Acc 98.64% | Val 0.0458 Acc 98.59% | 49.8s
2026-07-27 23:50:51 |   -> saved best
2026-07-27 23:51:41 | Ep 50/50 | Loss 0.0403 Acc 98.61% | Val 0.0476 Acc 98.64% | 49.8s
2026-07-27 23:51:41 | Done in 43.86 min
2026-07-27 23:51:53 | 
================================================================================
2026-07-27 23:51:53 | TRAIN (FROM SCRATCH): MobileViT-S | Fold 1/5 | batch=64
2026-07-27 23:51:53 | ================================================================================
2026-07-27 23:51:53 |   [INFO] MobileViT-S initialized FROM SCRATCH (no pretrained weights)
2026-07-27 23:53:48 | Ep 01/50 | Loss 0.3818 Acc 86.11% | Val 0.2719 Acc 89.65% | 115.0s
2026-07-27 23:53:48 |   -> saved best
2026-07-27 23:54:42 | Ep 02/50 | Loss 0.2140 Acc 92.27% | Val 0.1975 Acc 92.37% | 53.4s
2026-07-27 23:54:42 |   -> saved best
2026-07-27 23:55:42 | Ep 03/50 | Loss 0.1677 Acc 94.07% | Val 0.1394 Acc 95.08% | 60.5s
2026-07-27 23:55:42 |   -> saved best
2026-07-27 23:56:34 | Ep 04/50 | Loss 0.1401 Acc 95.03% | Val 0.1257 Acc 95.46% | 51.2s
2026-07-27 23:56:34 |   -> saved best
2026-07-27 23:57:24 | Ep 05/50 | Loss 0.1252 Acc 95.67% | Val 0.1000 Acc 96.20% | 50.2s
2026-07-27 23:57:24 |   -> saved best
2026-07-27 23:58:17 | Ep 06/50 | Loss 0.1084 Acc 96.32% | Val 0.0820 Acc 97.12% | 53.2s
2026-07-27 23:58:17 |   -> saved best
2026-07-27 23:59:17 | Ep 07/50 | Loss 0.1005 Acc 96.48% | Val 0.0806 Acc 97.28% | 59.6s
2026-07-27 23:59:17 |   -> saved best
2026-07-28 00:00:07 | Ep 08/50 | Loss 0.0884 Acc 97.09% | Val 0.0794 Acc 97.45% | 50.2s
2026-07-28 00:00:07 |   -> saved best
2026-07-28 00:00:58 | Ep 09/50 | Loss 0.0835 Acc 97.28% | Val 0.0668 Acc 97.88% | 50.3s
2026-07-28 00:00:58 |   -> saved best
2026-07-28 00:01:48 | Ep 10/50 | Loss 0.0739 Acc 97.55% | Val 0.0804 Acc 97.39% | 50.1s
2026-07-28 00:02:38 | Ep 11/50 | Loss 0.0719 Acc 97.65% | Val 0.0639 Acc 97.69% | 50.0s
2026-07-28 00:02:38 |   -> saved best
2026-07-28 00:03:28 | Ep 12/50 | Loss 0.0723 Acc 97.39% | Val 0.1094 Acc 96.20% | 49.5s
2026-07-28 00:04:17 | Ep 13/50 | Loss 0.0700 Acc 97.70% | Val 0.0639 Acc 98.10% | 49.7s
2026-07-28 00:04:17 |   -> saved best
2026-07-28 00:05:08 | Ep 14/50 | Loss 0.0620 Acc 97.85% | Val 0.0664 Acc 97.77% | 50.5s
2026-07-28 00:05:59 | Ep 15/50 | Loss 0.0608 Acc 98.00% | Val 0.0548 Acc 98.48% | 50.9s
2026-07-28 00:05:59 |   -> saved best
2026-07-28 00:06:51 | Ep 16/50 | Loss 0.0560 Acc 98.12% | Val 0.0581 Acc 98.18% | 52.1s
2026-07-28 00:07:42 | Ep 17/50 | Loss 0.0525 Acc 98.13% | Val 0.0679 Acc 97.96% | 50.8s
2026-07-28 00:08:34 | Ep 18/50 | Loss 0.0515 Acc 98.25% | Val 0.0535 Acc 98.40% | 52.1s
2026-07-28 00:08:34 |   -> saved best
2026-07-28 00:09:33 | Ep 19/50 | Loss 0.0536 Acc 98.29% | Val 0.0556 Acc 98.40% | 58.0s
2026-07-28 00:10:22 | Ep 20/50 | Loss 0.0513 Acc 98.29% | Val 0.0568 Acc 98.26% | 49.9s
2026-07-28 00:11:13 | Ep 21/50 | Loss 0.0503 Acc 98.28% | Val 0.0535 Acc 98.48% | 50.0s
2026-07-28 00:11:13 |   -> saved best
2026-07-28 00:12:03 | Ep 22/50 | Loss 0.0438 Acc 98.58% | Val 0.0611 Acc 98.04% | 50.0s
2026-07-28 00:12:53 | Ep 23/50 | Loss 0.0453 Acc 98.49% | Val 0.0506 Acc 98.53% | 49.8s
2026-07-28 00:12:53 |   -> saved best
2026-07-28 00:13:45 | Ep 24/50 | Loss 0.0418 Acc 98.62% | Val 0.0516 Acc 98.51% | 52.1s
2026-07-28 00:14:45 | Ep 25/50 | Loss 0.0440 Acc 98.68% | Val 0.0478 Acc 98.40% | 60.1s
2026-07-28 00:14:45 |   -> saved best
2026-07-28 00:15:43 | Ep 26/50 | Loss 0.0419 Acc 98.62% | Val 0.0807 Acc 97.31% | 57.5s
2026-07-28 00:16:32 | Ep 27/50 | Loss 0.0415 Acc 98.57% | Val 0.0429 Acc 98.56% | 49.6s
2026-07-28 00:16:33 |   -> saved best
2026-07-28 00:17:23 | Ep 28/50 | Loss 0.0384 Acc 98.70% | Val 0.0495 Acc 98.53% | 50.2s
2026-07-28 00:18:19 | Ep 29/50 | Loss 0.0364 Acc 98.78% | Val 0.0431 Acc 98.59% | 55.9s
2026-07-28 00:19:13 | Ep 30/50 | Loss 0.0383 Acc 98.74% | Val 0.0457 Acc 98.72% | 53.6s
2026-07-28 00:20:03 | Ep 31/50 | Loss 0.0377 Acc 98.71% | Val 0.0470 Acc 98.45% | 50.0s
2026-07-28 00:20:53 | Ep 32/50 | Loss 0.0324 Acc 98.96% | Val 0.0519 Acc 98.37% | 50.3s
2026-07-28 00:21:43 | Ep 33/50 | Loss 0.0345 Acc 98.83% | Val 0.0589 Acc 98.48% | 49.9s
2026-07-28 00:22:33 | Ep 34/50 | Loss 0.0327 Acc 98.89% | Val 0.0670 Acc 97.85% | 49.8s
2026-07-28 00:23:23 | Ep 35/50 | Loss 0.0348 Acc 98.96% | Val 0.0413 Acc 98.80% | 49.9s
2026-07-28 00:23:23 |   -> saved best
2026-07-28 00:24:13 | Ep 36/50 | Loss 0.0339 Acc 98.95% | Val 0.0436 Acc 98.48% | 50.1s
2026-07-28 00:25:03 | Ep 37/50 | Loss 0.0293 Acc 99.09% | Val 0.0403 Acc 98.80% | 49.5s
2026-07-28 00:25:03 |   -> saved best
2026-07-28 00:25:53 | Ep 38/50 | Loss 0.0305 Acc 98.95% | Val 0.0441 Acc 98.59% | 50.0s
2026-07-28 00:26:45 | Ep 39/50 | Loss 0.0318 Acc 98.95% | Val 0.0467 Acc 98.53% | 52.3s
2026-07-28 00:27:46 | Ep 40/50 | Loss 0.0294 Acc 99.09% | Val 0.0459 Acc 98.59% | 60.4s
2026-07-28 00:28:45 | Ep 41/50 | Loss 0.0279 Acc 99.08% | Val 0.0542 Acc 98.48% | 59.5s
2026-07-28 00:29:43 | Ep 42/50 | Loss 0.0274 Acc 99.04% | Val 0.0431 Acc 98.72% | 57.2s
2026-07-28 00:30:33 | Ep 43/50 | Loss 0.0258 Acc 99.18% | Val 0.0412 Acc 98.72% | 49.7s
2026-07-28 00:31:26 | Ep 44/50 | Loss 0.0239 Acc 99.16% | Val 0.0357 Acc 98.80% | 53.5s
2026-07-28 00:31:26 |   -> saved best
2026-07-28 00:32:22 | Ep 45/50 | Loss 0.0269 Acc 99.22% | Val 0.0453 Acc 98.70% | 55.8s
2026-07-28 00:33:12 | Ep 46/50 | Loss 0.0248 Acc 99.19% | Val 0.0428 Acc 98.80% | 50.2s
2026-07-28 00:34:02 | Ep 47/50 | Loss 0.0279 Acc 99.06% | Val 0.0423 Acc 98.70% | 50.1s
2026-07-28 00:34:53 | Ep 48/50 | Loss 0.0272 Acc 99.15% | Val 0.0572 Acc 98.23% | 50.0s
2026-07-28 00:35:42 | Ep 49/50 | Loss 0.0240 Acc 99.21% | Val 0.0547 Acc 98.61% | 49.5s
2026-07-28 00:36:38 | Ep 50/50 | Loss 0.0252 Acc 99.17% | Val 0.0409 Acc 98.75% | 55.4s
2026-07-28 00:36:38 | Done in 44.75 min
2026-07-28 00:36:50 | 
================================================================================
2026-07-28 00:36:50 | TRAIN (FROM SCRATCH): MobileViT-S | Fold 2/5 | batch=64
2026-07-28 00:36:50 | ================================================================================
2026-07-28 00:36:50 |   [INFO] MobileViT-S initialized FROM SCRATCH (no pretrained weights)
2026-07-28 00:38:09 | Ep 01/50 | Loss 0.3678 Acc 86.83% | Val 0.1821 Acc 94.02% | 78.9s
2026-07-28 00:38:09 |   -> saved best
2026-07-28 00:38:59 | Ep 02/50 | Loss 0.2044 Acc 92.75% | Val 0.1393 Acc 95.30% | 50.2s
2026-07-28 00:38:59 |   -> saved best
2026-07-28 00:39:50 | Ep 03/50 | Loss 0.1663 Acc 93.99% | Val 0.1170 Acc 95.79% | 50.7s
2026-07-28 00:39:50 |   -> saved best
2026-07-28 00:40:40 | Ep 04/50 | Loss 0.1286 Acc 95.64% | Val 0.1031 Acc 96.47% | 50.6s
2026-07-28 00:40:40 |   -> saved best
2026-07-28 00:41:31 | Ep 05/50 | Loss 0.1144 Acc 96.20% | Val 0.0843 Acc 97.28% | 50.5s
2026-07-28 00:41:31 |   -> saved best
2026-07-28 00:42:21 | Ep 06/50 | Loss 0.1012 Acc 96.54% | Val 0.0885 Acc 97.39% | 50.3s
2026-07-28 00:43:12 | Ep 07/50 | Loss 0.0932 Acc 96.86% | Val 0.0766 Acc 97.45% | 50.9s
2026-07-28 00:43:12 |   -> saved best
2026-07-28 00:44:03 | Ep 08/50 | Loss 0.0852 Acc 97.04% | Val 0.0758 Acc 97.47% | 50.2s
2026-07-28 00:44:03 |   -> saved best
2026-07-28 00:44:54 | Ep 09/50 | Loss 0.0824 Acc 97.26% | Val 0.0663 Acc 98.13% | 50.9s
2026-07-28 00:44:54 |   -> saved best
2026-07-28 00:45:44 | Ep 10/50 | Loss 0.0768 Acc 97.44% | Val 0.0744 Acc 97.45% | 50.1s
2026-07-28 00:46:34 | Ep 11/50 | Loss 0.0698 Acc 97.68% | Val 0.0605 Acc 98.04% | 49.8s
2026-07-28 00:46:34 |   -> saved best
2026-07-28 00:47:24 | Ep 12/50 | Loss 0.0658 Acc 97.79% | Val 0.0887 Acc 96.90% | 50.6s
2026-07-28 00:48:15 | Ep 13/50 | Loss 0.0679 Acc 97.69% | Val 0.0699 Acc 97.75% | 49.9s
2026-07-28 00:49:04 | Ep 14/50 | Loss 0.0630 Acc 97.87% | Val 0.0727 Acc 97.77% | 49.8s
2026-07-28 00:49:54 | Ep 15/50 | Loss 0.0565 Acc 98.19% | Val 0.0557 Acc 98.45% | 49.9s
2026-07-28 00:49:54 |   -> saved best
2026-07-28 00:50:44 | Ep 16/50 | Loss 0.0565 Acc 98.08% | Val 0.0527 Acc 98.48% | 49.8s
2026-07-28 00:50:44 |   -> saved best
2026-07-28 00:51:34 | Ep 17/50 | Loss 0.0578 Acc 98.05% | Val 0.0522 Acc 98.34% | 49.9s
2026-07-28 00:51:34 |   -> saved best
2026-07-28 00:52:25 | Ep 18/50 | Loss 0.0515 Acc 98.31% | Val 0.0502 Acc 98.53% | 50.8s
2026-07-28 00:52:25 |   -> saved best
2026-07-28 00:53:19 | Ep 19/50 | Loss 0.0510 Acc 98.33% | Val 0.0496 Acc 98.45% | 53.5s
2026-07-28 00:53:19 |   -> saved best
2026-07-28 00:54:17 | Ep 20/50 | Loss 0.0478 Acc 98.32% | Val 0.0621 Acc 97.94% | 58.5s
2026-07-28 00:55:12 | Ep 21/50 | Loss 0.0460 Acc 98.55% | Val 0.0466 Acc 98.64% | 54.2s
2026-07-28 00:55:12 |   -> saved best
2026-07-28 00:56:02 | Ep 22/50 | Loss 0.0457 Acc 98.47% | Val 0.0412 Acc 98.83% | 49.9s
2026-07-28 00:56:02 |   -> saved best
2026-07-28 00:56:52 | Ep 23/50 | Loss 0.0495 Acc 98.31% | Val 0.0417 Acc 98.67% | 50.3s
2026-07-28 00:57:43 | Ep 24/50 | Loss 0.0458 Acc 98.38% | Val 0.0446 Acc 98.75% | 50.3s
2026-07-28 00:58:34 | Ep 25/50 | Loss 0.0404 Acc 98.64% | Val 0.0435 Acc 98.67% | 50.9s
2026-07-28 00:59:24 | Ep 26/50 | Loss 0.0392 Acc 98.75% | Val 0.0500 Acc 98.53% | 50.1s
2026-07-28 01:00:13 | Ep 27/50 | Loss 0.0421 Acc 98.57% | Val 0.0395 Acc 98.86% | 49.6s
2026-07-28 01:00:13 |   -> saved best
2026-07-28 01:01:04 | Ep 28/50 | Loss 0.0402 Acc 98.59% | Val 0.0516 Acc 98.40% | 50.2s
2026-07-28 01:01:54 | Ep 29/50 | Loss 0.0374 Acc 98.74% | Val 0.0358 Acc 98.91% | 50.6s
2026-07-28 01:01:54 |   -> saved best
2026-07-28 01:02:46 | Ep 30/50 | Loss 0.0402 Acc 98.70% | Val 0.0427 Acc 98.59% | 51.1s
2026-07-28 01:03:36 | Ep 31/50 | Loss 0.0361 Acc 98.80% | Val 0.0405 Acc 98.80% | 50.1s
2026-07-28 01:04:28 | Ep 32/50 | Loss 0.0367 Acc 98.83% | Val 0.0361 Acc 98.89% | 52.1s
2026-07-28 01:05:26 | Ep 33/50 | Loss 0.0365 Acc 98.77% | Val 0.0333 Acc 99.05% | 57.5s
2026-07-28 01:05:26 |   -> saved best
2026-07-28 01:06:17 | Ep 34/50 | Loss 0.0302 Acc 99.01% | Val 0.0363 Acc 98.94% | 51.2s
2026-07-28 01:07:16 | Ep 35/50 | Loss 0.0302 Acc 99.00% | Val 0.0381 Acc 98.97% | 58.7s
2026-07-28 01:08:06 | Ep 36/50 | Loss 0.0348 Acc 98.82% | Val 0.0408 Acc 98.91% | 50.1s
2026-07-28 01:08:56 | Ep 37/50 | Loss 0.0308 Acc 99.00% | Val 0.0555 Acc 98.45% | 50.1s
2026-07-28 01:09:46 | Ep 38/50 | Loss 0.0302 Acc 99.03% | Val 0.0474 Acc 98.59% | 50.1s
2026-07-28 01:10:37 | Ep 39/50 | Loss 0.0310 Acc 99.02% | Val 0.0472 Acc 98.67% | 50.3s
2026-07-28 01:11:27 | Ep 40/50 | Loss 0.0280 Acc 99.04% | Val 0.0400 Acc 98.97% | 50.1s
2026-07-28 01:12:17 | Ep 41/50 | Loss 0.0295 Acc 98.99% | Val 0.0358 Acc 98.94% | 49.7s
2026-07-28 01:13:07 | Ep 42/50 | Loss 0.0278 Acc 99.07% | Val 0.0379 Acc 99.02% | 49.7s
2026-07-28 01:13:57 | Ep 43/50 | Loss 0.0251 Acc 99.18% | Val 0.0426 Acc 98.67% | 50.3s
2026-07-28 01:14:47 | Ep 44/50 | Loss 0.0261 Acc 99.21% | Val 0.0359 Acc 98.99% | 50.2s
2026-07-28 01:15:37 | Ep 45/50 | Loss 0.0266 Acc 99.08% | Val 0.0337 Acc 99.10% | 50.1s
2026-07-28 01:16:29 | Ep 46/50 | Loss 0.0284 Acc 99.05% | Val 0.0384 Acc 98.99% | 51.0s
2026-07-28 01:17:22 | Ep 47/50 | Loss 0.0236 Acc 99.19% | Val 0.0381 Acc 98.89% | 53.4s
2026-07-28 01:18:23 | Ep 48/50 | Loss 0.0216 Acc 99.32% | Val 0.0353 Acc 99.05% | 60.5s
2026-07-28 01:18:23 |   Early stop at epoch 48
2026-07-28 01:18:23 | Done in 41.55 min
2026-07-28 01:18:34 | 
================================================================================
2026-07-28 01:18:34 | TRAIN (FROM SCRATCH): MobileViT-S | Fold 3/5 | batch=64
2026-07-28 01:18:34 | ================================================================================
2026-07-28 01:18:34 |   [INFO] MobileViT-S initialized FROM SCRATCH (no pretrained weights)
2026-07-28 01:20:04 | Ep 01/50 | Loss 0.3756 Acc 86.44% | Val 0.2354 Acc 91.47% | 89.7s
2026-07-28 01:20:04 |   -> saved best
2026-07-28 01:20:55 | Ep 02/50 | Loss 0.2194 Acc 91.98% | Val 0.1584 Acc 94.95% | 50.5s
2026-07-28 01:20:55 |   -> saved best
2026-07-28 01:21:45 | Ep 03/50 | Loss 0.1754 Acc 93.60% | Val 0.1268 Acc 95.65% | 50.4s
2026-07-28 01:21:45 |   -> saved best
2026-07-28 01:22:36 | Ep 04/50 | Loss 0.1452 Acc 95.03% | Val 0.0981 Acc 96.52% | 50.5s
2026-07-28 01:22:36 |   -> saved best
2026-07-28 01:23:35 | Ep 05/50 | Loss 0.1228 Acc 95.66% | Val 0.1089 Acc 96.01% | 58.7s
2026-07-28 01:24:29 | Ep 06/50 | Loss 0.1016 Acc 96.68% | Val 0.0924 Acc 96.66% | 53.8s
2026-07-28 01:24:29 |   -> saved best
2026-07-28 01:25:30 | Ep 07/50 | Loss 0.0969 Acc 96.73% | Val 0.0776 Acc 97.45% | 60.9s
2026-07-28 01:25:30 |   -> saved best
2026-07-28 01:26:21 | Ep 08/50 | Loss 0.0883 Acc 96.92% | Val 0.0862 Acc 97.23% | 51.0s
2026-07-28 01:27:12 | Ep 09/50 | Loss 0.0810 Acc 97.27% | Val 0.0631 Acc 97.77% | 50.9s
2026-07-28 01:27:12 |   -> saved best
2026-07-28 01:28:02 | Ep 10/50 | Loss 0.0814 Acc 97.21% | Val 0.0581 Acc 97.96% | 50.2s
2026-07-28 01:28:02 |   -> saved best
2026-07-28 01:28:53 | Ep 11/50 | Loss 0.0755 Acc 97.40% | Val 0.0608 Acc 97.93% | 50.4s
2026-07-28 01:29:43 | Ep 12/50 | Loss 0.0672 Acc 97.66% | Val 0.0560 Acc 98.18% | 50.6s
2026-07-28 01:29:43 |   -> saved best
2026-07-28 01:30:34 | Ep 13/50 | Loss 0.0662 Acc 97.72% | Val 0.0610 Acc 98.07% | 50.4s
2026-07-28 01:31:24 | Ep 14/50 | Loss 0.0674 Acc 97.82% | Val 0.0596 Acc 97.88% | 50.0s
2026-07-28 01:32:14 | Ep 15/50 | Loss 0.0645 Acc 97.94% | Val 0.0571 Acc 98.02% | 49.9s
2026-07-28 01:33:09 | Ep 16/50 | Loss 0.0588 Acc 98.17% | Val 0.0513 Acc 98.37% | 55.1s
2026-07-28 01:33:09 |   -> saved best
2026-07-28 01:34:04 | Ep 17/50 | Loss 0.0558 Acc 98.22% | Val 0.0695 Acc 97.83% | 54.8s
2026-07-28 01:34:55 | Ep 18/50 | Loss 0.0573 Acc 98.13% | Val 0.0459 Acc 98.51% | 50.7s
2026-07-28 01:34:55 |   -> saved best
2026-07-28 01:35:46 | Ep 19/50 | Loss 0.0509 Acc 98.46% | Val 0.0498 Acc 98.34% | 50.7s
2026-07-28 01:36:36 | Ep 20/50 | Loss 0.0541 Acc 98.21% | Val 0.0469 Acc 98.26% | 50.1s
2026-07-28 01:37:29 | Ep 21/50 | Loss 0.0517 Acc 98.38% | Val 0.0407 Acc 98.64% | 53.0s
2026-07-28 01:37:29 |   -> saved best
2026-07-28 01:38:26 | Ep 22/50 | Loss 0.0510 Acc 98.16% | Val 0.0876 Acc 96.88% | 56.7s
2026-07-28 01:39:24 | Ep 23/50 | Loss 0.0498 Acc 98.25% | Val 0.0430 Acc 98.42% | 57.9s
2026-07-28 01:40:14 | Ep 24/50 | Loss 0.0486 Acc 98.28% | Val 0.0496 Acc 98.23% | 49.8s
2026-07-28 01:41:04 | Ep 25/50 | Loss 0.0499 Acc 98.41% | Val 0.0452 Acc 98.42% | 50.1s
2026-07-28 01:41:54 | Ep 26/50 | Loss 0.0418 Acc 98.65% | Val 0.0563 Acc 98.10% | 50.1s
2026-07-28 01:42:44 | Ep 27/50 | Loss 0.0435 Acc 98.47% | Val 0.0420 Acc 98.45% | 50.0s
2026-07-28 01:43:34 | Ep 28/50 | Loss 0.0402 Acc 98.72% | Val 0.0435 Acc 98.53% | 49.5s
2026-07-28 01:44:26 | Ep 29/50 | Loss 0.0425 Acc 98.57% | Val 0.0496 Acc 98.23% | 52.1s
2026-07-28 01:45:25 | Ep 30/50 | Loss 0.0418 Acc 98.62% | Val 0.0520 Acc 97.93% | 58.6s
2026-07-28 01:46:24 | Ep 31/50 | Loss 0.0420 Acc 98.61% | Val 0.0441 Acc 98.40% | 58.9s
2026-07-28 01:47:14 | Ep 32/50 | Loss 0.0365 Acc 98.87% | Val 0.0473 Acc 98.34% | 50.2s
2026-07-28 01:48:05 | Ep 33/50 | Loss 0.0425 Acc 98.63% | Val 0.0406 Acc 98.56% | 50.4s
2026-07-28 01:48:05 |   -> saved best
2026-07-28 01:49:02 | Ep 34/50 | Loss 0.0361 Acc 98.83% | Val 0.0358 Acc 98.75% | 56.9s
2026-07-28 01:49:02 |   -> saved best
2026-07-28 01:49:56 | Ep 35/50 | Loss 0.0393 Acc 98.77% | Val 0.0392 Acc 98.53% | 53.7s
2026-07-28 01:50:46 | Ep 36/50 | Loss 0.0346 Acc 98.91% | Val 0.0427 Acc 98.56% | 49.8s
2026-07-28 01:51:36 | Ep 37/50 | Loss 0.0336 Acc 98.84% | Val 0.0606 Acc 98.07% | 49.9s
2026-07-28 01:52:26 | Ep 38/50 | Loss 0.0308 Acc 98.98% | Val 0.0462 Acc 98.64% | 50.0s
2026-07-28 01:53:16 | Ep 39/50 | Loss 0.0374 Acc 98.89% | Val 0.0447 Acc 98.26% | 50.1s
2026-07-28 01:54:08 | Ep 40/50 | Loss 0.0302 Acc 98.94% | Val 0.0375 Acc 98.80% | 52.3s
2026-07-28 01:55:06 | Ep 41/50 | Loss 0.0307 Acc 98.91% | Val 0.0450 Acc 98.78% | 57.5s
2026-07-28 01:55:57 | Ep 42/50 | Loss 0.0348 Acc 98.78% | Val 0.0342 Acc 98.86% | 50.7s
2026-07-28 01:55:57 |   -> saved best
2026-07-28 01:56:47 | Ep 43/50 | Loss 0.0318 Acc 99.01% | Val 0.0353 Acc 98.75% | 50.3s
2026-07-28 01:57:38 | Ep 44/50 | Loss 0.0293 Acc 99.03% | Val 0.0378 Acc 98.72% | 50.6s
2026-07-28 01:58:28 | Ep 45/50 | Loss 0.0276 Acc 99.09% | Val 0.0385 Acc 98.67% | 49.9s
2026-07-28 01:59:21 | Ep 46/50 | Loss 0.0295 Acc 98.97% | Val 0.0343 Acc 98.72% | 53.5s
2026-07-28 02:00:18 | Ep 47/50 | Loss 0.0258 Acc 99.11% | Val 0.0417 Acc 98.48% | 56.8s
2026-07-28 02:01:09 | Ep 48/50 | Loss 0.0280 Acc 99.07% | Val 0.0427 Acc 98.51% | 50.3s
2026-07-28 02:02:00 | Ep 49/50 | Loss 0.0260 Acc 99.16% | Val 0.0364 Acc 98.64% | 51.0s
2026-07-28 02:02:50 | Ep 50/50 | Loss 0.0262 Acc 99.14% | Val 0.0392 Acc 98.80% | 49.8s
2026-07-28 02:02:50 | Done in 44.25 min
2026-07-28 02:03:01 | 
================================================================================
2026-07-28 02:03:01 | TRAIN (FROM SCRATCH): MobileViT-S | Fold 4/5 | batch=64
2026-07-28 02:03:01 | ================================================================================
2026-07-28 02:03:01 |   [INFO] MobileViT-S initialized FROM SCRATCH (no pretrained weights)
2026-07-28 02:04:20 | Ep 01/50 | Loss 0.3673 Acc 86.93% | Val 0.1895 Acc 93.02% | 79.3s
2026-07-28 02:04:20 |   -> saved best
2026-07-28 02:05:11 | Ep 02/50 | Loss 0.2102 Acc 92.46% | Val 0.1640 Acc 94.29% | 50.3s
2026-07-28 02:05:11 |   -> saved best
2026-07-28 02:06:02 | Ep 03/50 | Loss 0.1683 Acc 94.01% | Val 0.1255 Acc 95.82% | 51.0s
2026-07-28 02:06:02 |   -> saved best
2026-07-28 02:07:02 | Ep 04/50 | Loss 0.1422 Acc 94.98% | Val 0.1649 Acc 93.97% | 60.5s
2026-07-28 02:07:54 | Ep 05/50 | Loss 0.1271 Acc 95.48% | Val 0.0926 Acc 96.68% | 51.3s
2026-07-28 02:07:54 |   -> saved best
2026-07-28 02:08:45 | Ep 06/50 | Loss 0.1118 Acc 96.20% | Val 0.0795 Acc 97.15% | 50.8s
2026-07-28 02:08:45 |   -> saved best
2026-07-28 02:09:36 | Ep 07/50 | Loss 0.1006 Acc 96.32% | Val 0.0914 Acc 96.82% | 50.9s
2026-07-28 02:10:27 | Ep 08/50 | Loss 0.0885 Acc 96.93% | Val 0.0885 Acc 97.01% | 50.7s
2026-07-28 02:11:18 | Ep 09/50 | Loss 0.0809 Acc 97.24% | Val 0.1053 Acc 96.49% | 51.0s
2026-07-28 02:12:10 | Ep 10/50 | Loss 0.0792 Acc 97.34% | Val 0.0545 Acc 98.45% | 52.4s
2026-07-28 02:12:10 |   -> saved best
2026-07-28 02:13:14 | Ep 11/50 | Loss 0.0751 Acc 97.35% | Val 0.0514 Acc 98.34% | 63.7s
2026-07-28 02:13:14 |   -> saved best
2026-07-28 02:14:18 | Ep 12/50 | Loss 0.0689 Acc 97.75% | Val 0.0577 Acc 98.29% | 63.4s
2026-07-28 02:15:15 | Ep 13/50 | Loss 0.0647 Acc 97.88% | Val 0.0649 Acc 98.07% | 57.2s
2026-07-28 02:16:06 | Ep 14/50 | Loss 0.0646 Acc 97.83% | Val 0.0724 Acc 97.66% | 50.7s
2026-07-28 02:16:56 | Ep 15/50 | Loss 0.0595 Acc 98.05% | Val 0.0479 Acc 98.53% | 50.2s
2026-07-28 02:16:56 |   -> saved best
2026-07-28 02:17:46 | Ep 16/50 | Loss 0.0554 Acc 98.07% | Val 0.0463 Acc 98.45% | 49.9s
2026-07-28 02:17:46 |   -> saved best
2026-07-28 02:18:37 | Ep 17/50 | Loss 0.0585 Acc 98.06% | Val 0.0445 Acc 98.70% | 50.6s
2026-07-28 02:18:37 |   -> saved best
2026-07-28 02:19:29 | Ep 18/50 | Loss 0.0508 Acc 98.32% | Val 0.1047 Acc 96.85% | 51.8s
2026-07-28 02:20:20 | Ep 19/50 | Loss 0.0507 Acc 98.29% | Val 0.0510 Acc 98.48% | 50.9s
2026-07-28 02:21:13 | Ep 20/50 | Loss 0.0525 Acc 98.23% | Val 0.0481 Acc 98.67% | 52.9s
2026-07-28 02:22:07 | Ep 21/50 | Loss 0.0491 Acc 98.38% | Val 0.0392 Acc 98.91% | 54.0s
2026-07-28 02:22:07 |   -> saved best
2026-07-28 02:23:01 | Ep 22/50 | Loss 0.0462 Acc 98.49% | Val 0.0430 Acc 98.53% | 53.9s
2026-07-28 02:23:52 | Ep 23/50 | Loss 0.0441 Acc 98.61% | Val 0.0477 Acc 98.75% | 50.5s
2026-07-28 02:24:46 | Ep 24/50 | Loss 0.0457 Acc 98.55% | Val 0.0524 Acc 98.12% | 54.4s
2026-07-28 02:25:45 | Ep 25/50 | Loss 0.0425 Acc 98.65% | Val 0.0513 Acc 98.37% | 58.2s
2026-07-28 02:26:46 | Ep 26/50 | Loss 0.0421 Acc 98.65% | Val 0.0421 Acc 98.70% | 60.8s
2026-07-28 02:27:45 | Ep 27/50 | Loss 0.0396 Acc 98.67% | Val 0.0544 Acc 98.53% | 59.3s
2026-07-28 02:28:36 | Ep 28/50 | Loss 0.0373 Acc 98.81% | Val 0.0416 Acc 98.89% | 50.9s
2026-07-28 02:29:26 | Ep 29/50 | Loss 0.0402 Acc 98.68% | Val 0.0470 Acc 98.64% | 50.0s
2026-07-28 02:30:16 | Ep 30/50 | Loss 0.0345 Acc 98.84% | Val 0.0332 Acc 98.94% | 50.2s
2026-07-28 02:30:16 |   -> saved best
2026-07-28 02:31:07 | Ep 31/50 | Loss 0.0377 Acc 98.78% | Val 0.0483 Acc 98.72% | 50.2s
2026-07-28 02:31:57 | Ep 32/50 | Loss 0.0342 Acc 98.93% | Val 0.0394 Acc 98.91% | 50.0s
2026-07-28 02:32:47 | Ep 33/50 | Loss 0.0355 Acc 98.88% | Val 0.0380 Acc 98.86% | 50.0s
2026-07-28 02:33:37 | Ep 34/50 | Loss 0.0328 Acc 98.87% | Val 0.0360 Acc 99.02% | 50.1s
2026-07-28 02:34:27 | Ep 35/50 | Loss 0.0338 Acc 98.89% | Val 0.0387 Acc 98.94% | 49.7s
2026-07-28 02:35:17 | Ep 36/50 | Loss 0.0331 Acc 98.94% | Val 0.0382 Acc 98.86% | 49.7s
2026-07-28 02:36:07 | Ep 37/50 | Loss 0.0312 Acc 99.03% | Val 0.0530 Acc 98.40% | 50.0s
2026-07-28 02:36:57 | Ep 38/50 | Loss 0.0308 Acc 99.06% | Val 0.0380 Acc 99.02% | 49.6s
2026-07-28 02:37:47 | Ep 39/50 | Loss 0.0308 Acc 99.01% | Val 0.0337 Acc 98.97% | 50.3s
2026-07-28 02:38:38 | Ep 40/50 | Loss 0.0304 Acc 98.99% | Val 0.0436 Acc 98.83% | 50.7s
2026-07-28 02:39:28 | Ep 41/50 | Loss 0.0271 Acc 99.15% | Val 0.0355 Acc 99.13% | 49.8s
2026-07-28 02:40:22 | Ep 42/50 | Loss 0.0307 Acc 99.02% | Val 0.0512 Acc 98.59% | 54.4s
2026-07-28 02:41:18 | Ep 43/50 | Loss 0.0259 Acc 99.13% | Val 0.0460 Acc 98.64% | 55.9s
2026-07-28 02:42:08 | Ep 44/50 | Loss 0.0283 Acc 99.12% | Val 0.0407 Acc 98.89% | 49.8s
2026-07-28 02:42:59 | Ep 45/50 | Loss 0.0248 Acc 99.25% | Val 0.0393 Acc 98.94% | 50.5s
2026-07-28 02:42:59 |   Early stop at epoch 45
2026-07-28 02:42:59 | Done in 39.96 min
2026-07-28 02:43:10 | 
================================================================================
2026-07-28 02:43:10 | TRAIN (FROM SCRATCH): MobileViT-S | Fold 5/5 | batch=64
2026-07-28 02:43:10 | ================================================================================
2026-07-28 02:43:10 |   [INFO] MobileViT-S initialized FROM SCRATCH (no pretrained weights)
2026-07-28 02:44:32 | Ep 01/50 | Loss 0.3751 Acc 86.16% | Val 0.2437 Acc 90.98% | 81.2s
2026-07-28 02:44:32 |   -> saved best
2026-07-28 02:45:21 | Ep 02/50 | Loss 0.2251 Acc 91.67% | Val 0.1654 Acc 94.29% | 49.7s
2026-07-28 02:45:21 |   -> saved best
2026-07-28 02:46:12 | Ep 03/50 | Loss 0.1701 Acc 93.80% | Val 0.1246 Acc 96.01% | 50.1s
2026-07-28 02:46:12 |   -> saved best
2026-07-28 02:47:01 | Ep 04/50 | Loss 0.1406 Acc 95.01% | Val 0.0949 Acc 96.71% | 49.4s
2026-07-28 02:47:01 |   -> saved best
2026-07-28 02:47:51 | Ep 05/50 | Loss 0.1174 Acc 95.88% | Val 0.1617 Acc 94.51% | 49.4s
2026-07-28 02:48:40 | Ep 06/50 | Loss 0.1062 Acc 96.30% | Val 0.0854 Acc 96.96% | 49.6s
2026-07-28 02:48:40 |   -> saved best
2026-07-28 02:49:30 | Ep 07/50 | Loss 0.0969 Acc 96.51% | Val 0.0800 Acc 97.04% | 49.5s
2026-07-28 02:49:30 |   -> saved best
2026-07-28 02:50:20 | Ep 08/50 | Loss 0.0905 Acc 96.68% | Val 0.0775 Acc 97.47% | 49.8s
2026-07-28 02:50:20 |   -> saved best
2026-07-28 02:51:10 | Ep 09/50 | Loss 0.0802 Acc 97.24% | Val 0.0668 Acc 97.53% | 49.8s
2026-07-28 02:51:10 |   -> saved best
2026-07-28 02:52:05 | Ep 10/50 | Loss 0.0732 Acc 97.46% | Val 0.0644 Acc 97.93% | 54.9s
2026-07-28 02:52:05 |   -> saved best
2026-07-28 02:53:02 | Ep 11/50 | Loss 0.0678 Acc 97.71% | Val 0.0537 Acc 98.29% | 56.5s
2026-07-28 02:53:02 |   -> saved best
2026-07-28 02:54:03 | Ep 12/50 | Loss 0.0704 Acc 97.62% | Val 0.0644 Acc 97.55% | 61.4s
2026-07-28 02:54:59 | Ep 13/50 | Loss 0.0653 Acc 97.76% | Val 0.0651 Acc 97.85% | 56.2s
2026-07-28 02:55:49 | Ep 14/50 | Loss 0.0599 Acc 97.93% | Val 0.0591 Acc 98.10% | 49.7s
2026-07-28 02:56:39 | Ep 15/50 | Loss 0.0502 Acc 98.38% | Val 0.0552 Acc 98.34% | 49.9s
2026-07-28 02:57:38 | Ep 16/50 | Loss 0.0557 Acc 98.16% | Val 0.0688 Acc 97.72% | 58.9s
2026-07-28 02:58:30 | Ep 17/50 | Loss 0.0510 Acc 98.31% | Val 0.0463 Acc 98.59% | 51.2s
2026-07-28 02:58:30 |   -> saved best
2026-07-28 02:59:19 | Ep 18/50 | Loss 0.0496 Acc 98.33% | Val 0.0486 Acc 98.40% | 49.6s
2026-07-28 03:00:09 | Ep 19/50 | Loss 0.0434 Acc 98.47% | Val 0.0519 Acc 98.26% | 49.9s
2026-07-28 03:00:59 | Ep 20/50 | Loss 0.0480 Acc 98.45% | Val 0.0478 Acc 98.45% | 49.5s
2026-07-28 03:01:49 | Ep 21/50 | Loss 0.0440 Acc 98.61% | Val 0.0560 Acc 98.23% | 49.7s
2026-07-28 03:02:46 | Ep 22/50 | Loss 0.0467 Acc 98.50% | Val 0.0485 Acc 98.48% | 56.8s
2026-07-28 03:03:39 | Ep 23/50 | Loss 0.0444 Acc 98.48% | Val 0.0473 Acc 98.51% | 53.3s
2026-07-28 03:04:30 | Ep 24/50 | Loss 0.0416 Acc 98.58% | Val 0.0484 Acc 98.59% | 51.1s
2026-07-28 03:05:29 | Ep 25/50 | Loss 0.0403 Acc 98.57% | Val 0.0442 Acc 98.56% | 58.6s
2026-07-28 03:05:29 |   -> saved best
2026-07-28 03:06:19 | Ep 26/50 | Loss 0.0393 Acc 98.70% | Val 0.0506 Acc 98.34% | 50.0s
2026-07-28 03:07:09 | Ep 27/50 | Loss 0.0381 Acc 98.82% | Val 0.0536 Acc 98.59% | 49.8s
2026-07-28 03:07:59 | Ep 28/50 | Loss 0.0393 Acc 98.74% | Val 0.0479 Acc 98.59% | 49.7s
2026-07-28 03:08:49 | Ep 29/50 | Loss 0.0366 Acc 98.81% | Val 0.0558 Acc 98.32% | 50.0s
2026-07-28 03:09:39 | Ep 30/50 | Loss 0.0341 Acc 98.91% | Val 0.0487 Acc 98.64% | 50.3s
2026-07-28 03:10:34 | Ep 31/50 | Loss 0.0347 Acc 98.89% | Val 0.0463 Acc 98.37% | 54.2s
2026-07-28 03:11:37 | Ep 32/50 | Loss 0.0348 Acc 98.82% | Val 0.0489 Acc 98.61% | 62.8s
2026-07-28 03:12:26 | Ep 33/50 | Loss 0.0313 Acc 99.04% | Val 0.0458 Acc 98.67% | 49.9s
2026-07-28 03:13:17 | Ep 34/50 | Loss 0.0324 Acc 98.95% | Val 0.0440 Acc 98.72% | 50.0s
2026-07-28 03:13:17 |   -> saved best
2026-07-28 03:14:07 | Ep 35/50 | Loss 0.0307 Acc 98.97% | Val 0.0500 Acc 98.42% | 49.9s
2026-07-28 03:14:56 | Ep 36/50 | Loss 0.0324 Acc 98.85% | Val 0.0524 Acc 98.61% | 49.7s
2026-07-28 03:15:46 | Ep 37/50 | Loss 0.0311 Acc 98.89% | Val 0.0571 Acc 98.18% | 49.7s
2026-07-28 03:16:36 | Ep 38/50 | Loss 0.0275 Acc 99.14% | Val 0.0527 Acc 98.04% | 49.8s
2026-07-28 03:17:26 | Ep 39/50 | Loss 0.0272 Acc 99.10% | Val 0.0465 Acc 98.61% | 49.9s
2026-07-28 03:18:16 | Ep 40/50 | Loss 0.0283 Acc 99.05% | Val 0.0653 Acc 98.53% | 49.5s
2026-07-28 03:19:05 | Ep 41/50 | Loss 0.0271 Acc 99.14% | Val 0.0433 Acc 98.75% | 49.3s
2026-07-28 03:19:05 |   -> saved best
2026-07-28 03:19:55 | Ep 42/50 | Loss 0.0291 Acc 99.04% | Val 0.0532 Acc 98.32% | 49.8s
2026-07-28 03:20:46 | Ep 43/50 | Loss 0.0281 Acc 99.06% | Val 0.0451 Acc 98.72% | 50.3s
2026-07-28 03:21:36 | Ep 44/50 | Loss 0.0275 Acc 99.08% | Val 0.0414 Acc 98.80% | 50.2s
2026-07-28 03:21:36 |   -> saved best
2026-07-28 03:22:29 | Ep 45/50 | Loss 0.0280 Acc 99.10% | Val 0.0559 Acc 98.42% | 52.6s
2026-07-28 03:23:25 | Ep 46/50 | Loss 0.0255 Acc 99.16% | Val 0.0449 Acc 98.72% | 56.2s
2026-07-28 03:24:15 | Ep 47/50 | Loss 0.0228 Acc 99.27% | Val 0.0445 Acc 98.67% | 50.1s
2026-07-28 03:25:04 | Ep 48/50 | Loss 0.0241 Acc 99.16% | Val 0.0595 Acc 98.29% | 49.3s
2026-07-28 03:25:54 | Ep 49/50 | Loss 0.0240 Acc 99.20% | Val 0.0423 Acc 98.75% | 49.7s
2026-07-28 03:26:45 | Ep 50/50 | Loss 0.0241 Acc 99.14% | Val 0.0472 Acc 98.70% | 50.2s
2026-07-28 03:26:45 | Done in 43.57 min
2026-07-28 03:26:56 | 
================================================================================
2026-07-28 03:26:56 | TRAIN (FROM SCRATCH): Swin-Tiny | Fold 1/5 | batch=64
2026-07-28 03:26:56 | ================================================================================
2026-07-28 03:26:57 |   [INFO] Swin-Tiny initialized FROM SCRATCH (no pretrained weights)
2026-07-28 03:28:16 | Ep 01/50 | Loss 0.4814 Acc 80.13% | Val 0.1989 Acc 92.69% | 79.5s
2026-07-28 03:28:16 |   -> saved best
2026-07-28 03:29:08 | Ep 02/50 | Loss 0.2127 Acc 92.12% | Val 0.1467 Acc 94.51% | 51.2s
2026-07-28 03:29:08 |   -> saved best
2026-07-28 03:29:59 | Ep 03/50 | Loss 0.1532 Acc 94.84% | Val 0.2062 Acc 92.64% | 51.2s
2026-07-28 03:30:51 | Ep 04/50 | Loss 0.1302 Acc 95.47% | Val 0.1331 Acc 94.84% | 50.9s
2026-07-28 03:30:51 |   -> saved best
2026-07-28 03:31:48 | Ep 05/50 | Loss 0.1249 Acc 95.64% | Val 0.1308 Acc 94.97% | 56.7s
2026-07-28 03:31:48 |   -> saved best
2026-07-28 03:32:45 | Ep 06/50 | Loss 0.1014 Acc 96.46% | Val 0.0768 Acc 97.26% | 54.6s
2026-07-28 03:32:45 |   -> saved best
2026-07-28 03:33:44 | Ep 07/50 | Loss 0.1035 Acc 96.52% | Val 0.1042 Acc 96.14% | 59.5s
2026-07-28 03:34:45 | Ep 08/50 | Loss 0.0946 Acc 96.73% | Val 0.0693 Acc 97.75% | 60.5s
2026-07-28 03:34:45 |   -> saved best
2026-07-28 03:35:48 | Ep 09/50 | Loss 0.0891 Acc 96.88% | Val 0.0808 Acc 97.20% | 62.5s
2026-07-28 03:36:45 | Ep 10/50 | Loss 0.0870 Acc 97.08% | Val 0.0892 Acc 96.93% | 57.0s
2026-07-28 03:37:52 | Ep 11/50 | Loss 0.0712 Acc 97.69% | Val 0.0624 Acc 97.77% | 66.5s
2026-07-28 03:37:52 |   -> saved best
2026-07-28 03:38:43 | Ep 12/50 | Loss 0.0666 Acc 97.81% | Val 0.0681 Acc 97.64% | 50.5s
2026-07-28 03:39:33 | Ep 13/50 | Loss 0.0816 Acc 97.22% | Val 0.0712 Acc 97.53% | 50.2s
2026-07-28 03:40:36 | Ep 14/50 | Loss 0.0731 Acc 97.43% | Val 0.0561 Acc 98.07% | 62.3s
2026-07-28 03:40:36 |   -> saved best
2026-07-28 03:41:29 | Ep 15/50 | Loss 0.0703 Acc 97.60% | Val 0.0519 Acc 98.45% | 52.3s
2026-07-28 03:41:29 |   -> saved best
2026-07-28 03:42:29 | Ep 16/50 | Loss 0.0668 Acc 97.79% | Val 0.0488 Acc 98.32% | 60.2s
2026-07-28 03:42:29 |   -> saved best
2026-07-28 03:43:21 | Ep 17/50 | Loss 0.0654 Acc 97.79% | Val 0.0832 Acc 97.36% | 50.8s
2026-07-28 03:44:11 | Ep 18/50 | Loss 0.0727 Acc 97.55% | Val 0.0625 Acc 97.83% | 50.5s
2026-07-28 03:45:11 | Ep 19/50 | Loss 0.0630 Acc 97.87% | Val 0.0502 Acc 98.32% | 59.6s
2026-07-28 03:46:24 | Ep 20/50 | Loss 0.0562 Acc 98.17% | Val 0.0550 Acc 98.23% | 72.4s
2026-07-28 03:47:26 | Ep 21/50 | Loss 0.0627 Acc 97.92% | Val 0.0504 Acc 98.42% | 61.9s
2026-07-28 03:48:17 | Ep 22/50 | Loss 0.0600 Acc 98.10% | Val 0.0617 Acc 97.77% | 51.1s
2026-07-28 03:49:08 | Ep 23/50 | Loss 0.0583 Acc 98.08% | Val 0.0429 Acc 98.67% | 50.6s
2026-07-28 03:49:08 |   -> saved best
2026-07-28 03:50:03 | Ep 24/50 | Loss 0.0577 Acc 98.09% | Val 0.0643 Acc 97.91% | 53.9s
2026-07-28 03:51:02 | Ep 25/50 | Loss 0.0540 Acc 98.12% | Val 0.0496 Acc 98.23% | 59.2s
2026-07-28 03:51:53 | Ep 26/50 | Loss 0.0546 Acc 98.21% | Val 0.0511 Acc 98.42% | 50.6s
2026-07-28 03:52:44 | Ep 27/50 | Loss 0.0532 Acc 98.25% | Val 0.0568 Acc 98.37% | 50.8s
2026-07-28 03:53:36 | Ep 28/50 | Loss 0.0530 Acc 98.15% | Val 0.0667 Acc 97.31% | 51.2s
2026-07-28 03:54:27 | Ep 29/50 | Loss 0.0495 Acc 98.42% | Val 0.0526 Acc 98.21% | 50.7s
2026-07-28 03:55:18 | Ep 30/50 | Loss 0.0500 Acc 98.40% | Val 0.0774 Acc 97.56% | 50.9s
2026-07-28 03:56:09 | Ep 31/50 | Loss 0.0535 Acc 98.19% | Val 0.0606 Acc 98.10% | 50.7s
2026-07-28 03:57:02 | Ep 32/50 | Loss 0.0486 Acc 98.39% | Val 0.0471 Acc 98.53% | 53.3s
2026-07-28 03:58:06 | Ep 33/50 | Loss 0.0495 Acc 98.27% | Val 0.0510 Acc 98.53% | 63.7s
2026-07-28 03:59:01 | Ep 34/50 | Loss 0.0463 Acc 98.56% | Val 0.0561 Acc 98.23% | 54.1s
2026-07-28 03:59:55 | Ep 35/50 | Loss 0.0520 Acc 98.26% | Val 0.0630 Acc 97.61% | 53.8s
2026-07-28 04:00:46 | Ep 36/50 | Loss 0.0514 Acc 98.28% | Val 0.0476 Acc 98.37% | 50.9s
2026-07-28 04:01:37 | Ep 37/50 | Loss 0.0474 Acc 98.56% | Val 0.0481 Acc 98.37% | 50.8s
2026-07-28 04:02:28 | Ep 38/50 | Loss 0.0451 Acc 98.54% | Val 0.0456 Acc 98.53% | 50.7s
2026-07-28 04:02:28 |   Early stop at epoch 38
2026-07-28 04:02:28 | Done in 35.53 min
2026-07-28 04:02:40 | 
================================================================================
2026-07-28 04:02:40 | TRAIN (FROM SCRATCH): Swin-Tiny | Fold 2/5 | batch=64
2026-07-28 04:02:40 | ================================================================================
2026-07-28 04:02:40 |   [INFO] Swin-Tiny initialized FROM SCRATCH (no pretrained weights)
2026-07-28 04:04:00 | Ep 01/50 | Loss 0.4923 Acc 80.06% | Val 0.2991 Acc 89.32% | 80.1s
2026-07-28 04:04:00 |   -> saved best
2026-07-28 04:04:56 | Ep 02/50 | Loss 0.2287 Acc 91.51% | Val 0.1434 Acc 95.25% | 55.2s
2026-07-28 04:04:56 |   -> saved best
2026-07-28 04:05:54 | Ep 03/50 | Loss 0.1602 Acc 94.31% | Val 0.1149 Acc 96.20% | 51.0s
2026-07-28 04:05:54 |   -> saved best
2026-07-28 04:06:45 | Ep 04/50 | Loss 0.1355 Acc 95.35% | Val 0.0856 Acc 97.39% | 50.8s
2026-07-28 04:06:46 |   -> saved best
2026-07-28 04:07:37 | Ep 05/50 | Loss 0.1262 Acc 95.36% | Val 0.0761 Acc 97.53% | 50.8s
2026-07-28 04:07:37 |   -> saved best
2026-07-28 04:08:28 | Ep 06/50 | Loss 0.1053 Acc 96.28% | Val 0.0674 Acc 97.77% | 50.7s
2026-07-28 04:08:28 |   -> saved best
2026-07-28 04:09:27 | Ep 07/50 | Loss 0.0981 Acc 96.58% | Val 0.0810 Acc 97.12% | 58.8s
2026-07-28 04:10:24 | Ep 08/50 | Loss 0.0937 Acc 96.73% | Val 0.0623 Acc 97.91% | 54.1s
2026-07-28 04:10:24 |   -> saved best
2026-07-28 04:11:32 | Ep 09/50 | Loss 0.1014 Acc 96.47% | Val 0.0692 Acc 97.72% | 64.1s
2026-07-28 04:12:24 | Ep 10/50 | Loss 0.0865 Acc 97.02% | Val 0.0544 Acc 98.23% | 50.7s
2026-07-28 04:12:24 |   -> saved best
2026-07-28 04:13:15 | Ep 11/50 | Loss 0.0819 Acc 97.26% | Val 0.0581 Acc 98.13% | 50.6s
2026-07-28 04:14:07 | Ep 12/50 | Loss 0.0725 Acc 97.55% | Val 0.0960 Acc 96.69% | 51.7s
2026-07-28 04:14:58 | Ep 13/50 | Loss 0.0799 Acc 97.27% | Val 0.0562 Acc 98.21% | 50.9s
2026-07-28 04:15:48 | Ep 14/50 | Loss 0.0735 Acc 97.46% | Val 0.0550 Acc 98.23% | 50.5s
2026-07-28 04:16:39 | Ep 15/50 | Loss 0.0764 Acc 97.51% | Val 0.0676 Acc 97.61% | 50.6s
2026-07-28 04:17:30 | Ep 16/50 | Loss 0.0693 Acc 97.67% | Val 0.0619 Acc 97.99% | 50.1s
2026-07-28 04:18:20 | Ep 17/50 | Loss 0.0654 Acc 97.86% | Val 0.0591 Acc 98.07% | 50.2s
2026-07-28 04:19:11 | Ep 18/50 | Loss 0.0685 Acc 97.54% | Val 0.0550 Acc 98.15% | 50.2s
2026-07-28 04:20:02 | Ep 19/50 | Loss 0.0633 Acc 97.84% | Val 0.0473 Acc 98.56% | 50.7s
2026-07-28 04:20:02 |   -> saved best
2026-07-28 04:20:54 | Ep 20/50 | Loss 0.0638 Acc 97.93% | Val 0.0799 Acc 97.42% | 51.8s
2026-07-28 04:21:48 | Ep 21/50 | Loss 0.0625 Acc 97.85% | Val 0.0454 Acc 98.61% | 53.9s
2026-07-28 04:21:48 |   -> saved best
2026-07-28 04:22:52 | Ep 22/50 | Loss 0.0575 Acc 98.08% | Val 0.0396 Acc 98.99% | 63.8s
2026-07-28 04:22:52 |   -> saved best
2026-07-28 04:23:55 | Ep 23/50 | Loss 0.0644 Acc 97.86% | Val 0.0472 Acc 98.56% | 61.7s
2026-07-28 04:24:46 | Ep 24/50 | Loss 0.0582 Acc 98.02% | Val 0.0475 Acc 98.59% | 50.6s
2026-07-28 04:25:37 | Ep 25/50 | Loss 0.0584 Acc 98.00% | Val 0.0606 Acc 98.10% | 50.9s
2026-07-28 04:26:27 | Ep 26/50 | Loss 0.0552 Acc 98.26% | Val 0.0570 Acc 98.21% | 50.0s
2026-07-28 04:27:18 | Ep 27/50 | Loss 0.0588 Acc 98.08% | Val 0.0476 Acc 98.45% | 50.2s
2026-07-28 04:28:08 | Ep 28/50 | Loss 0.0545 Acc 98.18% | Val 0.0437 Acc 98.51% | 50.3s
2026-07-28 04:29:00 | Ep 29/50 | Loss 0.0478 Acc 98.39% | Val 0.0545 Acc 98.45% | 51.1s
2026-07-28 04:29:51 | Ep 30/50 | Loss 0.0536 Acc 98.23% | Val 0.0571 Acc 98.18% | 51.1s
2026-07-28 04:30:51 | Ep 31/50 | Loss 0.0542 Acc 98.25% | Val 0.0537 Acc 98.23% | 60.0s
2026-07-28 04:31:45 | Ep 32/50 | Loss 0.0535 Acc 98.21% | Val 0.0572 Acc 98.29% | 53.4s
2026-07-28 04:32:39 | Ep 33/50 | Loss 0.0493 Acc 98.31% | Val 0.0378 Acc 99.02% | 54.0s
2026-07-28 04:32:39 |   -> saved best
2026-07-28 04:33:40 | Ep 34/50 | Loss 0.0462 Acc 98.50% | Val 0.0388 Acc 99.02% | 60.7s
2026-07-28 04:34:34 | Ep 35/50 | Loss 0.0537 Acc 98.27% | Val 0.0395 Acc 98.89% | 53.0s
2026-07-28 04:35:25 | Ep 36/50 | Loss 0.0506 Acc 98.32% | Val 0.0395 Acc 98.86% | 50.7s
2026-07-28 04:36:16 | Ep 37/50 | Loss 0.0470 Acc 98.48% | Val 0.0436 Acc 98.72% | 50.6s
2026-07-28 04:37:06 | Ep 38/50 | Loss 0.0467 Acc 98.48% | Val 0.0379 Acc 98.80% | 50.4s
2026-07-28 04:37:57 | Ep 39/50 | Loss 0.0464 Acc 98.50% | Val 0.0357 Acc 99.10% | 50.3s
2026-07-28 04:37:57 |   -> saved best
2026-07-28 04:38:48 | Ep 40/50 | Loss 0.0462 Acc 98.46% | Val 0.0596 Acc 98.15% | 50.6s
2026-07-28 04:39:38 | Ep 41/50 | Loss 0.0489 Acc 98.32% | Val 0.0449 Acc 98.59% | 50.1s
2026-07-28 04:40:28 | Ep 42/50 | Loss 0.0421 Acc 98.58% | Val 0.0456 Acc 98.59% | 50.1s
2026-07-28 04:41:25 | Ep 43/50 | Loss 0.0448 Acc 98.55% | Val 0.0506 Acc 98.34% | 55.8s
2026-07-28 04:42:22 | Ep 44/50 | Loss 0.0427 Acc 98.68% | Val 0.0473 Acc 98.51% | 57.2s
2026-07-28 04:43:23 | Ep 45/50 | Loss 0.0454 Acc 98.48% | Val 0.0394 Acc 98.91% | 61.1s
2026-07-28 04:44:16 | Ep 46/50 | Loss 0.0434 Acc 98.62% | Val 0.0381 Acc 98.75% | 52.2s
2026-07-28 04:45:18 | Ep 47/50 | Loss 0.0468 Acc 98.42% | Val 0.0535 Acc 98.13% | 61.1s
2026-07-28 04:46:12 | Ep 48/50 | Loss 0.0412 Acc 98.55% | Val 0.0371 Acc 99.05% | 53.7s
2026-07-28 04:47:11 | Ep 49/50 | Loss 0.0408 Acc 98.68% | Val 0.0410 Acc 98.83% | 59.1s
2026-07-28 04:48:14 | Ep 50/50 | Loss 0.0401 Acc 98.73% | Val 0.0379 Acc 98.86% | 62.7s
2026-07-28 04:48:15 | Done in 45.57 min
2026-07-28 04:48:28 | 
================================================================================
2026-07-28 04:48:28 | TRAIN (FROM SCRATCH): Swin-Tiny | Fold 3/5 | batch=64
2026-07-28 04:48:28 | ================================================================================
2026-07-28 04:48:28 |   [INFO] Swin-Tiny initialized FROM SCRATCH (no pretrained weights)
2026-07-28 04:49:48 | Ep 01/50 | Loss 0.5137 Acc 78.96% | Val 0.2476 Acc 90.30% | 80.2s
2026-07-28 04:49:48 |   -> saved best
2026-07-28 04:50:49 | Ep 02/50 | Loss 0.2140 Acc 92.18% | Val 0.1753 Acc 93.53% | 60.2s
2026-07-28 04:50:49 |   -> saved best
2026-07-28 04:51:41 | Ep 03/50 | Loss 0.1560 Acc 94.59% | Val 0.1281 Acc 95.76% | 50.5s
2026-07-28 04:51:42 |   -> saved best
2026-07-28 04:52:33 | Ep 04/50 | Loss 0.1353 Acc 95.41% | Val 0.0992 Acc 96.36% | 50.7s
2026-07-28 04:52:33 |   -> saved best
2026-07-28 04:53:24 | Ep 05/50 | Loss 0.1224 Acc 95.79% | Val 0.0968 Acc 96.63% | 50.9s
2026-07-28 04:53:24 |   -> saved best
2026-07-28 04:54:16 | Ep 06/50 | Loss 0.1067 Acc 96.41% | Val 0.2262 Acc 92.72% | 51.4s
2026-07-28 04:55:07 | Ep 07/50 | Loss 0.1224 Acc 95.81% | Val 0.0802 Acc 96.98% | 50.9s
2026-07-28 04:55:07 |   -> saved best
2026-07-28 04:55:58 | Ep 08/50 | Loss 0.0907 Acc 97.00% | Val 0.0822 Acc 97.17% | 50.7s
2026-07-28 04:56:50 | Ep 09/50 | Loss 0.0876 Acc 96.97% | Val 0.0844 Acc 97.15% | 51.7s
2026-07-28 04:57:46 | Ep 10/50 | Loss 0.0843 Acc 97.01% | Val 0.0776 Acc 97.20% | 55.5s
2026-07-28 04:57:46 |   -> saved best
2026-07-28 04:58:47 | Ep 11/50 | Loss 0.0835 Acc 97.12% | Val 0.0806 Acc 97.23% | 58.4s
2026-07-28 04:59:42 | Ep 12/50 | Loss 0.0785 Acc 97.34% | Val 0.0649 Acc 97.55% | 53.1s
2026-07-28 04:59:42 |   -> saved best
2026-07-28 05:00:48 | Ep 13/50 | Loss 0.0706 Acc 97.57% | Val 0.0607 Acc 97.85% | 65.3s
2026-07-28 05:00:48 |   -> saved best
2026-07-28 05:01:41 | Ep 14/50 | Loss 0.0736 Acc 97.45% | Val 0.0513 Acc 98.21% | 52.9s
2026-07-28 05:01:41 |   -> saved best
2026-07-28 05:02:34 | Ep 15/50 | Loss 0.0713 Acc 97.69% | Val 0.0653 Acc 97.72% | 52.8s
2026-07-28 05:03:27 | Ep 16/50 | Loss 0.0707 Acc 97.51% | Val 0.0550 Acc 98.07% | 52.5s
2026-07-28 05:04:29 | Ep 17/50 | Loss 0.0666 Acc 97.79% | Val 0.0509 Acc 98.21% | 61.5s
2026-07-28 05:04:29 |   -> saved best
2026-07-28 05:05:24 | Ep 18/50 | Loss 0.0654 Acc 97.87% | Val 0.0668 Acc 97.93% | 51.6s
2026-07-28 05:06:16 | Ep 19/50 | Loss 0.0593 Acc 98.04% | Val 0.0725 Acc 97.58% | 51.5s
2026-07-28 05:07:11 | Ep 20/50 | Loss 0.0687 Acc 97.71% | Val 0.0490 Acc 98.37% | 54.6s
2026-07-28 05:07:11 |   -> saved best
2026-07-28 05:08:10 | Ep 21/50 | Loss 0.0569 Acc 98.25% | Val 0.0837 Acc 97.42% | 50.1s
2026-07-28 05:09:00 | Ep 22/50 | Loss 0.0616 Acc 98.11% | Val 0.0432 Acc 98.53% | 50.0s
2026-07-28 05:09:01 |   -> saved best
2026-07-28 05:09:53 | Ep 23/50 | Loss 0.0622 Acc 97.96% | Val 0.0453 Acc 98.53% | 52.5s
2026-07-28 05:10:57 | Ep 24/50 | Loss 0.0532 Acc 98.39% | Val 0.0503 Acc 98.26% | 63.2s
2026-07-28 05:12:01 | Ep 25/50 | Loss 0.0569 Acc 98.16% | Val 0.0445 Acc 98.53% | 63.9s
2026-07-28 05:12:59 | Ep 26/50 | Loss 0.0567 Acc 98.12% | Val 0.0503 Acc 98.15% | 57.8s
2026-07-28 05:13:49 | Ep 27/50 | Loss 0.0548 Acc 98.19% | Val 0.0425 Acc 98.59% | 49.9s
2026-07-28 05:13:50 |   -> saved best
2026-07-28 05:14:41 | Ep 28/50 | Loss 0.0504 Acc 98.36% | Val 0.0513 Acc 97.93% | 51.1s
2026-07-28 05:15:33 | Ep 29/50 | Loss 0.0537 Acc 98.28% | Val 0.0627 Acc 98.12% | 51.8s
2026-07-28 05:16:24 | Ep 30/50 | Loss 0.0494 Acc 98.34% | Val 0.0445 Acc 98.37% | 50.8s
2026-07-28 05:17:18 | Ep 31/50 | Loss 0.0565 Acc 98.21% | Val 0.0516 Acc 98.40% | 53.3s
2026-07-28 05:18:09 | Ep 32/50 | Loss 0.0493 Acc 98.38% | Val 0.0507 Acc 98.59% | 51.4s
2026-07-28 05:19:00 | Ep 33/50 | Loss 0.0502 Acc 98.35% | Val 0.0385 Acc 98.75% | 50.2s
2026-07-28 05:19:00 |   -> saved best
2026-07-28 05:19:50 | Ep 34/50 | Loss 0.0568 Acc 98.08% | Val 0.0776 Acc 97.53% | 50.1s
2026-07-28 05:20:41 | Ep 35/50 | Loss 0.0477 Acc 98.55% | Val 0.0436 Acc 98.53% | 50.6s
2026-07-28 05:21:32 | Ep 36/50 | Loss 0.0474 Acc 98.46% | Val 0.0445 Acc 98.40% | 50.0s
2026-07-28 05:22:21 | Ep 37/50 | Loss 0.0467 Acc 98.54% | Val 0.0409 Acc 98.56% | 49.6s
2026-07-28 05:23:12 | Ep 38/50 | Loss 0.0457 Acc 98.52% | Val 0.0466 Acc 98.56% | 49.8s
2026-07-28 05:24:01 | Ep 39/50 | Loss 0.0432 Acc 98.63% | Val 0.0368 Acc 98.80% | 49.6s
2026-07-28 05:24:02 |   -> saved best
2026-07-28 05:24:51 | Ep 40/50 | Loss 0.0506 Acc 98.31% | Val 0.0446 Acc 98.64% | 49.6s
2026-07-28 05:25:44 | Ep 41/50 | Loss 0.0448 Acc 98.55% | Val 0.0425 Acc 98.45% | 52.4s
2026-07-28 05:26:45 | Ep 42/50 | Loss 0.0468 Acc 98.47% | Val 0.0628 Acc 97.88% | 60.4s
2026-07-28 05:27:37 | Ep 43/50 | Loss 0.0454 Acc 98.58% | Val 0.0531 Acc 98.15% | 51.7s
2026-07-28 05:28:27 | Ep 44/50 | Loss 0.0411 Acc 98.76% | Val 0.0334 Acc 98.80% | 50.1s
2026-07-28 05:28:27 |   -> saved best
2026-07-28 05:29:24 | Ep 45/50 | Loss 0.0393 Acc 98.78% | Val 0.0424 Acc 98.80% | 56.3s
2026-07-28 05:30:18 | Ep 46/50 | Loss 0.0440 Acc 98.61% | Val 0.0368 Acc 98.70% | 54.3s
2026-07-28 05:31:09 | Ep 47/50 | Loss 0.0425 Acc 98.51% | Val 0.0390 Acc 98.80% | 50.3s
2026-07-28 05:31:59 | Ep 48/50 | Loss 0.0391 Acc 98.78% | Val 0.0722 Acc 97.72% | 50.1s
2026-07-28 05:32:50 | Ep 49/50 | Loss 0.0421 Acc 98.63% | Val 0.0377 Acc 98.80% | 50.9s
2026-07-28 05:33:40 | Ep 50/50 | Loss 0.0417 Acc 98.65% | Val 0.0379 Acc 98.70% | 49.8s
2026-07-28 05:33:41 | Done in 45.21 min
2026-07-28 05:33:53 | 
================================================================================
2026-07-28 05:33:53 | TRAIN (FROM SCRATCH): Swin-Tiny | Fold 4/5 | batch=64
2026-07-28 05:33:53 | ================================================================================
2026-07-28 05:33:54 |   [INFO] Swin-Tiny initialized FROM SCRATCH (no pretrained weights)
2026-07-28 05:35:15 | Ep 01/50 | Loss 0.4974 Acc 79.80% | Val 0.2131 Acc 92.28% | 81.5s
2026-07-28 05:35:15 |   -> saved best
2026-07-28 05:36:06 | Ep 02/50 | Loss 0.2092 Acc 92.69% | Val 0.2100 Acc 92.45% | 50.5s
2026-07-28 05:36:06 |   -> saved best
2026-07-28 05:36:59 | Ep 03/50 | Loss 0.1590 Acc 94.24% | Val 0.0963 Acc 96.41% | 52.3s
2026-07-28 05:36:59 |   -> saved best
2026-07-28 05:37:56 | Ep 04/50 | Loss 0.1269 Acc 95.65% | Val 0.0969 Acc 96.49% | 53.4s
2026-07-28 05:38:59 | Ep 05/50 | Loss 0.1267 Acc 95.73% | Val 0.0846 Acc 96.71% | 60.3s
2026-07-28 05:38:59 |   -> saved best
2026-07-28 05:39:52 | Ep 06/50 | Loss 0.1126 Acc 96.02% | Val 0.0799 Acc 97.09% | 52.0s
2026-07-28 05:39:52 |   -> saved best
2026-07-28 05:40:55 | Ep 07/50 | Loss 0.1031 Acc 96.30% | Val 0.0669 Acc 97.64% | 62.3s
2026-07-28 05:40:55 |   -> saved best
2026-07-28 05:41:46 | Ep 08/50 | Loss 0.0951 Acc 96.85% | Val 0.0623 Acc 97.80% | 50.8s
2026-07-28 05:41:46 |   -> saved best
2026-07-28 05:42:37 | Ep 09/50 | Loss 0.0902 Acc 97.00% | Val 0.0628 Acc 97.93% | 50.7s
2026-07-28 05:43:39 | Ep 10/50 | Loss 0.0910 Acc 96.95% | Val 0.0737 Acc 97.42% | 61.8s
2026-07-28 05:44:33 | Ep 11/50 | Loss 0.0843 Acc 97.09% | Val 0.0773 Acc 97.28% | 53.3s
2026-07-28 05:45:32 | Ep 12/50 | Loss 0.0814 Acc 97.20% | Val 0.0635 Acc 97.77% | 59.3s
2026-07-28 05:46:24 | Ep 13/50 | Loss 0.0808 Acc 97.26% | Val 0.0606 Acc 97.66% | 51.1s
2026-07-28 05:46:24 |   -> saved best
2026-07-28 05:47:20 | Ep 14/50 | Loss 0.0738 Acc 97.49% | Val 0.0661 Acc 97.61% | 56.0s
2026-07-28 05:48:19 | Ep 15/50 | Loss 0.0741 Acc 97.47% | Val 0.0625 Acc 97.85% | 58.7s
2026-07-28 05:49:14 | Ep 16/50 | Loss 0.0708 Acc 97.59% | Val 0.0557 Acc 97.99% | 54.7s
2026-07-28 05:49:14 |   -> saved best
2026-07-28 05:50:06 | Ep 17/50 | Loss 0.0673 Acc 97.78% | Val 0.0499 Acc 98.42% | 51.1s
2026-07-28 05:50:06 |   -> saved best
2026-07-28 05:50:57 | Ep 18/50 | Loss 0.0643 Acc 97.86% | Val 0.0665 Acc 97.99% | 50.8s
2026-07-28 05:51:48 | Ep 19/50 | Loss 0.0657 Acc 97.76% | Val 0.0569 Acc 98.02% | 50.5s
2026-07-28 05:52:54 | Ep 20/50 | Loss 0.0630 Acc 97.92% | Val 0.0516 Acc 98.21% | 65.6s
2026-07-28 05:54:27 | Ep 21/50 | Loss 0.0627 Acc 97.95% | Val 0.0509 Acc 98.26% | 93.2s
2026-07-28 05:56:06 | Ep 22/50 | Loss 0.0611 Acc 98.00% | Val 0.0441 Acc 98.56% | 98.0s
2026-07-28 05:56:06 |   -> saved best
2026-07-28 05:57:36 | Ep 23/50 | Loss 0.0597 Acc 98.12% | Val 0.0556 Acc 98.12% | 89.3s
2026-07-28 05:59:04 | Ep 24/50 | Loss 0.0597 Acc 97.98% | Val 0.0691 Acc 97.58% | 87.5s
2026-07-28 06:00:33 | Ep 25/50 | Loss 0.0581 Acc 98.03% | Val 0.0520 Acc 98.26% | 89.3s
2026-07-28 06:02:01 | Ep 26/50 | Loss 0.0547 Acc 98.15% | Val 0.0606 Acc 97.99% | 87.8s
2026-07-28 06:03:13 | Ep 27/50 | Loss 0.0554 Acc 98.21% | Val 0.0492 Acc 98.40% | 71.2s
2026-07-28 06:04:10 | Ep 28/50 | Loss 0.0600 Acc 98.02% | Val 0.0509 Acc 98.40% | 56.2s
2026-07-28 06:05:04 | Ep 29/50 | Loss 0.0535 Acc 98.24% | Val 0.0515 Acc 98.42% | 54.1s
2026-07-28 06:06:14 | Ep 30/50 | Loss 0.0524 Acc 98.20% | Val 0.0639 Acc 97.93% | 69.7s
2026-07-28 06:07:07 | Ep 31/50 | Loss 0.0503 Acc 98.27% | Val 0.0468 Acc 98.40% | 52.9s
2026-07-28 06:08:03 | Ep 32/50 | Loss 0.0499 Acc 98.40% | Val 0.0422 Acc 98.48% | 55.2s
2026-07-28 06:08:03 |   -> saved best
2026-07-28 06:09:07 | Ep 33/50 | Loss 0.0457 Acc 98.50% | Val 0.0400 Acc 98.61% | 63.1s
2026-07-28 06:09:07 |   -> saved best
2026-07-28 06:10:07 | Ep 34/50 | Loss 0.0453 Acc 98.58% | Val 0.0462 Acc 98.61% | 59.7s
2026-07-28 06:10:59 | Ep 35/50 | Loss 0.0504 Acc 98.32% | Val 0.0541 Acc 98.34% | 51.8s
2026-07-28 06:11:51 | Ep 36/50 | Loss 0.0500 Acc 98.41% | Val 0.0695 Acc 97.61% | 51.6s
2026-07-28 06:12:43 | Ep 37/50 | Loss 0.0455 Acc 98.54% | Val 0.0465 Acc 98.56% | 52.4s
2026-07-28 06:13:39 | Ep 38/50 | Loss 0.0508 Acc 98.32% | Val 0.0422 Acc 98.67% | 55.1s
2026-07-28 06:14:42 | Ep 39/50 | Loss 0.0454 Acc 98.53% | Val 0.0325 Acc 98.97% | 63.3s
2026-07-28 06:14:43 |   -> saved best
2026-07-28 06:15:58 | Ep 40/50 | Loss 0.0441 Acc 98.61% | Val 0.0433 Acc 98.59% | 74.9s
2026-07-28 06:16:50 | Ep 41/50 | Loss 0.0442 Acc 98.59% | Val 0.0369 Acc 98.83% | 51.9s
2026-07-28 06:17:43 | Ep 42/50 | Loss 0.0410 Acc 98.78% | Val 0.0488 Acc 98.48% | 52.3s
2026-07-28 06:18:38 | Ep 43/50 | Loss 0.0431 Acc 98.74% | Val 0.0490 Acc 98.23% | 55.2s
2026-07-28 06:19:33 | Ep 44/50 | Loss 0.0412 Acc 98.68% | Val 0.0374 Acc 98.89% | 54.3s
2026-07-28 06:20:26 | Ep 45/50 | Loss 0.0473 Acc 98.47% | Val 0.0438 Acc 98.48% | 52.5s
2026-07-28 06:21:18 | Ep 46/50 | Loss 0.0460 Acc 98.57% | Val 0.0513 Acc 98.34% | 52.3s
2026-07-28 06:22:11 | Ep 47/50 | Loss 0.0387 Acc 98.70% | Val 0.0340 Acc 98.83% | 52.0s
2026-07-28 06:23:14 | Ep 48/50 | Loss 0.0414 Acc 98.57% | Val 0.0369 Acc 98.97% | 63.2s
2026-07-28 06:24:05 | Ep 49/50 | Loss 0.0379 Acc 98.72% | Val 0.0601 Acc 98.18% | 50.2s
2026-07-28 06:24:59 | Ep 50/50 | Loss 0.0366 Acc 98.80% | Val 0.0610 Acc 98.15% | 54.1s
2026-07-28 06:24:59 | Done in 51.09 min
2026-07-28 06:25:13 | 
================================================================================
2026-07-28 06:25:13 | TRAIN (FROM SCRATCH): Swin-Tiny | Fold 5/5 | batch=64
2026-07-28 06:25:13 | ================================================================================
2026-07-28 06:25:13 |   [INFO] Swin-Tiny initialized FROM SCRATCH (no pretrained weights)
2026-07-28 06:26:43 | Ep 01/50 | Loss 0.5145 Acc 79.39% | Val 0.2588 Acc 90.73% | 90.6s
2026-07-28 06:26:44 |   -> saved best
2026-07-28 06:27:35 | Ep 02/50 | Loss 0.2108 Acc 92.40% | Val 0.1281 Acc 95.41% | 50.7s
2026-07-28 06:27:35 |   -> saved best
2026-07-28 06:28:26 | Ep 03/50 | Loss 0.1580 Acc 94.38% | Val 0.1451 Acc 94.65% | 50.7s
2026-07-28 06:29:17 | Ep 04/50 | Loss 0.1345 Acc 95.24% | Val 0.0984 Acc 96.60% | 51.3s
2026-07-28 06:29:17 |   -> saved best
2026-07-28 06:30:20 | Ep 05/50 | Loss 0.1205 Acc 95.71% | Val 0.0990 Acc 96.58% | 50.7s
2026-07-28 06:31:22 | Ep 06/50 | Loss 0.1109 Acc 96.19% | Val 0.1197 Acc 95.33% | 61.7s
2026-07-28 06:32:14 | Ep 07/50 | Loss 0.1008 Acc 96.50% | Val 0.0841 Acc 97.15% | 51.4s
2026-07-28 06:32:14 |   -> saved best
2026-07-28 06:33:06 | Ep 08/50 | Loss 0.0956 Acc 96.71% | Val 0.0764 Acc 97.42% | 51.0s
2026-07-28 06:33:06 |   -> saved best
2026-07-28 06:33:57 | Ep 09/50 | Loss 0.0856 Acc 96.92% | Val 0.0741 Acc 97.50% | 51.1s
2026-07-28 06:33:57 |   -> saved best
2026-07-28 06:34:51 | Ep 10/50 | Loss 0.0824 Acc 97.17% | Val 0.0644 Acc 97.74% | 53.8s
2026-07-28 06:34:51 |   -> saved best
2026-07-28 06:35:48 | Ep 11/50 | Loss 0.0803 Acc 97.23% | Val 0.0661 Acc 97.80% | 55.8s
2026-07-28 06:36:50 | Ep 12/50 | Loss 0.0781 Acc 97.45% | Val 0.0801 Acc 97.26% | 62.2s
2026-07-28 06:37:42 | Ep 13/50 | Loss 0.0779 Acc 97.33% | Val 0.0657 Acc 98.07% | 51.3s
2026-07-28 06:38:43 | Ep 14/50 | Loss 0.0677 Acc 97.53% | Val 0.0608 Acc 98.15% | 61.2s
2026-07-28 06:38:43 |   -> saved best
2026-07-28 06:39:44 | Ep 15/50 | Loss 0.0696 Acc 97.69% | Val 0.0682 Acc 98.07% | 59.1s
2026-07-28 06:40:38 | Ep 16/50 | Loss 0.0639 Acc 97.78% | Val 0.1151 Acc 96.49% | 53.8s
2026-07-28 06:41:29 | Ep 17/50 | Loss 0.0710 Acc 97.59% | Val 0.1333 Acc 95.16% | 50.8s
2026-07-28 06:42:20 | Ep 18/50 | Loss 0.0594 Acc 97.96% | Val 0.0559 Acc 98.15% | 50.7s
2026-07-28 06:42:20 |   -> saved best
2026-07-28 06:43:11 | Ep 19/50 | Loss 0.0654 Acc 97.66% | Val 0.0777 Acc 97.20% | 51.1s
2026-07-28 06:44:03 | Ep 20/50 | Loss 0.0643 Acc 97.77% | Val 0.0578 Acc 98.29% | 50.9s
2026-07-28 06:44:54 | Ep 21/50 | Loss 0.0605 Acc 97.93% | Val 0.0733 Acc 97.58% | 51.1s
2026-07-28 06:45:45 | Ep 22/50 | Loss 0.0582 Acc 98.00% | Val 0.0591 Acc 98.07% | 51.3s
2026-07-28 06:46:41 | Ep 23/50 | Loss 0.0583 Acc 98.00% | Val 0.0586 Acc 98.21% | 54.8s
2026-07-28 06:47:35 | Ep 24/50 | Loss 0.0505 Acc 98.34% | Val 0.0561 Acc 98.23% | 54.2s
2026-07-28 06:48:27 | Ep 25/50 | Loss 0.0545 Acc 98.19% | Val 0.0681 Acc 97.96% | 51.7s
2026-07-28 06:49:18 | Ep 26/50 | Loss 0.0507 Acc 98.29% | Val 0.0649 Acc 97.85% | 51.0s
2026-07-28 06:50:10 | Ep 27/50 | Loss 0.0488 Acc 98.40% | Val 0.0545 Acc 98.34% | 51.2s
2026-07-28 06:50:10 |   -> saved best
2026-07-28 06:51:01 | Ep 28/50 | Loss 0.0554 Acc 98.16% | Val 0.0594 Acc 98.15% | 50.9s
2026-07-28 06:51:52 | Ep 29/50 | Loss 0.0553 Acc 98.17% | Val 0.0591 Acc 98.02% | 51.0s
2026-07-28 06:52:44 | Ep 30/50 | Loss 0.0580 Acc 97.84% | Val 0.0497 Acc 98.37% | 51.3s
2026-07-28 06:52:44 |   -> saved best
2026-07-28 06:53:35 | Ep 31/50 | Loss 0.0472 Acc 98.42% | Val 0.0542 Acc 98.26% | 51.2s
2026-07-28 06:54:35 | Ep 32/50 | Loss 0.0479 Acc 98.35% | Val 0.0650 Acc 98.04% | 59.5s
2026-07-28 06:55:35 | Ep 33/50 | Loss 0.0463 Acc 98.62% | Val 0.0617 Acc 98.07% | 59.2s
2026-07-28 06:56:46 | Ep 34/50 | Loss 0.0467 Acc 98.59% | Val 0.0565 Acc 98.26% | 71.2s
2026-07-28 06:57:57 | Ep 35/50 | Loss 0.0443 Acc 98.46% | Val 0.0577 Acc 98.12% | 70.8s
2026-07-28 06:58:48 | Ep 36/50 | Loss 0.0442 Acc 98.62% | Val 0.0607 Acc 98.12% | 50.9s
2026-07-28 06:59:44 | Ep 37/50 | Loss 0.0430 Acc 98.61% | Val 0.0567 Acc 98.10% | 55.1s
2026-07-28 07:00:48 | Ep 38/50 | Loss 0.0426 Acc 98.61% | Val 0.0534 Acc 98.56% | 64.1s
2026-07-28 07:01:41 | Ep 39/50 | Loss 0.0410 Acc 98.73% | Val 0.0560 Acc 98.32% | 52.8s
2026-07-28 07:02:33 | Ep 40/50 | Loss 0.0454 Acc 98.41% | Val 0.0686 Acc 97.99% | 51.2s
2026-07-28 07:03:24 | Ep 41/50 | Loss 0.0407 Acc 98.65% | Val 0.0624 Acc 98.29% | 50.7s
2026-07-28 07:04:15 | Ep 42/50 | Loss 0.0464 Acc 98.41% | Val 0.0584 Acc 98.18% | 50.6s
2026-07-28 07:05:07 | Ep 43/50 | Loss 0.0404 Acc 98.63% | Val 0.0542 Acc 98.37% | 51.7s
2026-07-28 07:06:05 | Ep 44/50 | Loss 0.0409 Acc 98.63% | Val 0.0505 Acc 98.32% | 58.4s
2026-07-28 07:07:06 | Ep 45/50 | Loss 0.0420 Acc 98.65% | Val 0.0527 Acc 98.56% | 60.6s
2026-07-28 07:07:06 |   Early stop at epoch 45
2026-07-28 07:07:06 | Done in 41.89 min
2026-07-28 07:07:20 | 
================================================================================
2026-07-28 07:07:20 | TRAIN (FROM SCRATCH): ResNet-50 | Fold 1/5 | batch=64
2026-07-28 07:07:20 | ================================================================================
2026-07-28 07:07:20 |   [INFO] ResNet-50 initialized FROM SCRATCH (no pretrained weights)
2026-07-28 07:08:59 | Ep 01/50 | Loss 0.3778 Acc 84.67% | Val 0.2395 Acc 91.44% | 98.9s
2026-07-28 07:08:59 |   -> saved best
2026-07-28 07:09:50 | Ep 02/50 | Loss 0.2466 Acc 90.84% | Val 0.1907 Acc 93.02% | 50.3s
2026-07-28 07:09:50 |   -> saved best
2026-07-28 07:10:41 | Ep 03/50 | Loss 0.2163 Acc 92.13% | Val 0.1574 Acc 94.40% | 51.1s
2026-07-28 07:10:41 |   -> saved best
2026-07-28 07:11:32 | Ep 04/50 | Loss 0.1894 Acc 93.32% | Val 0.1632 Acc 94.30% | 50.7s
2026-07-28 07:12:28 | Ep 05/50 | Loss 0.1779 Acc 94.10% | Val 0.1622 Acc 94.19% | 55.1s
2026-07-28 07:13:36 | Ep 06/50 | Loss 0.1638 Acc 94.27% | Val 0.1670 Acc 94.10% | 67.0s
2026-07-28 07:14:27 | Ep 07/50 | Loss 0.1494 Acc 94.73% | Val 0.1272 Acc 95.93% | 50.5s
2026-07-28 07:14:27 |   -> saved best
2026-07-28 07:15:17 | Ep 08/50 | Loss 0.1349 Acc 95.13% | Val 0.1136 Acc 96.14% | 50.1s
2026-07-28 07:15:17 |   -> saved best
2026-07-28 07:16:08 | Ep 09/50 | Loss 0.1263 Acc 95.60% | Val 0.1025 Acc 96.25% | 50.4s
2026-07-28 07:16:08 |   -> saved best
2026-07-28 07:16:58 | Ep 10/50 | Loss 0.1167 Acc 95.79% | Val 0.1153 Acc 95.76% | 49.8s
2026-07-28 07:17:48 | Ep 11/50 | Loss 0.1048 Acc 96.41% | Val 0.0888 Acc 96.60% | 50.0s
2026-07-28 07:17:48 |   -> saved best
2026-07-28 07:18:37 | Ep 12/50 | Loss 0.0947 Acc 96.73% | Val 0.1186 Acc 95.93% | 48.9s
2026-07-28 07:19:27 | Ep 13/50 | Loss 0.0901 Acc 96.89% | Val 0.0651 Acc 98.15% | 48.8s
2026-07-28 07:19:27 |   -> saved best
2026-07-28 07:20:16 | Ep 14/50 | Loss 0.0808 Acc 97.22% | Val 0.0625 Acc 97.77% | 49.0s
2026-07-28 07:20:16 |   -> saved best
2026-07-28 07:21:05 | Ep 15/50 | Loss 0.0808 Acc 97.28% | Val 0.0633 Acc 97.75% | 49.3s
2026-07-28 07:22:07 | Ep 16/50 | Loss 0.0718 Acc 97.51% | Val 0.0716 Acc 97.61% | 61.3s
2026-07-28 07:23:00 | Ep 17/50 | Loss 0.0692 Acc 97.65% | Val 0.1010 Acc 96.50% | 52.3s
2026-07-28 07:23:52 | Ep 18/50 | Loss 0.0708 Acc 97.55% | Val 0.0875 Acc 96.88% | 52.7s
2026-07-28 07:24:52 | Ep 19/50 | Loss 0.0689 Acc 97.74% | Val 0.0585 Acc 98.18% | 59.6s
2026-07-28 07:24:52 |   -> saved best
2026-07-28 07:25:43 | Ep 20/50 | Loss 0.0608 Acc 97.89% | Val 0.0838 Acc 97.01% | 50.5s
2026-07-28 07:26:33 | Ep 21/50 | Loss 0.0641 Acc 97.85% | Val 0.0511 Acc 98.37% | 49.7s
2026-07-28 07:26:33 |   -> saved best
2026-07-28 07:27:23 | Ep 22/50 | Loss 0.0562 Acc 98.12% | Val 0.0772 Acc 97.36% | 49.3s
2026-07-28 07:28:13 | Ep 23/50 | Loss 0.0600 Acc 97.98% | Val 0.0901 Acc 96.96% | 49.7s
2026-07-28 07:29:02 | Ep 24/50 | Loss 0.0546 Acc 98.20% | Val 0.0852 Acc 97.34% | 49.4s
2026-07-28 07:29:52 | Ep 25/50 | Loss 0.0532 Acc 98.18% | Val 0.0498 Acc 98.40% | 49.3s
2026-07-28 07:29:52 |   -> saved best
2026-07-28 07:30:53 | Ep 26/50 | Loss 0.0469 Acc 98.46% | Val 0.0503 Acc 98.42% | 61.3s
2026-07-28 07:31:43 | Ep 27/50 | Loss 0.0548 Acc 98.11% | Val 0.0497 Acc 98.23% | 49.4s
2026-07-28 07:31:43 |   -> saved best
2026-07-28 07:32:45 | Ep 28/50 | Loss 0.0458 Acc 98.40% | Val 0.0654 Acc 97.77% | 61.2s
2026-07-28 07:33:34 | Ep 29/50 | Loss 0.0485 Acc 98.44% | Val 0.0546 Acc 98.34% | 49.4s
2026-07-28 07:34:24 | Ep 30/50 | Loss 0.0462 Acc 98.49% | Val 0.0519 Acc 98.45% | 49.7s
2026-07-28 07:35:14 | Ep 31/50 | Loss 0.0453 Acc 98.53% | Val 0.0509 Acc 98.29% | 49.5s
2026-07-28 07:36:08 | Ep 32/50 | Loss 0.0426 Acc 98.62% | Val 0.0607 Acc 98.10% | 53.9s
2026-07-28 07:37:06 | Ep 33/50 | Loss 0.0460 Acc 98.51% | Val 0.1223 Acc 96.41% | 57.8s
2026-07-28 07:37:59 | Ep 34/50 | Loss 0.0417 Acc 98.66% | Val 0.0458 Acc 98.42% | 52.4s
2026-07-28 07:37:59 |   -> saved best
2026-07-28 07:38:51 | Ep 35/50 | Loss 0.0407 Acc 98.70% | Val 0.0407 Acc 98.70% | 51.8s
2026-07-28 07:38:51 |   -> saved best
2026-07-28 07:39:41 | Ep 36/50 | Loss 0.0427 Acc 98.59% | Val 0.0444 Acc 98.59% | 49.7s
2026-07-28 07:40:30 | Ep 37/50 | Loss 0.0401 Acc 98.71% | Val 0.0557 Acc 98.07% | 49.3s
2026-07-28 07:41:20 | Ep 38/50 | Loss 0.0366 Acc 98.75% | Val 0.0426 Acc 98.48% | 49.1s
2026-07-28 07:42:10 | Ep 39/50 | Loss 0.0328 Acc 98.95% | Val 0.0410 Acc 98.80% | 49.8s
2026-07-28 07:43:12 | Ep 40/50 | Loss 0.0384 Acc 98.70% | Val 0.0382 Acc 98.80% | 61.5s
2026-07-28 07:43:12 |   -> saved best
2026-07-28 07:44:04 | Ep 41/50 | Loss 0.0389 Acc 98.73% | Val 0.0557 Acc 98.29% | 52.5s
2026-07-28 07:45:02 | Ep 42/50 | Loss 0.0328 Acc 98.95% | Val 0.0527 Acc 98.40% | 57.5s
2026-07-28 07:45:52 | Ep 43/50 | Loss 0.0349 Acc 98.83% | Val 0.0416 Acc 98.70% | 49.7s
2026-07-28 07:46:41 | Ep 44/50 | Loss 0.0302 Acc 98.95% | Val 0.0490 Acc 98.86% | 49.0s
2026-07-28 07:47:37 | Ep 45/50 | Loss 0.0334 Acc 98.95% | Val 0.0403 Acc 98.83% | 55.0s
2026-07-28 07:48:32 | Ep 46/50 | Loss 0.0303 Acc 99.05% | Val 0.0573 Acc 98.29% | 55.4s
2026-07-28 07:49:22 | Ep 47/50 | Loss 0.0323 Acc 98.97% | Val 0.0408 Acc 98.75% | 49.5s
2026-07-28 07:50:16 | Ep 48/50 | Loss 0.0313 Acc 98.91% | Val 0.0389 Acc 98.80% | 54.0s
2026-07-28 07:51:17 | Ep 49/50 | Loss 0.0291 Acc 99.10% | Val 0.0549 Acc 98.15% | 60.0s
2026-07-28 07:52:11 | Ep 50/50 | Loss 0.0315 Acc 98.92% | Val 0.0621 Acc 98.18% | 54.7s
2026-07-28 07:52:12 | Done in 44.86 min
2026-07-28 07:52:23 | 
================================================================================
2026-07-28 07:52:23 | TRAIN (FROM SCRATCH): ResNet-50 | Fold 2/5 | batch=64
2026-07-28 07:52:23 | ================================================================================
2026-07-28 07:52:23 |   [INFO] ResNet-50 initialized FROM SCRATCH (no pretrained weights)
2026-07-28 07:53:42 | Ep 01/50 | Loss 0.4000 Acc 83.49% | Val 0.2307 Acc 91.23% | 78.5s
2026-07-28 07:53:42 |   -> saved best
2026-07-28 07:54:31 | Ep 02/50 | Loss 0.2446 Acc 91.14% | Val 0.1786 Acc 93.56% | 49.4s
2026-07-28 07:54:32 |   -> saved best
2026-07-28 07:55:22 | Ep 03/50 | Loss 0.2138 Acc 92.26% | Val 0.1372 Acc 95.19% | 49.7s
2026-07-28 07:55:22 |   -> saved best
2026-07-28 07:56:12 | Ep 04/50 | Loss 0.1732 Acc 94.01% | Val 0.1360 Acc 95.38% | 49.7s
2026-07-28 07:56:12 |   -> saved best
2026-07-28 07:57:01 | Ep 05/50 | Loss 0.1510 Acc 94.76% | Val 0.1433 Acc 95.41% | 49.2s
2026-07-28 07:57:51 | Ep 06/50 | Loss 0.1365 Acc 95.07% | Val 0.0950 Acc 96.79% | 49.4s
2026-07-28 07:57:51 |   -> saved best
2026-07-28 07:58:41 | Ep 07/50 | Loss 0.1223 Acc 95.66% | Val 0.1647 Acc 94.38% | 49.6s
2026-07-28 07:59:30 | Ep 08/50 | Loss 0.1230 Acc 95.76% | Val 0.0820 Acc 97.39% | 49.3s
2026-07-28 07:59:30 |   -> saved best
2026-07-28 08:00:28 | Ep 09/50 | Loss 0.1078 Acc 96.30% | Val 0.0813 Acc 97.42% | 57.2s
2026-07-28 08:00:28 |   -> saved best
2026-07-28 08:01:23 | Ep 10/50 | Loss 0.1033 Acc 96.49% | Val 0.0830 Acc 97.23% | 50.1s
2026-07-28 08:02:25 | Ep 11/50 | Loss 0.0893 Acc 96.88% | Val 0.0671 Acc 97.80% | 61.6s
2026-07-28 08:02:25 |   -> saved best
2026-07-28 08:03:17 | Ep 12/50 | Loss 0.0817 Acc 97.24% | Val 0.0840 Acc 97.53% | 52.3s
2026-07-28 08:04:09 | Ep 13/50 | Loss 0.0830 Acc 97.10% | Val 0.0681 Acc 97.64% | 51.8s
2026-07-28 08:05:01 | Ep 14/50 | Loss 0.0744 Acc 97.45% | Val 0.0818 Acc 97.17% | 51.5s
2026-07-28 08:05:50 | Ep 15/50 | Loss 0.0688 Acc 97.66% | Val 0.0587 Acc 98.13% | 49.0s
2026-07-28 08:05:51 |   -> saved best
2026-07-28 08:06:40 | Ep 16/50 | Loss 0.0655 Acc 97.94% | Val 0.0588 Acc 98.21% | 49.2s
2026-07-28 08:07:29 | Ep 17/50 | Loss 0.0641 Acc 97.95% | Val 0.0635 Acc 97.94% | 49.1s
2026-07-28 08:08:19 | Ep 18/50 | Loss 0.0606 Acc 97.94% | Val 0.0698 Acc 98.13% | 49.0s
2026-07-28 08:09:13 | Ep 19/50 | Loss 0.0671 Acc 97.83% | Val 0.0551 Acc 98.32% | 54.2s
2026-07-28 08:09:13 |   -> saved best
2026-07-28 08:10:09 | Ep 20/50 | Loss 0.0578 Acc 98.00% | Val 0.0881 Acc 97.12% | 55.8s
2026-07-28 08:11:01 | Ep 21/50 | Loss 0.0579 Acc 98.22% | Val 0.0523 Acc 98.51% | 51.7s
2026-07-28 08:11:01 |   -> saved best
2026-07-28 08:12:00 | Ep 22/50 | Loss 0.0518 Acc 98.27% | Val 0.0604 Acc 98.15% | 58.9s
2026-07-28 08:12:50 | Ep 23/50 | Loss 0.0558 Acc 98.15% | Val 0.0761 Acc 97.72% | 49.3s
2026-07-28 08:13:40 | Ep 24/50 | Loss 0.0572 Acc 98.06% | Val 0.0594 Acc 98.10% | 49.8s
2026-07-28 08:14:42 | Ep 25/50 | Loss 0.0487 Acc 98.28% | Val 0.0568 Acc 98.37% | 61.5s
2026-07-28 08:15:43 | Ep 26/50 | Loss 0.0454 Acc 98.55% | Val 0.0601 Acc 98.10% | 61.1s
2026-07-28 08:16:35 | Ep 27/50 | Loss 0.0495 Acc 98.34% | Val 0.0550 Acc 98.53% | 51.8s
2026-07-28 08:17:27 | Ep 28/50 | Loss 0.0469 Acc 98.45% | Val 0.0535 Acc 98.37% | 51.7s
2026-07-28 08:18:18 | Ep 29/50 | Loss 0.0427 Acc 98.50% | Val 0.0645 Acc 98.13% | 50.9s
2026-07-28 08:19:20 | Ep 30/50 | Loss 0.0474 Acc 98.46% | Val 0.0508 Acc 98.42% | 61.9s
2026-07-28 08:19:20 |   -> saved best
2026-07-28 08:20:19 | Ep 31/50 | Loss 0.0371 Acc 98.72% | Val 0.0639 Acc 98.07% | 58.1s
2026-07-28 08:21:10 | Ep 32/50 | Loss 0.0440 Acc 98.51% | Val 0.0454 Acc 98.53% | 51.1s
2026-07-28 08:21:10 |   -> saved best
2026-07-28 08:22:00 | Ep 33/50 | Loss 0.0393 Acc 98.70% | Val 0.0597 Acc 98.42% | 49.8s
2026-07-28 08:22:50 | Ep 34/50 | Loss 0.0367 Acc 98.76% | Val 0.0488 Acc 98.70% | 49.5s
2026-07-28 08:23:40 | Ep 35/50 | Loss 0.0388 Acc 98.72% | Val 0.0486 Acc 98.64% | 49.3s
2026-07-28 08:24:29 | Ep 36/50 | Loss 0.0389 Acc 98.68% | Val 0.0614 Acc 98.18% | 49.4s
2026-07-28 08:25:19 | Ep 37/50 | Loss 0.0371 Acc 98.78% | Val 0.0583 Acc 98.34% | 49.8s
2026-07-28 08:26:12 | Ep 38/50 | Loss 0.0372 Acc 98.78% | Val 0.0544 Acc 98.45% | 52.1s
2026-07-28 08:27:12 | Ep 39/50 | Loss 0.0369 Acc 98.89% | Val 0.0524 Acc 98.48% | 59.9s
2026-07-28 08:28:04 | Ep 40/50 | Loss 0.0341 Acc 98.91% | Val 0.0538 Acc 98.48% | 52.3s
2026-07-28 08:29:00 | Ep 41/50 | Loss 0.0330 Acc 98.93% | Val 0.0463 Acc 98.61% | 55.0s
2026-07-28 08:29:53 | Ep 42/50 | Loss 0.0301 Acc 98.99% | Val 0.0491 Acc 98.61% | 53.1s
2026-07-28 08:30:56 | Ep 43/50 | Loss 0.0326 Acc 98.89% | Val 0.0516 Acc 98.37% | 62.3s
2026-07-28 08:31:50 | Ep 44/50 | Loss 0.0327 Acc 98.97% | Val 0.0492 Acc 98.64% | 53.8s
2026-07-28 08:32:40 | Ep 45/50 | Loss 0.0265 Acc 99.04% | Val 0.0491 Acc 98.40% | 50.3s
2026-07-28 08:33:30 | Ep 46/50 | Loss 0.0328 Acc 98.90% | Val 0.0551 Acc 98.51% | 49.8s
2026-07-28 08:34:20 | Ep 47/50 | Loss 0.0327 Acc 98.86% | Val 0.0460 Acc 98.70% | 49.1s
2026-07-28 08:34:20 |   Early stop at epoch 47
2026-07-28 08:34:20 | Done in 41.94 min
2026-07-28 08:34:32 | 
================================================================================
2026-07-28 08:34:32 | TRAIN (FROM SCRATCH): ResNet-50 | Fold 3/5 | batch=64
2026-07-28 08:34:32 | ================================================================================
2026-07-28 08:34:32 |   [INFO] ResNet-50 initialized FROM SCRATCH (no pretrained weights)
2026-07-28 08:36:06 | Ep 01/50 | Loss 0.3839 Acc 84.10% | Val 0.2055 Acc 91.93% | 93.6s
2026-07-28 08:36:06 |   -> saved best
2026-07-28 08:36:57 | Ep 02/50 | Loss 0.2548 Acc 90.35% | Val 0.2155 Acc 92.31% | 50.4s
2026-07-28 08:37:47 | Ep 03/50 | Loss 0.2254 Acc 91.85% | Val 0.1455 Acc 95.14% | 50.2s
2026-07-28 08:37:47 |   -> saved best
2026-07-28 08:38:38 | Ep 04/50 | Loss 0.1967 Acc 92.93% | Val 0.1721 Acc 93.89% | 50.2s
2026-07-28 08:39:31 | Ep 05/50 | Loss 0.1814 Acc 93.62% | Val 0.1443 Acc 95.24% | 53.4s
2026-07-28 08:39:31 |   -> saved best
2026-07-28 08:40:31 | Ep 06/50 | Loss 0.1549 Acc 94.80% | Val 0.1058 Acc 96.49% | 50.3s
2026-07-28 08:40:31 |   -> saved best
2026-07-28 08:41:21 | Ep 07/50 | Loss 0.1498 Acc 94.74% | Val 0.1147 Acc 96.01% | 50.2s
2026-07-28 08:42:12 | Ep 08/50 | Loss 0.1327 Acc 95.38% | Val 0.0912 Acc 96.90% | 50.2s
2026-07-28 08:42:12 |   -> saved best
2026-07-28 08:43:07 | Ep 09/50 | Loss 0.1153 Acc 96.03% | Val 0.0840 Acc 97.23% | 54.7s
2026-07-28 08:43:07 |   -> saved best
2026-07-28 08:44:10 | Ep 10/50 | Loss 0.1123 Acc 96.10% | Val 0.0782 Acc 97.61% | 61.8s
2026-07-28 08:44:10 |   -> saved best
2026-07-28 08:45:07 | Ep 11/50 | Loss 0.0992 Acc 96.71% | Val 0.0890 Acc 96.90% | 50.5s
2026-07-28 08:45:58 | Ep 12/50 | Loss 0.0883 Acc 96.96% | Val 0.0839 Acc 97.17% | 50.7s
2026-07-28 08:46:53 | Ep 13/50 | Loss 0.0849 Acc 96.96% | Val 0.0840 Acc 97.31% | 55.5s
2026-07-28 08:47:51 | Ep 14/50 | Loss 0.0782 Acc 97.36% | Val 0.0623 Acc 97.61% | 57.8s
2026-07-28 08:47:52 |   -> saved best
2026-07-28 08:48:42 | Ep 15/50 | Loss 0.0782 Acc 97.38% | Val 0.0674 Acc 98.02% | 50.3s
2026-07-28 08:49:32 | Ep 16/50 | Loss 0.0766 Acc 97.39% | Val 0.0690 Acc 97.72% | 50.0s
2026-07-28 08:50:23 | Ep 17/50 | Loss 0.0628 Acc 97.72% | Val 0.0559 Acc 98.29% | 50.2s
2026-07-28 08:50:23 |   -> saved best
2026-07-28 08:51:14 | Ep 18/50 | Loss 0.0630 Acc 97.89% | Val 0.0580 Acc 98.21% | 51.0s
2026-07-28 08:52:06 | Ep 19/50 | Loss 0.0672 Acc 97.81% | Val 0.0694 Acc 97.66% | 51.3s
2026-07-28 08:52:57 | Ep 20/50 | Loss 0.0595 Acc 98.00% | Val 0.0624 Acc 97.91% | 50.9s
2026-07-28 08:53:57 | Ep 21/50 | Loss 0.0560 Acc 98.18% | Val 0.0574 Acc 98.23% | 59.3s
2026-07-28 08:54:49 | Ep 22/50 | Loss 0.0567 Acc 98.11% | Val 0.0610 Acc 97.99% | 52.6s
2026-07-28 08:55:51 | Ep 23/50 | Loss 0.0597 Acc 97.99% | Val 0.0675 Acc 97.96% | 61.3s
2026-07-28 08:56:44 | Ep 24/50 | Loss 0.0557 Acc 98.18% | Val 0.0484 Acc 98.42% | 53.0s
2026-07-28 08:56:44 |   -> saved best
2026-07-28 08:57:46 | Ep 25/50 | Loss 0.0557 Acc 98.12% | Val 0.0414 Acc 98.67% | 61.8s
2026-07-28 08:57:46 |   -> saved best
2026-07-28 08:58:42 | Ep 26/50 | Loss 0.0470 Acc 98.44% | Val 0.0434 Acc 98.61% | 55.4s
2026-07-28 08:59:33 | Ep 27/50 | Loss 0.0501 Acc 98.29% | Val 0.0519 Acc 98.18% | 50.4s
2026-07-28 09:00:23 | Ep 28/50 | Loss 0.0477 Acc 98.49% | Val 0.0367 Acc 98.75% | 50.1s
2026-07-28 09:00:23 |   -> saved best
2026-07-28 09:01:14 | Ep 29/50 | Loss 0.0472 Acc 98.39% | Val 0.0527 Acc 98.21% | 50.7s
2026-07-28 09:02:05 | Ep 30/50 | Loss 0.0503 Acc 98.23% | Val 0.0601 Acc 98.04% | 50.0s
2026-07-28 09:02:55 | Ep 31/50 | Loss 0.0472 Acc 98.36% | Val 0.0536 Acc 98.42% | 50.2s
2026-07-28 09:03:52 | Ep 32/50 | Loss 0.0412 Acc 98.57% | Val 0.0441 Acc 98.51% | 56.8s
2026-07-28 09:04:49 | Ep 33/50 | Loss 0.0434 Acc 98.55% | Val 0.0434 Acc 98.64% | 56.2s
2026-07-28 09:05:46 | Ep 34/50 | Loss 0.0419 Acc 98.56% | Val 0.0389 Acc 98.56% | 57.5s
2026-07-28 09:06:53 | Ep 35/50 | Loss 0.0386 Acc 98.66% | Val 0.0386 Acc 99.08% | 66.0s
2026-07-28 09:07:43 | Ep 36/50 | Loss 0.0414 Acc 98.60% | Val 0.0439 Acc 98.53% | 50.6s
2026-07-28 09:08:37 | Ep 37/50 | Loss 0.0363 Acc 98.72% | Val 0.0553 Acc 98.18% | 53.8s
2026-07-28 09:09:33 | Ep 38/50 | Loss 0.0362 Acc 98.88% | Val 0.0423 Acc 98.64% | 55.3s
2026-07-28 09:10:31 | Ep 39/50 | Loss 0.0367 Acc 98.77% | Val 0.0389 Acc 98.59% | 58.3s
2026-07-28 09:11:31 | Ep 40/50 | Loss 0.0356 Acc 98.77% | Val 0.0588 Acc 98.26% | 59.6s
2026-07-28 09:12:22 | Ep 41/50 | Loss 0.0337 Acc 98.90% | Val 0.0560 Acc 98.26% | 50.7s
2026-07-28 09:13:14 | Ep 42/50 | Loss 0.0367 Acc 98.77% | Val 0.0379 Acc 98.70% | 51.1s
2026-07-28 09:14:04 | Ep 43/50 | Loss 0.0338 Acc 98.85% | Val 0.0419 Acc 98.70% | 50.0s
2026-07-28 09:14:04 |   Early stop at epoch 43
2026-07-28 09:14:04 | Done in 39.53 min
2026-07-28 09:14:16 | 
================================================================================
2026-07-28 09:14:16 | TRAIN (FROM SCRATCH): ResNet-50 | Fold 4/5 | batch=64
2026-07-28 09:14:16 | ================================================================================
2026-07-28 09:14:16 |   [INFO] ResNet-50 initialized FROM SCRATCH (no pretrained weights)
2026-07-28 09:15:36 | Ep 01/50 | Loss 0.3714 Acc 84.89% | Val 0.2249 Acc 93.12% | 79.9s
2026-07-28 09:15:36 |   -> saved best
2026-07-28 09:16:26 | Ep 02/50 | Loss 0.2444 Acc 91.10% | Val 0.1906 Acc 93.37% | 50.0s
2026-07-28 09:16:26 |   -> saved best
2026-07-28 09:17:28 | Ep 03/50 | Loss 0.2124 Acc 92.43% | Val 0.1562 Acc 94.18% | 60.9s
2026-07-28 09:17:28 |   -> saved best
2026-07-28 09:18:19 | Ep 04/50 | Loss 0.1835 Acc 93.76% | Val 0.1402 Acc 95.46% | 50.0s
2026-07-28 09:18:19 |   -> saved best
2026-07-28 09:19:09 | Ep 05/50 | Loss 0.1762 Acc 93.80% | Val 0.1221 Acc 95.57% | 49.7s
2026-07-28 09:19:09 |   -> saved best
2026-07-28 09:19:59 | Ep 06/50 | Loss 0.1642 Acc 94.33% | Val 0.1256 Acc 95.16% | 49.9s
2026-07-28 09:20:49 | Ep 07/50 | Loss 0.1434 Acc 94.91% | Val 0.0974 Acc 96.44% | 50.1s
2026-07-28 09:20:50 |   -> saved best
2026-07-28 09:21:40 | Ep 08/50 | Loss 0.1280 Acc 95.58% | Val 0.1097 Acc 96.01% | 50.3s
2026-07-28 09:22:35 | Ep 09/50 | Loss 0.1163 Acc 95.89% | Val 0.1011 Acc 96.55% | 54.7s
2026-07-28 09:23:38 | Ep 10/50 | Loss 0.1053 Acc 96.32% | Val 0.0678 Acc 97.66% | 62.2s
2026-07-28 09:23:38 |   -> saved best
2026-07-28 09:24:33 | Ep 11/50 | Loss 0.0988 Acc 96.55% | Val 0.0637 Acc 97.99% | 55.2s
2026-07-28 09:24:33 |   -> saved best
2026-07-28 09:25:33 | Ep 12/50 | Loss 0.0919 Acc 96.91% | Val 0.0739 Acc 97.61% | 59.1s
2026-07-28 09:26:23 | Ep 13/50 | Loss 0.0865 Acc 97.00% | Val 0.0659 Acc 97.96% | 50.2s
2026-07-28 09:27:13 | Ep 14/50 | Loss 0.0775 Acc 97.38% | Val 0.0795 Acc 97.23% | 49.8s
2026-07-28 09:28:03 | Ep 15/50 | Loss 0.0756 Acc 97.45% | Val 0.0517 Acc 98.29% | 50.0s
2026-07-28 09:28:04 |   -> saved best
2026-07-28 09:28:54 | Ep 16/50 | Loss 0.0696 Acc 97.61% | Val 0.0483 Acc 98.48% | 50.0s
2026-07-28 09:28:54 |   -> saved best
2026-07-28 09:29:44 | Ep 17/50 | Loss 0.0678 Acc 97.68% | Val 0.0619 Acc 98.29% | 50.0s
2026-07-28 09:30:35 | Ep 18/50 | Loss 0.0625 Acc 97.85% | Val 0.0638 Acc 98.23% | 50.2s
2026-07-28 09:31:25 | Ep 19/50 | Loss 0.0628 Acc 97.87% | Val 0.0639 Acc 97.88% | 49.6s
2026-07-28 09:32:16 | Ep 20/50 | Loss 0.0611 Acc 97.91% | Val 0.0445 Acc 98.45% | 50.9s
2026-07-28 09:32:16 |   -> saved best
2026-07-28 09:33:07 | Ep 21/50 | Loss 0.0620 Acc 97.96% | Val 0.0576 Acc 98.15% | 50.6s
2026-07-28 09:33:57 | Ep 22/50 | Loss 0.0587 Acc 97.89% | Val 0.0473 Acc 98.59% | 50.1s
2026-07-28 09:34:52 | Ep 23/50 | Loss 0.0503 Acc 98.36% | Val 0.0476 Acc 98.72% | 55.2s
2026-07-28 09:35:57 | Ep 24/50 | Loss 0.0536 Acc 98.23% | Val 0.0499 Acc 98.48% | 64.3s
2026-07-28 09:37:01 | Ep 25/50 | Loss 0.0488 Acc 98.31% | Val 0.0384 Acc 98.75% | 63.4s
2026-07-28 09:37:01 |   -> saved best
2026-07-28 09:37:51 | Ep 26/50 | Loss 0.0520 Acc 98.25% | Val 0.0789 Acc 97.69% | 49.5s
2026-07-28 09:38:46 | Ep 27/50 | Loss 0.0463 Acc 98.46% | Val 0.0513 Acc 98.59% | 55.5s
2026-07-28 09:39:43 | Ep 28/50 | Loss 0.0446 Acc 98.51% | Val 0.0409 Acc 98.59% | 56.5s
2026-07-28 09:40:33 | Ep 29/50 | Loss 0.0468 Acc 98.42% | Val 0.0344 Acc 98.97% | 49.8s
2026-07-28 09:40:33 |   -> saved best
2026-07-28 09:41:23 | Ep 30/50 | Loss 0.0412 Acc 98.63% | Val 0.0364 Acc 98.89% | 49.9s
2026-07-28 09:42:13 | Ep 31/50 | Loss 0.0493 Acc 98.27% | Val 0.0492 Acc 98.64% | 49.8s
2026-07-28 09:43:03 | Ep 32/50 | Loss 0.0386 Acc 98.70% | Val 0.0446 Acc 98.80% | 49.8s
2026-07-28 09:43:54 | Ep 33/50 | Loss 0.0430 Acc 98.58% | Val 0.0369 Acc 98.99% | 50.3s
2026-07-28 09:44:44 | Ep 34/50 | Loss 0.0400 Acc 98.67% | Val 0.0435 Acc 98.78% | 50.2s
2026-07-28 09:45:35 | Ep 35/50 | Loss 0.0367 Acc 98.82% | Val 0.0374 Acc 98.89% | 50.1s
2026-07-28 09:46:31 | Ep 36/50 | Loss 0.0388 Acc 98.77% | Val 0.0666 Acc 98.02% | 56.2s
2026-07-28 09:47:26 | Ep 37/50 | Loss 0.0361 Acc 98.76% | Val 0.0528 Acc 98.42% | 55.0s
2026-07-28 09:48:19 | Ep 38/50 | Loss 0.0344 Acc 98.82% | Val 0.0590 Acc 98.61% | 51.9s
2026-07-28 09:49:13 | Ep 39/50 | Loss 0.0370 Acc 98.77% | Val 0.0398 Acc 98.83% | 53.6s
2026-07-28 09:50:12 | Ep 40/50 | Loss 0.0317 Acc 98.95% | Val 0.0409 Acc 98.72% | 58.9s
2026-07-28 09:51:13 | Ep 41/50 | Loss 0.0337 Acc 98.92% | Val 0.0364 Acc 98.94% | 60.5s
2026-07-28 09:52:08 | Ep 42/50 | Loss 0.0331 Acc 98.87% | Val 0.0518 Acc 98.29% | 55.3s
2026-07-28 09:52:59 | Ep 43/50 | Loss 0.0371 Acc 98.67% | Val 0.0412 Acc 98.78% | 50.6s
2026-07-28 09:53:49 | Ep 44/50 | Loss 0.0345 Acc 98.80% | Val 0.0308 Acc 99.02% | 50.2s
2026-07-28 09:53:49 |   -> saved best
2026-07-28 09:54:40 | Ep 45/50 | Loss 0.0298 Acc 99.01% | Val 0.0456 Acc 98.83% | 50.3s
2026-07-28 09:55:31 | Ep 46/50 | Loss 0.0316 Acc 99.01% | Val 0.0469 Acc 98.45% | 50.3s
2026-07-28 09:56:23 | Ep 47/50 | Loss 0.0303 Acc 98.95% | Val 0.0316 Acc 99.10% | 51.9s
2026-07-28 09:57:34 | Ep 48/50 | Loss 0.0277 Acc 99.13% | Val 0.0543 Acc 98.48% | 71.1s
2026-07-28 09:58:26 | Ep 49/50 | Loss 0.0277 Acc 99.13% | Val 0.0384 Acc 98.91% | 51.5s
2026-07-28 09:59:38 | Ep 50/50 | Loss 0.0236 Acc 99.20% | Val 0.0509 Acc 98.56% | 71.4s
2026-07-28 09:59:38 | Done in 45.36 min
2026-07-28 09:59:49 | 
================================================================================
2026-07-28 09:59:49 | TRAIN (FROM SCRATCH): ResNet-50 | Fold 5/5 | batch=64
2026-07-28 09:59:49 | ================================================================================
2026-07-28 09:59:50 |   [INFO] ResNet-50 initialized FROM SCRATCH (no pretrained weights)
2026-07-28 10:01:09 | Ep 01/50 | Loss 0.3731 Acc 85.10% | Val 0.2147 Acc 92.96% | 79.4s
2026-07-28 10:01:09 |   -> saved best
2026-07-28 10:01:59 | Ep 02/50 | Loss 0.2533 Acc 90.89% | Val 0.2251 Acc 92.26% | 50.1s
2026-07-28 10:03:00 | Ep 03/50 | Loss 0.2096 Acc 92.76% | Val 0.2330 Acc 91.68% | 60.5s
2026-07-28 10:03:51 | Ep 04/50 | Loss 0.1841 Acc 93.36% | Val 0.1411 Acc 95.03% | 49.9s
2026-07-28 10:03:51 |   -> saved best
2026-07-28 10:04:45 | Ep 05/50 | Loss 0.1640 Acc 94.27% | Val 0.1265 Acc 95.49% | 53.0s
2026-07-28 10:04:45 |   -> saved best
2026-07-28 10:05:38 | Ep 06/50 | Loss 0.1498 Acc 94.80% | Val 0.1309 Acc 95.46% | 53.0s
2026-07-28 10:06:27 | Ep 07/50 | Loss 0.1339 Acc 95.29% | Val 0.1674 Acc 94.59% | 49.3s
2026-07-28 10:07:17 | Ep 08/50 | Loss 0.1256 Acc 95.55% | Val 0.1235 Acc 96.58% | 49.6s
2026-07-28 10:07:17 |   -> saved best
2026-07-28 10:08:08 | Ep 09/50 | Loss 0.1118 Acc 96.11% | Val 0.0827 Acc 97.23% | 50.3s
2026-07-28 10:08:08 |   -> saved best
2026-07-28 10:08:58 | Ep 10/50 | Loss 0.1001 Acc 96.75% | Val 0.0890 Acc 97.36% | 49.9s
2026-07-28 10:09:48 | Ep 11/50 | Loss 0.0931 Acc 96.79% | Val 0.0759 Acc 97.80% | 50.1s
2026-07-28 10:09:48 |   -> saved best
2026-07-28 10:10:39 | Ep 12/50 | Loss 0.0862 Acc 96.98% | Val 0.0696 Acc 97.85% | 49.9s
2026-07-28 10:10:39 |   -> saved best
2026-07-28 10:11:40 | Ep 13/50 | Loss 0.0785 Acc 97.26% | Val 0.0841 Acc 97.15% | 61.4s
2026-07-28 10:12:38 | Ep 14/50 | Loss 0.0754 Acc 97.38% | Val 0.0676 Acc 97.88% | 57.3s
2026-07-28 10:12:38 |   -> saved best
2026-07-28 10:13:32 | Ep 15/50 | Loss 0.0654 Acc 97.79% | Val 0.0883 Acc 97.07% | 53.6s
2026-07-28 10:14:22 | Ep 16/50 | Loss 0.0706 Acc 97.57% | Val 0.0688 Acc 97.83% | 50.2s
2026-07-28 10:15:12 | Ep 17/50 | Loss 0.0598 Acc 98.02% | Val 0.0577 Acc 98.18% | 49.5s
2026-07-28 10:15:12 |   -> saved best
2026-07-28 10:16:07 | Ep 18/50 | Loss 0.0632 Acc 97.83% | Val 0.0612 Acc 97.96% | 55.1s
2026-07-28 10:17:13 | Ep 19/50 | Loss 0.0571 Acc 98.02% | Val 0.0645 Acc 97.96% | 65.1s
2026-07-28 10:18:03 | Ep 20/50 | Loss 0.0558 Acc 98.10% | Val 0.0599 Acc 98.32% | 49.6s
2026-07-28 10:18:53 | Ep 21/50 | Loss 0.0495 Acc 98.40% | Val 0.0599 Acc 98.15% | 50.0s
2026-07-28 10:19:43 | Ep 22/50 | Loss 0.0548 Acc 98.21% | Val 0.0520 Acc 98.29% | 50.1s
2026-07-28 10:19:43 |   -> saved best
2026-07-28 10:20:34 | Ep 23/50 | Loss 0.0559 Acc 98.15% | Val 0.0537 Acc 98.23% | 50.2s
2026-07-28 10:21:25 | Ep 24/50 | Loss 0.0489 Acc 98.38% | Val 0.0675 Acc 97.96% | 50.7s
2026-07-28 10:22:29 | Ep 25/50 | Loss 0.0481 Acc 98.34% | Val 0.0775 Acc 97.72% | 64.1s
2026-07-28 10:23:21 | Ep 26/50 | Loss 0.0466 Acc 98.42% | Val 0.0836 Acc 97.45% | 52.0s
2026-07-28 10:24:12 | Ep 27/50 | Loss 0.0421 Acc 98.66% | Val 0.0572 Acc 98.42% | 49.9s
2026-07-28 10:25:02 | Ep 28/50 | Loss 0.0418 Acc 98.61% | Val 0.0534 Acc 98.21% | 50.1s
2026-07-28 10:25:52 | Ep 29/50 | Loss 0.0427 Acc 98.63% | Val 0.0616 Acc 97.96% | 50.0s
2026-07-28 10:26:43 | Ep 30/50 | Loss 0.0382 Acc 98.76% | Val 0.0689 Acc 97.83% | 50.0s
2026-07-28 10:27:33 | Ep 31/50 | Loss 0.0423 Acc 98.70% | Val 0.0545 Acc 98.29% | 50.1s
2026-07-28 10:28:26 | Ep 32/50 | Loss 0.0435 Acc 98.44% | Val 0.0537 Acc 98.32% | 53.1s
2026-07-28 10:29:19 | Ep 33/50 | Loss 0.0363 Acc 98.92% | Val 0.0624 Acc 97.80% | 52.5s
2026-07-28 10:30:18 | Ep 34/50 | Loss 0.0325 Acc 99.01% | Val 0.0501 Acc 98.32% | 58.5s
2026-07-28 10:30:18 |   -> saved best
2026-07-28 10:31:07 | Ep 35/50 | Loss 0.0324 Acc 98.90% | Val 0.0527 Acc 98.56% | 48.9s
2026-07-28 10:31:56 | Ep 36/50 | Loss 0.0393 Acc 98.55% | Val 0.0500 Acc 98.48% | 48.8s
2026-07-28 10:31:56 |   -> saved best
2026-07-28 10:32:45 | Ep 37/50 | Loss 0.0341 Acc 98.95% | Val 0.0519 Acc 98.56% | 49.0s
2026-07-28 10:33:34 | Ep 38/50 | Loss 0.0363 Acc 98.75% | Val 0.0656 Acc 98.32% | 48.7s
2026-07-28 10:34:24 | Ep 39/50 | Loss 0.0334 Acc 98.92% | Val 0.0610 Acc 97.99% | 49.0s
2026-07-28 10:35:13 | Ep 40/50 | Loss 0.0306 Acc 99.00% | Val 0.0612 Acc 98.48% | 48.8s
2026-07-28 10:36:01 | Ep 41/50 | Loss 0.0273 Acc 99.10% | Val 0.0517 Acc 98.67% | 48.5s
2026-07-28 10:36:51 | Ep 42/50 | Loss 0.0334 Acc 98.90% | Val 0.0576 Acc 98.21% | 48.8s
2026-07-28 10:37:40 | Ep 43/50 | Loss 0.0295 Acc 99.13% | Val 0.0537 Acc 98.21% | 49.5s
2026-07-28 10:38:30 | Ep 44/50 | Loss 0.0305 Acc 98.98% | Val 0.0572 Acc 98.12% | 49.4s
2026-07-28 10:39:20 | Ep 45/50 | Loss 0.0266 Acc 99.12% | Val 0.0574 Acc 98.21% | 49.8s
2026-07-28 10:40:09 | Ep 46/50 | Loss 0.0271 Acc 99.12% | Val 0.0607 Acc 98.29% | 48.7s
2026-07-28 10:41:01 | Ep 47/50 | Loss 0.0244 Acc 99.18% | Val 0.0753 Acc 97.83% | 51.4s
2026-07-28 10:41:59 | Ep 48/50 | Loss 0.0314 Acc 98.93% | Val 0.0724 Acc 98.21% | 58.3s
2026-07-28 10:42:49 | Ep 49/50 | Loss 0.0274 Acc 99.05% | Val 0.0544 Acc 98.37% | 50.0s
2026-07-28 10:43:42 | Ep 50/50 | Loss 0.0312 Acc 98.91% | Val 0.0580 Acc 98.32% | 52.6s
2026-07-28 10:43:43 | Done in 43.88 min
2026-07-28 10:43:55 | 
================================================================================
2026-07-28 10:43:55 | TRAIN (FROM SCRATCH): DeiT-Small | Fold 1/5 | batch=64
2026-07-28 10:43:55 | ================================================================================
2026-07-28 10:43:55 |   [INFO] DeiT-Small initialized FROM SCRATCH (no pretrained weights)
2026-07-28 10:45:16 | Ep 01/50 | Loss 0.3706 Acc 84.96% | Val 0.2155 Acc 91.58% | 80.6s
2026-07-28 10:45:16 |   -> saved best
2026-07-28 10:46:07 | Ep 02/50 | Loss 0.1797 Acc 93.66% | Val 0.1286 Acc 95.44% | 50.2s
2026-07-28 10:46:07 |   -> saved best
2026-07-28 10:46:57 | Ep 03/50 | Loss 0.1381 Acc 95.05% | Val 0.1316 Acc 95.33% | 50.6s
2026-07-28 10:47:48 | Ep 04/50 | Loss 0.1301 Acc 95.23% | Val 0.1140 Acc 95.71% | 49.9s
2026-07-28 10:47:48 |   -> saved best
2026-07-28 10:48:38 | Ep 05/50 | Loss 0.1139 Acc 95.95% | Val 0.0929 Acc 96.74% | 49.9s
2026-07-28 10:48:38 |   -> saved best
2026-07-28 10:49:29 | Ep 06/50 | Loss 0.1036 Acc 96.43% | Val 0.0910 Acc 97.01% | 50.6s
2026-07-28 10:49:29 |   -> saved best
2026-07-28 10:50:19 | Ep 07/50 | Loss 0.1017 Acc 96.57% | Val 0.0940 Acc 96.77% | 50.1s
2026-07-28 10:51:09 | Ep 08/50 | Loss 0.1035 Acc 96.38% | Val 0.0924 Acc 97.17% | 49.7s
2026-07-28 10:52:11 | Ep 09/50 | Loss 0.0953 Acc 96.57% | Val 0.0770 Acc 97.42% | 61.8s
2026-07-28 10:52:11 |   -> saved best
2026-07-28 10:53:06 | Ep 10/50 | Loss 0.0826 Acc 97.14% | Val 0.1297 Acc 95.25% | 54.9s
2026-07-28 10:54:05 | Ep 11/50 | Loss 0.0883 Acc 97.04% | Val 0.0933 Acc 96.77% | 58.3s
2026-07-28 10:54:55 | Ep 12/50 | Loss 0.0814 Acc 97.17% | Val 0.0866 Acc 97.04% | 50.1s
2026-07-28 10:55:45 | Ep 13/50 | Loss 0.0852 Acc 97.02% | Val 0.0778 Acc 97.50% | 50.0s
2026-07-28 10:56:38 | Ep 14/50 | Loss 0.0800 Acc 97.24% | Val 0.0680 Acc 97.69% | 52.1s
2026-07-28 10:56:38 |   -> saved best
2026-07-28 10:57:32 | Ep 15/50 | Loss 0.0790 Acc 97.41% | Val 0.0957 Acc 97.09% | 53.5s
2026-07-28 10:58:33 | Ep 16/50 | Loss 0.0766 Acc 97.47% | Val 0.0817 Acc 97.04% | 61.3s
2026-07-28 10:59:27 | Ep 17/50 | Loss 0.0729 Acc 97.53% | Val 0.0825 Acc 97.17% | 53.3s
2026-07-28 11:00:25 | Ep 18/50 | Loss 0.0785 Acc 97.39% | Val 0.0756 Acc 97.50% | 57.9s
2026-07-28 11:01:18 | Ep 19/50 | Loss 0.0717 Acc 97.58% | Val 0.0577 Acc 97.94% | 52.9s
2026-07-28 11:01:18 |   -> saved best
2026-07-28 11:02:08 | Ep 20/50 | Loss 0.0639 Acc 97.82% | Val 0.0778 Acc 97.28% | 49.8s
2026-07-28 11:02:58 | Ep 21/50 | Loss 0.0721 Acc 97.57% | Val 0.0612 Acc 97.88% | 49.6s
2026-07-28 11:03:52 | Ep 22/50 | Loss 0.0679 Acc 97.71% | Val 0.0740 Acc 97.80% | 53.6s
2026-07-28 11:04:44 | Ep 23/50 | Loss 0.0656 Acc 97.85% | Val 0.0585 Acc 98.02% | 52.5s
2026-07-28 11:05:35 | Ep 24/50 | Loss 0.0720 Acc 97.51% | Val 0.0624 Acc 97.85% | 50.6s
2026-07-28 11:06:26 | Ep 25/50 | Loss 0.0638 Acc 97.90% | Val 0.0617 Acc 97.88% | 50.4s
2026-07-28 11:07:16 | Ep 26/50 | Loss 0.0587 Acc 98.06% | Val 0.1123 Acc 96.39% | 50.2s
2026-07-28 11:08:06 | Ep 27/50 | Loss 0.0604 Acc 98.03% | Val 0.0810 Acc 97.20% | 50.1s
2026-07-28 11:08:58 | Ep 28/50 | Loss 0.0599 Acc 97.87% | Val 0.0493 Acc 98.32% | 50.9s
2026-07-28 11:08:58 |   -> saved best
2026-07-28 11:09:47 | Ep 29/50 | Loss 0.0555 Acc 98.04% | Val 0.0664 Acc 97.50% | 49.4s
2026-07-28 11:10:39 | Ep 30/50 | Loss 0.0575 Acc 98.02% | Val 0.1010 Acc 96.47% | 51.6s
2026-07-28 11:11:32 | Ep 31/50 | Loss 0.0604 Acc 97.98% | Val 0.0569 Acc 97.96% | 52.4s
2026-07-28 11:12:28 | Ep 32/50 | Loss 0.0549 Acc 98.12% | Val 0.0623 Acc 97.99% | 56.4s
2026-07-28 11:13:39 | Ep 33/50 | Loss 0.0560 Acc 98.15% | Val 0.0686 Acc 97.66% | 70.2s
2026-07-28 11:14:29 | Ep 34/50 | Loss 0.0538 Acc 98.14% | Val 0.0497 Acc 98.45% | 49.6s
2026-07-28 11:15:18 | Ep 35/50 | Loss 0.0539 Acc 98.25% | Val 0.0618 Acc 97.88% | 48.9s
2026-07-28 11:16:18 | Ep 36/50 | Loss 0.0559 Acc 98.09% | Val 0.0536 Acc 98.26% | 60.3s
2026-07-28 11:17:09 | Ep 37/50 | Loss 0.0536 Acc 98.12% | Val 0.0552 Acc 98.18% | 50.6s
2026-07-28 11:18:02 | Ep 38/50 | Loss 0.0524 Acc 98.29% | Val 0.0610 Acc 97.69% | 52.6s
2026-07-28 11:19:01 | Ep 39/50 | Loss 0.0502 Acc 98.32% | Val 0.0514 Acc 98.18% | 58.8s
2026-07-28 11:19:51 | Ep 40/50 | Loss 0.0470 Acc 98.53% | Val 0.0525 Acc 98.34% | 50.0s
2026-07-28 11:20:42 | Ep 41/50 | Loss 0.0464 Acc 98.36% | Val 0.0610 Acc 97.99% | 50.5s
2026-07-28 11:21:32 | Ep 42/50 | Loss 0.0495 Acc 98.38% | Val 0.0485 Acc 98.56% | 50.2s
2026-07-28 11:21:32 |   -> saved best
2026-07-28 11:22:23 | Ep 43/50 | Loss 0.0454 Acc 98.46% | Val 0.0538 Acc 98.21% | 49.9s
2026-07-28 11:23:13 | Ep 44/50 | Loss 0.0458 Acc 98.48% | Val 0.0500 Acc 98.29% | 50.5s
2026-07-28 11:24:05 | Ep 45/50 | Loss 0.0453 Acc 98.51% | Val 0.0532 Acc 98.21% | 51.9s
2026-07-28 11:24:59 | Ep 46/50 | Loss 0.0470 Acc 98.45% | Val 0.0618 Acc 97.83% | 53.6s
2026-07-28 11:25:58 | Ep 47/50 | Loss 0.0495 Acc 98.41% | Val 0.0492 Acc 98.37% | 58.3s
2026-07-28 11:26:52 | Ep 48/50 | Loss 0.0401 Acc 98.63% | Val 0.0507 Acc 98.26% | 53.7s
2026-07-28 11:27:42 | Ep 49/50 | Loss 0.0446 Acc 98.46% | Val 0.0530 Acc 97.99% | 50.2s
2026-07-28 11:28:32 | Ep 50/50 | Loss 0.0472 Acc 98.40% | Val 0.0475 Acc 98.21% | 50.0s
2026-07-28 11:28:32 |   -> saved best
2026-07-28 11:28:33 | Done in 44.62 min
2026-07-28 11:28:44 | 
================================================================================
2026-07-28 11:28:44 | TRAIN (FROM SCRATCH): DeiT-Small | Fold 2/5 | batch=64
2026-07-28 11:28:44 | ================================================================================
2026-07-28 11:28:45 |   [INFO] DeiT-Small initialized FROM SCRATCH (no pretrained weights)
2026-07-28 11:30:18 | Ep 01/50 | Loss 0.4058 Acc 83.65% | Val 0.1936 Acc 92.91% | 93.7s
2026-07-28 11:30:18 |   -> saved best
2026-07-28 11:31:14 | Ep 02/50 | Loss 0.2043 Acc 92.29% | Val 0.1786 Acc 94.00% | 55.1s
2026-07-28 11:31:14 |   -> saved best
2026-07-28 11:32:24 | Ep 03/50 | Loss 0.1516 Acc 94.61% | Val 0.1274 Acc 95.82% | 55.1s
2026-07-28 11:32:24 |   -> saved best
2026-07-28 11:33:14 | Ep 04/50 | Loss 0.1384 Acc 94.99% | Val 0.1052 Acc 96.39% | 50.5s
2026-07-28 11:33:15 |   -> saved best
2026-07-28 11:34:11 | Ep 05/50 | Loss 0.1257 Acc 95.54% | Val 0.1096 Acc 96.31% | 56.4s
2026-07-28 11:35:08 | Ep 06/50 | Loss 0.1162 Acc 95.88% | Val 0.1076 Acc 96.47% | 54.7s
2026-07-28 11:35:59 | Ep 07/50 | Loss 0.1045 Acc 96.42% | Val 0.0960 Acc 96.63% | 50.5s
2026-07-28 11:35:59 |   -> saved best
2026-07-28 11:36:57 | Ep 08/50 | Loss 0.1027 Acc 96.39% | Val 0.0957 Acc 96.63% | 58.1s
2026-07-28 11:36:57 |   -> saved best
2026-07-28 11:37:53 | Ep 09/50 | Loss 0.0957 Acc 96.55% | Val 0.0853 Acc 97.28% | 51.1s
2026-07-28 11:37:53 |   -> saved best
2026-07-28 11:38:47 | Ep 10/50 | Loss 0.0922 Acc 96.81% | Val 0.1089 Acc 95.98% | 54.2s
2026-07-28 11:39:47 | Ep 11/50 | Loss 0.0890 Acc 96.78% | Val 0.0723 Acc 97.56% | 59.6s
2026-07-28 11:39:47 |   -> saved best
2026-07-28 11:40:42 | Ep 12/50 | Loss 0.0864 Acc 97.09% | Val 0.0754 Acc 97.34% | 55.3s
2026-07-28 11:41:41 | Ep 13/50 | Loss 0.0882 Acc 96.90% | Val 0.0696 Acc 97.53% | 58.0s
2026-07-28 11:41:41 |   -> saved best
2026-07-28 11:42:36 | Ep 14/50 | Loss 0.0816 Acc 97.24% | Val 0.0967 Acc 96.50% | 55.3s
2026-07-28 11:43:35 | Ep 15/50 | Loss 0.0813 Acc 97.17% | Val 0.0940 Acc 96.63% | 58.2s
2026-07-28 11:44:28 | Ep 16/50 | Loss 0.0771 Acc 97.29% | Val 0.0844 Acc 97.17% | 53.5s
2026-07-28 11:45:19 | Ep 17/50 | Loss 0.0751 Acc 97.37% | Val 0.0967 Acc 96.74% | 49.9s
2026-07-28 11:46:09 | Ep 18/50 | Loss 0.0725 Acc 97.59% | Val 0.0815 Acc 97.47% | 50.2s
2026-07-28 11:46:59 | Ep 19/50 | Loss 0.0705 Acc 97.54% | Val 0.0989 Acc 97.07% | 50.2s
2026-07-28 11:47:50 | Ep 20/50 | Loss 0.0751 Acc 97.37% | Val 0.0679 Acc 97.77% | 50.2s
2026-07-28 11:47:50 |   -> saved best
2026-07-28 11:48:51 | Ep 21/50 | Loss 0.0711 Acc 97.57% | Val 0.0654 Acc 97.99% | 60.9s
2026-07-28 11:48:51 |   -> saved best
2026-07-28 11:49:42 | Ep 22/50 | Loss 0.0687 Acc 97.70% | Val 0.0629 Acc 97.94% | 51.0s
2026-07-28 11:49:42 |   -> saved best
2026-07-28 11:50:41 | Ep 23/50 | Loss 0.0697 Acc 97.52% | Val 0.0703 Acc 97.61% | 58.4s
2026-07-28 11:51:35 | Ep 24/50 | Loss 0.0645 Acc 97.68% | Val 0.0663 Acc 97.80% | 54.0s
2026-07-28 11:52:26 | Ep 25/50 | Loss 0.0645 Acc 97.77% | Val 0.0683 Acc 98.04% | 50.7s
2026-07-28 11:53:17 | Ep 26/50 | Loss 0.0613 Acc 97.90% | Val 0.0613 Acc 98.32% | 50.2s
2026-07-28 11:53:17 |   -> saved best
2026-07-28 11:54:08 | Ep 27/50 | Loss 0.0673 Acc 97.80% | Val 0.0591 Acc 98.18% | 51.1s
2026-07-28 11:54:08 |   -> saved best
2026-07-28 11:55:02 | Ep 28/50 | Loss 0.0635 Acc 97.84% | Val 0.0600 Acc 97.80% | 53.6s
2026-07-28 11:55:55 | Ep 29/50 | Loss 0.0622 Acc 97.77% | Val 0.0617 Acc 98.15% | 52.7s
2026-07-28 11:56:58 | Ep 30/50 | Loss 0.0626 Acc 97.86% | Val 0.0608 Acc 98.10% | 62.5s
2026-07-28 11:57:48 | Ep 31/50 | Loss 0.0584 Acc 97.98% | Val 0.0695 Acc 97.72% | 50.3s
2026-07-28 11:58:39 | Ep 32/50 | Loss 0.0594 Acc 98.01% | Val 0.0606 Acc 98.18% | 50.4s
2026-07-28 11:59:29 | Ep 33/50 | Loss 0.0586 Acc 97.96% | Val 0.0575 Acc 98.32% | 50.1s
2026-07-28 11:59:29 |   -> saved best
2026-07-28 12:00:19 | Ep 34/50 | Loss 0.0559 Acc 98.08% | Val 0.0509 Acc 98.64% | 49.9s
2026-07-28 12:00:19 |   -> saved best
2026-07-28 12:01:10 | Ep 35/50 | Loss 0.0584 Acc 98.08% | Val 0.0579 Acc 98.23% | 50.4s
2026-07-28 12:02:01 | Ep 36/50 | Loss 0.0585 Acc 98.06% | Val 0.0545 Acc 98.56% | 50.6s
2026-07-28 12:02:52 | Ep 37/50 | Loss 0.0512 Acc 98.25% | Val 0.0616 Acc 98.02% | 51.1s
2026-07-28 12:03:43 | Ep 38/50 | Loss 0.0534 Acc 98.16% | Val 0.0549 Acc 98.18% | 50.2s
2026-07-28 12:04:45 | Ep 39/50 | Loss 0.0520 Acc 98.19% | Val 0.0568 Acc 98.21% | 62.0s
2026-07-28 12:05:35 | Ep 40/50 | Loss 0.0589 Acc 98.04% | Val 0.0578 Acc 98.15% | 50.4s
2026-07-28 12:06:36 | Ep 41/50 | Loss 0.0516 Acc 98.23% | Val 0.0548 Acc 98.37% | 60.5s
2026-07-28 12:07:28 | Ep 42/50 | Loss 0.0533 Acc 98.12% | Val 0.0554 Acc 98.23% | 52.0s
2026-07-28 12:08:22 | Ep 43/50 | Loss 0.0527 Acc 98.12% | Val 0.0536 Acc 98.23% | 53.2s
2026-07-28 12:09:17 | Ep 44/50 | Loss 0.0526 Acc 98.21% | Val 0.0565 Acc 98.37% | 54.5s
2026-07-28 12:10:23 | Ep 45/50 | Loss 0.0502 Acc 98.33% | Val 0.0519 Acc 98.61% | 66.4s
2026-07-28 12:11:21 | Ep 46/50 | Loss 0.0492 Acc 98.31% | Val 0.0541 Acc 98.42% | 57.7s
2026-07-28 12:12:12 | Ep 47/50 | Loss 0.0478 Acc 98.37% | Val 0.0712 Acc 97.88% | 50.6s
2026-07-28 12:13:02 | Ep 48/50 | Loss 0.0490 Acc 98.32% | Val 0.0596 Acc 98.13% | 50.1s
2026-07-28 12:13:53 | Ep 49/50 | Loss 0.0479 Acc 98.44% | Val 0.0590 Acc 98.29% | 50.6s
2026-07-28 12:13:53 |   Early stop at epoch 49
2026-07-28 12:13:53 | Done in 45.14 min
2026-07-28 12:14:04 | 
================================================================================
2026-07-28 12:14:04 | TRAIN (FROM SCRATCH): DeiT-Small | Fold 3/5 | batch=64
2026-07-28 12:14:04 | ================================================================================
2026-07-28 12:14:05 |   [INFO] DeiT-Small initialized FROM SCRATCH (no pretrained weights)
2026-07-28 12:15:26 | Ep 01/50 | Loss 0.3963 Acc 83.56% | Val 0.1957 Acc 93.12% | 81.0s
2026-07-28 12:15:26 |   -> saved best
2026-07-28 12:16:17 | Ep 02/50 | Loss 0.2006 Acc 92.87% | Val 0.1573 Acc 94.13% | 50.7s
2026-07-28 12:16:17 |   -> saved best
2026-07-28 12:17:08 | Ep 03/50 | Loss 0.1445 Acc 95.06% | Val 0.1199 Acc 96.22% | 50.9s
2026-07-28 12:17:08 |   -> saved best
2026-07-28 12:18:11 | Ep 04/50 | Loss 0.1224 Acc 95.71% | Val 0.0953 Acc 96.33% | 50.6s
2026-07-28 12:18:11 |   -> saved best
2026-07-28 12:19:14 | Ep 05/50 | Loss 0.1164 Acc 95.97% | Val 0.1162 Acc 96.01% | 62.7s
2026-07-28 12:20:05 | Ep 06/50 | Loss 0.1100 Acc 96.30% | Val 0.1041 Acc 96.44% | 51.0s
2026-07-28 12:20:56 | Ep 07/50 | Loss 0.1057 Acc 96.26% | Val 0.0862 Acc 96.90% | 50.6s
2026-07-28 12:20:56 |   -> saved best
2026-07-28 12:21:47 | Ep 08/50 | Loss 0.0957 Acc 96.71% | Val 0.0842 Acc 96.93% | 50.4s
2026-07-28 12:21:47 |   -> saved best
2026-07-28 12:22:38 | Ep 09/50 | Loss 0.1003 Acc 96.58% | Val 0.1260 Acc 95.79% | 51.3s
2026-07-28 12:23:30 | Ep 10/50 | Loss 0.0900 Acc 96.79% | Val 0.0775 Acc 97.42% | 52.0s
2026-07-28 12:23:30 |   -> saved best
2026-07-28 12:24:25 | Ep 11/50 | Loss 0.0926 Acc 96.77% | Val 0.0681 Acc 97.55% | 53.7s
2026-07-28 12:24:25 |   -> saved best
2026-07-28 12:25:18 | Ep 12/50 | Loss 0.0835 Acc 97.13% | Val 0.0810 Acc 97.34% | 52.6s
2026-07-28 12:26:11 | Ep 13/50 | Loss 0.0831 Acc 97.02% | Val 0.0706 Acc 97.74% | 52.6s
2026-07-28 12:27:10 | Ep 14/50 | Loss 0.0783 Acc 97.49% | Val 0.0742 Acc 97.26% | 58.6s
2026-07-28 12:28:00 | Ep 15/50 | Loss 0.0810 Acc 97.21% | Val 0.0678 Acc 97.66% | 49.9s
2026-07-28 12:28:00 |   -> saved best
2026-07-28 12:28:50 | Ep 16/50 | Loss 0.0746 Acc 97.49% | Val 0.0578 Acc 97.88% | 50.1s
2026-07-28 12:28:50 |   -> saved best
2026-07-28 12:29:41 | Ep 17/50 | Loss 0.0704 Acc 97.64% | Val 0.0745 Acc 97.28% | 50.7s
2026-07-28 12:30:45 | Ep 18/50 | Loss 0.0679 Acc 97.74% | Val 0.0690 Acc 97.85% | 63.4s
2026-07-28 12:31:36 | Ep 19/50 | Loss 0.0721 Acc 97.48% | Val 0.0759 Acc 97.36% | 51.3s
2026-07-28 12:32:27 | Ep 20/50 | Loss 0.0682 Acc 97.66% | Val 0.0634 Acc 97.85% | 50.4s
2026-07-28 12:33:17 | Ep 21/50 | Loss 0.0705 Acc 97.58% | Val 0.0579 Acc 98.07% | 50.3s
2026-07-28 12:34:21 | Ep 22/50 | Loss 0.0700 Acc 97.60% | Val 0.0774 Acc 97.31% | 63.0s
2026-07-28 12:35:19 | Ep 23/50 | Loss 0.0677 Acc 97.76% | Val 0.0539 Acc 98.18% | 58.2s
2026-07-28 12:35:19 |   -> saved best
2026-07-28 12:36:35 | Ep 24/50 | Loss 0.0646 Acc 97.77% | Val 0.0560 Acc 98.18% | 75.5s
2026-07-28 12:37:25 | Ep 25/50 | Loss 0.0718 Acc 97.45% | Val 0.0532 Acc 98.29% | 50.2s
2026-07-28 12:37:26 |   -> saved best
2026-07-28 12:38:16 | Ep 26/50 | Loss 0.0658 Acc 97.72% | Val 0.0601 Acc 97.74% | 50.5s
2026-07-28 12:39:09 | Ep 27/50 | Loss 0.0614 Acc 97.91% | Val 0.0601 Acc 97.99% | 52.3s
2026-07-28 12:40:02 | Ep 28/50 | Loss 0.0600 Acc 97.98% | Val 0.0554 Acc 97.93% | 52.7s
2026-07-28 12:40:54 | Ep 29/50 | Loss 0.0629 Acc 97.89% | Val 0.0509 Acc 98.32% | 52.1s
2026-07-28 12:40:54 |   -> saved best
2026-07-28 12:41:50 | Ep 30/50 | Loss 0.0599 Acc 97.97% | Val 0.0557 Acc 98.26% | 56.1s
2026-07-28 12:42:46 | Ep 31/50 | Loss 0.0615 Acc 97.97% | Val 0.0556 Acc 98.04% | 55.0s
2026-07-28 12:43:37 | Ep 32/50 | Loss 0.0578 Acc 98.08% | Val 0.0530 Acc 98.18% | 50.7s
2026-07-28 12:44:43 | Ep 33/50 | Loss 0.0605 Acc 98.00% | Val 0.0483 Acc 98.45% | 66.4s
2026-07-28 12:44:43 |   -> saved best
2026-07-28 12:45:41 | Ep 34/50 | Loss 0.0568 Acc 98.02% | Val 0.0716 Acc 97.83% | 57.8s
2026-07-28 12:46:32 | Ep 35/50 | Loss 0.0611 Acc 98.02% | Val 0.0600 Acc 98.02% | 50.7s
2026-07-28 12:47:28 | Ep 36/50 | Loss 0.0586 Acc 98.00% | Val 0.0535 Acc 98.12% | 55.1s
2026-07-28 12:48:25 | Ep 37/50 | Loss 0.0547 Acc 98.17% | Val 0.0483 Acc 98.26% | 56.8s
2026-07-28 12:49:15 | Ep 38/50 | Loss 0.0518 Acc 98.31% | Val 0.0638 Acc 97.85% | 50.1s
2026-07-28 12:50:05 | Ep 39/50 | Loss 0.0617 Acc 98.00% | Val 0.0621 Acc 97.93% | 50.4s
2026-07-28 12:51:07 | Ep 40/50 | Loss 0.0526 Acc 98.24% | Val 0.0600 Acc 97.99% | 61.7s
2026-07-28 12:51:58 | Ep 41/50 | Loss 0.0519 Acc 98.29% | Val 0.0556 Acc 98.12% | 50.2s
2026-07-28 12:52:49 | Ep 42/50 | Loss 0.0510 Acc 98.23% | Val 0.0894 Acc 96.88% | 51.0s
2026-07-28 12:53:40 | Ep 43/50 | Loss 0.0525 Acc 98.18% | Val 0.0506 Acc 98.26% | 50.4s
2026-07-28 12:54:30 | Ep 44/50 | Loss 0.0518 Acc 98.32% | Val 0.0466 Acc 98.45% | 50.5s
2026-07-28 12:54:31 |   -> saved best
2026-07-28 12:55:21 | Ep 45/50 | Loss 0.0496 Acc 98.38% | Val 0.0437 Acc 98.48% | 50.8s
2026-07-28 12:55:22 |   -> saved best
2026-07-28 12:56:16 | Ep 46/50 | Loss 0.0474 Acc 98.39% | Val 0.0483 Acc 98.12% | 53.8s
2026-07-28 12:57:09 | Ep 47/50 | Loss 0.0507 Acc 98.30% | Val 0.0489 Acc 98.45% | 53.2s
2026-07-28 12:58:06 | Ep 48/50 | Loss 0.0481 Acc 98.36% | Val 0.0449 Acc 98.51% | 57.1s
2026-07-28 12:59:03 | Ep 49/50 | Loss 0.0449 Acc 98.64% | Val 0.0446 Acc 98.53% | 56.0s
2026-07-28 12:59:53 | Ep 50/50 | Loss 0.0477 Acc 98.37% | Val 0.0461 Acc 98.45% | 50.1s
2026-07-28 12:59:53 | Done in 45.81 min
2026-07-28 13:00:05 | 
================================================================================
2026-07-28 13:00:05 | TRAIN (FROM SCRATCH): DeiT-Small | Fold 4/5 | batch=64
2026-07-28 13:00:05 | ================================================================================
2026-07-28 13:00:05 |   [INFO] DeiT-Small initialized FROM SCRATCH (no pretrained weights)
2026-07-28 13:01:27 | Ep 01/50 | Loss 0.4220 Acc 82.96% | Val 0.1504 Acc 94.73% | 81.8s
2026-07-28 13:01:27 |   -> saved best
2026-07-28 13:02:23 | Ep 02/50 | Loss 0.1727 Acc 93.84% | Val 0.1291 Acc 95.11% | 56.0s
2026-07-28 13:02:23 |   -> saved best
2026-07-28 13:03:20 | Ep 03/50 | Loss 0.1401 Acc 95.18% | Val 0.1436 Acc 94.62% | 50.3s
2026-07-28 13:04:10 | Ep 04/50 | Loss 0.1244 Acc 95.45% | Val 0.0997 Acc 96.28% | 50.2s
2026-07-28 13:04:10 |   -> saved best
2026-07-28 13:05:01 | Ep 05/50 | Loss 0.1136 Acc 96.11% | Val 0.0965 Acc 96.60% | 50.9s
2026-07-28 13:05:01 |   -> saved best
2026-07-28 13:05:52 | Ep 06/50 | Loss 0.1093 Acc 96.03% | Val 0.0751 Acc 97.55% | 50.6s
2026-07-28 13:05:52 |   -> saved best
2026-07-28 13:06:43 | Ep 07/50 | Loss 0.0999 Acc 96.38% | Val 0.0824 Acc 97.01% | 50.6s
2026-07-28 13:07:34 | Ep 08/50 | Loss 0.0950 Acc 96.64% | Val 0.0705 Acc 97.66% | 50.3s
2026-07-28 13:07:34 |   -> saved best
2026-07-28 13:08:24 | Ep 09/50 | Loss 0.0862 Acc 96.91% | Val 0.0641 Acc 97.69% | 50.4s
2026-07-28 13:08:24 |   -> saved best
2026-07-28 13:09:15 | Ep 10/50 | Loss 0.0848 Acc 97.30% | Val 0.0910 Acc 96.55% | 50.1s
2026-07-28 13:10:07 | Ep 11/50 | Loss 0.0858 Acc 97.00% | Val 0.0604 Acc 97.96% | 51.7s
2026-07-28 13:10:07 |   -> saved best
2026-07-28 13:11:00 | Ep 12/50 | Loss 0.0815 Acc 97.20% | Val 0.0614 Acc 97.91% | 53.2s
2026-07-28 13:12:01 | Ep 13/50 | Loss 0.0815 Acc 97.17% | Val 0.0783 Acc 97.28% | 60.5s
2026-07-28 13:12:54 | Ep 14/50 | Loss 0.0791 Acc 97.34% | Val 0.0642 Acc 97.91% | 52.7s
2026-07-28 13:13:44 | Ep 15/50 | Loss 0.0770 Acc 97.45% | Val 0.0721 Acc 97.50% | 50.2s
2026-07-28 13:14:35 | Ep 16/50 | Loss 0.0767 Acc 97.36% | Val 0.0567 Acc 98.12% | 50.4s
2026-07-28 13:14:35 |   -> saved best
2026-07-28 13:15:25 | Ep 17/50 | Loss 0.0703 Acc 97.58% | Val 0.0593 Acc 98.21% | 49.5s
2026-07-28 13:16:16 | Ep 18/50 | Loss 0.0704 Acc 97.53% | Val 0.0691 Acc 97.69% | 50.8s
2026-07-28 13:17:06 | Ep 19/50 | Loss 0.0707 Acc 97.59% | Val 0.0652 Acc 97.77% | 50.1s
2026-07-28 13:17:57 | Ep 20/50 | Loss 0.0703 Acc 97.57% | Val 0.0720 Acc 97.42% | 51.2s
2026-07-28 13:18:48 | Ep 21/50 | Loss 0.0666 Acc 97.79% | Val 0.0582 Acc 97.80% | 50.8s
2026-07-28 13:19:39 | Ep 22/50 | Loss 0.0657 Acc 97.66% | Val 0.0614 Acc 98.21% | 50.7s
2026-07-28 13:20:38 | Ep 23/50 | Loss 0.0680 Acc 97.68% | Val 0.0459 Acc 98.51% | 58.7s
2026-07-28 13:20:38 |   -> saved best
2026-07-28 13:21:44 | Ep 24/50 | Loss 0.0684 Acc 97.69% | Val 0.0644 Acc 97.99% | 65.2s
2026-07-28 13:22:35 | Ep 25/50 | Loss 0.0674 Acc 97.78% | Val 0.0495 Acc 98.34% | 51.1s
2026-07-28 13:23:33 | Ep 26/50 | Loss 0.0623 Acc 97.93% | Val 0.0523 Acc 98.26% | 57.9s
2026-07-28 13:24:29 | Ep 27/50 | Loss 0.0621 Acc 97.89% | Val 0.0592 Acc 97.93% | 55.9s
2026-07-28 13:25:23 | Ep 28/50 | Loss 0.0599 Acc 97.94% | Val 0.0522 Acc 98.29% | 53.9s
2026-07-28 13:26:15 | Ep 29/50 | Loss 0.0611 Acc 97.91% | Val 0.0493 Acc 98.29% | 51.6s
2026-07-28 13:27:05 | Ep 30/50 | Loss 0.0594 Acc 98.06% | Val 0.0824 Acc 96.96% | 49.8s
2026-07-28 13:27:56 | Ep 31/50 | Loss 0.0627 Acc 97.79% | Val 0.0479 Acc 98.56% | 50.6s
2026-07-28 13:28:46 | Ep 32/50 | Loss 0.0552 Acc 98.11% | Val 0.0653 Acc 97.77% | 50.1s
2026-07-28 13:29:49 | Ep 33/50 | Loss 0.0538 Acc 98.12% | Val 0.0611 Acc 97.61% | 62.3s
2026-07-28 13:30:39 | Ep 34/50 | Loss 0.0544 Acc 98.17% | Val 0.0478 Acc 98.45% | 50.2s
2026-07-28 13:31:41 | Ep 35/50 | Loss 0.0547 Acc 98.16% | Val 0.0736 Acc 97.42% | 61.0s
2026-07-28 13:32:43 | Ep 36/50 | Loss 0.0590 Acc 98.03% | Val 0.0618 Acc 97.99% | 62.2s
2026-07-28 13:33:33 | Ep 37/50 | Loss 0.0534 Acc 98.23% | Val 0.0490 Acc 98.48% | 50.1s
2026-07-28 13:34:24 | Ep 38/50 | Loss 0.0584 Acc 97.96% | Val 0.0507 Acc 98.34% | 50.0s
2026-07-28 13:34:24 |   Early stop at epoch 38
2026-07-28 13:34:24 | Done in 34.32 min
2026-07-28 13:34:35 | 
================================================================================
2026-07-28 13:34:35 | TRAIN (FROM SCRATCH): DeiT-Small | Fold 5/5 | batch=64
2026-07-28 13:34:35 | ================================================================================
2026-07-28 13:34:36 |   [INFO] DeiT-Small initialized FROM SCRATCH (no pretrained weights)
2026-07-28 13:35:57 | Ep 01/50 | Loss 0.4265 Acc 82.86% | Val 0.1865 Acc 92.85% | 81.1s
2026-07-28 13:35:57 |   -> saved best
2026-07-28 13:36:47 | Ep 02/50 | Loss 0.1882 Acc 93.10% | Val 0.1397 Acc 94.92% | 50.4s
2026-07-28 13:36:47 |   -> saved best
2026-07-28 13:37:40 | Ep 03/50 | Loss 0.1485 Acc 94.53% | Val 0.1177 Acc 95.60% | 52.2s
2026-07-28 13:37:40 |   -> saved best
2026-07-28 13:38:41 | Ep 04/50 | Loss 0.1394 Acc 94.93% | Val 0.1290 Acc 95.30% | 50.2s
2026-07-28 13:39:33 | Ep 05/50 | Loss 0.1197 Acc 95.73% | Val 0.1005 Acc 96.28% | 51.7s
2026-07-28 13:39:33 |   -> saved best
2026-07-28 13:40:30 | Ep 06/50 | Loss 0.1109 Acc 96.10% | Val 0.0978 Acc 96.60% | 56.7s
2026-07-28 13:40:30 |   -> saved best
2026-07-28 13:41:43 | Ep 07/50 | Loss 0.1084 Acc 96.17% | Val 0.0864 Acc 96.98% | 72.8s
2026-07-28 13:41:43 |   -> saved best
2026-07-28 13:42:34 | Ep 08/50 | Loss 0.0986 Acc 96.44% | Val 0.0920 Acc 96.98% | 50.4s
2026-07-28 13:43:24 | Ep 09/50 | Loss 0.0975 Acc 96.56% | Val 0.0814 Acc 97.15% | 50.7s
2026-07-28 13:43:25 |   -> saved best
2026-07-28 13:44:15 | Ep 10/50 | Loss 0.0867 Acc 96.94% | Val 0.0918 Acc 96.66% | 50.6s
2026-07-28 13:45:06 | Ep 11/50 | Loss 0.0869 Acc 97.02% | Val 0.0753 Acc 97.36% | 50.6s
2026-07-28 13:45:06 |   -> saved best
2026-07-28 13:45:57 | Ep 12/50 | Loss 0.0844 Acc 96.97% | Val 0.0897 Acc 96.98% | 50.3s
2026-07-28 13:46:48 | Ep 13/50 | Loss 0.0831 Acc 97.11% | Val 0.0713 Acc 97.74% | 50.7s
2026-07-28 13:46:48 |   -> saved best
2026-07-28 13:47:41 | Ep 14/50 | Loss 0.0832 Acc 97.05% | Val 0.0671 Acc 97.88% | 53.0s
2026-07-28 13:47:41 |   -> saved best
2026-07-28 13:48:41 | Ep 15/50 | Loss 0.0811 Acc 97.21% | Val 0.0785 Acc 97.15% | 59.2s
2026-07-28 13:49:35 | Ep 16/50 | Loss 0.0733 Acc 97.53% | Val 0.0887 Acc 97.01% | 53.7s
2026-07-28 13:50:34 | Ep 17/50 | Loss 0.0756 Acc 97.51% | Val 0.0765 Acc 97.26% | 59.2s
2026-07-28 13:51:27 | Ep 18/50 | Loss 0.0743 Acc 97.49% | Val 0.0743 Acc 97.55% | 52.8s
2026-07-28 13:52:23 | Ep 19/50 | Loss 0.0702 Acc 97.66% | Val 0.0707 Acc 97.61% | 55.3s
2026-07-28 13:53:19 | Ep 20/50 | Loss 0.0659 Acc 97.74% | Val 0.1061 Acc 96.41% | 56.0s
2026-07-28 13:54:26 | Ep 21/50 | Loss 0.0689 Acc 97.67% | Val 0.0991 Acc 96.36% | 67.0s
2026-07-28 13:55:29 | Ep 22/50 | Loss 0.0677 Acc 97.74% | Val 0.0994 Acc 96.93% | 62.6s
2026-07-28 13:56:22 | Ep 23/50 | Loss 0.0653 Acc 97.64% | Val 0.0658 Acc 97.66% | 52.9s
2026-07-28 13:56:22 |   -> saved best
2026-07-28 13:57:15 | Ep 24/50 | Loss 0.0626 Acc 97.81% | Val 0.0853 Acc 97.12% | 52.4s
2026-07-28 13:58:06 | Ep 25/50 | Loss 0.0645 Acc 97.74% | Val 0.0995 Acc 96.88% | 51.1s
2026-07-28 13:59:06 | Ep 26/50 | Loss 0.0619 Acc 97.77% | Val 0.0682 Acc 97.69% | 59.6s
2026-07-28 13:59:56 | Ep 27/50 | Loss 0.0582 Acc 98.09% | Val 0.0603 Acc 97.80% | 49.9s
2026-07-28 13:59:56 |   -> saved best
2026-07-28 14:00:50 | Ep 28/50 | Loss 0.0647 Acc 97.82% | Val 0.0698 Acc 97.58% | 53.5s
2026-07-28 14:01:46 | Ep 29/50 | Loss 0.0567 Acc 98.12% | Val 0.0704 Acc 97.72% | 55.8s
2026-07-28 14:02:35 | Ep 30/50 | Loss 0.0582 Acc 97.91% | Val 0.0655 Acc 97.55% | 49.4s
2026-07-28 14:03:25 | Ep 31/50 | Loss 0.0575 Acc 98.08% | Val 0.0767 Acc 97.42% | 49.7s
2026-07-28 14:04:14 | Ep 32/50 | Loss 0.0565 Acc 98.17% | Val 0.0651 Acc 97.88% | 48.8s
2026-07-28 14:05:04 | Ep 33/50 | Loss 0.0566 Acc 98.15% | Val 0.0600 Acc 97.93% | 49.3s
2026-07-28 14:05:04 |   -> saved best
2026-07-28 14:05:54 | Ep 34/50 | Loss 0.0520 Acc 98.28% | Val 0.0601 Acc 97.93% | 49.5s
2026-07-28 14:06:43 | Ep 35/50 | Loss 0.0520 Acc 98.32% | Val 0.0662 Acc 97.96% | 48.8s
2026-07-28 14:07:32 | Ep 36/50 | Loss 0.0582 Acc 98.07% | Val 0.0595 Acc 97.88% | 49.1s
2026-07-28 14:07:32 |   -> saved best
2026-07-28 14:08:22 | Ep 37/50 | Loss 0.0557 Acc 98.23% | Val 0.0579 Acc 98.18% | 49.2s
2026-07-28 14:08:22 |   -> saved best
2026-07-28 14:09:14 | Ep 38/50 | Loss 0.0561 Acc 98.09% | Val 0.0597 Acc 97.93% | 52.3s
2026-07-28 14:10:05 | Ep 39/50 | Loss 0.0511 Acc 98.21% | Val 0.0693 Acc 97.64% | 50.1s
2026-07-28 14:10:54 | Ep 40/50 | Loss 0.0545 Acc 98.12% | Val 0.0660 Acc 97.61% | 49.4s
2026-07-28 14:11:44 | Ep 41/50 | Loss 0.0507 Acc 98.23% | Val 0.0741 Acc 97.64% | 49.0s
2026-07-28 14:12:33 | Ep 42/50 | Loss 0.0499 Acc 98.32% | Val 0.0626 Acc 97.85% | 49.0s
2026-07-28 14:13:23 | Ep 43/50 | Loss 0.0508 Acc 98.22% | Val 0.0678 Acc 98.02% | 49.9s
2026-07-28 14:14:13 | Ep 44/50 | Loss 0.0498 Acc 98.20% | Val 0.0764 Acc 97.58% | 49.8s
2026-07-28 14:15:11 | Ep 45/50 | Loss 0.0516 Acc 98.17% | Val 0.0671 Acc 97.83% | 57.7s
2026-07-28 14:16:03 | Ep 46/50 | Loss 0.0503 Acc 98.33% | Val 0.0597 Acc 97.91% | 52.4s
2026-07-28 14:16:54 | Ep 47/50 | Loss 0.0476 Acc 98.34% | Val 0.0832 Acc 97.12% | 49.9s
2026-07-28 14:17:43 | Ep 48/50 | Loss 0.0508 Acc 98.17% | Val 0.0674 Acc 97.80% | 49.5s
2026-07-28 14:18:33 | Ep 49/50 | Loss 0.0444 Acc 98.54% | Val 0.0675 Acc 97.69% | 49.2s
2026-07-28 14:19:22 | Ep 50/50 | Loss 0.0486 Acc 98.38% | Val 0.0644 Acc 97.77% | 49.3s
2026-07-28 14:19:23 | Done in 44.78 min
2026-07-28 14:19:35 | 
================================================================================
2026-07-28 14:19:35 | TRAIN (FROM SCRATCH): ViT-B/16 | Fold 1/5 | batch=32
2026-07-28 14:19:35 | ================================================================================
2026-07-28 14:19:36 |   [INFO] ViT-B/16 initialized FROM SCRATCH (no pretrained weights)
2026-07-28 14:20:58 | Ep 01/50 | Loss 0.4022 Acc 84.44% | Val 0.2640 Acc 89.46% | 81.6s
2026-07-28 14:20:58 |   -> saved best
2026-07-28 14:21:56 | Ep 02/50 | Loss 0.1753 Acc 93.62% | Val 0.1403 Acc 95.22% | 55.4s
2026-07-28 14:22:00 |   -> saved best
2026-07-28 14:23:02 | Ep 03/50 | Loss 0.1496 Acc 94.63% | Val 0.1926 Acc 92.42% | 60.7s
2026-07-28 14:23:54 | Ep 04/50 | Loss 0.1376 Acc 94.98% | Val 0.1005 Acc 96.82% | 50.5s
2026-07-28 14:23:55 |   -> saved best
2026-07-28 14:24:45 | Ep 05/50 | Loss 0.1276 Acc 95.43% | Val 0.1049 Acc 96.14% | 50.0s
2026-07-28 14:25:47 | Ep 06/50 | Loss 0.1142 Acc 95.94% | Val 0.1192 Acc 95.73% | 53.2s
2026-07-28 14:26:38 | Ep 07/50 | Loss 0.1091 Acc 96.28% | Val 0.0907 Acc 96.96% | 50.4s
2026-07-28 14:26:38 |   -> saved best
2026-07-28 14:27:29 | Ep 08/50 | Loss 0.1025 Acc 96.43% | Val 0.0903 Acc 96.88% | 49.9s
2026-07-28 14:27:29 |   -> saved best
2026-07-28 14:28:30 | Ep 09/50 | Loss 0.1058 Acc 96.33% | Val 0.0940 Acc 96.79% | 52.5s
2026-07-28 14:29:34 | Ep 10/50 | Loss 0.1030 Acc 96.31% | Val 0.1049 Acc 96.12% | 50.0s
2026-07-28 14:30:25 | Ep 11/50 | Loss 0.1047 Acc 96.50% | Val 0.0806 Acc 97.28% | 50.3s
2026-07-28 14:30:25 |   -> saved best
2026-07-28 14:31:16 | Ep 12/50 | Loss 0.1005 Acc 96.44% | Val 0.4628 Acc 86.36% | 50.7s
2026-07-28 14:32:15 | Ep 13/50 | Loss 0.1896 Acc 93.24% | Val 0.1519 Acc 94.43% | 57.4s
2026-07-28 14:33:19 | Ep 14/50 | Loss 0.1504 Acc 94.71% | Val 0.1080 Acc 96.39% | 49.7s
2026-07-28 14:34:10 | Ep 15/50 | Loss 0.1201 Acc 95.69% | Val 0.0861 Acc 96.98% | 49.9s
2026-07-28 14:35:00 | Ep 16/50 | Loss 0.1127 Acc 96.20% | Val 0.0914 Acc 96.96% | 49.7s
2026-07-28 14:35:53 | Ep 17/50 | Loss 0.1213 Acc 95.91% | Val 0.1031 Acc 96.52% | 52.0s
2026-07-28 14:36:51 | Ep 18/50 | Loss 0.1235 Acc 95.67% | Val 0.0967 Acc 96.52% | 51.4s
2026-07-28 14:37:44 | Ep 19/50 | Loss 0.1102 Acc 95.99% | Val 0.0818 Acc 96.98% | 52.1s
2026-07-28 14:38:46 | Ep 20/50 | Loss 0.1043 Acc 96.15% | Val 0.0947 Acc 96.77% | 51.5s
2026-07-28 14:39:40 | Ep 21/50 | Loss 0.1131 Acc 96.08% | Val 0.0884 Acc 96.71% | 53.4s
2026-07-28 14:40:49 | Ep 22/50 | Loss 0.1008 Acc 96.41% | Val 0.1032 Acc 96.36% | 61.0s
2026-07-28 14:41:50 | Ep 23/50 | Loss 0.1051 Acc 96.23% | Val 0.0774 Acc 97.58% | 52.9s
2026-07-28 14:41:50 |   -> saved best
2026-07-28 14:42:52 | Ep 24/50 | Loss 0.0977 Acc 96.62% | Val 0.0954 Acc 96.60% | 60.8s
2026-07-28 14:43:49 | Ep 25/50 | Loss 0.0991 Acc 96.56% | Val 0.0924 Acc 96.88% | 52.7s
2026-07-28 14:44:46 | Ep 26/50 | Loss 0.1016 Acc 96.38% | Val 0.1118 Acc 95.98% | 56.6s
2026-07-28 14:45:45 | Ep 27/50 | Loss 0.0917 Acc 96.91% | Val 0.0747 Acc 97.47% | 52.8s
2026-07-28 14:45:45 |   -> saved best
2026-07-28 14:46:39 | Ep 28/50 | Loss 0.0906 Acc 96.87% | Val 0.0817 Acc 97.34% | 53.0s
2026-07-28 14:47:33 | Ep 29/50 | Loss 0.0964 Acc 96.60% | Val 0.0716 Acc 97.47% | 53.3s
2026-07-28 14:47:33 |   -> saved best
2026-07-28 14:48:39 | Ep 30/50 | Loss 0.0885 Acc 96.96% | Val 0.0753 Acc 97.23% | 58.8s
2026-07-28 14:49:31 | Ep 31/50 | Loss 0.0981 Acc 96.45% | Val 0.0829 Acc 97.09% | 51.2s
2026-07-28 14:50:23 | Ep 32/50 | Loss 0.0935 Acc 96.69% | Val 0.0860 Acc 97.09% | 51.3s
2026-07-28 14:51:15 | Ep 33/50 | Loss 0.0886 Acc 96.94% | Val 0.0846 Acc 97.17% | 51.0s
2026-07-28 14:52:24 | Ep 34/50 | Loss 0.0926 Acc 96.65% | Val 0.0858 Acc 96.96% | 58.1s
2026-07-28 14:53:19 | Ep 35/50 | Loss 0.0868 Acc 97.08% | Val 0.0865 Acc 96.58% | 51.0s
2026-07-28 14:54:11 | Ep 36/50 | Loss 0.0893 Acc 97.03% | Val 0.0840 Acc 97.23% | 52.0s
2026-07-28 14:55:04 | Ep 37/50 | Loss 0.0940 Acc 96.77% | Val 0.0725 Acc 97.64% | 52.2s
2026-07-28 14:55:58 | Ep 38/50 | Loss 0.0867 Acc 96.97% | Val 0.0951 Acc 96.31% | 52.6s
2026-07-28 14:57:12 | Ep 39/50 | Loss 0.0919 Acc 96.75% | Val 0.0863 Acc 96.93% | 64.8s
2026-07-28 14:58:05 | Ep 40/50 | Loss 0.0904 Acc 96.81% | Val 0.0842 Acc 96.88% | 52.5s
2026-07-28 14:58:58 | Ep 41/50 | Loss 0.0876 Acc 96.93% | Val 0.0920 Acc 97.01% | 52.2s
2026-07-28 14:59:51 | Ep 42/50 | Loss 0.0853 Acc 96.98% | Val 0.0797 Acc 97.50% | 52.5s
2026-07-28 15:00:47 | Ep 43/50 | Loss 0.0793 Acc 97.24% | Val 0.0811 Acc 97.15% | 55.5s
2026-07-28 15:01:44 | Ep 44/50 | Loss 0.0830 Acc 97.07% | Val 0.0833 Acc 97.31% | 52.2s
2026-07-28 15:01:45 |   Early stop at epoch 44
2026-07-28 15:01:45 | Done in 42.14 min
2026-07-28 15:01:58 | 
================================================================================
2026-07-28 15:01:58 | TRAIN (FROM SCRATCH): ViT-B/16 | Fold 2/5 | batch=32
2026-07-28 15:01:58 | ================================================================================
2026-07-28 15:01:58 |   [INFO] ViT-B/16 initialized FROM SCRATCH (no pretrained weights)
2026-07-28 15:03:22 | Ep 01/50 | Loss 0.3509 Acc 86.77% | Val 0.1684 Acc 93.40% | 83.8s
2026-07-28 15:03:22 |   -> saved best
2026-07-28 15:04:17 | Ep 02/50 | Loss 0.1763 Acc 93.65% | Val 0.1489 Acc 94.59% | 54.0s
2026-07-28 15:04:18 |   -> saved best
2026-07-28 15:05:37 | Ep 03/50 | Loss 0.1414 Acc 94.84% | Val 0.0927 Acc 96.85% | 61.9s
2026-07-28 15:05:46 |   -> saved best
2026-07-28 15:06:41 | Ep 04/50 | Loss 0.1250 Acc 95.53% | Val 0.0809 Acc 97.17% | 52.6s
2026-07-28 15:06:42 |   -> saved best
2026-07-28 15:07:37 | Ep 05/50 | Loss 0.1280 Acc 95.42% | Val 0.1115 Acc 96.01% | 54.9s
2026-07-28 15:08:41 | Ep 06/50 | Loss 0.1129 Acc 96.03% | Val 0.0844 Acc 97.28% | 53.7s
2026-07-28 15:09:49 | Ep 07/50 | Loss 0.1121 Acc 96.13% | Val 0.1093 Acc 96.17% | 60.1s
2026-07-28 15:10:49 | Ep 08/50 | Loss 0.1083 Acc 96.15% | Val 0.0851 Acc 96.79% | 52.6s
2026-07-28 15:11:54 | Ep 09/50 | Loss 0.1024 Acc 96.43% | Val 0.0802 Acc 97.20% | 52.6s
2026-07-28 15:11:55 |   -> saved best
2026-07-28 15:13:00 | Ep 10/50 | Loss 0.1012 Acc 96.28% | Val 0.0858 Acc 97.15% | 64.1s
2026-07-28 15:14:14 | Ep 11/50 | Loss 0.0975 Acc 96.65% | Val 0.0664 Acc 97.83% | 57.6s
2026-07-28 15:14:14 |   -> saved best
2026-07-28 15:15:08 | Ep 12/50 | Loss 0.0983 Acc 96.68% | Val 0.0892 Acc 96.88% | 52.4s
2026-07-28 15:16:03 | Ep 13/50 | Loss 0.0972 Acc 96.54% | Val 0.0721 Acc 97.77% | 54.8s
2026-07-28 15:17:07 | Ep 14/50 | Loss 0.1007 Acc 96.46% | Val 0.0791 Acc 97.26% | 53.0s
2026-07-28 15:18:07 | Ep 15/50 | Loss 0.0929 Acc 96.73% | Val 0.1042 Acc 96.20% | 54.9s
2026-07-28 15:19:03 | Ep 16/50 | Loss 0.0908 Acc 96.85% | Val 0.0828 Acc 97.45% | 52.7s
2026-07-28 15:19:56 | Ep 17/50 | Loss 0.0947 Acc 96.51% | Val 0.0785 Acc 97.17% | 52.5s
2026-07-28 15:20:48 | Ep 18/50 | Loss 0.0875 Acc 96.92% | Val 0.0703 Acc 97.64% | 51.8s
2026-07-28 15:21:49 | Ep 19/50 | Loss 0.0882 Acc 96.92% | Val 0.0880 Acc 97.26% | 56.9s
2026-07-28 15:22:57 | Ep 20/50 | Loss 0.0943 Acc 96.59% | Val 0.0836 Acc 97.04% | 52.4s
2026-07-28 15:24:05 | Ep 21/50 | Loss 0.0823 Acc 97.11% | Val 0.0846 Acc 97.31% | 67.7s
2026-07-28 15:25:07 | Ep 22/50 | Loss 0.0876 Acc 96.95% | Val 0.0844 Acc 97.07% | 60.8s
2026-07-28 15:26:09 | Ep 23/50 | Loss 0.0851 Acc 97.01% | Val 0.0801 Acc 97.31% | 57.5s
2026-07-28 15:27:20 | Ep 24/50 | Loss 0.0888 Acc 96.91% | Val 0.0810 Acc 97.28% | 57.7s
2026-07-28 15:28:17 | Ep 25/50 | Loss 0.0936 Acc 96.69% | Val 0.0724 Acc 97.69% | 55.7s
2026-07-28 15:29:23 | Ep 26/50 | Loss 0.0919 Acc 96.68% | Val 0.0880 Acc 96.96% | 54.0s
2026-07-28 15:29:24 |   Early stop at epoch 26
2026-07-28 15:29:24 | Done in 27.43 min
2026-07-28 15:29:36 | 
================================================================================
2026-07-28 15:29:36 | TRAIN (FROM SCRATCH): ViT-B/16 | Fold 3/5 | batch=32
2026-07-28 15:29:36 | ================================================================================
2026-07-28 15:29:37 |   [INFO] ViT-B/16 initialized FROM SCRATCH (no pretrained weights)
2026-07-28 15:31:01 | Ep 01/50 | Loss 0.4132 Acc 84.36% | Val 0.1780 Acc 93.91% | 84.2s
2026-07-28 15:31:01 |   -> saved best
2026-07-28 15:32:03 | Ep 02/50 | Loss 0.1908 Acc 93.06% | Val 0.1450 Acc 94.67% | 57.8s
2026-07-28 15:32:05 |   -> saved best
2026-07-28 15:33:02 | Ep 03/50 | Loss 0.1565 Acc 94.24% | Val 0.1262 Acc 95.87% | 54.7s
2026-07-28 15:33:02 |   -> saved best
2026-07-28 15:33:57 | Ep 04/50 | Loss 0.1550 Acc 94.52% | Val 0.1257 Acc 96.22% | 53.7s
2026-07-28 15:33:57 |   -> saved best
2026-07-28 15:35:00 | Ep 05/50 | Loss 0.1296 Acc 95.33% | Val 0.1145 Acc 95.92% | 56.0s
2026-07-28 15:35:00 |   -> saved best
2026-07-28 15:36:09 | Ep 06/50 | Loss 0.1319 Acc 95.33% | Val 0.1018 Acc 96.36% | 53.9s
2026-07-28 15:36:09 |   -> saved best
2026-07-28 15:37:10 | Ep 07/50 | Loss 0.1268 Acc 95.50% | Val 0.1485 Acc 94.73% | 60.3s
2026-07-28 15:38:16 | Ep 08/50 | Loss 0.1181 Acc 95.79% | Val 0.0939 Acc 96.55% | 58.9s
2026-07-28 15:38:16 |   -> saved best
2026-07-28 15:39:15 | Ep 09/50 | Loss 0.1107 Acc 96.20% | Val 0.1001 Acc 96.36% | 53.9s
2026-07-28 15:40:10 | Ep 10/50 | Loss 0.1175 Acc 95.82% | Val 0.0870 Acc 97.26% | 54.0s
2026-07-28 15:40:10 |   -> saved best
2026-07-28 15:41:05 | Ep 11/50 | Loss 0.1092 Acc 96.22% | Val 0.1151 Acc 96.11% | 53.9s
2026-07-28 15:42:08 | Ep 12/50 | Loss 0.1175 Acc 95.90% | Val 0.0940 Acc 96.58% | 58.0s
2026-07-28 15:43:22 | Ep 13/50 | Loss 0.1014 Acc 96.47% | Val 0.0828 Acc 97.15% | 59.3s
2026-07-28 15:43:22 |   -> saved best
2026-07-28 15:44:24 | Ep 14/50 | Loss 0.1012 Acc 96.47% | Val 0.1293 Acc 95.22% | 54.9s
2026-07-28 15:45:19 | Ep 15/50 | Loss 0.1006 Acc 96.47% | Val 0.0800 Acc 97.17% | 53.9s
2026-07-28 15:45:19 |   -> saved best
2026-07-28 15:46:23 | Ep 16/50 | Loss 0.0945 Acc 96.56% | Val 0.0866 Acc 96.88% | 57.0s
2026-07-28 15:47:18 | Ep 17/50 | Loss 0.1695 Acc 93.97% | Val 0.1661 Acc 93.72% | 54.0s
2026-07-28 15:48:12 | Ep 18/50 | Loss 0.1442 Acc 94.88% | Val 0.1392 Acc 94.86% | 53.9s
2026-07-28 15:49:07 | Ep 19/50 | Loss 0.1248 Acc 95.44% | Val 0.1139 Acc 96.06% | 54.2s
2026-07-28 15:50:14 | Ep 20/50 | Loss 0.1597 Acc 94.32% | Val 0.1306 Acc 95.30% | 58.8s
2026-07-28 15:51:19 | Ep 21/50 | Loss 0.1751 Acc 93.90% | Val 0.1267 Acc 95.68% | 53.9s
2026-07-28 15:52:14 | Ep 22/50 | Loss 0.1480 Acc 94.95% | Val 0.1567 Acc 94.54% | 54.8s
2026-07-28 15:53:15 | Ep 23/50 | Loss 0.1295 Acc 95.37% | Val 0.1085 Acc 96.68% | 59.6s
2026-07-28 15:54:16 | Ep 24/50 | Loss 0.1160 Acc 95.96% | Val 0.0980 Acc 96.74% | 54.0s
2026-07-28 15:55:20 | Ep 25/50 | Loss 0.1128 Acc 96.09% | Val 0.0976 Acc 96.49% | 57.7s
2026-07-28 15:56:16 | Ep 26/50 | Loss 0.1081 Acc 96.27% | Val 0.1270 Acc 95.68% | 54.8s
2026-07-28 15:57:11 | Ep 27/50 | Loss 0.1106 Acc 96.16% | Val 0.1027 Acc 96.66% | 54.4s
2026-07-28 15:58:08 | Ep 28/50 | Loss 0.0980 Acc 96.77% | Val 0.0874 Acc 96.98% | 56.1s
2026-07-28 15:59:08 | Ep 29/50 | Loss 0.1038 Acc 96.44% | Val 0.1010 Acc 96.39% | 58.9s
2026-07-28 16:00:17 | Ep 30/50 | Loss 0.1059 Acc 96.32% | Val 0.1069 Acc 96.77% | 52.8s
2026-07-28 16:00:18 |   Early stop at epoch 30
2026-07-28 16:00:18 | Done in 30.68 min
2026-07-28 16:00:31 | 
================================================================================
2026-07-28 16:00:31 | TRAIN (FROM SCRATCH): ViT-B/16 | Fold 4/5 | batch=32
2026-07-28 16:00:31 | ================================================================================
2026-07-28 16:00:31 |   [INFO] ViT-B/16 initialized FROM SCRATCH (no pretrained weights)
2026-07-28 16:01:56 | Ep 01/50 | Loss 0.3330 Acc 87.26% | Val 0.1476 Acc 94.86% | 84.4s
2026-07-28 16:01:56 |   -> saved best
2026-07-28 16:02:50 | Ep 02/50 | Loss 0.1750 Acc 93.83% | Val 0.1089 Acc 96.25% | 53.1s
2026-07-28 16:02:51 |   -> saved best
2026-07-28 16:04:01 | Ep 03/50 | Loss 0.1460 Acc 94.96% | Val 0.1014 Acc 96.52% | 58.7s
2026-07-28 16:04:03 |   -> saved best
2026-07-28 16:05:11 | Ep 04/50 | Loss 0.1351 Acc 95.25% | Val 0.1140 Acc 96.41% | 61.7s
2026-07-28 16:06:07 | Ep 05/50 | Loss 0.1285 Acc 95.50% | Val 0.1147 Acc 96.01% | 52.3s
2026-07-28 16:07:00 | Ep 06/50 | Loss 0.1262 Acc 95.69% | Val 0.0788 Acc 97.42% | 52.4s
2026-07-28 16:07:00 |   -> saved best
2026-07-28 16:08:04 | Ep 07/50 | Loss 0.1108 Acc 96.11% | Val 0.0777 Acc 97.45% | 57.5s
2026-07-28 16:08:04 |   -> saved best
2026-07-28 16:08:58 | Ep 08/50 | Loss 0.1139 Acc 96.03% | Val 0.1091 Acc 96.25% | 53.0s
2026-07-28 16:10:04 | Ep 09/50 | Loss 0.1061 Acc 96.35% | Val 0.0749 Acc 97.74% | 65.3s
2026-07-28 16:10:04 |   -> saved best
2026-07-28 16:11:01 | Ep 10/50 | Loss 0.1164 Acc 96.03% | Val 0.0721 Acc 97.64% | 56.2s
2026-07-28 16:11:01 |   -> saved best
2026-07-28 16:12:01 | Ep 11/50 | Loss 0.1090 Acc 96.26% | Val 0.0784 Acc 97.31% | 53.2s
2026-07-28 16:13:07 | Ep 12/50 | Loss 0.1006 Acc 96.42% | Val 0.1373 Acc 94.86% | 64.9s
2026-07-28 16:14:01 | Ep 13/50 | Loss 0.1268 Acc 95.61% | Val 0.2449 Acc 91.98% | 52.6s
2026-07-28 16:15:03 | Ep 14/50 | Loss 0.1700 Acc 93.97% | Val 0.1150 Acc 95.79% | 56.1s
2026-07-28 16:15:57 | Ep 15/50 | Loss 0.1294 Acc 95.42% | Val 0.0783 Acc 97.45% | 52.6s
2026-07-28 16:16:50 | Ep 16/50 | Loss 0.1043 Acc 96.26% | Val 0.0764 Acc 97.69% | 52.4s
2026-07-28 16:17:43 | Ep 17/50 | Loss 0.1016 Acc 96.48% | Val 0.0748 Acc 97.26% | 52.5s
2026-07-28 16:18:48 | Ep 18/50 | Loss 0.1002 Acc 96.54% | Val 0.0902 Acc 97.17% | 56.6s
2026-07-28 16:19:52 | Ep 19/50 | Loss 0.1055 Acc 96.37% | Val 0.0773 Acc 97.53% | 52.1s
2026-07-28 16:20:45 | Ep 20/50 | Loss 0.0968 Acc 96.71% | Val 0.0701 Acc 97.64% | 51.8s
2026-07-28 16:20:45 |   -> saved best
2026-07-28 16:21:39 | Ep 21/50 | Loss 0.0939 Acc 96.71% | Val 0.1129 Acc 95.92% | 52.6s
2026-07-28 16:22:34 | Ep 22/50 | Loss 0.0970 Acc 96.59% | Val 0.0730 Acc 97.50% | 54.9s
2026-07-28 16:23:34 | Ep 23/50 | Loss 0.0979 Acc 96.50% | Val 0.0732 Acc 97.64% | 54.4s
2026-07-28 16:24:34 | Ep 24/50 | Loss 0.0933 Acc 96.62% | Val 0.0712 Acc 97.47% | 50.2s
2026-07-28 16:25:25 | Ep 25/50 | Loss 0.0918 Acc 96.73% | Val 0.0739 Acc 97.45% | 50.9s
2026-07-28 16:26:17 | Ep 26/50 | Loss 0.0898 Acc 96.77% | Val 0.0713 Acc 97.80% | 51.3s
2026-07-28 16:27:18 | Ep 27/50 | Loss 0.1002 Acc 96.58% | Val 0.1059 Acc 96.33% | 52.2s
2026-07-28 16:28:09 | Ep 28/50 | Loss 0.0925 Acc 96.81% | Val 0.0729 Acc 97.64% | 49.9s
2026-07-28 16:29:00 | Ep 29/50 | Loss 0.0979 Acc 96.46% | Val 0.0711 Acc 97.66% | 50.1s
2026-07-28 16:29:50 | Ep 30/50 | Loss 0.0906 Acc 96.77% | Val 0.0798 Acc 97.39% | 49.9s
2026-07-28 16:30:52 | Ep 31/50 | Loss 0.0923 Acc 96.81% | Val 0.0793 Acc 97.28% | 55.8s
2026-07-28 16:31:52 | Ep 32/50 | Loss 0.0943 Acc 96.77% | Val 0.0782 Acc 97.53% | 50.0s
2026-07-28 16:32:43 | Ep 33/50 | Loss 0.0907 Acc 96.86% | Val 0.0698 Acc 97.74% | 50.6s
2026-07-28 16:32:44 |   -> saved best
2026-07-28 16:33:35 | Ep 34/50 | Loss 0.1021 Acc 96.26% | Val 0.0825 Acc 97.31% | 50.1s
2026-07-28 16:34:27 | Ep 35/50 | Loss 0.0970 Acc 96.60% | Val 0.0821 Acc 97.20% | 51.7s
2026-07-28 16:35:28 | Ep 36/50 | Loss 0.0853 Acc 96.96% | Val 0.0676 Acc 97.88% | 51.1s
2026-07-28 16:35:28 |   -> saved best
2026-07-28 16:36:20 | Ep 37/50 | Loss 0.0835 Acc 97.15% | Val 0.0671 Acc 98.07% | 50.8s
2026-07-28 16:36:20 |   -> saved best
2026-07-28 16:37:10 | Ep 38/50 | Loss 0.0855 Acc 96.93% | Val 0.0685 Acc 97.64% | 49.7s
2026-07-28 16:38:04 | Ep 39/50 | Loss 0.0834 Acc 97.13% | Val 0.0612 Acc 97.96% | 53.2s
2026-07-28 16:38:05 |   -> saved best
2026-07-28 16:39:01 | Ep 40/50 | Loss 0.0858 Acc 97.16% | Val 0.0684 Acc 97.83% | 50.0s
2026-07-28 16:39:52 | Ep 41/50 | Loss 0.0869 Acc 96.94% | Val 0.0693 Acc 97.58% | 50.3s
2026-07-28 16:40:56 | Ep 42/50 | Loss 0.0840 Acc 97.05% | Val 0.0636 Acc 97.96% | 62.7s
2026-07-28 16:42:08 | Ep 43/50 | Loss 0.0783 Acc 97.24% | Val 0.1009 Acc 96.63% | 59.7s
2026-07-28 16:42:58 | Ep 44/50 | Loss 0.0837 Acc 97.04% | Val 0.0643 Acc 97.69% | 50.1s
2026-07-28 16:43:49 | Ep 45/50 | Loss 0.0875 Acc 96.98% | Val 0.1060 Acc 96.82% | 49.8s
2026-07-28 16:44:51 | Ep 46/50 | Loss 0.0910 Acc 96.60% | Val 0.0744 Acc 97.28% | 61.6s
2026-07-28 16:45:44 | Ep 47/50 | Loss 0.0868 Acc 96.90% | Val 0.0657 Acc 97.64% | 52.3s
2026-07-28 16:46:42 | Ep 48/50 | Loss 0.0846 Acc 97.00% | Val 0.1109 Acc 96.03% | 50.2s
2026-07-28 16:47:33 | Ep 49/50 | Loss 0.0838 Acc 97.09% | Val 0.0796 Acc 97.26% | 49.9s
2026-07-28 16:48:23 | Ep 50/50 | Loss 0.0891 Acc 96.90% | Val 0.0694 Acc 97.69% | 49.6s
2026-07-28 16:48:24 | Done in 47.88 min
2026-07-28 16:48:37 | 
================================================================================
2026-07-28 16:48:37 | TRAIN (FROM SCRATCH): ViT-B/16 | Fold 5/5 | batch=32
2026-07-28 16:48:37 | ================================================================================
2026-07-28 16:48:37 |   [INFO] ViT-B/16 initialized FROM SCRATCH (no pretrained weights)
2026-07-28 16:49:57 | Ep 01/50 | Loss 0.3854 Acc 85.14% | Val 0.1773 Acc 93.34% | 79.3s
2026-07-28 16:49:57 |   -> saved best
2026-07-28 16:51:01 | Ep 02/50 | Loss 0.1753 Acc 93.84% | Val 0.1437 Acc 94.86% | 58.3s
2026-07-28 16:51:11 |   -> saved best
2026-07-28 16:52:04 | Ep 03/50 | Loss 0.1527 Acc 94.65% | Val 0.1217 Acc 95.52% | 50.8s
2026-07-28 16:52:04 |   -> saved best
2026-07-28 16:52:55 | Ep 04/50 | Loss 0.1334 Acc 95.24% | Val 0.1398 Acc 95.00% | 50.6s
2026-07-28 16:54:06 | Ep 05/50 | Loss 0.1244 Acc 95.47% | Val 0.1204 Acc 96.09% | 57.0s
2026-07-28 16:54:08 |   -> saved best
2026-07-28 16:55:14 | Ep 06/50 | Loss 0.1126 Acc 95.99% | Val 0.1771 Acc 93.37% | 55.9s
2026-07-28 16:56:17 | Ep 07/50 | Loss 0.1207 Acc 95.84% | Val 0.1226 Acc 95.68% | 50.7s
2026-07-28 16:57:09 | Ep 08/50 | Loss 0.1130 Acc 96.07% | Val 0.0930 Acc 97.01% | 51.1s
2026-07-28 16:57:10 |   -> saved best
2026-07-28 16:58:12 | Ep 09/50 | Loss 0.1105 Acc 96.19% | Val 0.0961 Acc 96.41% | 62.1s
2026-07-28 16:59:15 | Ep 10/50 | Loss 0.1034 Acc 96.35% | Val 0.1095 Acc 96.17% | 53.3s
2026-07-28 17:00:06 | Ep 11/50 | Loss 0.1017 Acc 96.45% | Val 0.0880 Acc 97.01% | 50.4s
2026-07-28 17:00:06 |   -> saved best
2026-07-28 17:01:08 | Ep 12/50 | Loss 0.0995 Acc 96.45% | Val 0.1061 Acc 96.30% | 61.0s
2026-07-28 17:02:15 | Ep 13/50 | Loss 0.0981 Acc 96.51% | Val 0.1094 Acc 96.17% | 53.7s
2026-07-28 17:03:26 | Ep 14/50 | Loss 0.0902 Acc 96.94% | Val 0.0929 Acc 97.17% | 62.7s
2026-07-28 17:04:17 | Ep 15/50 | Loss 0.0983 Acc 96.55% | Val 0.0813 Acc 97.42% | 50.8s
2026-07-28 17:04:18 |   -> saved best
2026-07-28 17:05:09 | Ep 16/50 | Loss 0.0900 Acc 96.80% | Val 0.0788 Acc 97.58% | 50.5s
2026-07-28 17:05:09 |   -> saved best
2026-07-28 17:06:01 | Ep 17/50 | Loss 0.1002 Acc 96.66% | Val 0.0888 Acc 97.34% | 50.8s
2026-07-28 17:07:01 | Ep 18/50 | Loss 0.1082 Acc 96.44% | Val 0.0914 Acc 97.07% | 52.1s
2026-07-28 17:07:52 | Ep 19/50 | Loss 0.1023 Acc 96.37% | Val 0.1057 Acc 96.25% | 50.9s
2026-07-28 17:08:55 | Ep 20/50 | Loss 0.0902 Acc 96.73% | Val 0.0830 Acc 97.09% | 61.6s
2026-07-28 17:09:46 | Ep 21/50 | Loss 0.0915 Acc 96.75% | Val 0.1033 Acc 96.52% | 50.2s
2026-07-28 17:10:43 | Ep 22/50 | Loss 0.0923 Acc 96.73% | Val 0.0878 Acc 97.04% | 56.0s
2026-07-28 17:11:49 | Ep 23/50 | Loss 0.0859 Acc 97.11% | Val 0.1018 Acc 96.77% | 50.2s
2026-07-28 17:12:40 | Ep 24/50 | Loss 0.0907 Acc 96.75% | Val 0.0858 Acc 97.12% | 50.8s
2026-07-28 17:13:32 | Ep 25/50 | Loss 0.0816 Acc 97.19% | Val 0.0902 Acc 97.04% | 51.1s
2026-07-28 17:14:26 | Ep 26/50 | Loss 0.0873 Acc 97.06% | Val 0.0825 Acc 97.39% | 52.9s
2026-07-28 17:15:37 | Ep 27/50 | Loss 0.0839 Acc 97.02% | Val 0.0883 Acc 97.20% | 52.6s
2026-07-28 17:16:28 | Ep 28/50 | Loss 0.0943 Acc 96.49% | Val 0.0887 Acc 97.04% | 50.6s
2026-07-28 17:17:20 | Ep 29/50 | Loss 0.0867 Acc 97.00% | Val 0.1053 Acc 96.33% | 51.1s
2026-07-28 17:18:11 | Ep 30/50 | Loss 0.1071 Acc 96.07% | Val 0.1841 Acc 93.48% | 50.8s
2026-07-28 17:19:06 | Ep 31/50 | Loss 0.1465 Acc 94.76% | Val 0.1028 Acc 96.39% | 54.2s
2026-07-28 17:19:12 |   Early stop at epoch 31
2026-07-28 17:19:12 | Done in 30.58 min
2026-07-28 17:19:24 | 
================================================================================
2026-07-28 17:19:24 | TRAIN (FROM SCRATCH): ConvNeXt-Base | Fold 1/5 | batch=32
2026-07-28 17:19:24 | ================================================================================
2026-07-28 17:19:25 |   [INFO] ConvNeXt-Base initialized FROM SCRATCH (no pretrained weights)
2026-07-28 17:21:03 | Ep 01/50 | Loss 0.5820 Acc 74.67% | Val 0.3395 Acc 85.82% | 97.7s
2026-07-28 17:21:03 |   -> saved best
2026-07-28 17:21:57 | Ep 02/50 | Loss 0.3583 Acc 85.60% | Val 0.3131 Acc 87.23% | 52.8s
2026-07-28 17:21:57 |   -> saved best
2026-07-28 17:22:52 | Ep 03/50 | Loss 0.3231 Acc 87.13% | Val 0.3095 Acc 87.29% | 54.2s
2026-07-28 17:22:54 |   -> saved best
2026-07-28 17:23:56 | Ep 04/50 | Loss 0.2791 Acc 89.28% | Val 0.4143 Acc 80.20% | 52.8s
2026-07-28 17:24:53 | Ep 05/50 | Loss 0.2502 Acc 90.56% | Val 0.1859 Acc 92.45% | 55.4s
2026-07-28 17:24:53 |   -> saved best
2026-07-28 17:26:14 | Ep 06/50 | Loss 0.1920 Acc 92.93% | Val 0.1355 Acc 94.57% | 60.6s
2026-07-28 17:26:14 |   -> saved best
2026-07-28 17:27:09 | Ep 07/50 | Loss 0.1666 Acc 94.11% | Val 0.1129 Acc 95.54% | 51.8s
2026-07-28 17:27:09 |   -> saved best
2026-07-28 17:28:26 | Ep 08/50 | Loss 0.1353 Acc 95.03% | Val 0.1113 Acc 95.73% | 65.5s
2026-07-28 17:28:26 |   -> saved best
2026-07-28 17:29:20 | Ep 09/50 | Loss 0.1283 Acc 95.24% | Val 0.0911 Acc 96.85% | 52.6s
2026-07-28 17:29:20 |   -> saved best
2026-07-28 17:30:24 | Ep 10/50 | Loss 0.1080 Acc 96.18% | Val 0.1097 Acc 96.03% | 51.5s
2026-07-28 17:31:27 | Ep 11/50 | Loss 0.1066 Acc 96.30% | Val 0.0910 Acc 96.71% | 56.3s
2026-07-28 17:31:28 |   -> saved best
2026-07-28 17:32:33 | Ep 12/50 | Loss 0.1051 Acc 96.51% | Val 0.1136 Acc 95.71% | 52.2s
2026-07-28 17:33:26 | Ep 13/50 | Loss 0.0939 Acc 96.63% | Val 0.0664 Acc 97.75% | 51.6s
2026-07-28 17:33:26 |   -> saved best
2026-07-28 17:34:20 | Ep 14/50 | Loss 0.0914 Acc 96.76% | Val 0.0791 Acc 97.26% | 53.0s
2026-07-28 17:35:20 | Ep 15/50 | Loss 0.0876 Acc 97.02% | Val 0.0795 Acc 97.28% | 52.5s
2026-07-28 17:36:14 | Ep 16/50 | Loss 0.0843 Acc 97.08% | Val 0.0606 Acc 97.99% | 53.1s
2026-07-28 17:36:14 |   -> saved best
2026-07-28 17:37:16 | Ep 17/50 | Loss 0.0824 Acc 97.17% | Val 0.0646 Acc 97.83% | 51.2s
2026-07-28 17:38:12 | Ep 18/50 | Loss 0.0779 Acc 97.45% | Val 0.0706 Acc 97.36% | 54.9s
2026-07-28 17:39:21 | Ep 19/50 | Loss 0.0748 Acc 97.45% | Val 0.0857 Acc 97.12% | 53.1s
2026-07-28 17:40:12 | Ep 20/50 | Loss 0.0737 Acc 97.38% | Val 0.0749 Acc 97.61% | 51.0s
2026-07-28 17:41:15 | Ep 21/50 | Loss 0.0724 Acc 97.52% | Val 0.0584 Acc 97.88% | 61.8s
2026-07-28 17:41:15 |   -> saved best
2026-07-28 17:42:17 | Ep 22/50 | Loss 0.0669 Acc 97.67% | Val 0.0566 Acc 98.04% | 54.1s
2026-07-28 17:42:17 |   -> saved best
2026-07-28 17:43:10 | Ep 23/50 | Loss 0.0706 Acc 97.67% | Val 0.0556 Acc 98.04% | 51.7s
2026-07-28 17:43:10 |   -> saved best
2026-07-28 17:44:03 | Ep 24/50 | Loss 0.0638 Acc 97.92% | Val 0.0622 Acc 97.96% | 52.1s
2026-07-28 17:44:59 | Ep 25/50 | Loss 0.0638 Acc 97.82% | Val 0.0882 Acc 97.09% | 55.1s
2026-07-28 17:46:19 | Ep 26/50 | Loss 0.0676 Acc 97.79% | Val 0.0588 Acc 97.94% | 51.1s
2026-07-28 17:47:11 | Ep 27/50 | Loss 0.0613 Acc 98.06% | Val 0.0607 Acc 97.85% | 51.4s
2026-07-28 17:48:03 | Ep 28/50 | Loss 0.0649 Acc 97.97% | Val 0.0595 Acc 98.18% | 51.0s
2026-07-28 17:48:57 | Ep 29/50 | Loss 0.0581 Acc 98.06% | Val 0.0587 Acc 97.83% | 53.3s
2026-07-28 17:49:57 | Ep 30/50 | Loss 0.0612 Acc 97.94% | Val 0.0581 Acc 98.04% | 52.3s
2026-07-28 17:50:49 | Ep 31/50 | Loss 0.0589 Acc 97.95% | Val 0.0602 Acc 98.04% | 51.1s
2026-07-28 17:51:41 | Ep 32/50 | Loss 0.0556 Acc 98.14% | Val 0.0659 Acc 97.91% | 51.2s
2026-07-28 17:52:33 | Ep 33/50 | Loss 0.0544 Acc 98.32% | Val 0.0710 Acc 97.45% | 51.2s
2026-07-28 17:53:40 | Ep 34/50 | Loss 0.0543 Acc 98.19% | Val 0.0595 Acc 98.26% | 58.5s
2026-07-28 17:54:39 | Ep 35/50 | Loss 0.0572 Acc 98.13% | Val 0.0537 Acc 98.42% | 51.5s
2026-07-28 17:54:39 |   -> saved best
2026-07-28 17:55:31 | Ep 36/50 | Loss 0.0523 Acc 98.23% | Val 0.0953 Acc 96.74% | 51.4s
2026-07-28 17:56:33 | Ep 37/50 | Loss 0.0519 Acc 98.36% | Val 0.0551 Acc 98.13% | 60.8s
2026-07-28 17:57:32 | Ep 38/50 | Loss 0.0500 Acc 98.36% | Val 0.0582 Acc 98.10% | 56.1s
2026-07-28 17:58:31 | Ep 39/50 | Loss 0.0500 Acc 98.40% | Val 0.0624 Acc 97.99% | 54.9s
2026-07-28 17:59:32 | Ep 40/50 | Loss 0.0470 Acc 98.46% | Val 0.0507 Acc 98.45% | 51.9s
2026-07-28 17:59:32 |   -> saved best
2026-07-28 18:00:24 | Ep 41/50 | Loss 0.0481 Acc 98.53% | Val 0.0619 Acc 98.02% | 51.1s
2026-07-28 18:01:23 | Ep 42/50 | Loss 0.0489 Acc 98.47% | Val 0.0499 Acc 98.40% | 56.3s
2026-07-28 18:01:23 |   -> saved best
2026-07-28 18:02:16 | Ep 43/50 | Loss 0.0457 Acc 98.55% | Val 0.0576 Acc 98.07% | 51.7s
2026-07-28 18:03:09 | Ep 44/50 | Loss 0.0471 Acc 98.46% | Val 0.0479 Acc 98.40% | 51.6s
2026-07-28 18:03:09 |   -> saved best
2026-07-28 18:04:03 | Ep 45/50 | Loss 0.0450 Acc 98.50% | Val 0.0578 Acc 98.23% | 53.0s
2026-07-28 18:05:15 | Ep 46/50 | Loss 0.0474 Acc 98.41% | Val 0.0609 Acc 97.96% | 63.1s
2026-07-28 18:06:12 | Ep 47/50 | Loss 0.0451 Acc 98.57% | Val 0.0479 Acc 98.29% | 57.1s
2026-07-28 18:07:10 | Ep 48/50 | Loss 0.0432 Acc 98.52% | Val 0.0869 Acc 97.26% | 51.4s
2026-07-28 18:08:02 | Ep 49/50 | Loss 0.0408 Acc 98.61% | Val 0.0767 Acc 97.45% | 51.2s
2026-07-28 18:09:00 | Ep 50/50 | Loss 0.0437 Acc 98.62% | Val 0.0648 Acc 97.99% | 56.7s
2026-07-28 18:09:15 | Done in 49.84 min
2026-07-28 18:09:28 | 
================================================================================
2026-07-28 18:09:28 | TRAIN (FROM SCRATCH): ConvNeXt-Base | Fold 2/5 | batch=32
2026-07-28 18:09:28 | ================================================================================
2026-07-28 18:09:28 |   [INFO] ConvNeXt-Base initialized FROM SCRATCH (no pretrained weights)
2026-07-28 18:10:50 | Ep 01/50 | Loss 0.5807 Acc 74.75% | Val 0.4149 Acc 83.35% | 81.4s
2026-07-28 18:10:50 |   -> saved best
2026-07-28 18:11:50 | Ep 02/50 | Loss 0.3632 Acc 85.32% | Val 0.4798 Acc 80.85% | 58.7s
2026-07-28 18:12:54 | Ep 03/50 | Loss 0.3148 Acc 87.35% | Val 0.2719 Acc 89.51% | 55.9s
2026-07-28 18:13:01 |   -> saved best
2026-07-28 18:14:21 | Ep 04/50 | Loss 0.2856 Acc 88.96% | Val 0.2820 Acc 88.56% | 63.0s
2026-07-28 18:15:31 | Ep 05/50 | Loss 0.2393 Acc 90.78% | Val 0.1637 Acc 94.13% | 58.6s
2026-07-28 18:15:32 |   -> saved best
2026-07-28 18:16:25 | Ep 06/50 | Loss 0.1909 Acc 92.91% | Val 0.1762 Acc 93.83% | 52.3s
2026-07-28 18:17:26 | Ep 07/50 | Loss 0.1698 Acc 93.72% | Val 0.1234 Acc 95.84% | 56.1s
2026-07-28 18:17:26 |   -> saved best
2026-07-28 18:18:19 | Ep 08/50 | Loss 0.1436 Acc 94.89% | Val 0.1109 Acc 96.28% | 52.0s
2026-07-28 18:18:20 |   -> saved best
2026-07-28 18:19:13 | Ep 09/50 | Loss 0.1243 Acc 95.72% | Val 0.0924 Acc 96.71% | 52.8s
2026-07-28 18:19:13 |   -> saved best
2026-07-28 18:20:26 | Ep 10/50 | Loss 0.1144 Acc 95.94% | Val 0.0772 Acc 97.31% | 64.1s
2026-07-28 18:20:26 |   -> saved best
2026-07-28 18:21:19 | Ep 11/50 | Loss 0.1111 Acc 96.06% | Val 0.0669 Acc 97.85% | 51.9s
2026-07-28 18:21:19 |   -> saved best
2026-07-28 18:22:20 | Ep 12/50 | Loss 0.1014 Acc 96.49% | Val 0.0720 Acc 97.45% | 60.0s
2026-07-28 18:23:19 | Ep 13/50 | Loss 0.0944 Acc 96.82% | Val 0.0607 Acc 98.07% | 55.2s
2026-07-28 18:23:19 |   -> saved best
2026-07-28 18:24:13 | Ep 14/50 | Loss 0.0944 Acc 96.58% | Val 0.0743 Acc 97.07% | 51.7s
2026-07-28 18:25:06 | Ep 15/50 | Loss 0.0866 Acc 97.02% | Val 0.0651 Acc 97.91% | 51.7s
2026-07-28 18:26:02 | Ep 16/50 | Loss 0.0848 Acc 97.11% | Val 0.0731 Acc 97.34% | 55.8s
2026-07-28 18:27:17 | Ep 17/50 | Loss 0.0844 Acc 97.07% | Val 0.0602 Acc 97.96% | 60.5s
2026-07-28 18:27:17 |   -> saved best
2026-07-28 18:28:12 | Ep 18/50 | Loss 0.0783 Acc 97.22% | Val 0.0627 Acc 97.91% | 50.9s
2026-07-28 18:29:04 | Ep 19/50 | Loss 0.0805 Acc 97.16% | Val 0.0565 Acc 98.04% | 51.4s
2026-07-28 18:29:04 |   -> saved best
2026-07-28 18:29:58 | Ep 20/50 | Loss 0.0811 Acc 97.11% | Val 0.0541 Acc 98.23% | 53.1s
2026-07-28 18:29:59 |   -> saved best
2026-07-28 18:30:59 | Ep 21/50 | Loss 0.0700 Acc 97.61% | Val 0.0523 Acc 98.51% | 51.6s
2026-07-28 18:30:59 |   -> saved best
2026-07-28 18:31:59 | Ep 22/50 | Loss 0.0683 Acc 97.66% | Val 0.0585 Acc 98.07% | 59.1s
2026-07-28 18:32:55 | Ep 23/50 | Loss 0.0723 Acc 97.58% | Val 0.0726 Acc 97.15% | 50.9s
2026-07-28 18:33:55 | Ep 24/50 | Loss 0.0638 Acc 97.92% | Val 0.0470 Acc 98.40% | 58.0s
2026-07-28 18:33:55 |   -> saved best
2026-07-28 18:34:56 | Ep 25/50 | Loss 0.0668 Acc 97.63% | Val 0.0609 Acc 98.10% | 51.3s
2026-07-28 18:35:48 | Ep 26/50 | Loss 0.0657 Acc 97.81% | Val 0.0487 Acc 98.37% | 51.2s
2026-07-28 18:36:40 | Ep 27/50 | Loss 0.0583 Acc 98.06% | Val 0.0670 Acc 97.83% | 50.8s
2026-07-28 18:37:37 | Ep 28/50 | Loss 0.0611 Acc 97.79% | Val 0.0413 Acc 98.70% | 55.9s
2026-07-28 18:37:37 |   -> saved best
2026-07-28 18:38:33 | Ep 29/50 | Loss 0.0573 Acc 98.07% | Val 0.0492 Acc 98.64% | 53.9s
2026-07-28 18:39:25 | Ep 30/50 | Loss 0.0614 Acc 97.89% | Val 0.0449 Acc 98.80% | 51.0s
2026-07-28 18:40:17 | Ep 31/50 | Loss 0.0572 Acc 98.07% | Val 0.0478 Acc 98.42% | 51.1s
2026-07-28 18:41:23 | Ep 32/50 | Loss 0.0532 Acc 98.16% | Val 0.0453 Acc 98.70% | 56.2s
2026-07-28 18:42:19 | Ep 33/50 | Loss 0.0547 Acc 98.13% | Val 0.0512 Acc 98.32% | 51.7s
2026-07-28 18:43:12 | Ep 34/50 | Loss 0.0555 Acc 98.17% | Val 0.0477 Acc 98.67% | 52.1s
2026-07-28 18:44:07 | Ep 35/50 | Loss 0.0517 Acc 98.23% | Val 0.0442 Acc 98.64% | 53.2s
2026-07-28 18:45:07 | Ep 36/50 | Loss 0.0524 Acc 98.10% | Val 0.0482 Acc 98.64% | 54.2s
2026-07-28 18:46:12 | Ep 37/50 | Loss 0.0498 Acc 98.38% | Val 0.0450 Acc 98.64% | 63.8s
2026-07-28 18:47:05 | Ep 38/50 | Loss 0.0503 Acc 98.43% | Val 0.0537 Acc 98.13% | 51.9s
2026-07-28 18:47:57 | Ep 39/50 | Loss 0.0485 Acc 98.47% | Val 0.0392 Acc 98.86% | 51.7s
2026-07-28 18:47:58 |   -> saved best
2026-07-28 18:48:58 | Ep 40/50 | Loss 0.0475 Acc 98.49% | Val 0.0430 Acc 98.75% | 57.0s
2026-07-28 18:49:50 | Ep 41/50 | Loss 0.0483 Acc 98.37% | Val 0.0391 Acc 98.97% | 51.6s
2026-07-28 18:49:50 |   -> saved best
2026-07-28 18:50:43 | Ep 42/50 | Loss 0.0469 Acc 98.36% | Val 0.0435 Acc 98.51% | 51.7s
2026-07-28 18:51:36 | Ep 43/50 | Loss 0.0465 Acc 98.46% | Val 0.0417 Acc 98.64% | 52.5s
2026-07-28 18:52:52 | Ep 44/50 | Loss 0.0436 Acc 98.55% | Val 0.0463 Acc 98.45% | 58.2s
2026-07-28 18:53:51 | Ep 45/50 | Loss 0.0429 Acc 98.57% | Val 0.0404 Acc 98.86% | 51.9s
2026-07-28 18:54:44 | Ep 46/50 | Loss 0.0421 Acc 98.61% | Val 0.0412 Acc 98.91% | 52.0s
2026-07-28 18:55:37 | Ep 47/50 | Loss 0.0424 Acc 98.65% | Val 0.0438 Acc 98.72% | 52.4s
2026-07-28 18:56:33 | Ep 48/50 | Loss 0.0432 Acc 98.57% | Val 0.0478 Acc 98.42% | 54.6s
2026-07-28 18:57:31 | Ep 49/50 | Loss 0.0424 Acc 98.59% | Val 0.0402 Acc 98.83% | 55.4s
2026-07-28 18:58:32 | Ep 50/50 | Loss 0.0413 Acc 98.50% | Val 0.0437 Acc 98.75% | 51.8s
2026-07-28 18:58:33 | Done in 49.08 min
2026-07-28 18:58:46 | 
================================================================================
2026-07-28 18:58:46 | TRAIN (FROM SCRATCH): ConvNeXt-Base | Fold 3/5 | batch=32
2026-07-28 18:58:46 | ================================================================================
2026-07-28 18:58:47 |   [INFO] ConvNeXt-Base initialized FROM SCRATCH (no pretrained weights)
2026-07-28 19:00:38 | Ep 01/50 | Loss 0.6052 Acc 73.44% | Val 0.4065 Acc 84.05% | 110.3s
2026-07-28 19:00:38 |   -> saved best
2026-07-28 19:01:53 | Ep 02/50 | Loss 0.3723 Acc 84.95% | Val 0.3215 Acc 87.61% | 60.9s
2026-07-28 19:01:55 |   -> saved best
2026-07-28 19:02:56 | Ep 03/50 | Loss 0.3095 Acc 87.64% | Val 0.2970 Acc 89.13% | 59.6s
2026-07-28 19:03:01 |   -> saved best
2026-07-28 19:03:55 | Ep 04/50 | Loss 0.2651 Acc 89.81% | Val 0.2108 Acc 92.55% | 53.8s
2026-07-28 19:04:01 |   -> saved best
2026-07-28 19:05:05 | Ep 05/50 | Loss 0.2182 Acc 91.88% | Val 0.1548 Acc 94.38% | 54.6s
2026-07-28 19:05:06 |   -> saved best
2026-07-28 19:06:07 | Ep 06/50 | Loss 0.1857 Acc 93.17% | Val 0.1361 Acc 94.84% | 55.2s
2026-07-28 19:06:07 |   -> saved best
2026-07-28 19:07:09 | Ep 07/50 | Loss 0.1480 Acc 94.80% | Val 0.1283 Acc 95.33% | 52.1s
2026-07-28 19:07:09 |   -> saved best
2026-07-28 19:08:05 | Ep 08/50 | Loss 0.1206 Acc 95.65% | Val 0.0846 Acc 97.36% | 55.7s
2026-07-28 19:08:06 |   -> saved best
2026-07-28 19:09:06 | Ep 09/50 | Loss 0.1226 Acc 95.56% | Val 0.0819 Acc 97.26% | 52.7s
2026-07-28 19:09:06 |   -> saved best
2026-07-28 19:09:59 | Ep 10/50 | Loss 0.1107 Acc 96.11% | Val 0.0970 Acc 96.36% | 52.1s
2026-07-28 19:10:59 | Ep 11/50 | Loss 0.1102 Acc 96.25% | Val 0.0753 Acc 97.36% | 55.9s
2026-07-28 19:10:59 |   -> saved best
2026-07-28 19:12:19 | Ep 12/50 | Loss 0.1001 Acc 96.60% | Val 0.0816 Acc 96.85% | 64.4s
2026-07-28 19:13:13 | Ep 13/50 | Loss 0.0893 Acc 96.75% | Val 0.0617 Acc 97.83% | 52.6s
2026-07-28 19:13:13 |   -> saved best
2026-07-28 19:14:09 | Ep 14/50 | Loss 0.0901 Acc 96.86% | Val 0.0631 Acc 97.50% | 54.5s
2026-07-28 19:15:12 | Ep 15/50 | Loss 0.0875 Acc 97.05% | Val 0.0666 Acc 97.77% | 53.5s
2026-07-28 19:16:16 | Ep 16/50 | Loss 0.0857 Acc 97.11% | Val 0.0636 Acc 97.55% | 53.0s
2026-07-28 19:17:10 | Ep 17/50 | Loss 0.0812 Acc 97.17% | Val 0.0563 Acc 97.91% | 52.6s
2026-07-28 19:17:10 |   -> saved best
2026-07-28 19:18:07 | Ep 18/50 | Loss 0.0774 Acc 97.36% | Val 0.0611 Acc 97.83% | 56.1s
2026-07-28 19:19:18 | Ep 19/50 | Loss 0.0739 Acc 97.54% | Val 0.0786 Acc 97.12% | 57.3s
2026-07-28 19:20:14 | Ep 20/50 | Loss 0.0757 Acc 97.47% | Val 0.0559 Acc 98.02% | 55.3s
2026-07-28 19:20:15 |   -> saved best
2026-07-28 19:21:17 | Ep 21/50 | Loss 0.0726 Acc 97.60% | Val 0.0524 Acc 98.18% | 52.7s
2026-07-28 19:21:18 |   -> saved best
2026-07-28 19:22:22 | Ep 22/50 | Loss 0.0671 Acc 97.84% | Val 0.0589 Acc 98.18% | 54.4s
2026-07-28 19:23:15 | Ep 23/50 | Loss 0.0681 Acc 97.68% | Val 0.0471 Acc 98.42% | 52.7s
2026-07-28 19:23:16 |   -> saved best
2026-07-28 19:24:09 | Ep 24/50 | Loss 0.0702 Acc 97.48% | Val 0.0486 Acc 98.34% | 52.3s
2026-07-28 19:25:06 | Ep 25/50 | Loss 0.0660 Acc 97.64% | Val 0.0512 Acc 98.21% | 56.3s
2026-07-28 19:26:19 | Ep 26/50 | Loss 0.0623 Acc 98.00% | Val 0.0519 Acc 98.15% | 62.0s
2026-07-28 19:27:22 | Ep 27/50 | Loss 0.0705 Acc 97.68% | Val 0.0582 Acc 97.99% | 52.3s
2026-07-28 19:28:16 | Ep 28/50 | Loss 0.0605 Acc 97.95% | Val 0.0508 Acc 98.15% | 52.3s
2026-07-28 19:29:11 | Ep 29/50 | Loss 0.0565 Acc 98.17% | Val 0.0712 Acc 97.47% | 54.1s
2026-07-28 19:30:12 | Ep 30/50 | Loss 0.0560 Acc 98.04% | Val 0.0451 Acc 98.53% | 52.3s
2026-07-28 19:30:12 |   -> saved best
2026-07-28 19:31:05 | Ep 31/50 | Loss 0.0557 Acc 98.13% | Val 0.0437 Acc 98.53% | 52.2s
2026-07-28 19:31:05 |   -> saved best
2026-07-28 19:32:07 | Ep 32/50 | Loss 0.0542 Acc 98.19% | Val 0.0430 Acc 98.21% | 60.7s
2026-07-28 19:32:07 |   -> saved best
2026-07-28 19:33:11 | Ep 33/50 | Loss 0.0571 Acc 98.06% | Val 0.0490 Acc 98.18% | 55.0s
2026-07-28 19:34:06 | Ep 34/50 | Loss 0.0541 Acc 98.25% | Val 0.0461 Acc 98.34% | 52.7s
2026-07-28 19:35:00 | Ep 35/50 | Loss 0.0538 Acc 98.25% | Val 0.0443 Acc 98.45% | 52.9s
2026-07-28 19:35:53 | Ep 36/50 | Loss 0.0518 Acc 98.29% | Val 0.0616 Acc 97.55% | 52.3s
2026-07-28 19:36:59 | Ep 37/50 | Loss 0.0499 Acc 98.29% | Val 0.0591 Acc 98.10% | 58.2s
2026-07-28 19:38:02 | Ep 38/50 | Loss 0.0528 Acc 98.11% | Val 0.0391 Acc 98.53% | 52.8s
2026-07-28 19:38:03 |   -> saved best
2026-07-28 19:38:56 | Ep 39/50 | Loss 0.0497 Acc 98.29% | Val 0.0388 Acc 98.67% | 52.4s
2026-07-28 19:38:56 |   -> saved best
2026-07-28 19:39:49 | Ep 40/50 | Loss 0.0476 Acc 98.51% | Val 0.0385 Acc 98.70% | 52.4s
2026-07-28 19:39:50 |   -> saved best
2026-07-28 19:40:55 | Ep 41/50 | Loss 0.0484 Acc 98.40% | Val 0.0415 Acc 98.61% | 53.9s
2026-07-28 19:41:47 | Ep 42/50 | Loss 0.0510 Acc 98.25% | Val 0.0555 Acc 98.10% | 51.9s
2026-07-28 19:42:46 | Ep 43/50 | Loss 0.0441 Acc 98.51% | Val 0.0352 Acc 98.89% | 57.9s
2026-07-28 19:42:46 |   -> saved best
2026-07-28 19:43:46 | Ep 44/50 | Loss 0.0443 Acc 98.51% | Val 0.0351 Acc 98.80% | 52.4s
2026-07-28 19:43:46 |   -> saved best
2026-07-28 19:44:49 | Ep 45/50 | Loss 0.0420 Acc 98.75% | Val 0.0368 Acc 98.72% | 51.9s
2026-07-28 19:45:42 | Ep 46/50 | Loss 0.0433 Acc 98.54% | Val 0.0383 Acc 98.75% | 52.1s
2026-07-28 19:46:34 | Ep 47/50 | Loss 0.0387 Acc 98.76% | Val 0.0590 Acc 97.80% | 51.8s
2026-07-28 19:47:31 | Ep 48/50 | Loss 0.0404 Acc 98.66% | Val 0.0362 Acc 98.61% | 55.6s
2026-07-28 19:48:59 | Ep 49/50 | Loss 0.0445 Acc 98.61% | Val 0.0379 Acc 98.70% | 73.6s
2026-07-28 19:50:08 | Ep 50/50 | Loss 0.0400 Acc 98.64% | Val 0.0375 Acc 98.75% | 63.0s
2026-07-28 19:50:09 | Done in 51.36 min
2026-07-28 19:50:20 | 
================================================================================
2026-07-28 19:50:20 | TRAIN (FROM SCRATCH): ConvNeXt-Base | Fold 4/5 | batch=32
2026-07-28 19:50:20 | ================================================================================
2026-07-28 19:50:21 |   [INFO] ConvNeXt-Base initialized FROM SCRATCH (no pretrained weights)
2026-07-28 19:51:44 | Ep 01/50 | Loss 0.6064 Acc 73.15% | Val 0.3445 Acc 85.95% | 82.6s
2026-07-28 19:51:44 |   -> saved best
2026-07-28 19:52:52 | Ep 02/50 | Loss 0.3851 Acc 84.08% | Val 0.3220 Acc 87.61% | 66.6s
2026-07-28 19:52:54 |   -> saved best
2026-07-28 19:53:54 | Ep 03/50 | Loss 0.3120 Acc 87.57% | Val 0.2827 Acc 87.80% | 52.4s
2026-07-28 19:53:54 |   -> saved best
2026-07-28 19:54:51 | Ep 04/50 | Loss 0.2560 Acc 90.18% | Val 0.1625 Acc 94.10% | 56.6s
2026-07-28 19:54:52 |   -> saved best
2026-07-28 19:55:56 | Ep 05/50 | Loss 0.2121 Acc 92.10% | Val 0.1721 Acc 93.02% | 56.3s
2026-07-28 19:57:17 | Ep 06/50 | Loss 0.1693 Acc 94.02% | Val 0.1372 Acc 94.59% | 62.1s
2026-07-28 19:57:17 |   -> saved best
2026-07-28 19:58:12 | Ep 07/50 | Loss 0.1544 Acc 94.40% | Val 0.1362 Acc 95.11% | 53.2s
2026-07-28 19:58:12 |   -> saved best
2026-07-28 19:59:05 | Ep 08/50 | Loss 0.1387 Acc 94.87% | Val 0.1073 Acc 96.01% | 52.0s
2026-07-28 19:59:05 |   -> saved best
2026-07-28 20:00:16 | Ep 09/50 | Loss 0.1229 Acc 95.68% | Val 0.0970 Acc 96.52% | 64.2s
2026-07-28 20:00:17 |   -> saved best
2026-07-28 20:01:12 | Ep 10/50 | Loss 0.1157 Acc 95.78% | Val 0.0805 Acc 96.90% | 51.7s
2026-07-28 20:01:12 |   -> saved best
2026-07-28 20:02:05 | Ep 11/50 | Loss 0.1097 Acc 96.23% | Val 0.0712 Acc 97.45% | 51.8s
2026-07-28 20:02:05 |   -> saved best
2026-07-28 20:03:09 | Ep 12/50 | Loss 0.1044 Acc 96.30% | Val 0.1047 Acc 96.82% | 56.6s
2026-07-28 20:04:25 | Ep 13/50 | Loss 0.0958 Acc 96.54% | Val 0.0689 Acc 97.74% | 64.0s
2026-07-28 20:04:25 |   -> saved best
2026-07-28 20:05:18 | Ep 14/50 | Loss 0.0905 Acc 96.68% | Val 0.0940 Acc 96.49% | 51.8s
2026-07-28 20:06:23 | Ep 15/50 | Loss 0.0887 Acc 96.83% | Val 0.0649 Acc 97.80% | 64.4s
2026-07-28 20:06:23 |   -> saved best
2026-07-28 20:07:24 | Ep 16/50 | Loss 0.0839 Acc 97.11% | Val 0.0784 Acc 97.17% | 51.8s
2026-07-28 20:08:16 | Ep 17/50 | Loss 0.0812 Acc 97.18% | Val 0.0522 Acc 98.34% | 51.8s
2026-07-28 20:08:17 |   -> saved best
2026-07-28 20:09:09 | Ep 18/50 | Loss 0.0754 Acc 97.38% | Val 0.0587 Acc 98.12% | 51.9s
2026-07-28 20:10:09 | Ep 19/50 | Loss 0.0781 Acc 97.15% | Val 0.0614 Acc 97.93% | 56.6s
2026-07-28 20:11:15 | Ep 20/50 | Loss 0.0752 Acc 97.43% | Val 0.0598 Acc 97.91% | 51.6s
2026-07-28 20:12:07 | Ep 21/50 | Loss 0.0722 Acc 97.60% | Val 0.0503 Acc 98.56% | 51.4s
2026-07-28 20:12:07 |   -> saved best
2026-07-28 20:13:06 | Ep 22/50 | Loss 0.0745 Acc 97.34% | Val 0.0488 Acc 98.34% | 57.7s
2026-07-28 20:13:06 |   -> saved best
2026-07-28 20:14:15 | Ep 23/50 | Loss 0.0697 Acc 97.58% | Val 0.0492 Acc 98.29% | 53.4s
2026-07-28 20:15:08 | Ep 24/50 | Loss 0.0679 Acc 97.70% | Val 0.0575 Acc 97.99% | 52.1s
2026-07-28 20:16:13 | Ep 25/50 | Loss 0.0623 Acc 97.88% | Val 0.0540 Acc 98.42% | 64.3s
2026-07-28 20:17:09 | Ep 26/50 | Loss 0.0637 Acc 97.87% | Val 0.0638 Acc 97.83% | 54.6s
2026-07-28 20:18:13 | Ep 27/50 | Loss 0.0623 Acc 97.88% | Val 0.0645 Acc 97.80% | 58.1s
2026-07-28 20:19:07 | Ep 28/50 | Loss 0.0607 Acc 97.85% | Val 0.0424 Acc 98.70% | 53.2s
2026-07-28 20:19:07 |   -> saved best
2026-07-28 20:20:42 | Ep 29/50 | Loss 0.0622 Acc 97.77% | Val 0.0644 Acc 97.61% | 93.3s
2026-07-28 20:21:46 | Ep 30/50 | Loss 0.0551 Acc 98.06% | Val 0.0737 Acc 97.45% | 63.6s
2026-07-28 20:23:02 | Ep 31/50 | Loss 0.0629 Acc 97.80% | Val 0.0383 Acc 98.94% | 64.1s
2026-07-28 20:23:02 |   -> saved best
2026-07-28 20:23:59 | Ep 32/50 | Loss 0.0549 Acc 98.04% | Val 0.0458 Acc 98.56% | 56.5s
2026-07-28 20:24:57 | Ep 33/50 | Loss 0.0554 Acc 98.17% | Val 0.0406 Acc 98.83% | 56.4s
2026-07-28 20:26:03 | Ep 34/50 | Loss 0.0554 Acc 98.18% | Val 0.0394 Acc 98.91% | 59.6s
2026-07-28 20:27:09 | Ep 35/50 | Loss 0.0535 Acc 98.11% | Val 0.0432 Acc 98.67% | 65.1s
2026-07-28 20:28:04 | Ep 36/50 | Loss 0.0523 Acc 98.25% | Val 0.0439 Acc 98.64% | 54.3s
2026-07-28 20:28:57 | Ep 37/50 | Loss 0.0556 Acc 98.12% | Val 0.0416 Acc 98.64% | 52.7s
2026-07-28 20:30:03 | Ep 38/50 | Loss 0.0477 Acc 98.40% | Val 0.0439 Acc 98.72% | 59.5s
2026-07-28 20:31:03 | Ep 39/50 | Loss 0.0483 Acc 98.38% | Val 0.0456 Acc 98.56% | 52.0s
2026-07-28 20:31:56 | Ep 40/50 | Loss 0.0496 Acc 98.37% | Val 0.0376 Acc 98.94% | 52.0s
2026-07-28 20:31:57 |   -> saved best
2026-07-28 20:32:49 | Ep 41/50 | Loss 0.0488 Acc 98.53% | Val 0.0410 Acc 98.59% | 51.9s
2026-07-28 20:33:51 | Ep 42/50 | Loss 0.0444 Acc 98.47% | Val 0.0458 Acc 98.67% | 54.4s
2026-07-28 20:34:52 | Ep 43/50 | Loss 0.0481 Acc 98.41% | Val 0.0521 Acc 98.37% | 60.5s
2026-07-28 20:35:57 | Ep 44/50 | Loss 0.0457 Acc 98.36% | Val 0.0408 Acc 98.86% | 61.4s
2026-07-28 20:36:51 | Ep 45/50 | Loss 0.0425 Acc 98.61% | Val 0.0536 Acc 98.29% | 52.0s
2026-07-28 20:37:52 | Ep 46/50 | Loss 0.0444 Acc 98.55% | Val 0.0415 Acc 98.97% | 56.8s
2026-07-28 20:38:57 | Ep 47/50 | Loss 0.0445 Acc 98.39% | Val 0.0387 Acc 98.89% | 51.8s
2026-07-28 20:39:50 | Ep 48/50 | Loss 0.0375 Acc 98.81% | Val 0.0558 Acc 98.29% | 52.0s
2026-07-28 20:40:42 | Ep 49/50 | Loss 0.0446 Acc 98.49% | Val 0.0327 Acc 99.08% | 51.9s
2026-07-28 20:40:43 |   -> saved best
2026-07-28 20:41:41 | Ep 50/50 | Loss 0.0433 Acc 98.53% | Val 0.0364 Acc 98.91% | 56.1s
2026-07-28 20:41:45 | Done in 51.40 min
2026-07-28 20:41:57 | 
================================================================================
2026-07-28 20:41:57 | TRAIN (FROM SCRATCH): ConvNeXt-Base | Fold 5/5 | batch=32
2026-07-28 20:41:57 | ================================================================================
2026-07-28 20:41:58 |   [INFO] ConvNeXt-Base initialized FROM SCRATCH (no pretrained weights)
2026-07-28 20:43:23 | Ep 01/50 | Loss 0.5791 Acc 74.64% | Val 0.3640 Acc 85.27% | 84.6s
2026-07-28 20:43:23 |   -> saved best
2026-07-28 20:44:18 | Ep 02/50 | Loss 0.3637 Acc 85.38% | Val 0.2891 Acc 88.21% | 53.7s
2026-07-28 20:44:18 |   -> saved best
2026-07-28 20:45:34 | Ep 03/50 | Loss 0.3048 Acc 87.87% | Val 0.2444 Acc 90.33% | 63.7s
2026-07-28 20:45:37 |   -> saved best
2026-07-28 20:46:49 | Ep 04/50 | Loss 0.2604 Acc 89.87% | Val 0.3100 Acc 87.96% | 60.7s
2026-07-28 20:47:44 | Ep 05/50 | Loss 0.2141 Acc 92.04% | Val 0.1750 Acc 93.37% | 52.6s
2026-07-28 20:47:45 |   -> saved best
2026-07-28 20:48:48 | Ep 06/50 | Loss 0.1764 Acc 93.47% | Val 0.2235 Acc 91.82% | 55.1s
2026-07-28 20:49:41 | Ep 07/50 | Loss 0.1505 Acc 94.46% | Val 0.2473 Acc 91.11% | 52.2s
2026-07-28 20:50:34 | Ep 08/50 | Loss 0.1265 Acc 95.47% | Val 0.1028 Acc 96.55% | 52.4s
2026-07-28 20:50:35 |   -> saved best
2026-07-28 20:51:37 | Ep 09/50 | Loss 0.1132 Acc 95.96% | Val 0.0829 Acc 97.09% | 56.9s
2026-07-28 20:51:37 |   -> saved best
2026-07-28 20:52:30 | Ep 10/50 | Loss 0.1081 Acc 96.13% | Val 0.0956 Acc 96.58% | 52.1s
2026-07-28 20:53:23 | Ep 11/50 | Loss 0.1032 Acc 96.41% | Val 0.1010 Acc 96.41% | 52.2s
2026-07-28 20:54:22 | Ep 12/50 | Loss 0.0990 Acc 96.51% | Val 0.0789 Acc 97.17% | 57.3s
2026-07-28 20:54:22 |   -> saved best
2026-07-28 20:55:31 | Ep 13/50 | Loss 0.0936 Acc 96.66% | Val 0.1013 Acc 96.66% | 52.3s
2026-07-28 20:56:25 | Ep 14/50 | Loss 0.0884 Acc 96.97% | Val 0.0960 Acc 96.82% | 53.1s
2026-07-28 20:57:18 | Ep 15/50 | Loss 0.0874 Acc 96.96% | Val 0.0987 Acc 96.30% | 52.4s
2026-07-28 20:58:19 | Ep 16/50 | Loss 0.0812 Acc 97.25% | Val 0.0903 Acc 96.68% | 55.7s
2026-07-28 20:59:14 | Ep 17/50 | Loss 0.0807 Acc 97.22% | Val 0.0761 Acc 97.61% | 52.5s
2026-07-28 20:59:15 |   -> saved best
2026-07-28 21:00:08 | Ep 18/50 | Loss 0.0776 Acc 97.34% | Val 0.0640 Acc 97.99% | 52.3s
2026-07-28 21:00:08 |   -> saved best
2026-07-28 21:01:08 | Ep 19/50 | Loss 0.0753 Acc 97.45% | Val 0.0809 Acc 97.34% | 57.4s
2026-07-28 21:02:16 | Ep 20/50 | Loss 0.0704 Acc 97.68% | Val 0.0627 Acc 98.15% | 52.6s
2026-07-28 21:02:17 |   -> saved best
2026-07-28 21:03:22 | Ep 21/50 | Loss 0.0728 Acc 97.51% | Val 0.0800 Acc 97.42% | 52.0s
2026-07-28 21:04:17 | Ep 22/50 | Loss 0.0668 Acc 97.64% | Val 0.0680 Acc 97.66% | 53.9s
2026-07-28 21:05:18 | Ep 23/50 | Loss 0.0696 Acc 97.64% | Val 0.0823 Acc 97.15% | 53.6s
2026-07-28 21:06:11 | Ep 24/50 | Loss 0.0691 Acc 97.62% | Val 0.0745 Acc 97.58% | 52.5s
2026-07-28 21:07:05 | Ep 25/50 | Loss 0.0613 Acc 97.96% | Val 0.0844 Acc 97.50% | 53.0s
2026-07-28 21:08:10 | Ep 26/50 | Loss 0.0592 Acc 97.83% | Val 0.0761 Acc 97.28% | 63.8s
2026-07-28 21:09:21 | Ep 27/50 | Loss 0.0583 Acc 98.16% | Val 0.0706 Acc 97.88% | 62.6s
2026-07-28 21:10:29 | Ep 28/50 | Loss 0.0582 Acc 98.03% | Val 0.0652 Acc 97.99% | 52.1s
2026-07-28 21:11:23 | Ep 29/50 | Loss 0.0599 Acc 98.02% | Val 0.0601 Acc 98.07% | 53.2s
2026-07-28 21:11:23 |   -> saved best
2026-07-28 21:12:17 | Ep 30/50 | Loss 0.0568 Acc 98.09% | Val 0.0653 Acc 97.88% | 52.9s
2026-07-28 21:13:19 | Ep 31/50 | Loss 0.0579 Acc 98.06% | Val 0.0520 Acc 98.29% | 56.7s
2026-07-28 21:13:19 |   -> saved best
2026-07-28 21:14:13 | Ep 32/50 | Loss 0.0529 Acc 98.28% | Val 0.0601 Acc 98.26% | 52.7s
2026-07-28 21:15:06 | Ep 33/50 | Loss 0.0547 Acc 98.19% | Val 0.0510 Acc 98.29% | 52.1s
2026-07-28 21:15:06 |   -> saved best
2026-07-28 21:16:05 | Ep 34/50 | Loss 0.0529 Acc 98.22% | Val 0.0534 Acc 98.34% | 58.0s
2026-07-28 21:17:26 | Ep 35/50 | Loss 0.0531 Acc 98.21% | Val 0.0505 Acc 98.42% | 52.9s
2026-07-28 21:17:26 |   -> saved best
2026-07-28 21:18:20 | Ep 36/50 | Loss 0.0525 Acc 98.19% | Val 0.0525 Acc 98.40% | 52.5s
2026-07-28 21:19:13 | Ep 37/50 | Loss 0.0509 Acc 98.32% | Val 0.0694 Acc 97.72% | 52.8s
2026-07-28 21:20:21 | Ep 38/50 | Loss 0.0484 Acc 98.44% | Val 0.0491 Acc 98.40% | 61.9s
2026-07-28 21:20:21 |   -> saved best
2026-07-28 21:21:34 | Ep 39/50 | Loss 0.0443 Acc 98.51% | Val 0.0562 Acc 98.23% | 52.7s
2026-07-28 21:22:39 | Ep 40/50 | Loss 0.0466 Acc 98.36% | Val 0.0600 Acc 98.18% | 64.0s
2026-07-28 21:23:32 | Ep 41/50 | Loss 0.0456 Acc 98.52% | Val 0.0557 Acc 98.45% | 52.9s
2026-07-28 21:24:34 | Ep 42/50 | Loss 0.0425 Acc 98.55% | Val 0.0451 Acc 98.64% | 56.8s
2026-07-28 21:24:34 |   -> saved best
2026-07-28 21:25:28 | Ep 43/50 | Loss 0.0458 Acc 98.51% | Val 0.0577 Acc 98.21% | 52.5s
2026-07-28 21:26:21 | Ep 44/50 | Loss 0.0421 Acc 98.63% | Val 0.0750 Acc 97.64% | 52.5s
2026-07-28 21:27:15 | Ep 45/50 | Loss 0.0391 Acc 98.71% | Val 0.0550 Acc 98.48% | 52.2s
2026-07-28 21:28:24 | Ep 46/50 | Loss 0.0401 Acc 98.76% | Val 0.0566 Acc 98.29% | 60.7s
2026-07-28 21:29:23 | Ep 47/50 | Loss 0.0424 Acc 98.60% | Val 0.0570 Acc 98.32% | 52.6s
2026-07-28 21:30:16 | Ep 48/50 | Loss 0.0422 Acc 98.57% | Val 0.0553 Acc 98.26% | 52.5s
2026-07-28 21:31:09 | Ep 49/50 | Loss 0.0398 Acc 98.65% | Val 0.0523 Acc 98.45% | 52.1s
2026-07-28 21:32:06 | Ep 50/50 | Loss 0.0435 Acc 98.55% | Val 0.0535 Acc 98.29% | 56.0s
2026-07-28 21:32:16 | Done in 50.30 min
2026-07-28 21:32:37 | 
================================================================================
2026-07-28 21:32:37 | FINAL SUMMARY (ALL FROM SCRATCH — NO PRETRAINED WEIGHTS)
2026-07-28 21:32:37 | ================================================================================
2026-07-28 21:32:37 | 
|                 |   Params (M) |   n_folds | Accuracy         | Precision        | Recall           | F1-Score         | Kappa             | AUC               | Train Time (min)   |
|:----------------|-------------:|----------:|:-----------------|:-----------------|:-----------------|:-----------------|:------------------|:------------------|:-------------------|
| CViTLw          |        0.329 |         5 | 99.44% +/- 0.17% | 99.34% +/- 0.22% | 99.39% +/- 0.18% | 99.36% +/- 0.19% | 0.9910 +/- 0.0027 | 0.9996 +/- 0.0002 | 62.98 +/- 6.00     |
| MobileNetV2     |        2.228 |         5 | 97.90% +/- 0.27% | 97.49% +/- 0.40% | 97.48% +/- 0.27% | 97.48% +/- 0.31% | 0.9662 +/- 0.0043 | 0.9980 +/- 0.0004 | 91.50 +/- 23.47    |
| EfficientNet-B0 |        4.011 |         5 | 98.66% +/- 0.15% | 98.40% +/- 0.19% | 98.46% +/- 0.15% | 98.43% +/- 0.17% | 0.9784 +/- 0.0023 | 0.9990 +/- 0.0003 | 56.23 +/- 14.64    |
| MobileViT-S     |        4.94  |         5 | 98.89% +/- 0.09% | 98.62% +/- 0.13% | 98.79% +/- 0.16% | 98.70% +/- 0.10% | 0.9821 +/- 0.0015 | 0.9993 +/- 0.0001 | 42.82 +/- 1.80     |
| Swin-Tiny       |       27.522 |         5 | 98.78% +/- 0.25% | 98.55% +/- 0.32% | 98.66% +/- 0.28% | 98.60% +/- 0.28% | 0.9804 +/- 0.0041 | 0.9991 +/- 0.0002 | 43.86 +/- 5.10     |
| ResNet-50       |       23.514 |         5 | 98.72% +/- 0.20% | 98.52% +/- 0.26% | 98.49% +/- 0.24% | 98.50% +/- 0.22% | 0.9793 +/- 0.0032 | 0.9991 +/- 0.0003 | 43.11 +/- 2.14     |
| DeiT-Small      |       21.667 |         5 | 98.40% +/- 0.18% | 98.14% +/- 0.20% | 98.09% +/- 0.26% | 98.11% +/- 0.22% | 0.9742 +/- 0.0029 | 0.9987 +/- 0.0003 | 42.93 +/- 4.33     |
| ViT-B/16        |       85.801 |         5 | 97.60% +/- 0.28% | 97.20% +/- 0.31% | 97.10% +/- 0.42% | 97.14% +/- 0.33% | 0.9613 +/- 0.0045 | 0.9979 +/- 0.0003 | 35.74 +/- 7.87     |
| ConvNeXt-Base   |       87.57  |         5 | 98.78% +/- 0.24% | 98.57% +/- 0.23% | 98.64% +/- 0.34% | 98.60% +/- 0.28% | 0.9803 +/- 0.0039 | 0.9990 +/- 0.0001 | 50.40 +/- 0.89     |
2026-07-28 21:32:37 | 
Saved: C:\Users\Admin\Desktop\hai\ConViTX\code ViT_8 block CNN\HybridModel_Maize_NoPretrain\results\comparison_results.json
2026-07-29 21:06:59 | Log: C:\Users\Admin\Desktop\hai\ConViTX\code ViT_8 block CNN\HybridModel_Maize_NoPretrain\results\training.log
2026-07-29 21:06:59 | Device: cuda
2026-07-29 21:06:59 | *** MODE: Baselines FROM SCRATCH (no pretrained weights) | CViTLw = CNN backbone pretrained (ImageNet1k) + ViT branch scratch ***
2026-07-29 21:06:59 | Models: ['CViTLw']
2026-07-29 21:06:59 | Folds:  [1, 2, 3, 4, 5]
2026-07-29 21:06:59 | Resume: 45 runs done
2026-07-29 21:07:00 | Dataset: 18402 samples, 3 classes
2026-07-29 21:07:00 |   [params] CViTLw           = 0.329 M  (CNN pretrained + ViT scratch)
2026-07-29 21:07:00 | 
================================================================================
2026-07-29 21:07:00 | TRAIN (CNN pretrained + ViT scratch): CViTLw | Fold 1/5 | batch=64
2026-07-29 21:07:00 | ================================================================================
2026-07-29 21:07:00 |   [INFO] CViTLw initialized with CNN backbone pretrained (ImageNet1k), ViT branch from scratch
2026-07-29 21:09:28 | Ep 01/50 | Loss 0.5529 Acc 88.39% | Val 0.1200 Acc 97.42% | 147.8s
2026-07-29 21:09:28 |   -> saved best
2026-07-29 21:10:27 | Ep 02/50 | Loss 0.1085 Acc 97.34% | Val 0.0505 Acc 98.78% | 58.5s
2026-07-29 21:10:27 |   -> saved best
2026-07-29 21:11:23 | Ep 03/50 | Loss 0.0708 Acc 97.95% | Val 0.0405 Acc 98.67% | 56.3s
2026-07-29 21:11:23 |   -> saved best
2026-07-29 21:12:26 | Ep 04/50 | Loss 0.0570 Acc 98.42% | Val 0.0377 Acc 98.86% | 62.3s
2026-07-29 21:12:26 |   -> saved best
2026-07-29 21:13:19 | Ep 05/50 | Loss 0.0511 Acc 98.47% | Val 0.0329 Acc 99.10% | 53.8s
2026-07-29 21:13:19 |   -> saved best
2026-07-29 21:14:13 | Ep 06/50 | Loss 0.0466 Acc 98.53% | Val 0.0322 Acc 99.10% | 54.1s
2026-07-29 21:14:14 |   -> saved best
2026-07-29 21:15:08 | Ep 07/50 | Loss 0.0418 Acc 98.82% | Val 0.0310 Acc 99.05% | 54.2s
2026-07-29 21:15:08 |   -> saved best
2026-07-29 21:16:10 | Ep 08/50 | Loss 0.0372 Acc 98.90% | Val 0.0291 Acc 99.16% | 62.4s
2026-07-29 21:16:10 |   -> saved best
2026-07-29 21:17:03 | Ep 09/50 | Loss 0.0357 Acc 98.99% | Val 0.0255 Acc 99.35% | 53.1s
2026-07-29 21:17:03 |   -> saved best
2026-07-29 21:17:57 | Ep 10/50 | Loss 0.0343 Acc 98.96% | Val 0.0277 Acc 99.27% | 53.5s
2026-07-29 21:18:51 | Ep 11/50 | Loss 0.0333 Acc 99.01% | Val 0.0246 Acc 99.21% | 53.6s
2026-07-29 21:18:51 |   -> saved best
2026-07-29 21:19:44 | Ep 12/50 | Loss 0.0310 Acc 99.08% | Val 0.0267 Acc 99.19% | 53.5s
2026-07-29 21:20:38 | Ep 13/50 | Loss 0.0296 Acc 99.06% | Val 0.0236 Acc 99.35% | 53.8s
2026-07-29 21:20:38 |   -> saved best
2026-07-29 21:21:31 | Ep 14/50 | Loss 0.0289 Acc 99.12% | Val 0.0213 Acc 99.38% | 53.3s
2026-07-29 21:21:31 |   -> saved best
2026-07-29 21:22:25 | Ep 15/50 | Loss 0.0283 Acc 99.21% | Val 0.0208 Acc 99.40% | 53.5s
2026-07-29 21:22:25 |   -> saved best
2026-07-29 21:23:18 | Ep 16/50 | Loss 0.0245 Acc 99.35% | Val 0.0252 Acc 99.32% | 53.4s
2026-07-29 21:24:12 | Ep 17/50 | Loss 0.0233 Acc 99.31% | Val 0.0224 Acc 99.29% | 53.6s
2026-07-29 21:25:08 | Ep 18/50 | Loss 0.0228 Acc 99.35% | Val 0.0228 Acc 99.29% | 56.2s
2026-07-29 21:26:07 | Ep 19/50 | Loss 0.0222 Acc 99.33% | Val 0.0213 Acc 99.43% | 58.5s
2026-07-29 21:27:00 | Ep 20/50 | Loss 0.0207 Acc 99.38% | Val 0.0259 Acc 99.27% | 53.6s
2026-07-29 21:27:54 | Ep 21/50 | Loss 0.0208 Acc 99.41% | Val 0.0307 Acc 99.05% | 53.5s
2026-07-29 21:28:48 | Ep 22/50 | Loss 0.0191 Acc 99.40% | Val 0.0211 Acc 99.38% | 53.6s
2026-07-29 21:29:41 | Ep 23/50 | Loss 0.0203 Acc 99.42% | Val 0.0262 Acc 99.27% | 53.7s
2026-07-29 21:30:35 | Ep 24/50 | Loss 0.0164 Acc 99.52% | Val 0.0209 Acc 99.43% | 53.6s
2026-07-29 21:31:31 | Ep 25/50 | Loss 0.0196 Acc 99.44% | Val 0.0197 Acc 99.40% | 55.8s
2026-07-29 21:31:31 |   -> saved best
2026-07-29 21:32:33 | Ep 26/50 | Loss 0.0175 Acc 99.58% | Val 0.0198 Acc 99.40% | 62.1s
2026-07-29 21:33:31 | Ep 27/50 | Loss 0.0200 Acc 99.31% | Val 0.0192 Acc 99.38% | 58.1s
2026-07-29 21:33:31 |   -> saved best
2026-07-29 21:34:25 | Ep 28/50 | Loss 0.0157 Acc 99.51% | Val 0.0226 Acc 99.29% | 53.7s
2026-07-29 21:35:19 | Ep 29/50 | Loss 0.0153 Acc 99.59% | Val 0.0186 Acc 99.40% | 53.8s
2026-07-29 21:35:19 |   -> saved best
2026-07-29 21:36:12 | Ep 30/50 | Loss 0.0157 Acc 99.51% | Val 0.0216 Acc 99.35% | 53.6s
2026-07-29 21:37:06 | Ep 31/50 | Loss 0.0140 Acc 99.58% | Val 0.0221 Acc 99.48% | 53.4s
2026-07-29 21:38:03 | Ep 32/50 | Loss 0.0147 Acc 99.53% | Val 0.0168 Acc 99.38% | 57.5s
2026-07-29 21:38:03 |   -> saved best
2026-07-29 21:39:00 | Ep 33/50 | Loss 0.0136 Acc 99.60% | Val 0.0219 Acc 99.29% | 56.4s
2026-07-29 21:39:58 | Ep 34/50 | Loss 0.0135 Acc 99.61% | Val 0.0221 Acc 99.35% | 58.2s
2026-07-29 21:40:54 | Ep 35/50 | Loss 0.0149 Acc 99.54% | Val 0.0180 Acc 99.43% | 55.6s
2026-07-29 21:41:48 | Ep 36/50 | Loss 0.0116 Acc 99.71% | Val 0.0174 Acc 99.43% | 53.8s
2026-07-29 21:42:42 | Ep 37/50 | Loss 0.0143 Acc 99.60% | Val 0.0236 Acc 99.27% | 53.9s
2026-07-29 21:43:35 | Ep 38/50 | Loss 0.0117 Acc 99.71% | Val 0.0177 Acc 99.46% | 53.5s
2026-07-29 21:44:29 | Ep 39/50 | Loss 0.0115 Acc 99.68% | Val 0.0270 Acc 99.24% | 53.5s
2026-07-29 21:45:22 | Ep 40/50 | Loss 0.0110 Acc 99.69% | Val 0.0224 Acc 99.40% | 53.7s
2026-07-29 21:46:16 | Ep 41/50 | Loss 0.0122 Acc 99.65% | Val 0.0214 Acc 99.32% | 53.3s
2026-07-29 21:47:09 | Ep 42/50 | Loss 0.0108 Acc 99.72% | Val 0.0274 Acc 99.27% | 53.4s
2026-07-29 21:48:03 | Ep 43/50 | Loss 0.0104 Acc 99.69% | Val 0.0202 Acc 99.38% | 53.8s
2026-07-29 21:48:57 | Ep 44/50 | Loss 0.0113 Acc 99.59% | Val 0.0223 Acc 99.43% | 53.5s
2026-07-29 21:49:50 | Ep 45/50 | Loss 0.0106 Acc 99.69% | Val 0.0269 Acc 99.21% | 53.1s
2026-07-29 21:50:43 | Ep 46/50 | Loss 0.0116 Acc 99.63% | Val 0.0182 Acc 99.51% | 53.2s
2026-07-29 21:51:37 | Ep 47/50 | Loss 0.0122 Acc 99.62% | Val 0.0157 Acc 99.38% | 53.8s
2026-07-29 21:51:37 |   -> saved best
2026-07-29 21:52:30 | Ep 48/50 | Loss 0.0125 Acc 99.59% | Val 0.0185 Acc 99.51% | 53.4s
2026-07-29 21:53:24 | Ep 49/50 | Loss 0.0101 Acc 99.73% | Val 0.0204 Acc 99.46% | 53.6s
2026-07-29 21:54:18 | Ep 50/50 | Loss 0.0089 Acc 99.79% | Val 0.0184 Acc 99.54% | 53.5s
2026-07-29 21:54:18 | Done in 47.29 min
2026-07-29 21:54:30 | 
================================================================================
2026-07-29 21:54:30 | TRAIN (CNN pretrained + ViT scratch): CViTLw | Fold 2/5 | batch=64
2026-07-29 21:54:30 | ================================================================================
2026-07-29 21:54:30 |   [INFO] CViTLw initialized with CNN backbone pretrained (ImageNet1k), ViT branch from scratch
2026-07-29 21:55:58 | Ep 01/50 | Loss 0.5794 Acc 86.13% | Val 0.1425 Acc 96.74% | 88.1s
2026-07-29 21:55:58 |   -> saved best
2026-07-29 21:56:55 | Ep 02/50 | Loss 0.1128 Acc 97.07% | Val 0.0570 Acc 98.37% | 56.8s
2026-07-29 21:56:55 |   -> saved best
2026-07-29 21:57:55 | Ep 03/50 | Loss 0.0702 Acc 97.92% | Val 0.0469 Acc 98.64% | 60.1s
2026-07-29 21:57:55 |   -> saved best
2026-07-29 21:58:51 | Ep 04/50 | Loss 0.0562 Acc 98.39% | Val 0.0408 Acc 98.91% | 55.5s
2026-07-29 21:58:51 |   -> saved best
2026-07-29 21:59:52 | Ep 05/50 | Loss 0.0504 Acc 98.57% | Val 0.0320 Acc 99.19% | 61.7s
2026-07-29 21:59:53 |   -> saved best
2026-07-29 22:00:46 | Ep 06/50 | Loss 0.0461 Acc 98.61% | Val 0.0356 Acc 99.05% | 53.4s
2026-07-29 22:01:40 | Ep 07/50 | Loss 0.0426 Acc 98.73% | Val 0.0269 Acc 99.43% | 53.6s
2026-07-29 22:01:40 |   -> saved best
2026-07-29 22:02:34 | Ep 08/50 | Loss 0.0401 Acc 98.70% | Val 0.0269 Acc 99.24% | 54.1s
2026-07-29 22:03:28 | Ep 09/50 | Loss 0.0374 Acc 98.85% | Val 0.0287 Acc 99.24% | 54.1s
2026-07-29 22:04:21 | Ep 10/50 | Loss 0.0336 Acc 99.04% | Val 0.0244 Acc 99.48% | 53.5s
2026-07-29 22:04:21 |   -> saved best
2026-07-29 22:05:20 | Ep 11/50 | Loss 0.0329 Acc 99.02% | Val 0.0255 Acc 99.35% | 58.6s
2026-07-29 22:06:24 | Ep 12/50 | Loss 0.0302 Acc 99.06% | Val 0.0233 Acc 99.43% | 63.8s
2026-07-29 22:06:24 |   -> saved best
2026-07-29 22:07:27 | Ep 13/50 | Loss 0.0319 Acc 99.12% | Val 0.0227 Acc 99.43% | 62.9s
2026-07-29 22:07:27 |   -> saved best
2026-07-29 22:08:29 | Ep 14/50 | Loss 0.0278 Acc 99.13% | Val 0.0227 Acc 99.46% | 62.3s
2026-07-29 22:08:29 |   -> saved best
2026-07-29 22:09:38 | Ep 15/50 | Loss 0.0260 Acc 99.18% | Val 0.0213 Acc 99.43% | 68.4s
2026-07-29 22:09:38 |   -> saved best
2026-07-29 22:10:36 | Ep 16/50 | Loss 0.0243 Acc 99.29% | Val 0.0238 Acc 99.43% | 57.6s
2026-07-29 22:11:31 | Ep 17/50 | Loss 0.0230 Acc 99.36% | Val 0.0246 Acc 99.43% | 55.4s
2026-07-29 22:12:36 | Ep 18/50 | Loss 0.0246 Acc 99.27% | Val 0.0242 Acc 99.32% | 64.8s
2026-07-29 22:13:31 | Ep 19/50 | Loss 0.0229 Acc 99.33% | Val 0.0191 Acc 99.51% | 55.2s
2026-07-29 22:13:31 |   -> saved best
2026-07-29 22:14:27 | Ep 20/50 | Loss 0.0225 Acc 99.33% | Val 0.0248 Acc 99.32% | 55.4s
2026-07-29 22:15:23 | Ep 21/50 | Loss 0.0212 Acc 99.46% | Val 0.0218 Acc 99.46% | 56.5s
2026-07-29 22:16:26 | Ep 22/50 | Loss 0.0208 Acc 99.34% | Val 0.0197 Acc 99.35% | 63.2s
2026-07-29 22:17:22 | Ep 23/50 | Loss 0.0222 Acc 99.31% | Val 0.0297 Acc 99.13% | 55.3s
2026-07-29 22:18:19 | Ep 24/50 | Loss 0.0197 Acc 99.49% | Val 0.0204 Acc 99.43% | 56.8s
2026-07-29 22:19:15 | Ep 25/50 | Loss 0.0173 Acc 99.53% | Val 0.0181 Acc 99.51% | 56.6s
2026-07-29 22:19:15 |   -> saved best
2026-07-29 22:20:11 | Ep 26/50 | Loss 0.0181 Acc 99.45% | Val 0.0235 Acc 99.32% | 55.8s
2026-07-29 22:21:06 | Ep 27/50 | Loss 0.0194 Acc 99.41% | Val 0.0182 Acc 99.51% | 54.8s
2026-07-29 22:22:00 | Ep 28/50 | Loss 0.0169 Acc 99.50% | Val 0.0169 Acc 99.62% | 54.4s
2026-07-29 22:22:00 |   -> saved best
2026-07-29 22:22:55 | Ep 29/50 | Loss 0.0155 Acc 99.58% | Val 0.0203 Acc 99.43% | 55.0s
2026-07-29 22:23:54 | Ep 30/50 | Loss 0.0151 Acc 99.59% | Val 0.0202 Acc 99.35% | 58.3s
2026-07-29 22:24:55 | Ep 31/50 | Loss 0.0147 Acc 99.57% | Val 0.0205 Acc 99.40% | 61.1s
2026-07-29 22:25:49 | Ep 32/50 | Loss 0.0154 Acc 99.61% | Val 0.0220 Acc 99.38% | 54.1s
2026-07-29 22:26:43 | Ep 33/50 | Loss 0.0164 Acc 99.50% | Val 0.0212 Acc 99.40% | 54.2s
2026-07-29 22:27:38 | Ep 34/50 | Loss 0.0158 Acc 99.55% | Val 0.0172 Acc 99.57% | 54.3s
2026-07-29 22:28:32 | Ep 35/50 | Loss 0.0126 Acc 99.65% | Val 0.0183 Acc 99.46% | 54.3s
2026-07-29 22:29:26 | Ep 36/50 | Loss 0.0137 Acc 99.68% | Val 0.0159 Acc 99.54% | 54.3s
2026-07-29 22:29:26 |   -> saved best
2026-07-29 22:30:20 | Ep 37/50 | Loss 0.0133 Acc 99.65% | Val 0.0188 Acc 99.54% | 53.8s
2026-07-29 22:31:14 | Ep 38/50 | Loss 0.0124 Acc 99.66% | Val 0.0173 Acc 99.51% | 53.6s
2026-07-29 22:32:07 | Ep 39/50 | Loss 0.0134 Acc 99.66% | Val 0.0177 Acc 99.54% | 53.6s
2026-07-29 22:33:02 | Ep 40/50 | Loss 0.0115 Acc 99.67% | Val 0.0163 Acc 99.51% | 54.7s
2026-07-29 22:33:56 | Ep 41/50 | Loss 0.0117 Acc 99.65% | Val 0.0168 Acc 99.59% | 54.2s
2026-07-29 22:34:51 | Ep 42/50 | Loss 0.0127 Acc 99.62% | Val 0.0170 Acc 99.57% | 54.9s
2026-07-29 22:35:45 | Ep 43/50 | Loss 0.0108 Acc 99.69% | Val 0.0195 Acc 99.48% | 53.4s
2026-07-29 22:36:38 | Ep 44/50 | Loss 0.0104 Acc 99.69% | Val 0.0170 Acc 99.54% | 52.9s
2026-07-29 22:37:31 | Ep 45/50 | Loss 0.0115 Acc 99.62% | Val 0.0191 Acc 99.48% | 52.9s
2026-07-29 22:38:24 | Ep 46/50 | Loss 0.0107 Acc 99.66% | Val 0.0211 Acc 99.48% | 53.4s
2026-07-29 22:39:17 | Ep 47/50 | Loss 0.0117 Acc 99.67% | Val 0.0196 Acc 99.40% | 53.1s
2026-07-29 22:40:10 | Ep 48/50 | Loss 0.0106 Acc 99.63% | Val 0.0166 Acc 99.46% | 52.9s
2026-07-29 22:41:03 | Ep 49/50 | Loss 0.0086 Acc 99.74% | Val 0.0236 Acc 99.40% | 52.5s
2026-07-29 22:41:56 | Ep 50/50 | Loss 0.0117 Acc 99.65% | Val 0.0219 Acc 99.48% | 52.8s
2026-07-29 22:41:56 | Done in 47.43 min
2026-07-29 22:42:09 | 
================================================================================
2026-07-29 22:42:09 | TRAIN (CNN pretrained + ViT scratch): CViTLw | Fold 3/5 | batch=64
2026-07-29 22:42:09 | ================================================================================
2026-07-29 22:42:09 |   [INFO] CViTLw initialized with CNN backbone pretrained (ImageNet1k), ViT branch from scratch
2026-07-29 22:43:44 | Ep 01/50 | Loss 0.5102 Acc 89.46% | Val 0.1238 Acc 97.07% | 94.6s
2026-07-29 22:43:44 |   -> saved best
2026-07-29 22:44:37 | Ep 02/50 | Loss 0.1078 Acc 97.24% | Val 0.0672 Acc 97.93% | 53.5s
2026-07-29 22:44:37 |   -> saved best
2026-07-29 22:45:39 | Ep 03/50 | Loss 0.0687 Acc 98.04% | Val 0.0522 Acc 98.34% | 61.2s
2026-07-29 22:45:39 |   -> saved best
2026-07-29 22:46:36 | Ep 04/50 | Loss 0.0611 Acc 98.10% | Val 0.0433 Acc 98.72% | 57.5s
2026-07-29 22:46:36 |   -> saved best
2026-07-29 22:47:36 | Ep 05/50 | Loss 0.0528 Acc 98.37% | Val 0.0388 Acc 98.94% | 59.4s
2026-07-29 22:47:36 |   -> saved best
2026-07-29 22:48:29 | Ep 06/50 | Loss 0.0457 Acc 98.59% | Val 0.0356 Acc 99.05% | 53.5s
2026-07-29 22:48:29 |   -> saved best
2026-07-29 22:49:22 | Ep 07/50 | Loss 0.0413 Acc 98.78% | Val 0.0365 Acc 98.99% | 53.2s
2026-07-29 22:50:16 | Ep 08/50 | Loss 0.0354 Acc 99.05% | Val 0.0440 Acc 98.61% | 53.6s
2026-07-29 22:51:10 | Ep 09/50 | Loss 0.0343 Acc 99.06% | Val 0.0377 Acc 98.94% | 53.8s
2026-07-29 22:52:06 | Ep 10/50 | Loss 0.0351 Acc 98.97% | Val 0.0404 Acc 98.72% | 56.3s
2026-07-29 22:53:06 | Ep 11/50 | Loss 0.0330 Acc 99.05% | Val 0.0296 Acc 99.18% | 59.6s
2026-07-29 22:53:06 |   -> saved best
2026-07-29 22:53:59 | Ep 12/50 | Loss 0.0300 Acc 99.10% | Val 0.0329 Acc 99.08% | 53.5s
2026-07-29 22:54:53 | Ep 13/50 | Loss 0.0321 Acc 99.10% | Val 0.0301 Acc 98.99% | 53.6s
2026-07-29 22:55:49 | Ep 14/50 | Loss 0.0297 Acc 99.10% | Val 0.0290 Acc 99.05% | 55.5s
2026-07-29 22:55:49 |   -> saved best
2026-07-29 22:56:49 | Ep 15/50 | Loss 0.0273 Acc 99.21% | Val 0.0324 Acc 98.97% | 59.9s
2026-07-29 22:57:42 | Ep 16/50 | Loss 0.0271 Acc 99.20% | Val 0.0271 Acc 99.18% | 53.2s
2026-07-29 22:57:42 |   -> saved best
2026-07-29 22:58:35 | Ep 17/50 | Loss 0.0244 Acc 99.29% | Val 0.0332 Acc 99.05% | 53.2s
2026-07-29 22:59:28 | Ep 18/50 | Loss 0.0242 Acc 99.34% | Val 0.0340 Acc 98.91% | 53.0s
2026-07-29 23:00:24 | Ep 19/50 | Loss 0.0242 Acc 99.29% | Val 0.0287 Acc 99.24% | 55.9s
2026-07-29 23:01:21 | Ep 20/50 | Loss 0.0223 Acc 99.40% | Val 0.0264 Acc 99.21% | 56.7s
2026-07-29 23:01:21 |   -> saved best
2026-07-29 23:02:14 | Ep 21/50 | Loss 0.0207 Acc 99.47% | Val 0.0239 Acc 99.27% | 53.4s
2026-07-29 23:02:14 |   -> saved best
2026-07-29 23:03:08 | Ep 22/50 | Loss 0.0193 Acc 99.46% | Val 0.0341 Acc 98.99% | 53.3s
2026-07-29 23:04:01 | Ep 23/50 | Loss 0.0214 Acc 99.33% | Val 0.0242 Acc 99.27% | 53.3s
2026-07-29 23:04:54 | Ep 24/50 | Loss 0.0179 Acc 99.48% | Val 0.0290 Acc 99.29% | 53.1s
2026-07-29 23:05:47 | Ep 25/50 | Loss 0.0184 Acc 99.44% | Val 0.0277 Acc 99.24% | 53.2s
2026-07-29 23:06:41 | Ep 26/50 | Loss 0.0205 Acc 99.35% | Val 0.0334 Acc 99.10% | 53.4s
2026-07-29 23:07:34 | Ep 27/50 | Loss 0.0187 Acc 99.38% | Val 0.0277 Acc 99.18% | 53.2s
2026-07-29 23:08:27 | Ep 28/50 | Loss 0.0168 Acc 99.48% | Val 0.0294 Acc 99.02% | 53.2s
2026-07-29 23:09:23 | Ep 29/50 | Loss 0.0158 Acc 99.54% | Val 0.0298 Acc 99.16% | 56.2s
2026-07-29 23:10:25 | Ep 30/50 | Loss 0.0157 Acc 99.54% | Val 0.0255 Acc 99.38% | 61.8s
2026-07-29 23:11:27 | Ep 31/50 | Loss 0.0171 Acc 99.51% | Val 0.0269 Acc 99.35% | 61.3s
2026-07-29 23:12:24 | Ep 32/50 | Loss 0.0152 Acc 99.54% | Val 0.0297 Acc 99.10% | 56.7s
2026-07-29 23:13:17 | Ep 33/50 | Loss 0.0163 Acc 99.54% | Val 0.0272 Acc 99.32% | 53.2s
2026-07-29 23:14:10 | Ep 34/50 | Loss 0.0155 Acc 99.50% | Val 0.0277 Acc 99.24% | 53.2s
2026-07-29 23:15:03 | Ep 35/50 | Loss 0.0132 Acc 99.61% | Val 0.0286 Acc 99.29% | 53.4s
2026-07-29 23:15:57 | Ep 36/50 | Loss 0.0139 Acc 99.65% | Val 0.0298 Acc 99.35% | 53.1s
2026-07-29 23:15:57 |   Early stop at epoch 36
2026-07-29 23:15:57 | Done in 33.79 min
2026-07-29 23:16:08 | 
================================================================================
2026-07-29 23:16:08 | TRAIN (CNN pretrained + ViT scratch): CViTLw | Fold 4/5 | batch=64
2026-07-29 23:16:08 | ================================================================================
2026-07-29 23:16:08 |   [INFO] CViTLw initialized with CNN backbone pretrained (ImageNet1k), ViT branch from scratch
2026-07-29 23:17:34 | Ep 01/50 | Loss 0.5479 Acc 87.67% | Val 0.1172 Acc 97.26% | 86.0s
2026-07-29 23:17:34 |   -> saved best
2026-07-29 23:18:28 | Ep 02/50 | Loss 0.1091 Acc 97.12% | Val 0.0608 Acc 98.32% | 53.5s
2026-07-29 23:18:28 |   -> saved best
2026-07-29 23:19:22 | Ep 03/50 | Loss 0.0687 Acc 98.14% | Val 0.0396 Acc 98.97% | 53.5s
2026-07-29 23:19:22 |   -> saved best
2026-07-29 23:20:15 | Ep 04/50 | Loss 0.0542 Acc 98.51% | Val 0.0327 Acc 99.05% | 53.3s
2026-07-29 23:20:15 |   -> saved best
2026-07-29 23:21:13 | Ep 05/50 | Loss 0.0497 Acc 98.48% | Val 0.0319 Acc 99.13% | 58.0s
2026-07-29 23:21:13 |   -> saved best
2026-07-29 23:22:12 | Ep 06/50 | Loss 0.0458 Acc 98.67% | Val 0.0285 Acc 99.27% | 59.1s
2026-07-29 23:22:12 |   -> saved best
2026-07-29 23:23:06 | Ep 07/50 | Loss 0.0407 Acc 98.75% | Val 0.0329 Acc 98.97% | 53.8s
2026-07-29 23:24:00 | Ep 08/50 | Loss 0.0354 Acc 99.01% | Val 0.0256 Acc 99.32% | 53.6s
2026-07-29 23:24:00 |   -> saved best
2026-07-29 23:24:53 | Ep 09/50 | Loss 0.0360 Acc 98.94% | Val 0.0233 Acc 99.46% | 53.7s
2026-07-29 23:24:53 |   -> saved best
2026-07-29 23:25:47 | Ep 10/50 | Loss 0.0345 Acc 98.99% | Val 0.0220 Acc 99.48% | 53.6s
2026-07-29 23:25:47 |   -> saved best
2026-07-29 23:26:41 | Ep 11/50 | Loss 0.0300 Acc 99.06% | Val 0.0266 Acc 99.21% | 54.1s
2026-07-29 23:27:35 | Ep 12/50 | Loss 0.0284 Acc 99.14% | Val 0.0230 Acc 99.51% | 53.3s
2026-07-29 23:28:28 | Ep 13/50 | Loss 0.0297 Acc 99.18% | Val 0.0222 Acc 99.46% | 53.2s
2026-07-29 23:29:21 | Ep 14/50 | Loss 0.0266 Acc 99.27% | Val 0.0258 Acc 99.38% | 53.4s
2026-07-29 23:30:15 | Ep 15/50 | Loss 0.0274 Acc 99.17% | Val 0.0249 Acc 99.35% | 53.7s
2026-07-29 23:31:09 | Ep 16/50 | Loss 0.0231 Acc 99.27% | Val 0.0196 Acc 99.54% | 53.4s
2026-07-29 23:31:09 |   -> saved best
2026-07-29 23:32:02 | Ep 17/50 | Loss 0.0267 Acc 99.18% | Val 0.0196 Acc 99.48% | 53.6s
2026-07-29 23:32:57 | Ep 18/50 | Loss 0.0241 Acc 99.27% | Val 0.0215 Acc 99.57% | 54.4s
2026-07-29 23:33:57 | Ep 19/50 | Loss 0.0235 Acc 99.25% | Val 0.0176 Acc 99.65% | 60.1s
2026-07-29 23:33:57 |   -> saved best
2026-07-29 23:34:50 | Ep 20/50 | Loss 0.0220 Acc 99.39% | Val 0.0207 Acc 99.62% | 53.5s
2026-07-29 23:35:44 | Ep 21/50 | Loss 0.0234 Acc 99.23% | Val 0.0187 Acc 99.59% | 53.5s
2026-07-29 23:36:40 | Ep 22/50 | Loss 0.0217 Acc 99.35% | Val 0.0239 Acc 99.43% | 56.5s
2026-07-29 23:37:38 | Ep 23/50 | Loss 0.0176 Acc 99.49% | Val 0.0202 Acc 99.65% | 57.1s
2026-07-29 23:38:31 | Ep 24/50 | Loss 0.0202 Acc 99.39% | Val 0.0235 Acc 99.54% | 53.4s
2026-07-29 23:39:26 | Ep 25/50 | Loss 0.0191 Acc 99.42% | Val 0.0179 Acc 99.65% | 54.4s
2026-07-29 23:40:19 | Ep 26/50 | Loss 0.0199 Acc 99.35% | Val 0.0184 Acc 99.70% | 53.6s
2026-07-29 23:41:13 | Ep 27/50 | Loss 0.0167 Acc 99.44% | Val 0.0206 Acc 99.51% | 53.6s
2026-07-29 23:42:07 | Ep 28/50 | Loss 0.0155 Acc 99.51% | Val 0.0164 Acc 99.70% | 54.1s
2026-07-29 23:42:07 |   -> saved best
2026-07-29 23:43:00 | Ep 29/50 | Loss 0.0161 Acc 99.55% | Val 0.0169 Acc 99.65% | 53.4s
2026-07-29 23:43:58 | Ep 30/50 | Loss 0.0145 Acc 99.51% | Val 0.0182 Acc 99.65% | 57.2s
2026-07-29 23:44:54 | Ep 31/50 | Loss 0.0159 Acc 99.48% | Val 0.0173 Acc 99.59% | 56.0s
2026-07-29 23:45:47 | Ep 32/50 | Loss 0.0148 Acc 99.54% | Val 0.0195 Acc 99.57% | 53.7s
2026-07-29 23:46:41 | Ep 33/50 | Loss 0.0128 Acc 99.55% | Val 0.0193 Acc 99.62% | 53.3s
2026-07-29 23:47:34 | Ep 34/50 | Loss 0.0133 Acc 99.58% | Val 0.0166 Acc 99.73% | 53.5s
2026-07-29 23:48:28 | Ep 35/50 | Loss 0.0142 Acc 99.57% | Val 0.0185 Acc 99.67% | 53.6s
2026-07-29 23:49:24 | Ep 36/50 | Loss 0.0155 Acc 99.51% | Val 0.0213 Acc 99.57% | 55.8s
2026-07-29 23:50:21 | Ep 37/50 | Loss 0.0136 Acc 99.60% | Val 0.0213 Acc 99.54% | 57.2s
2026-07-29 23:51:14 | Ep 38/50 | Loss 0.0116 Acc 99.67% | Val 0.0216 Acc 99.59% | 53.4s
2026-07-29 23:52:08 | Ep 39/50 | Loss 0.0148 Acc 99.58% | Val 0.0238 Acc 99.46% | 53.9s
2026-07-29 23:53:02 | Ep 40/50 | Loss 0.0128 Acc 99.63% | Val 0.0234 Acc 99.48% | 54.1s
2026-07-29 23:53:56 | Ep 41/50 | Loss 0.0106 Acc 99.71% | Val 0.0171 Acc 99.59% | 53.7s
2026-07-29 23:54:54 | Ep 42/50 | Loss 0.0136 Acc 99.57% | Val 0.0256 Acc 99.43% | 57.3s
2026-07-29 23:55:50 | Ep 43/50 | Loss 0.0110 Acc 99.66% | Val 0.0187 Acc 99.57% | 56.3s
2026-07-29 23:55:50 |   Early stop at epoch 43
2026-07-29 23:55:50 | Done in 39.69 min
2026-07-29 23:56:02 | 
================================================================================
2026-07-29 23:56:02 | TRAIN (CNN pretrained + ViT scratch): CViTLw | Fold 5/5 | batch=64
2026-07-29 23:56:02 | ================================================================================
2026-07-29 23:56:02 |   [INFO] CViTLw initialized with CNN backbone pretrained (ImageNet1k), ViT branch from scratch
2026-07-29 23:57:29 | Ep 01/50 | Loss 0.5591 Acc 86.28% | Val 0.1414 Acc 96.96% | 87.0s
2026-07-29 23:57:29 |   -> saved best
2026-07-29 23:58:23 | Ep 02/50 | Loss 0.1124 Acc 97.22% | Val 0.0657 Acc 98.29% | 53.4s
2026-07-29 23:58:23 |   -> saved best
2026-07-29 23:59:16 | Ep 03/50 | Loss 0.0671 Acc 98.04% | Val 0.0575 Acc 98.32% | 53.6s
2026-07-29 23:59:16 |   -> saved best
2026-07-30 00:00:10 | Ep 04/50 | Loss 0.0534 Acc 98.38% | Val 0.0529 Acc 98.29% | 53.5s
2026-07-30 00:00:10 |   -> saved best
2026-07-30 00:01:03 | Ep 05/50 | Loss 0.0446 Acc 98.64% | Val 0.0480 Acc 98.64% | 53.3s
2026-07-30 00:01:03 |   -> saved best
2026-07-30 00:01:57 | Ep 06/50 | Loss 0.0428 Acc 98.78% | Val 0.0424 Acc 98.83% | 53.5s
2026-07-30 00:01:57 |   -> saved best
2026-07-30 00:02:51 | Ep 07/50 | Loss 0.0384 Acc 98.94% | Val 0.0376 Acc 98.86% | 53.9s
2026-07-30 00:02:51 |   -> saved best
2026-07-30 00:03:44 | Ep 08/50 | Loss 0.0381 Acc 98.90% | Val 0.0377 Acc 98.94% | 53.7s
2026-07-30 00:04:38 | Ep 09/50 | Loss 0.0338 Acc 98.95% | Val 0.0436 Acc 98.70% | 53.6s
2026-07-30 00:05:39 | Ep 10/50 | Loss 0.0331 Acc 98.97% | Val 0.0414 Acc 98.94% | 61.3s
2026-07-30 00:06:43 | Ep 11/50 | Loss 0.0328 Acc 99.03% | Val 0.0354 Acc 99.02% | 63.4s
2026-07-30 00:06:43 |   -> saved best
2026-07-30 00:07:45 | Ep 12/50 | Loss 0.0317 Acc 99.11% | Val 0.0340 Acc 99.18% | 61.9s
2026-07-30 00:07:45 |   -> saved best
2026-07-30 00:08:41 | Ep 13/50 | Loss 0.0285 Acc 99.14% | Val 0.0358 Acc 99.13% | 56.1s
2026-07-30 00:09:35 | Ep 14/50 | Loss 0.0262 Acc 99.27% | Val 0.0359 Acc 99.05% | 53.5s
2026-07-30 00:10:28 | Ep 15/50 | Loss 0.0231 Acc 99.40% | Val 0.0405 Acc 98.89% | 53.4s
2026-07-30 00:11:21 | Ep 16/50 | Loss 0.0263 Acc 99.27% | Val 0.0401 Acc 98.94% | 53.4s
2026-07-30 00:12:15 | Ep 17/50 | Loss 0.0218 Acc 99.37% | Val 0.0319 Acc 99.16% | 53.5s
2026-07-30 00:12:15 |   -> saved best
2026-07-30 00:13:08 | Ep 18/50 | Loss 0.0234 Acc 99.30% | Val 0.0360 Acc 99.10% | 53.3s
2026-07-30 00:14:10 | Ep 19/50 | Loss 0.0202 Acc 99.45% | Val 0.0357 Acc 99.08% | 61.3s
2026-07-30 00:15:04 | Ep 20/50 | Loss 0.0216 Acc 99.42% | Val 0.0351 Acc 99.18% | 54.6s
2026-07-30 00:15:58 | Ep 21/50 | Loss 0.0200 Acc 99.37% | Val 0.0319 Acc 99.18% | 53.5s
2026-07-30 00:16:51 | Ep 22/50 | Loss 0.0197 Acc 99.41% | Val 0.0368 Acc 99.13% | 53.4s
2026-07-30 00:17:47 | Ep 23/50 | Loss 0.0170 Acc 99.50% | Val 0.0284 Acc 99.32% | 55.7s
2026-07-30 00:17:47 |   -> saved best
2026-07-30 00:18:48 | Ep 24/50 | Loss 0.0173 Acc 99.50% | Val 0.0371 Acc 99.13% | 60.8s
2026-07-30 00:19:42 | Ep 25/50 | Loss 0.0157 Acc 99.52% | Val 0.0326 Acc 99.32% | 53.4s
2026-07-30 00:20:35 | Ep 26/50 | Loss 0.0178 Acc 99.42% | Val 0.0372 Acc 98.97% | 53.5s
2026-07-30 00:21:29 | Ep 27/50 | Loss 0.0150 Acc 99.57% | Val 0.0350 Acc 99.08% | 53.7s
2026-07-30 00:22:22 | Ep 28/50 | Loss 0.0157 Acc 99.54% | Val 0.0295 Acc 99.27% | 53.2s
2026-07-30 00:23:16 | Ep 29/50 | Loss 0.0174 Acc 99.50% | Val 0.0355 Acc 99.16% | 53.6s
2026-07-30 00:24:10 | Ep 30/50 | Loss 0.0157 Acc 99.51% | Val 0.0314 Acc 99.27% | 53.9s
2026-07-30 00:25:07 | Ep 31/50 | Loss 0.0142 Acc 99.61% | Val 0.0306 Acc 99.21% | 57.5s
2026-07-30 00:26:06 | Ep 32/50 | Loss 0.0146 Acc 99.56% | Val 0.0351 Acc 99.24% | 58.2s
2026-07-30 00:27:00 | Ep 33/50 | Loss 0.0141 Acc 99.59% | Val 0.0401 Acc 99.02% | 54.1s
2026-07-30 00:27:54 | Ep 34/50 | Loss 0.0133 Acc 99.62% | Val 0.0326 Acc 99.21% | 53.9s
2026-07-30 00:28:51 | Ep 35/50 | Loss 0.0129 Acc 99.58% | Val 0.0367 Acc 99.16% | 57.7s
2026-07-30 00:29:50 | Ep 36/50 | Loss 0.0136 Acc 99.58% | Val 0.0302 Acc 99.35% | 58.8s
2026-07-30 00:30:44 | Ep 37/50 | Loss 0.0125 Acc 99.69% | Val 0.0352 Acc 99.16% | 53.6s
2026-07-30 00:31:37 | Ep 38/50 | Loss 0.0124 Acc 99.60% | Val 0.0304 Acc 99.16% | 53.3s
2026-07-30 00:31:37 |   Early stop at epoch 38
2026-07-30 00:31:37 | Done in 35.59 min
2026-07-30 00:31:49 | 
================================================================================
2026-07-30 00:31:49 | FINAL SUMMARY (ALL FROM SCRATCH — NO PRETRAINED WEIGHTS)
2026-07-30 00:31:49 | ================================================================================
2026-07-30 00:31:49 | 
|                 |   Params (M) |   n_folds | Accuracy         | Precision        | Recall           | F1-Score         | Kappa             | AUC               | Train Time (min)   |
|:----------------|-------------:|----------:|:-----------------|:-----------------|:-----------------|:-----------------|:------------------|:------------------|:-------------------|
| CViTLw          |        0.329 |         5 | 99.44% +/- 0.16% | 99.32% +/- 0.20% | 99.39% +/- 0.18% | 99.35% +/- 0.19% | 0.9910 +/- 0.0026 | 0.9996 +/- 0.0002 | 40.76 +/- 5.72     |
| MobileNetV2     |        2.228 |         5 | 97.90% +/- 0.27% | 97.49% +/- 0.40% | 97.48% +/- 0.27% | 97.48% +/- 0.31% | 0.9662 +/- 0.0043 | 0.9980 +/- 0.0004 | 91.50 +/- 23.47    |
| EfficientNet-B0 |        4.011 |         5 | 98.66% +/- 0.15% | 98.40% +/- 0.19% | 98.46% +/- 0.15% | 98.43% +/- 0.17% | 0.9784 +/- 0.0023 | 0.9990 +/- 0.0003 | 56.23 +/- 14.64    |
| MobileViT-S     |        4.94  |         5 | 98.89% +/- 0.09% | 98.62% +/- 0.13% | 98.79% +/- 0.16% | 98.70% +/- 0.10% | 0.9821 +/- 0.0015 | 0.9993 +/- 0.0001 | 42.82 +/- 1.80     |
| ResNet-50       |       23.514 |         5 | 98.72% +/- 0.20% | 98.52% +/- 0.26% | 98.49% +/- 0.24% | 98.50% +/- 0.22% | 0.9793 +/- 0.0032 | 0.9991 +/- 0.0003 | 43.11 +/- 2.14     |
| DeiT-Small      |       21.667 |         5 | 98.40% +/- 0.18% | 98.14% +/- 0.20% | 98.09% +/- 0.26% | 98.11% +/- 0.22% | 0.9742 +/- 0.0029 | 0.9987 +/- 0.0003 | 42.93 +/- 4.33     |
| Swin-Tiny       |       27.522 |         5 | 98.78% +/- 0.25% | 98.55% +/- 0.32% | 98.66% +/- 0.28% | 98.60% +/- 0.28% | 0.9804 +/- 0.0041 | 0.9991 +/- 0.0002 | 43.86 +/- 5.10     |
| ViT-B/16        |       85.801 |         5 | 97.60% +/- 0.28% | 97.20% +/- 0.31% | 97.10% +/- 0.42% | 97.14% +/- 0.33% | 0.9613 +/- 0.0045 | 0.9979 +/- 0.0003 | 35.74 +/- 7.87     |
| ConvNeXt-Base   |       87.57  |         5 | 98.78% +/- 0.24% | 98.57% +/- 0.23% | 98.64% +/- 0.34% | 98.60% +/- 0.28% | 0.9803 +/- 0.0039 | 0.9990 +/- 0.0001 | 50.40 +/- 0.89     |
2026-07-30 00:31:49 | 
Saved: C:\Users\Admin\Desktop\hai\ConViTX\code ViT_8 block CNN\HybridModel_Maize_NoPretrain\results\comparison_results.json
