2026-06-24 14:13:42 | Log file initialized at: C:\Users\Admin\Desktop\hai\ConViTX\code ViT_8 block CNN\HybridModel_PlantPathology_Ablation\results\ablation_training.log
2026-06-24 14:13:42 | AXIS=1 | Folds to run: [3] (of 5) | Seed=42
2026-06-24 14:13:42 | Configs (1): Hybrid_none-none-none
2026-06-24 14:13:42 | Hyperparams: epochs=1, batch=128, lr=0.0001, patience=15, AMP/FP16
2026-06-24 14:13:42 | Using device: cuda
2026-06-24 14:13:42 | Dataset loaded. 6192 samples, 4 classes: ['healthy', 'multiple_diseases', 'rust', 'scab']
2026-06-24 14:13:42 |   [params] Hybrid_none-none-none              = 0.319 M
2026-06-24 14:13:42 | 
================================================================================
2026-06-24 14:13:42 | TRAINING: Hybrid_none-none-none | FOLD 3/5
2026-06-24 14:13:42 | ================================================================================
2026-06-24 14:13:42 | [INFO] reduced batch_size=64 for hybrid model to avoid OOM.
2026-06-24 14:17:02 | Log file initialized at: C:\Users\Admin\Desktop\hai\ConViTX\code ViT_8 block CNN\HybridModel_PlantPathology_Ablation\results\ablation_training.log
2026-06-24 14:17:02 | AXIS=1 | Folds to run: [3] (of 5) | Seed=42
2026-06-24 14:17:02 | Configs (1): Hybrid_none-none-none
2026-06-24 14:17:02 | Hyperparams: epochs=1, batch=128, lr=0.0001, patience=15, AMP/FP16
2026-06-24 14:17:02 | Using device: cuda
2026-06-24 14:17:03 | Dataset loaded. 6192 samples, 4 classes: ['healthy', 'multiple_diseases', 'rust', 'scab']
2026-06-24 14:17:03 |   [params] Hybrid_none-none-none              = 0.319 M
2026-06-24 14:17:03 | 
================================================================================
2026-06-24 14:17:03 | TRAINING: Hybrid_none-none-none | FOLD 3/5
2026-06-24 14:17:03 | ================================================================================
2026-06-24 14:17:03 | [INFO] reduced batch_size=64 for hybrid model to avoid OOM.
2026-06-24 14:18:59 | Epoch 01/01 | Loss 1.0546 | Acc 59.96% | Val Loss 0.7603 | Val Acc 74.07% | 116.0s
2026-06-24 14:18:59 |   --> saved best to C:\Users\Admin\Desktop\hai\ConViTX\code ViT_8 block CNN\HybridModel_PlantPathology_Ablation\results\Hybrid_none-none-none_fold3_best.pth
2026-06-24 14:18:59 | Finished Hybrid_none-none-none fold 3 in 1.94 min.
2026-06-24 14:19:03 | 
================================================================================
2026-06-24 14:19:03 | ABLATION SUMMARY (AXIS 1) — folds run: [3]
2026-06-24 14:19:03 | ================================================================================
2026-06-24 14:19:03 | 
|                       |   Params (M) |   n_folds | Accuracy       | Precision      | Recall         | F1-Score       | Kappa           | AUC             | Train Time (min)   |
|:----------------------|-------------:|----------:|:---------------|:---------------|:---------------|:---------------|:----------------|:----------------|:-------------------|
| Hybrid_none-none-none |        0.319 |         1 | 74.07% ± 0.00% | 57.24% ± 0.00% | 58.01% ± 0.00% | 56.09% ± 0.00% | 0.6183 ± 0.0000 | 0.8350 ± 0.0000 | 1.94 ± 0.00        |

2026-06-24 14:19:03 | Saved summary JSON to: C:\Users\Admin\Desktop\hai\ConViTX\code ViT_8 block CNN\HybridModel_PlantPathology_Ablation\results\ablation_kfold_results.json
2026-06-24 14:19:33 | Log file initialized at: C:\Users\Admin\Desktop\hai\ConViTX\code ViT_8 block CNN\HybridModel_PlantPathology_Ablation\results\ablation_training.log
2026-06-24 14:19:33 | [SCREEN] Train tươi MỌI config trên DUY NHẤT fold-3/5 (StratifiedKFold seed=42); fold này dùng lại khi confirm 5-fold.
2026-06-24 14:19:33 | AXIS=1 | Folds to run: [3] (of 5) | Seed=42
2026-06-24 14:19:33 | Configs (9): Hybrid_none-none-none, Hybrid_se-se-se, Hybrid_se-se-secbam, Hybrid_secbam-secbam-secbam, Hybrid_none-none-se, Hybrid_none-none-secbam, Hybrid_se-se-none, Hybrid_secbam-se-secbam, Hybrid_se-secbam-secbam
2026-06-24 14:19:33 | Hyperparams: epochs=50, batch=128, lr=0.0001, patience=15, AMP/FP16
2026-06-24 14:19:33 | Using device: cuda
2026-06-24 14:19:33 | Dataset loaded. 6192 samples, 4 classes: ['healthy', 'multiple_diseases', 'rust', 'scab']
2026-06-24 14:19:33 |   [params] Hybrid_none-none-none              = 0.319 M
2026-06-24 14:19:33 |   [params] Hybrid_se-se-se                    = 0.329 M
2026-06-24 14:19:33 |   [params] Hybrid_se-se-secbam                = 0.331 M
2026-06-24 14:19:33 |   [params] Hybrid_secbam-secbam-secbam        = 0.332 M
2026-06-24 14:19:34 |   [params] Hybrid_none-none-se                = 0.327 M
2026-06-24 14:19:34 |   [params] Hybrid_none-none-secbam            = 0.33 M
2026-06-24 14:19:34 |   [params] Hybrid_se-se-none                  = 0.321 M
2026-06-24 14:19:34 |   [params] Hybrid_secbam-se-secbam            = 0.332 M
2026-06-24 14:19:34 |   [params] Hybrid_se-secbam-secbam            = 0.332 M
2026-06-24 14:19:34 | 
================================================================================
2026-06-24 14:19:34 | TRAINING: Hybrid_none-none-none | FOLD 3/5
2026-06-24 14:19:34 | ================================================================================
2026-06-24 14:19:34 | [INFO] reduced batch_size=64 for hybrid model to avoid OOM.
2026-06-24 14:21:23 | Epoch 01/50 | Loss 1.0545 | Acc 59.96% | Val Loss 0.7596 | Val Acc 74.15% | 109.5s
2026-06-24 14:21:23 |   --> saved best to C:\Users\Admin\Desktop\hai\ConViTX\code ViT_8 block CNN\HybridModel_PlantPathology_Ablation\results\Hybrid_none-none-none_fold3_best.pth
2026-06-24 14:22:06 | Epoch 02/50 | Loss 0.5650 | Acc 84.07% | Val Loss 0.4280 | Val Acc 87.56% | 42.9s
2026-06-24 14:22:06 |   --> saved best to C:\Users\Admin\Desktop\hai\ConViTX\code ViT_8 block CNN\HybridModel_PlantPathology_Ablation\results\Hybrid_none-none-none_fold3_best.pth
2026-06-24 14:22:48 | Epoch 03/50 | Loss 0.3878 | Acc 89.67% | Val Loss 0.3240 | Val Acc 91.20% | 41.6s
2026-06-24 14:22:48 |   --> saved best to C:\Users\Admin\Desktop\hai\ConViTX\code ViT_8 block CNN\HybridModel_PlantPathology_Ablation\results\Hybrid_none-none-none_fold3_best.pth
2026-06-24 14:23:29 | Epoch 04/50 | Loss 0.3222 | Acc 90.97% | Val Loss 0.3051 | Val Acc 91.44% | 40.7s
2026-06-24 14:23:29 |   --> saved best to C:\Users\Admin\Desktop\hai\ConViTX\code ViT_8 block CNN\HybridModel_PlantPathology_Ablation\results\Hybrid_none-none-none_fold3_best.pth
2026-06-24 14:24:09 | Epoch 05/50 | Loss 0.2830 | Acc 92.00% | Val Loss 0.2548 | Val Acc 93.21% | 40.3s
2026-06-24 14:24:09 |   --> saved best to C:\Users\Admin\Desktop\hai\ConViTX\code ViT_8 block CNN\HybridModel_PlantPathology_Ablation\results\Hybrid_none-none-none_fold3_best.pth
2026-06-24 14:24:50 | Epoch 06/50 | Loss 0.2560 | Acc 92.61% | Val Loss 0.2345 | Val Acc 93.86% | 41.1s
2026-06-24 14:24:50 |   --> saved best to C:\Users\Admin\Desktop\hai\ConViTX\code ViT_8 block CNN\HybridModel_PlantPathology_Ablation\results\Hybrid_none-none-none_fold3_best.pth
2026-06-24 14:25:31 | Epoch 07/50 | Loss 0.2303 | Acc 93.08% | Val Loss 0.2076 | Val Acc 94.51% | 41.1s
2026-06-24 14:25:31 |   --> saved best to C:\Users\Admin\Desktop\hai\ConViTX\code ViT_8 block CNN\HybridModel_PlantPathology_Ablation\results\Hybrid_none-none-none_fold3_best.pth
2026-06-24 14:26:13 | Epoch 08/50 | Loss 0.2076 | Acc 93.91% | Val Loss 0.2003 | Val Acc 94.43% | 41.0s
2026-06-24 14:26:13 |   --> saved best to C:\Users\Admin\Desktop\hai\ConViTX\code ViT_8 block CNN\HybridModel_PlantPathology_Ablation\results\Hybrid_none-none-none_fold3_best.pth
2026-06-24 14:26:53 | Epoch 09/50 | Loss 0.2011 | Acc 93.93% | Val Loss 0.1925 | Val Acc 94.67% | 40.8s
2026-06-24 14:26:53 |   --> saved best to C:\Users\Admin\Desktop\hai\ConViTX\code ViT_8 block CNN\HybridModel_PlantPathology_Ablation\results\Hybrid_none-none-none_fold3_best.pth
2026-06-24 14:27:34 | Epoch 10/50 | Loss 0.1860 | Acc 94.40% | Val Loss 0.1844 | Val Acc 94.75% | 40.5s
2026-06-24 14:27:34 |   --> saved best to C:\Users\Admin\Desktop\hai\ConViTX\code ViT_8 block CNN\HybridModel_PlantPathology_Ablation\results\Hybrid_none-none-none_fold3_best.pth
2026-06-24 14:28:14 | Epoch 11/50 | Loss 0.1778 | Acc 94.70% | Val Loss 0.1787 | Val Acc 94.51% | 40.1s
2026-06-24 14:28:14 |   --> saved best to C:\Users\Admin\Desktop\hai\ConViTX\code ViT_8 block CNN\HybridModel_PlantPathology_Ablation\results\Hybrid_none-none-none_fold3_best.pth
2026-06-24 14:28:54 | Epoch 12/50 | Loss 0.1641 | Acc 94.89% | Val Loss 0.1758 | Val Acc 94.67% | 40.0s
2026-06-24 14:28:54 |   --> saved best to C:\Users\Admin\Desktop\hai\ConViTX\code ViT_8 block CNN\HybridModel_PlantPathology_Ablation\results\Hybrid_none-none-none_fold3_best.pth
2026-06-24 14:29:36 | Epoch 13/50 | Loss 0.1613 | Acc 95.01% | Val Loss 0.1609 | Val Acc 95.15% | 41.5s
2026-06-24 14:29:36 |   --> saved best to C:\Users\Admin\Desktop\hai\ConViTX\code ViT_8 block CNN\HybridModel_PlantPathology_Ablation\results\Hybrid_none-none-none_fold3_best.pth
2026-06-24 14:30:18 | Epoch 14/50 | Loss 0.1499 | Acc 95.11% | Val Loss 0.1574 | Val Acc 95.15% | 41.9s
2026-06-24 14:30:18 |   --> saved best to C:\Users\Admin\Desktop\hai\ConViTX\code ViT_8 block CNN\HybridModel_PlantPathology_Ablation\results\Hybrid_none-none-none_fold3_best.pth
2026-06-24 14:30:53 | Epoch 15/50 | Loss 0.1449 | Acc 95.33% | Val Loss 0.1539 | Val Acc 95.56% | 35.1s
2026-06-24 14:30:53 |   --> saved best to C:\Users\Admin\Desktop\hai\ConViTX\code ViT_8 block CNN\HybridModel_PlantPathology_Ablation\results\Hybrid_none-none-none_fold3_best.pth
2026-06-24 14:31:28 | Epoch 16/50 | Loss 0.1296 | Acc 96.23% | Val Loss 0.1574 | Val Acc 94.99% | 35.2s
2026-06-24 14:32:03 | Epoch 17/50 | Loss 0.1324 | Acc 96.14% | Val Loss 0.1557 | Val Acc 95.40% | 35.1s
2026-06-24 14:32:39 | Epoch 18/50 | Loss 0.1251 | Acc 96.10% | Val Loss 0.1439 | Val Acc 95.40% | 35.2s
2026-06-24 14:32:39 |   --> saved best to C:\Users\Admin\Desktop\hai\ConViTX\code ViT_8 block CNN\HybridModel_PlantPathology_Ablation\results\Hybrid_none-none-none_fold3_best.pth
2026-06-24 14:33:14 | Epoch 19/50 | Loss 0.1157 | Acc 96.33% | Val Loss 0.1387 | Val Acc 95.80% | 35.2s
2026-06-24 14:33:14 |   --> saved best to C:\Users\Admin\Desktop\hai\ConViTX\code ViT_8 block CNN\HybridModel_PlantPathology_Ablation\results\Hybrid_none-none-none_fold3_best.pth
2026-06-24 14:33:49 | Epoch 20/50 | Loss 0.1170 | Acc 96.43% | Val Loss 0.1447 | Val Acc 95.40% | 35.2s
2026-06-24 14:34:24 | Epoch 21/50 | Loss 0.1119 | Acc 96.51% | Val Loss 0.1354 | Val Acc 95.96% | 35.3s
2026-06-24 14:34:24 |   --> saved best to C:\Users\Admin\Desktop\hai\ConViTX\code ViT_8 block CNN\HybridModel_PlantPathology_Ablation\results\Hybrid_none-none-none_fold3_best.pth
2026-06-24 14:35:02 | Epoch 22/50 | Loss 0.1066 | Acc 96.79% | Val Loss 0.1407 | Val Acc 95.88% | 37.5s
2026-06-24 14:35:42 | Epoch 23/50 | Loss 0.1043 | Acc 96.81% | Val Loss 0.1299 | Val Acc 95.56% | 40.5s
2026-06-24 14:35:42 |   --> saved best to C:\Users\Admin\Desktop\hai\ConViTX\code ViT_8 block CNN\HybridModel_PlantPathology_Ablation\results\Hybrid_none-none-none_fold3_best.pth
2026-06-24 14:36:23 | Epoch 24/50 | Loss 0.1006 | Acc 96.88% | Val Loss 0.1293 | Val Acc 95.88% | 40.6s
2026-06-24 14:36:23 |   --> saved best to C:\Users\Admin\Desktop\hai\ConViTX\code ViT_8 block CNN\HybridModel_PlantPathology_Ablation\results\Hybrid_none-none-none_fold3_best.pth
2026-06-24 14:37:04 | Epoch 25/50 | Loss 0.1033 | Acc 96.59% | Val Loss 0.1399 | Val Acc 95.40% | 40.6s
2026-06-24 14:37:44 | Epoch 26/50 | Loss 0.0966 | Acc 97.08% | Val Loss 0.1359 | Val Acc 95.56% | 40.4s
2026-06-24 14:38:25 | Epoch 27/50 | Loss 0.0898 | Acc 97.22% | Val Loss 0.1260 | Val Acc 95.88% | 40.7s
2026-06-24 14:38:25 |   --> saved best to C:\Users\Admin\Desktop\hai\ConViTX\code ViT_8 block CNN\HybridModel_PlantPathology_Ablation\results\Hybrid_none-none-none_fold3_best.pth
2026-06-24 14:39:05 | Epoch 28/50 | Loss 0.0894 | Acc 97.04% | Val Loss 0.1458 | Val Acc 95.48% | 40.5s
2026-06-24 14:39:46 | Epoch 29/50 | Loss 0.0896 | Acc 97.16% | Val Loss 0.1371 | Val Acc 95.72% | 40.5s
2026-06-24 14:40:26 | Epoch 30/50 | Loss 0.0905 | Acc 97.06% | Val Loss 0.1383 | Val Acc 95.48% | 40.6s
2026-06-24 14:41:07 | Epoch 31/50 | Loss 0.0864 | Acc 97.24% | Val Loss 0.1276 | Val Acc 96.12% | 40.4s
2026-06-24 14:41:48 | Epoch 32/50 | Loss 0.0847 | Acc 97.18% | Val Loss 0.1203 | Val Acc 95.88% | 40.5s
2026-06-24 14:41:48 |   --> saved best to C:\Users\Admin\Desktop\hai\ConViTX\code ViT_8 block CNN\HybridModel_PlantPathology_Ablation\results\Hybrid_none-none-none_fold3_best.pth
2026-06-24 14:42:28 | Epoch 33/50 | Loss 0.0777 | Acc 97.69% | Val Loss 0.1308 | Val Acc 95.88% | 40.6s
2026-06-24 14:43:09 | Epoch 34/50 | Loss 0.0757 | Acc 97.89% | Val Loss 0.1251 | Val Acc 96.12% | 40.6s
2026-06-24 14:43:49 | Epoch 35/50 | Loss 0.0770 | Acc 97.56% | Val Loss 0.1236 | Val Acc 96.20% | 40.5s
2026-06-24 14:44:30 | Epoch 36/50 | Loss 0.0668 | Acc 97.91% | Val Loss 0.1356 | Val Acc 95.72% | 40.5s
2026-06-24 14:45:10 | Epoch 37/50 | Loss 0.0656 | Acc 97.87% | Val Loss 0.1278 | Val Acc 95.80% | 40.5s
2026-06-24 14:45:50 | Epoch 38/50 | Loss 0.0682 | Acc 97.83% | Val Loss 0.1256 | Val Acc 95.23% | 39.8s
2026-06-24 14:46:30 | Epoch 39/50 | Loss 0.0696 | Acc 97.75% | Val Loss 0.1227 | Val Acc 96.20% | 39.8s
2026-06-24 14:47:10 | Epoch 40/50 | Loss 0.0707 | Acc 97.93% | Val Loss 0.1205 | Val Acc 96.04% | 39.8s
2026-06-24 14:47:50 | Epoch 41/50 | Loss 0.0626 | Acc 97.93% | Val Loss 0.1266 | Val Acc 96.04% | 39.8s
2026-06-24 14:48:30 | Epoch 42/50 | Loss 0.0594 | Acc 97.93% | Val Loss 0.1246 | Val Acc 95.96% | 39.8s
2026-06-24 14:49:09 | Epoch 43/50 | Loss 0.0550 | Acc 98.23% | Val Loss 0.1285 | Val Acc 95.72% | 39.7s
2026-06-24 14:49:49 | Epoch 44/50 | Loss 0.0575 | Acc 98.19% | Val Loss 0.1340 | Val Acc 95.56% | 39.5s
2026-06-24 14:50:28 | Epoch 45/50 | Loss 0.0535 | Acc 98.48% | Val Loss 0.1196 | Val Acc 96.53% | 39.5s
2026-06-24 14:50:28 |   --> saved best to C:\Users\Admin\Desktop\hai\ConViTX\code ViT_8 block CNN\HybridModel_PlantPathology_Ablation\results\Hybrid_none-none-none_fold3_best.pth
2026-06-24 14:51:08 | Epoch 46/50 | Loss 0.0544 | Acc 98.48% | Val Loss 0.1202 | Val Acc 95.72% | 39.8s
2026-06-24 14:51:48 | Epoch 47/50 | Loss 0.0524 | Acc 98.28% | Val Loss 0.1171 | Val Acc 96.20% | 39.7s
2026-06-24 14:51:48 |   --> saved best to C:\Users\Admin\Desktop\hai\ConViTX\code ViT_8 block CNN\HybridModel_PlantPathology_Ablation\results\Hybrid_none-none-none_fold3_best.pth
2026-06-24 14:52:28 | Epoch 48/50 | Loss 0.0483 | Acc 98.42% | Val Loss 0.1125 | Val Acc 95.80% | 39.7s
2026-06-24 14:52:28 |   --> saved best to C:\Users\Admin\Desktop\hai\ConViTX\code ViT_8 block CNN\HybridModel_PlantPathology_Ablation\results\Hybrid_none-none-none_fold3_best.pth
2026-06-24 14:53:08 | Epoch 49/50 | Loss 0.0492 | Acc 98.52% | Val Loss 0.1357 | Val Acc 95.80% | 39.8s
2026-06-24 14:53:47 | Epoch 50/50 | Loss 0.0486 | Acc 98.42% | Val Loss 0.1268 | Val Acc 95.80% | 39.8s
2026-06-24 14:53:48 | Finished Hybrid_none-none-none fold 3 in 34.23 min.
2026-06-24 14:53:51 | 
================================================================================
2026-06-24 14:53:51 | TRAINING: Hybrid_se-se-se | FOLD 3/5
2026-06-24 14:53:51 | ================================================================================
2026-06-24 14:53:51 | [INFO] reduced batch_size=64 for hybrid model to avoid OOM.
2026-06-24 14:55:02 | Epoch 01/50 | Loss 1.1461 | Acc 53.57% | Val Loss 0.8990 | Val Acc 66.64% | 70.3s
2026-06-24 14:55:02 |   --> saved best to C:\Users\Admin\Desktop\hai\ConViTX\code ViT_8 block CNN\HybridModel_PlantPathology_Ablation\results\Hybrid_se-se-se_fold3_best.pth
2026-06-24 14:55:42 | Epoch 02/50 | Loss 0.7147 | Acc 80.05% | Val Loss 0.5530 | Val Acc 84.09% | 40.0s
2026-06-24 14:55:42 |   --> saved best to C:\Users\Admin\Desktop\hai\ConViTX\code ViT_8 block CNN\HybridModel_PlantPathology_Ablation\results\Hybrid_se-se-se_fold3_best.pth
2026-06-24 14:56:22 | Epoch 03/50 | Loss 0.5011 | Acc 87.44% | Val Loss 0.4193 | Val Acc 89.90% | 40.1s
2026-06-24 14:56:22 |   --> saved best to C:\Users\Admin\Desktop\hai\ConViTX\code ViT_8 block CNN\HybridModel_PlantPathology_Ablation\results\Hybrid_se-se-se_fold3_best.pth
2026-06-24 14:57:02 | Epoch 04/50 | Loss 0.3942 | Acc 90.14% | Val Loss 0.3686 | Val Acc 89.82% | 40.1s
2026-06-24 14:57:02 |   --> saved best to C:\Users\Admin\Desktop\hai\ConViTX\code ViT_8 block CNN\HybridModel_PlantPathology_Ablation\results\Hybrid_se-se-se_fold3_best.pth
2026-06-24 14:57:42 | Epoch 05/50 | Loss 0.3254 | Acc 91.23% | Val Loss 0.2933 | Val Acc 92.08% | 40.1s
2026-06-24 14:57:42 |   --> saved best to C:\Users\Admin\Desktop\hai\ConViTX\code ViT_8 block CNN\HybridModel_PlantPathology_Ablation\results\Hybrid_se-se-se_fold3_best.pth
2026-06-24 14:58:23 | Epoch 06/50 | Loss 0.2796 | Acc 92.29% | Val Loss 0.2539 | Val Acc 93.38% | 40.1s
2026-06-24 14:58:23 |   --> saved best to C:\Users\Admin\Desktop\hai\ConViTX\code ViT_8 block CNN\HybridModel_PlantPathology_Ablation\results\Hybrid_se-se-se_fold3_best.pth
2026-06-24 14:59:03 | Epoch 07/50 | Loss 0.2410 | Acc 93.43% | Val Loss 0.2207 | Val Acc 93.86% | 40.0s
2026-06-24 14:59:03 |   --> saved best to C:\Users\Admin\Desktop\hai\ConViTX\code ViT_8 block CNN\HybridModel_PlantPathology_Ablation\results\Hybrid_se-se-se_fold3_best.pth
2026-06-24 14:59:43 | Epoch 08/50 | Loss 0.2108 | Acc 94.22% | Val Loss 0.2062 | Val Acc 94.35% | 40.0s
2026-06-24 14:59:43 |   --> saved best to C:\Users\Admin\Desktop\hai\ConViTX\code ViT_8 block CNN\HybridModel_PlantPathology_Ablation\results\Hybrid_se-se-se_fold3_best.pth
2026-06-24 15:00:23 | Epoch 09/50 | Loss 0.1983 | Acc 94.24% | Val Loss 0.1960 | Val Acc 94.26% | 40.0s
2026-06-24 15:00:23 |   --> saved best to C:\Users\Admin\Desktop\hai\ConViTX\code ViT_8 block CNN\HybridModel_PlantPathology_Ablation\results\Hybrid_se-se-se_fold3_best.pth
2026-06-24 15:01:03 | Epoch 10/50 | Loss 0.1854 | Acc 94.81% | Val Loss 0.1932 | Val Acc 94.18% | 40.1s
2026-06-24 15:01:03 |   --> saved best to C:\Users\Admin\Desktop\hai\ConViTX\code ViT_8 block CNN\HybridModel_PlantPathology_Ablation\results\Hybrid_se-se-se_fold3_best.pth
2026-06-24 15:01:50 | Epoch 11/50 | Loss 0.1744 | Acc 94.91% | Val Loss 0.1803 | Val Acc 94.59% | 46.9s
2026-06-24 15:01:50 |   --> saved best to C:\Users\Admin\Desktop\hai\ConViTX\code ViT_8 block CNN\HybridModel_PlantPathology_Ablation\results\Hybrid_se-se-se_fold3_best.pth
2026-06-24 15:02:32 | Epoch 12/50 | Loss 0.1590 | Acc 95.15% | Val Loss 0.1743 | Val Acc 94.59% | 42.4s
2026-06-24 15:02:32 |   --> saved best to C:\Users\Admin\Desktop\hai\ConViTX\code ViT_8 block CNN\HybridModel_PlantPathology_Ablation\results\Hybrid_se-se-se_fold3_best.pth
2026-06-24 15:03:13 | Epoch 13/50 | Loss 0.1521 | Acc 95.21% | Val Loss 0.1580 | Val Acc 94.83% | 40.5s
2026-06-24 15:03:13 |   --> saved best to C:\Users\Admin\Desktop\hai\ConViTX\code ViT_8 block CNN\HybridModel_PlantPathology_Ablation\results\Hybrid_se-se-se_fold3_best.pth
2026-06-24 15:03:54 | Epoch 14/50 | Loss 0.1450 | Acc 95.37% | Val Loss 0.1540 | Val Acc 95.23% | 40.6s
2026-06-24 15:03:54 |   --> saved best to C:\Users\Admin\Desktop\hai\ConViTX\code ViT_8 block CNN\HybridModel_PlantPathology_Ablation\results\Hybrid_se-se-se_fold3_best.pth
2026-06-24 15:04:34 | Epoch 15/50 | Loss 0.1377 | Acc 95.60% | Val Loss 0.1478 | Val Acc 95.56% | 40.5s
2026-06-24 15:04:34 |   --> saved best to C:\Users\Admin\Desktop\hai\ConViTX\code ViT_8 block CNN\HybridModel_PlantPathology_Ablation\results\Hybrid_se-se-se_fold3_best.pth
2026-06-24 15:05:15 | Epoch 16/50 | Loss 0.1230 | Acc 95.94% | Val Loss 0.1505 | Val Acc 95.32% | 40.6s
2026-06-24 15:05:55 | Epoch 17/50 | Loss 0.1259 | Acc 96.25% | Val Loss 0.1516 | Val Acc 95.15% | 40.5s
2026-06-24 15:06:36 | Epoch 18/50 | Loss 0.1194 | Acc 96.25% | Val Loss 0.1328 | Val Acc 95.72% | 40.8s
2026-06-24 15:06:36 |   --> saved best to C:\Users\Admin\Desktop\hai\ConViTX\code ViT_8 block CNN\HybridModel_PlantPathology_Ablation\results\Hybrid_se-se-se_fold3_best.pth
2026-06-24 15:07:17 | Epoch 19/50 | Loss 0.1123 | Acc 96.45% | Val Loss 0.1369 | Val Acc 95.64% | 40.4s
2026-06-24 15:07:57 | Epoch 20/50 | Loss 0.1108 | Acc 96.25% | Val Loss 0.1407 | Val Acc 95.64% | 40.5s
2026-06-24 15:08:38 | Epoch 21/50 | Loss 0.1061 | Acc 96.51% | Val Loss 0.1288 | Val Acc 95.96% | 40.4s
2026-06-24 15:08:38 |   --> saved best to C:\Users\Admin\Desktop\hai\ConViTX\code ViT_8 block CNN\HybridModel_PlantPathology_Ablation\results\Hybrid_se-se-se_fold3_best.pth
2026-06-24 15:09:18 | Epoch 22/50 | Loss 0.0983 | Acc 96.79% | Val Loss 0.1405 | Val Acc 95.72% | 40.5s
2026-06-24 15:09:58 | Epoch 23/50 | Loss 0.1006 | Acc 96.75% | Val Loss 0.1248 | Val Acc 95.88% | 40.2s
2026-06-24 15:09:58 |   --> saved best to C:\Users\Admin\Desktop\hai\ConViTX\code ViT_8 block CNN\HybridModel_PlantPathology_Ablation\results\Hybrid_se-se-se_fold3_best.pth
2026-06-24 15:10:37 | Epoch 24/50 | Loss 0.0990 | Acc 96.98% | Val Loss 0.1245 | Val Acc 96.04% | 38.4s
2026-06-24 15:10:37 |   --> saved best to C:\Users\Admin\Desktop\hai\ConViTX\code ViT_8 block CNN\HybridModel_PlantPathology_Ablation\results\Hybrid_se-se-se_fold3_best.pth
2026-06-24 15:11:16 | Epoch 25/50 | Loss 0.0953 | Acc 96.69% | Val Loss 0.1307 | Val Acc 95.07% | 38.7s
2026-06-24 15:11:54 | Epoch 26/50 | Loss 0.0935 | Acc 97.10% | Val Loss 0.1226 | Val Acc 95.88% | 38.5s
2026-06-24 15:11:54 |   --> saved best to C:\Users\Admin\Desktop\hai\ConViTX\code ViT_8 block CNN\HybridModel_PlantPathology_Ablation\results\Hybrid_se-se-se_fold3_best.pth
2026-06-24 15:12:33 | Epoch 27/50 | Loss 0.0844 | Acc 97.06% | Val Loss 0.1264 | Val Acc 95.80% | 38.7s
2026-06-24 15:13:11 | Epoch 28/50 | Loss 0.0842 | Acc 97.30% | Val Loss 0.1334 | Val Acc 95.88% | 38.4s
2026-06-24 15:13:50 | Epoch 29/50 | Loss 0.0846 | Acc 97.26% | Val Loss 0.1307 | Val Acc 95.88% | 38.7s
2026-06-24 15:14:29 | Epoch 30/50 | Loss 0.0881 | Acc 97.14% | Val Loss 0.1212 | Val Acc 95.72% | 38.5s
2026-06-24 15:14:29 |   --> saved best to C:\Users\Admin\Desktop\hai\ConViTX\code ViT_8 block CNN\HybridModel_PlantPathology_Ablation\results\Hybrid_se-se-se_fold3_best.pth
2026-06-24 15:15:07 | Epoch 31/50 | Loss 0.0818 | Acc 97.42% | Val Loss 0.1207 | Val Acc 96.04% | 38.5s
2026-06-24 15:15:07 |   --> saved best to C:\Users\Admin\Desktop\hai\ConViTX\code ViT_8 block CNN\HybridModel_PlantPathology_Ablation\results\Hybrid_se-se-se_fold3_best.pth
2026-06-24 15:15:46 | Epoch 32/50 | Loss 0.0817 | Acc 97.32% | Val Loss 0.1144 | Val Acc 96.28% | 38.5s
2026-06-24 15:15:46 |   --> saved best to C:\Users\Admin\Desktop\hai\ConViTX\code ViT_8 block CNN\HybridModel_PlantPathology_Ablation\results\Hybrid_se-se-se_fold3_best.pth
2026-06-24 15:16:24 | Epoch 33/50 | Loss 0.0753 | Acc 97.50% | Val Loss 0.1259 | Val Acc 95.96% | 38.6s
2026-06-24 15:17:03 | Epoch 34/50 | Loss 0.0727 | Acc 97.65% | Val Loss 0.1169 | Val Acc 96.28% | 38.8s
2026-06-24 15:17:42 | Epoch 35/50 | Loss 0.0736 | Acc 97.48% | Val Loss 0.1147 | Val Acc 96.69% | 38.5s
2026-06-24 15:18:20 | Epoch 36/50 | Loss 0.0662 | Acc 97.95% | Val Loss 0.1322 | Val Acc 95.88% | 38.7s
2026-06-24 15:18:59 | Epoch 37/50 | Loss 0.0640 | Acc 97.99% | Val Loss 0.1238 | Val Acc 96.20% | 38.5s
2026-06-24 15:19:37 | Epoch 38/50 | Loss 0.0665 | Acc 97.69% | Val Loss 0.1193 | Val Acc 95.80% | 38.5s
2026-06-24 15:20:16 | Epoch 39/50 | Loss 0.0658 | Acc 97.77% | Val Loss 0.1144 | Val Acc 96.53% | 38.5s
2026-06-24 15:20:16 |   --> saved best to C:\Users\Admin\Desktop\hai\ConViTX\code ViT_8 block CNN\HybridModel_PlantPathology_Ablation\results\Hybrid_se-se-se_fold3_best.pth
2026-06-24 15:20:55 | Epoch 40/50 | Loss 0.0710 | Acc 97.54% | Val Loss 0.1252 | Val Acc 96.20% | 38.5s
2026-06-24 15:21:33 | Epoch 41/50 | Loss 0.0600 | Acc 97.87% | Val Loss 0.1199 | Val Acc 96.28% | 38.6s
2026-06-24 15:22:12 | Epoch 42/50 | Loss 0.0591 | Acc 97.97% | Val Loss 0.1155 | Val Acc 96.53% | 38.5s
2026-06-24 15:22:50 | Epoch 43/50 | Loss 0.0543 | Acc 98.38% | Val Loss 0.1411 | Val Acc 95.88% | 38.5s
2026-06-24 15:23:29 | Epoch 44/50 | Loss 0.0530 | Acc 98.21% | Val Loss 0.1220 | Val Acc 95.96% | 38.5s
2026-06-24 15:24:07 | Epoch 45/50 | Loss 0.0525 | Acc 98.23% | Val Loss 0.1133 | Val Acc 96.37% | 38.5s
2026-06-24 15:24:07 |   --> saved best to C:\Users\Admin\Desktop\hai\ConViTX\code ViT_8 block CNN\HybridModel_PlantPathology_Ablation\results\Hybrid_se-se-se_fold3_best.pth
2026-06-24 15:24:46 | Epoch 46/50 | Loss 0.0503 | Acc 98.42% | Val Loss 0.1139 | Val Acc 96.12% | 38.4s
2026-06-24 15:25:23 | Epoch 47/50 | Loss 0.0495 | Acc 98.36% | Val Loss 0.1228 | Val Acc 95.80% | 36.7s
2026-06-24 15:25:58 | Epoch 48/50 | Loss 0.0483 | Acc 98.40% | Val Loss 0.1058 | Val Acc 96.12% | 35.1s
2026-06-24 15:25:58 |   --> saved best to C:\Users\Admin\Desktop\hai\ConViTX\code ViT_8 block CNN\HybridModel_PlantPathology_Ablation\results\Hybrid_se-se-se_fold3_best.pth
2026-06-24 15:26:33 | Epoch 49/50 | Loss 0.0491 | Acc 98.44% | Val Loss 0.1172 | Val Acc 96.20% | 35.2s
2026-06-24 15:27:08 | Epoch 50/50 | Loss 0.0495 | Acc 98.19% | Val Loss 0.1226 | Val Acc 96.28% | 35.1s
2026-06-24 15:27:08 | Finished Hybrid_se-se-se fold 3 in 33.28 min.
2026-06-24 15:27:12 | 
================================================================================
2026-06-24 15:27:12 | TRAINING: Hybrid_se-se-secbam | FOLD 3/5
2026-06-24 15:27:12 | ================================================================================
2026-06-24 15:27:12 | [INFO] reduced batch_size=64 for hybrid model to avoid OOM.
2026-06-24 15:28:01 | Epoch 01/50 | Loss 1.2424 | Acc 47.26% | Val Loss 1.0581 | Val Acc 54.20% | 49.3s
2026-06-24 15:28:01 |   --> saved best to C:\Users\Admin\Desktop\hai\ConViTX\code ViT_8 block CNN\HybridModel_PlantPathology_Ablation\results\Hybrid_se-se-secbam_fold3_best.pth
2026-06-24 15:28:38 | Epoch 02/50 | Loss 0.9151 | Acc 73.44% | Val Loss 0.7349 | Val Acc 79.97% | 37.1s
2026-06-24 15:28:38 |   --> saved best to C:\Users\Admin\Desktop\hai\ConViTX\code ViT_8 block CNN\HybridModel_PlantPathology_Ablation\results\Hybrid_se-se-secbam_fold3_best.pth
2026-06-24 15:29:15 | Epoch 03/50 | Loss 0.6280 | Acc 85.63% | Val Loss 0.4995 | Val Acc 88.21% | 37.3s
2026-06-24 15:29:15 |   --> saved best to C:\Users\Admin\Desktop\hai\ConViTX\code ViT_8 block CNN\HybridModel_PlantPathology_Ablation\results\Hybrid_se-se-secbam_fold3_best.pth
2026-06-24 15:29:53 | Epoch 04/50 | Loss 0.4526 | Acc 89.35% | Val Loss 0.3898 | Val Acc 90.71% | 37.3s
2026-06-24 15:29:53 |   --> saved best to C:\Users\Admin\Desktop\hai\ConViTX\code ViT_8 block CNN\HybridModel_PlantPathology_Ablation\results\Hybrid_se-se-secbam_fold3_best.pth
2026-06-24 15:30:30 | Epoch 05/50 | Loss 0.3500 | Acc 91.13% | Val Loss 0.2991 | Val Acc 92.89% | 37.3s
2026-06-24 15:30:30 |   --> saved best to C:\Users\Admin\Desktop\hai\ConViTX\code ViT_8 block CNN\HybridModel_PlantPathology_Ablation\results\Hybrid_se-se-secbam_fold3_best.pth
2026-06-24 15:31:07 | Epoch 06/50 | Loss 0.2864 | Acc 92.49% | Val Loss 0.2520 | Val Acc 93.21% | 37.4s
2026-06-24 15:31:08 |   --> saved best to C:\Users\Admin\Desktop\hai\ConViTX\code ViT_8 block CNN\HybridModel_PlantPathology_Ablation\results\Hybrid_se-se-secbam_fold3_best.pth
2026-06-24 15:31:45 | Epoch 07/50 | Loss 0.2423 | Acc 93.12% | Val Loss 0.2073 | Val Acc 94.51% | 37.3s
2026-06-24 15:31:45 |   --> saved best to C:\Users\Admin\Desktop\hai\ConViTX\code ViT_8 block CNN\HybridModel_PlantPathology_Ablation\results\Hybrid_se-se-secbam_fold3_best.pth
2026-06-24 15:32:22 | Epoch 08/50 | Loss 0.2070 | Acc 94.36% | Val Loss 0.1913 | Val Acc 94.51% | 37.3s
2026-06-24 15:32:22 |   --> saved best to C:\Users\Admin\Desktop\hai\ConViTX\code ViT_8 block CNN\HybridModel_PlantPathology_Ablation\results\Hybrid_se-se-secbam_fold3_best.pth
2026-06-24 15:33:00 | Epoch 09/50 | Loss 0.1953 | Acc 94.16% | Val Loss 0.1740 | Val Acc 94.35% | 37.3s
2026-06-24 15:33:00 |   --> saved best to C:\Users\Admin\Desktop\hai\ConViTX\code ViT_8 block CNN\HybridModel_PlantPathology_Ablation\results\Hybrid_se-se-secbam_fold3_best.pth
2026-06-24 15:33:37 | Epoch 10/50 | Loss 0.1766 | Acc 94.81% | Val Loss 0.1687 | Val Acc 94.51% | 37.3s
2026-06-24 15:33:37 |   --> saved best to C:\Users\Admin\Desktop\hai\ConViTX\code ViT_8 block CNN\HybridModel_PlantPathology_Ablation\results\Hybrid_se-se-secbam_fold3_best.pth
2026-06-24 15:34:14 | Epoch 11/50 | Loss 0.1647 | Acc 95.07% | Val Loss 0.1603 | Val Acc 94.67% | 37.4s
2026-06-24 15:34:14 |   --> saved best to C:\Users\Admin\Desktop\hai\ConViTX\code ViT_8 block CNN\HybridModel_PlantPathology_Ablation\results\Hybrid_se-se-secbam_fold3_best.pth
2026-06-24 15:34:52 | Epoch 12/50 | Loss 0.1494 | Acc 95.13% | Val Loss 0.1576 | Val Acc 94.83% | 37.3s
2026-06-24 15:34:52 |   --> saved best to C:\Users\Admin\Desktop\hai\ConViTX\code ViT_8 block CNN\HybridModel_PlantPathology_Ablation\results\Hybrid_se-se-secbam_fold3_best.pth
2026-06-24 15:35:29 | Epoch 13/50 | Loss 0.1430 | Acc 95.37% | Val Loss 0.1439 | Val Acc 94.99% | 37.4s
2026-06-24 15:35:29 |   --> saved best to C:\Users\Admin\Desktop\hai\ConViTX\code ViT_8 block CNN\HybridModel_PlantPathology_Ablation\results\Hybrid_se-se-secbam_fold3_best.pth
2026-06-24 15:36:07 | Epoch 14/50 | Loss 0.1332 | Acc 95.64% | Val Loss 0.1371 | Val Acc 95.48% | 37.3s
2026-06-24 15:36:07 |   --> saved best to C:\Users\Admin\Desktop\hai\ConViTX\code ViT_8 block CNN\HybridModel_PlantPathology_Ablation\results\Hybrid_se-se-secbam_fold3_best.pth
2026-06-24 15:36:44 | Epoch 15/50 | Loss 0.1296 | Acc 95.64% | Val Loss 0.1328 | Val Acc 95.72% | 37.4s
2026-06-24 15:36:44 |   --> saved best to C:\Users\Admin\Desktop\hai\ConViTX\code ViT_8 block CNN\HybridModel_PlantPathology_Ablation\results\Hybrid_se-se-secbam_fold3_best.pth
2026-06-24 15:37:21 | Epoch 16/50 | Loss 0.1135 | Acc 96.35% | Val Loss 0.1337 | Val Acc 95.40% | 37.3s
2026-06-24 15:37:59 | Epoch 17/50 | Loss 0.1131 | Acc 96.77% | Val Loss 0.1377 | Val Acc 95.32% | 37.3s
2026-06-24 15:38:36 | Epoch 18/50 | Loss 0.1093 | Acc 96.29% | Val Loss 0.1217 | Val Acc 95.80% | 37.3s
2026-06-24 15:38:36 |   --> saved best to C:\Users\Admin\Desktop\hai\ConViTX\code ViT_8 block CNN\HybridModel_PlantPathology_Ablation\results\Hybrid_se-se-secbam_fold3_best.pth
2026-06-24 15:39:13 | Epoch 19/50 | Loss 0.1003 | Acc 96.69% | Val Loss 0.1249 | Val Acc 96.20% | 37.3s
2026-06-24 15:39:51 | Epoch 20/50 | Loss 0.1018 | Acc 96.59% | Val Loss 0.1261 | Val Acc 95.96% | 37.4s
2026-06-24 15:40:28 | Epoch 21/50 | Loss 0.1006 | Acc 96.63% | Val Loss 0.1188 | Val Acc 96.45% | 37.3s
2026-06-24 15:40:28 |   --> saved best to C:\Users\Admin\Desktop\hai\ConViTX\code ViT_8 block CNN\HybridModel_PlantPathology_Ablation\results\Hybrid_se-se-secbam_fold3_best.pth
2026-06-24 15:41:06 | Epoch 22/50 | Loss 0.0900 | Acc 97.02% | Val Loss 0.1325 | Val Acc 95.88% | 37.4s
2026-06-24 15:41:43 | Epoch 23/50 | Loss 0.0935 | Acc 96.96% | Val Loss 0.1111 | Val Acc 96.69% | 37.3s
2026-06-24 15:41:43 |   --> saved best to C:\Users\Admin\Desktop\hai\ConViTX\code ViT_8 block CNN\HybridModel_PlantPathology_Ablation\results\Hybrid_se-se-secbam_fold3_best.pth
2026-06-24 15:42:20 | Epoch 24/50 | Loss 0.0905 | Acc 97.06% | Val Loss 0.1125 | Val Acc 96.61% | 37.3s
2026-06-24 15:42:58 | Epoch 25/50 | Loss 0.0901 | Acc 96.90% | Val Loss 0.1216 | Val Acc 95.72% | 37.3s
2026-06-24 15:43:35 | Epoch 26/50 | Loss 0.0865 | Acc 97.28% | Val Loss 0.1167 | Val Acc 96.20% | 37.2s
2026-06-24 15:44:12 | Epoch 27/50 | Loss 0.0782 | Acc 97.52% | Val Loss 0.1126 | Val Acc 96.28% | 37.3s
2026-06-24 15:44:50 | Epoch 28/50 | Loss 0.0765 | Acc 97.26% | Val Loss 0.1268 | Val Acc 96.28% | 37.3s
2026-06-24 15:45:27 | Epoch 29/50 | Loss 0.0780 | Acc 97.38% | Val Loss 0.1194 | Val Acc 96.20% | 37.3s
2026-06-24 15:46:04 | Epoch 30/50 | Loss 0.0762 | Acc 97.50% | Val Loss 0.1161 | Val Acc 96.53% | 37.3s
2026-06-24 15:46:42 | Epoch 31/50 | Loss 0.0736 | Acc 97.46% | Val Loss 0.1180 | Val Acc 96.12% | 37.3s
2026-06-24 15:47:19 | Epoch 32/50 | Loss 0.0758 | Acc 97.69% | Val Loss 0.1083 | Val Acc 96.45% | 37.4s
2026-06-24 15:47:19 |   --> saved best to C:\Users\Admin\Desktop\hai\ConViTX\code ViT_8 block CNN\HybridModel_PlantPathology_Ablation\results\Hybrid_se-se-secbam_fold3_best.pth
2026-06-24 15:47:56 | Epoch 33/50 | Loss 0.0696 | Acc 97.73% | Val Loss 0.1198 | Val Acc 96.12% | 37.3s
2026-06-24 15:48:34 | Epoch 34/50 | Loss 0.0639 | Acc 97.95% | Val Loss 0.1121 | Val Acc 96.69% | 37.2s
2026-06-24 15:49:11 | Epoch 35/50 | Loss 0.0669 | Acc 97.73% | Val Loss 0.1082 | Val Acc 96.12% | 37.4s
2026-06-24 15:49:11 |   --> saved best to C:\Users\Admin\Desktop\hai\ConViTX\code ViT_8 block CNN\HybridModel_PlantPathology_Ablation\results\Hybrid_se-se-secbam_fold3_best.pth
2026-06-24 15:49:48 | Epoch 36/50 | Loss 0.0579 | Acc 98.25% | Val Loss 0.1189 | Val Acc 96.28% | 37.3s
2026-06-24 15:50:26 | Epoch 37/50 | Loss 0.0566 | Acc 98.07% | Val Loss 0.1154 | Val Acc 96.37% | 37.4s
2026-06-24 15:51:03 | Epoch 38/50 | Loss 0.0589 | Acc 98.03% | Val Loss 0.1104 | Val Acc 96.37% | 37.3s
2026-06-24 15:51:41 | Epoch 39/50 | Loss 0.0595 | Acc 98.05% | Val Loss 0.1121 | Val Acc 96.53% | 37.3s
2026-06-24 15:52:18 | Epoch 40/50 | Loss 0.0619 | Acc 98.09% | Val Loss 0.1146 | Val Acc 96.53% | 37.3s
2026-06-24 15:52:55 | Epoch 41/50 | Loss 0.0568 | Acc 98.15% | Val Loss 0.1163 | Val Acc 96.61% | 37.3s
2026-06-24 15:53:33 | Epoch 42/50 | Loss 0.0501 | Acc 98.40% | Val Loss 0.1129 | Val Acc 96.61% | 37.3s
2026-06-24 15:54:10 | Epoch 43/50 | Loss 0.0470 | Acc 98.58% | Val Loss 0.1222 | Val Acc 96.37% | 37.3s
2026-06-24 15:54:47 | Epoch 44/50 | Loss 0.0528 | Acc 98.15% | Val Loss 0.1206 | Val Acc 96.45% | 37.3s
2026-06-24 15:55:25 | Epoch 45/50 | Loss 0.0470 | Acc 98.48% | Val Loss 0.1055 | Val Acc 96.69% | 37.3s
2026-06-24 15:55:25 |   --> saved best to C:\Users\Admin\Desktop\hai\ConViTX\code ViT_8 block CNN\HybridModel_PlantPathology_Ablation\results\Hybrid_se-se-secbam_fold3_best.pth
2026-06-24 15:56:02 | Epoch 46/50 | Loss 0.0457 | Acc 98.60% | Val Loss 0.1044 | Val Acc 96.53% | 37.3s
2026-06-24 15:56:02 |   --> saved best to C:\Users\Admin\Desktop\hai\ConViTX\code ViT_8 block CNN\HybridModel_PlantPathology_Ablation\results\Hybrid_se-se-secbam_fold3_best.pth
2026-06-24 15:56:39 | Epoch 47/50 | Loss 0.0467 | Acc 98.48% | Val Loss 0.1039 | Val Acc 96.61% | 37.3s
2026-06-24 15:56:39 |   --> saved best to C:\Users\Admin\Desktop\hai\ConViTX\code ViT_8 block CNN\HybridModel_PlantPathology_Ablation\results\Hybrid_se-se-secbam_fold3_best.pth
2026-06-24 15:57:17 | Epoch 48/50 | Loss 0.0448 | Acc 98.66% | Val Loss 0.0989 | Val Acc 96.93% | 37.4s
2026-06-24 15:57:17 |   --> saved best to C:\Users\Admin\Desktop\hai\ConViTX\code ViT_8 block CNN\HybridModel_PlantPathology_Ablation\results\Hybrid_se-se-secbam_fold3_best.pth
2026-06-24 15:57:54 | Epoch 49/50 | Loss 0.0441 | Acc 98.56% | Val Loss 0.1147 | Val Acc 96.28% | 37.3s
2026-06-24 15:58:32 | Epoch 50/50 | Loss 0.0441 | Acc 98.36% | Val Loss 0.1201 | Val Acc 96.20% | 37.3s
2026-06-24 15:58:32 | Finished Hybrid_se-se-secbam fold 3 in 31.33 min.
2026-06-24 15:58:35 | 
================================================================================
2026-06-24 15:58:35 | TRAINING: Hybrid_secbam-secbam-secbam | FOLD 3/5
2026-06-24 15:58:35 | ================================================================================
2026-06-24 15:58:35 | [INFO] reduced batch_size=64 for hybrid model to avoid OOM.
2026-06-24 16:00:01 | Epoch 01/50 | Loss 1.2127 | Acc 51.18% | Val Loss 1.0465 | Val Acc 56.38% | 85.7s
2026-06-24 16:00:01 |   --> saved best to C:\Users\Admin\Desktop\hai\ConViTX\code ViT_8 block CNN\HybridModel_PlantPathology_Ablation\results\Hybrid_secbam-secbam-secbam_fold3_best.pth
2026-06-24 16:00:28 | Epoch 02/50 | Loss 0.8771 | Acc 75.28% | Val Loss 0.7011 | Val Acc 82.23% | 27.4s
2026-06-24 16:00:28 |   --> saved best to C:\Users\Admin\Desktop\hai\ConViTX\code ViT_8 block CNN\HybridModel_PlantPathology_Ablation\results\Hybrid_secbam-secbam-secbam_fold3_best.pth
2026-06-24 16:00:55 | Epoch 03/50 | Loss 0.5864 | Acc 87.60% | Val Loss 0.4257 | Val Acc 91.03% | 26.3s
2026-06-24 16:00:55 |   --> saved best to C:\Users\Admin\Desktop\hai\ConViTX\code ViT_8 block CNN\HybridModel_PlantPathology_Ablation\results\Hybrid_secbam-secbam-secbam_fold3_best.pth
2026-06-24 16:01:21 | Epoch 04/50 | Loss 0.3682 | Acc 91.13% | Val Loss 0.3035 | Val Acc 91.68% | 26.3s
2026-06-24 16:01:21 |   --> saved best to C:\Users\Admin\Desktop\hai\ConViTX\code ViT_8 block CNN\HybridModel_PlantPathology_Ablation\results\Hybrid_secbam-secbam-secbam_fold3_best.pth
2026-06-24 16:01:47 | Epoch 05/50 | Loss 0.2638 | Acc 92.88% | Val Loss 0.2138 | Val Acc 94.02% | 26.3s
2026-06-24 16:01:47 |   --> saved best to C:\Users\Admin\Desktop\hai\ConViTX\code ViT_8 block CNN\HybridModel_PlantPathology_Ablation\results\Hybrid_secbam-secbam-secbam_fold3_best.pth
2026-06-24 16:02:14 | Epoch 06/50 | Loss 0.2248 | Acc 93.59% | Val Loss 0.1940 | Val Acc 93.78% | 26.3s
2026-06-24 16:02:14 |   --> saved best to C:\Users\Admin\Desktop\hai\ConViTX\code ViT_8 block CNN\HybridModel_PlantPathology_Ablation\results\Hybrid_secbam-secbam-secbam_fold3_best.pth
2026-06-24 16:02:40 | Epoch 07/50 | Loss 0.1932 | Acc 93.95% | Val Loss 0.1691 | Val Acc 94.43% | 26.4s
2026-06-24 16:02:40 |   --> saved best to C:\Users\Admin\Desktop\hai\ConViTX\code ViT_8 block CNN\HybridModel_PlantPathology_Ablation\results\Hybrid_secbam-secbam-secbam_fold3_best.pth
2026-06-24 16:03:07 | Epoch 08/50 | Loss 0.1714 | Acc 94.26% | Val Loss 0.1571 | Val Acc 94.43% | 26.3s
2026-06-24 16:03:07 |   --> saved best to C:\Users\Admin\Desktop\hai\ConViTX\code ViT_8 block CNN\HybridModel_PlantPathology_Ablation\results\Hybrid_secbam-secbam-secbam_fold3_best.pth
2026-06-24 16:03:33 | Epoch 09/50 | Loss 0.1698 | Acc 94.50% | Val Loss 0.1529 | Val Acc 94.83% | 26.3s
2026-06-24 16:03:33 |   --> saved best to C:\Users\Admin\Desktop\hai\ConViTX\code ViT_8 block CNN\HybridModel_PlantPathology_Ablation\results\Hybrid_secbam-secbam-secbam_fold3_best.pth
2026-06-24 16:03:59 | Epoch 10/50 | Loss 0.1555 | Acc 94.99% | Val Loss 0.1458 | Val Acc 95.23% | 26.4s
2026-06-24 16:03:59 |   --> saved best to C:\Users\Admin\Desktop\hai\ConViTX\code ViT_8 block CNN\HybridModel_PlantPathology_Ablation\results\Hybrid_secbam-secbam-secbam_fold3_best.pth
2026-06-24 16:04:26 | Epoch 11/50 | Loss 0.1489 | Acc 95.21% | Val Loss 0.1448 | Val Acc 94.99% | 26.4s
2026-06-24 16:04:26 |   --> saved best to C:\Users\Admin\Desktop\hai\ConViTX\code ViT_8 block CNN\HybridModel_PlantPathology_Ablation\results\Hybrid_secbam-secbam-secbam_fold3_best.pth
2026-06-24 16:04:52 | Epoch 12/50 | Loss 0.1376 | Acc 95.50% | Val Loss 0.1434 | Val Acc 95.72% | 26.3s
2026-06-24 16:04:52 |   --> saved best to C:\Users\Admin\Desktop\hai\ConViTX\code ViT_8 block CNN\HybridModel_PlantPathology_Ablation\results\Hybrid_secbam-secbam-secbam_fold3_best.pth
2026-06-24 16:05:19 | Epoch 13/50 | Loss 0.1318 | Acc 95.58% | Val Loss 0.1267 | Val Acc 96.04% | 27.1s
2026-06-24 16:05:19 |   --> saved best to C:\Users\Admin\Desktop\hai\ConViTX\code ViT_8 block CNN\HybridModel_PlantPathology_Ablation\results\Hybrid_secbam-secbam-secbam_fold3_best.pth
2026-06-24 16:05:46 | Epoch 14/50 | Loss 0.1227 | Acc 95.74% | Val Loss 0.1316 | Val Acc 96.12% | 26.5s
2026-06-24 16:06:12 | Epoch 15/50 | Loss 0.1173 | Acc 96.08% | Val Loss 0.1317 | Val Acc 96.28% | 26.3s
2026-06-24 16:06:39 | Epoch 16/50 | Loss 0.1089 | Acc 96.45% | Val Loss 0.1306 | Val Acc 96.04% | 26.4s
2026-06-24 16:07:05 | Epoch 17/50 | Loss 0.1074 | Acc 96.61% | Val Loss 0.1259 | Val Acc 95.88% | 26.4s
2026-06-24 16:07:05 |   --> saved best to C:\Users\Admin\Desktop\hai\ConViTX\code ViT_8 block CNN\HybridModel_PlantPathology_Ablation\results\Hybrid_secbam-secbam-secbam_fold3_best.pth
2026-06-24 16:07:32 | Epoch 18/50 | Loss 0.1039 | Acc 96.71% | Val Loss 0.1176 | Val Acc 96.45% | 26.3s
2026-06-24 16:07:32 |   --> saved best to C:\Users\Admin\Desktop\hai\ConViTX\code ViT_8 block CNN\HybridModel_PlantPathology_Ablation\results\Hybrid_secbam-secbam-secbam_fold3_best.pth
2026-06-24 16:07:58 | Epoch 19/50 | Loss 0.0964 | Acc 96.98% | Val Loss 0.1226 | Val Acc 96.28% | 26.3s
2026-06-24 16:08:24 | Epoch 20/50 | Loss 0.0979 | Acc 96.85% | Val Loss 0.1243 | Val Acc 96.45% | 26.3s
2026-06-24 16:08:51 | Epoch 21/50 | Loss 0.0942 | Acc 96.81% | Val Loss 0.1211 | Val Acc 96.61% | 26.3s
2026-06-24 16:09:17 | Epoch 22/50 | Loss 0.0842 | Acc 97.08% | Val Loss 0.1229 | Val Acc 96.28% | 26.4s
2026-06-24 16:09:43 | Epoch 23/50 | Loss 0.0910 | Acc 96.81% | Val Loss 0.1132 | Val Acc 96.61% | 26.3s
2026-06-24 16:09:43 |   --> saved best to C:\Users\Admin\Desktop\hai\ConViTX\code ViT_8 block CNN\HybridModel_PlantPathology_Ablation\results\Hybrid_secbam-secbam-secbam_fold3_best.pth
2026-06-24 16:10:10 | Epoch 24/50 | Loss 0.0847 | Acc 96.92% | Val Loss 0.1107 | Val Acc 96.85% | 26.3s
2026-06-24 16:10:10 |   --> saved best to C:\Users\Admin\Desktop\hai\ConViTX\code ViT_8 block CNN\HybridModel_PlantPathology_Ablation\results\Hybrid_secbam-secbam-secbam_fold3_best.pth
2026-06-24 16:10:36 | Epoch 25/50 | Loss 0.0831 | Acc 97.18% | Val Loss 0.1254 | Val Acc 95.80% | 26.4s
2026-06-24 16:11:03 | Epoch 26/50 | Loss 0.0818 | Acc 97.36% | Val Loss 0.1154 | Val Acc 96.61% | 26.4s
2026-06-24 16:11:29 | Epoch 27/50 | Loss 0.0787 | Acc 97.40% | Val Loss 0.1167 | Val Acc 96.28% | 26.3s
2026-06-24 16:11:55 | Epoch 28/50 | Loss 0.0710 | Acc 97.32% | Val Loss 0.1261 | Val Acc 96.45% | 26.3s
2026-06-24 16:12:22 | Epoch 29/50 | Loss 0.0749 | Acc 97.42% | Val Loss 0.1200 | Val Acc 96.53% | 26.4s
2026-06-24 16:12:48 | Epoch 30/50 | Loss 0.0735 | Acc 97.56% | Val Loss 0.1108 | Val Acc 96.61% | 26.3s
2026-06-24 16:13:17 | Epoch 31/50 | Loss 0.0688 | Acc 97.54% | Val Loss 0.1145 | Val Acc 96.69% | 28.5s
2026-06-24 16:13:47 | Epoch 32/50 | Loss 0.0688 | Acc 97.89% | Val Loss 0.1061 | Val Acc 96.61% | 30.4s
2026-06-24 16:13:47 |   --> saved best to C:\Users\Admin\Desktop\hai\ConViTX\code ViT_8 block CNN\HybridModel_PlantPathology_Ablation\results\Hybrid_secbam-secbam-secbam_fold3_best.pth
2026-06-24 16:14:16 | Epoch 33/50 | Loss 0.0657 | Acc 97.71% | Val Loss 0.1145 | Val Acc 96.69% | 28.7s
2026-06-24 16:14:45 | Epoch 34/50 | Loss 0.0579 | Acc 98.17% | Val Loss 0.1245 | Val Acc 96.61% | 28.9s
2026-06-24 16:15:14 | Epoch 35/50 | Loss 0.0609 | Acc 97.95% | Val Loss 0.1256 | Val Acc 96.04% | 28.8s
2026-06-24 16:15:43 | Epoch 36/50 | Loss 0.0584 | Acc 98.05% | Val Loss 0.1217 | Val Acc 96.53% | 29.3s
2026-06-24 16:16:12 | Epoch 37/50 | Loss 0.0531 | Acc 98.34% | Val Loss 0.1231 | Val Acc 96.77% | 29.0s
2026-06-24 16:16:41 | Epoch 38/50 | Loss 0.0543 | Acc 98.17% | Val Loss 0.1258 | Val Acc 96.37% | 29.2s
2026-06-24 16:17:08 | Epoch 39/50 | Loss 0.0559 | Acc 98.17% | Val Loss 0.1225 | Val Acc 96.85% | 26.6s
2026-06-24 16:17:35 | Epoch 40/50 | Loss 0.0601 | Acc 97.77% | Val Loss 0.1252 | Val Acc 96.69% | 26.6s
2026-06-24 16:18:01 | Epoch 41/50 | Loss 0.0534 | Acc 98.28% | Val Loss 0.1283 | Val Acc 96.53% | 26.5s
2026-06-24 16:18:28 | Epoch 42/50 | Loss 0.0493 | Acc 98.36% | Val Loss 0.1215 | Val Acc 96.85% | 26.6s
2026-06-24 16:18:55 | Epoch 43/50 | Loss 0.0471 | Acc 98.56% | Val Loss 0.1451 | Val Acc 96.20% | 26.7s
2026-06-24 16:19:21 | Epoch 44/50 | Loss 0.0460 | Acc 98.38% | Val Loss 0.1339 | Val Acc 96.20% | 26.7s
2026-06-24 16:19:48 | Epoch 45/50 | Loss 0.0468 | Acc 98.58% | Val Loss 0.1325 | Val Acc 96.53% | 26.5s
2026-06-24 16:20:15 | Epoch 46/50 | Loss 0.0456 | Acc 98.44% | Val Loss 0.1183 | Val Acc 96.69% | 26.6s
2026-06-24 16:20:42 | Epoch 47/50 | Loss 0.0435 | Acc 98.50% | Val Loss 0.1209 | Val Acc 96.93% | 27.5s
2026-06-24 16:20:42 | Early stopping at epoch 47.
2026-06-24 16:20:42 | Finished Hybrid_secbam-secbam-secbam fold 3 in 22.12 min.
2026-06-24 16:20:46 | 
================================================================================
2026-06-24 16:20:46 | TRAINING: Hybrid_none-none-se | FOLD 3/5
2026-06-24 16:20:46 | ================================================================================
2026-06-24 16:20:46 | [INFO] reduced batch_size=64 for hybrid model to avoid OOM.
2026-06-24 16:21:44 | Epoch 01/50 | Loss 1.1454 | Acc 55.32% | Val Loss 0.8930 | Val Acc 64.86% | 58.7s
2026-06-24 16:21:44 |   --> saved best to C:\Users\Admin\Desktop\hai\ConViTX\code ViT_8 block CNN\HybridModel_PlantPathology_Ablation\results\Hybrid_none-none-se_fold3_best.pth
2026-06-24 16:22:12 | Epoch 02/50 | Loss 0.7067 | Acc 80.72% | Val Loss 0.5397 | Val Acc 83.68% | 27.7s
2026-06-24 16:22:12 |   --> saved best to C:\Users\Admin\Desktop\hai\ConViTX\code ViT_8 block CNN\HybridModel_PlantPathology_Ablation\results\Hybrid_none-none-se_fold3_best.pth
2026-06-24 16:22:40 | Epoch 03/50 | Loss 0.4855 | Acc 88.13% | Val Loss 0.4050 | Val Acc 90.87% | 27.4s
2026-06-24 16:22:40 |   --> saved best to C:\Users\Admin\Desktop\hai\ConViTX\code ViT_8 block CNN\HybridModel_PlantPathology_Ablation\results\Hybrid_none-none-se_fold3_best.pth
2026-06-24 16:23:07 | Epoch 04/50 | Loss 0.3861 | Acc 90.30% | Val Loss 0.3469 | Val Acc 91.11% | 27.6s
2026-06-24 16:23:07 |   --> saved best to C:\Users\Admin\Desktop\hai\ConViTX\code ViT_8 block CNN\HybridModel_PlantPathology_Ablation\results\Hybrid_none-none-se_fold3_best.pth
2026-06-24 16:23:35 | Epoch 05/50 | Loss 0.3201 | Acc 91.84% | Val Loss 0.2860 | Val Acc 92.65% | 27.6s
2026-06-24 16:23:35 |   --> saved best to C:\Users\Admin\Desktop\hai\ConViTX\code ViT_8 block CNN\HybridModel_PlantPathology_Ablation\results\Hybrid_none-none-se_fold3_best.pth
2026-06-24 16:24:02 | Epoch 06/50 | Loss 0.2765 | Acc 92.63% | Val Loss 0.2480 | Val Acc 93.70% | 27.5s
2026-06-24 16:24:02 |   --> saved best to C:\Users\Admin\Desktop\hai\ConViTX\code ViT_8 block CNN\HybridModel_PlantPathology_Ablation\results\Hybrid_none-none-se_fold3_best.pth
2026-06-24 16:24:30 | Epoch 07/50 | Loss 0.2410 | Acc 93.36% | Val Loss 0.2161 | Val Acc 94.35% | 27.6s
2026-06-24 16:24:30 |   --> saved best to C:\Users\Admin\Desktop\hai\ConViTX\code ViT_8 block CNN\HybridModel_PlantPathology_Ablation\results\Hybrid_none-none-se_fold3_best.pth
2026-06-24 16:24:57 | Epoch 08/50 | Loss 0.2109 | Acc 94.01% | Val Loss 0.2027 | Val Acc 94.43% | 27.5s
2026-06-24 16:24:57 |   --> saved best to C:\Users\Admin\Desktop\hai\ConViTX\code ViT_8 block CNN\HybridModel_PlantPathology_Ablation\results\Hybrid_none-none-se_fold3_best.pth
2026-06-24 16:25:25 | Epoch 09/50 | Loss 0.2016 | Acc 93.93% | Val Loss 0.1910 | Val Acc 94.51% | 27.5s
2026-06-24 16:25:25 |   --> saved best to C:\Users\Admin\Desktop\hai\ConViTX\code ViT_8 block CNN\HybridModel_PlantPathology_Ablation\results\Hybrid_none-none-se_fold3_best.pth
2026-06-24 16:25:53 | Epoch 10/50 | Loss 0.1852 | Acc 94.62% | Val Loss 0.1806 | Val Acc 94.51% | 27.5s
2026-06-24 16:25:53 |   --> saved best to C:\Users\Admin\Desktop\hai\ConViTX\code ViT_8 block CNN\HybridModel_PlantPathology_Ablation\results\Hybrid_none-none-se_fold3_best.pth
2026-06-24 16:26:20 | Epoch 11/50 | Loss 0.1754 | Acc 94.95% | Val Loss 0.1739 | Val Acc 94.75% | 27.5s
2026-06-24 16:26:20 |   --> saved best to C:\Users\Admin\Desktop\hai\ConViTX\code ViT_8 block CNN\HybridModel_PlantPathology_Ablation\results\Hybrid_none-none-se_fold3_best.pth
2026-06-24 16:26:48 | Epoch 12/50 | Loss 0.1607 | Acc 94.99% | Val Loss 0.1711 | Val Acc 94.91% | 27.6s
2026-06-24 16:26:48 |   --> saved best to C:\Users\Admin\Desktop\hai\ConViTX\code ViT_8 block CNN\HybridModel_PlantPathology_Ablation\results\Hybrid_none-none-se_fold3_best.pth
2026-06-24 16:27:15 | Epoch 13/50 | Loss 0.1572 | Acc 95.01% | Val Loss 0.1539 | Val Acc 94.99% | 27.5s
2026-06-24 16:27:15 |   --> saved best to C:\Users\Admin\Desktop\hai\ConViTX\code ViT_8 block CNN\HybridModel_PlantPathology_Ablation\results\Hybrid_none-none-se_fold3_best.pth
2026-06-24 16:27:43 | Epoch 14/50 | Loss 0.1474 | Acc 95.23% | Val Loss 0.1495 | Val Acc 95.48% | 27.5s
2026-06-24 16:27:43 |   --> saved best to C:\Users\Admin\Desktop\hai\ConViTX\code ViT_8 block CNN\HybridModel_PlantPathology_Ablation\results\Hybrid_none-none-se_fold3_best.pth
2026-06-24 16:28:10 | Epoch 15/50 | Loss 0.1396 | Acc 95.56% | Val Loss 0.1473 | Val Acc 95.48% | 27.5s
2026-06-24 16:28:10 |   --> saved best to C:\Users\Admin\Desktop\hai\ConViTX\code ViT_8 block CNN\HybridModel_PlantPathology_Ablation\results\Hybrid_none-none-se_fold3_best.pth
2026-06-24 16:28:38 | Epoch 16/50 | Loss 0.1243 | Acc 95.96% | Val Loss 0.1474 | Val Acc 95.40% | 27.5s
2026-06-24 16:29:05 | Epoch 17/50 | Loss 0.1259 | Acc 96.21% | Val Loss 0.1509 | Val Acc 95.15% | 27.5s
2026-06-24 16:29:33 | Epoch 18/50 | Loss 0.1202 | Acc 96.14% | Val Loss 0.1304 | Val Acc 95.48% | 27.5s
2026-06-24 16:29:33 |   --> saved best to C:\Users\Admin\Desktop\hai\ConViTX\code ViT_8 block CNN\HybridModel_PlantPathology_Ablation\results\Hybrid_none-none-se_fold3_best.pth
2026-06-24 16:30:00 | Epoch 19/50 | Loss 0.1119 | Acc 96.29% | Val Loss 0.1352 | Val Acc 95.96% | 27.4s
2026-06-24 16:30:28 | Epoch 20/50 | Loss 0.1097 | Acc 96.27% | Val Loss 0.1393 | Val Acc 95.48% | 27.5s
2026-06-24 16:30:55 | Epoch 21/50 | Loss 0.1069 | Acc 96.51% | Val Loss 0.1285 | Val Acc 95.80% | 27.2s
2026-06-24 16:30:55 |   --> saved best to C:\Users\Admin\Desktop\hai\ConViTX\code ViT_8 block CNN\HybridModel_PlantPathology_Ablation\results\Hybrid_none-none-se_fold3_best.pth
2026-06-24 16:31:23 | Epoch 22/50 | Loss 0.0991 | Acc 96.69% | Val Loss 0.1323 | Val Acc 96.28% | 27.5s
2026-06-24 16:31:50 | Epoch 23/50 | Loss 0.1004 | Acc 96.57% | Val Loss 0.1220 | Val Acc 96.20% | 27.5s
2026-06-24 16:31:50 |   --> saved best to C:\Users\Admin\Desktop\hai\ConViTX\code ViT_8 block CNN\HybridModel_PlantPathology_Ablation\results\Hybrid_none-none-se_fold3_best.pth
2026-06-24 16:32:18 | Epoch 24/50 | Loss 0.0985 | Acc 97.04% | Val Loss 0.1239 | Val Acc 96.20% | 27.4s
2026-06-24 16:32:45 | Epoch 25/50 | Loss 0.0978 | Acc 96.83% | Val Loss 0.1276 | Val Acc 95.32% | 27.4s
2026-06-24 16:33:13 | Epoch 26/50 | Loss 0.0935 | Acc 97.04% | Val Loss 0.1241 | Val Acc 96.04% | 27.5s
2026-06-24 16:33:40 | Epoch 27/50 | Loss 0.0853 | Acc 97.22% | Val Loss 0.1187 | Val Acc 96.04% | 27.5s
2026-06-24 16:33:40 |   --> saved best to C:\Users\Admin\Desktop\hai\ConViTX\code ViT_8 block CNN\HybridModel_PlantPathology_Ablation\results\Hybrid_none-none-se_fold3_best.pth
2026-06-24 16:34:08 | Epoch 28/50 | Loss 0.0852 | Acc 97.02% | Val Loss 0.1342 | Val Acc 96.20% | 27.4s
2026-06-24 16:34:35 | Epoch 29/50 | Loss 0.0850 | Acc 97.12% | Val Loss 0.1263 | Val Acc 96.28% | 27.5s
2026-06-24 16:35:03 | Epoch 30/50 | Loss 0.0869 | Acc 97.14% | Val Loss 0.1223 | Val Acc 96.20% | 27.5s
2026-06-24 16:35:30 | Epoch 31/50 | Loss 0.0821 | Acc 97.36% | Val Loss 0.1272 | Val Acc 95.96% | 27.5s
2026-06-24 16:35:58 | Epoch 32/50 | Loss 0.0812 | Acc 97.20% | Val Loss 0.1181 | Val Acc 96.61% | 27.5s
2026-06-24 16:35:58 |   --> saved best to C:\Users\Admin\Desktop\hai\ConViTX\code ViT_8 block CNN\HybridModel_PlantPathology_Ablation\results\Hybrid_none-none-se_fold3_best.pth
2026-06-24 16:36:25 | Epoch 33/50 | Loss 0.0738 | Acc 97.65% | Val Loss 0.1245 | Val Acc 96.28% | 27.4s
2026-06-24 16:36:53 | Epoch 34/50 | Loss 0.0741 | Acc 97.54% | Val Loss 0.1188 | Val Acc 96.53% | 27.5s
2026-06-24 16:37:20 | Epoch 35/50 | Loss 0.0729 | Acc 97.71% | Val Loss 0.1192 | Val Acc 96.37% | 27.5s
2026-06-24 16:37:48 | Epoch 36/50 | Loss 0.0662 | Acc 97.89% | Val Loss 0.1228 | Val Acc 96.20% | 27.5s
2026-06-24 16:38:16 | Epoch 37/50 | Loss 0.0647 | Acc 97.77% | Val Loss 0.1194 | Val Acc 96.28% | 27.5s
2026-06-24 16:38:43 | Epoch 38/50 | Loss 0.0639 | Acc 97.97% | Val Loss 0.1163 | Val Acc 96.04% | 27.5s
2026-06-24 16:38:43 |   --> saved best to C:\Users\Admin\Desktop\hai\ConViTX\code ViT_8 block CNN\HybridModel_PlantPathology_Ablation\results\Hybrid_none-none-se_fold3_best.pth
2026-06-24 16:39:11 | Epoch 39/50 | Loss 0.0675 | Acc 97.87% | Val Loss 0.1157 | Val Acc 96.61% | 27.4s
2026-06-24 16:39:11 |   --> saved best to C:\Users\Admin\Desktop\hai\ConViTX\code ViT_8 block CNN\HybridModel_PlantPathology_Ablation\results\Hybrid_none-none-se_fold3_best.pth
2026-06-24 16:39:38 | Epoch 40/50 | Loss 0.0693 | Acc 97.75% | Val Loss 0.1141 | Val Acc 96.37% | 27.4s
2026-06-24 16:39:38 |   --> saved best to C:\Users\Admin\Desktop\hai\ConViTX\code ViT_8 block CNN\HybridModel_PlantPathology_Ablation\results\Hybrid_none-none-se_fold3_best.pth
2026-06-24 16:40:06 | Epoch 41/50 | Loss 0.0626 | Acc 97.95% | Val Loss 0.1192 | Val Acc 96.28% | 27.5s
2026-06-24 16:40:33 | Epoch 42/50 | Loss 0.0594 | Acc 97.87% | Val Loss 0.1151 | Val Acc 96.53% | 27.5s
2026-06-24 16:41:01 | Epoch 43/50 | Loss 0.0535 | Acc 98.23% | Val Loss 0.1264 | Val Acc 95.96% | 27.5s
2026-06-24 16:41:28 | Epoch 44/50 | Loss 0.0567 | Acc 98.09% | Val Loss 0.1200 | Val Acc 96.45% | 27.5s
2026-06-24 16:41:56 | Epoch 45/50 | Loss 0.0517 | Acc 98.42% | Val Loss 0.1172 | Val Acc 96.53% | 27.5s
2026-06-24 16:42:23 | Epoch 46/50 | Loss 0.0522 | Acc 98.40% | Val Loss 0.1127 | Val Acc 96.28% | 27.5s
2026-06-24 16:42:23 |   --> saved best to C:\Users\Admin\Desktop\hai\ConViTX\code ViT_8 block CNN\HybridModel_PlantPathology_Ablation\results\Hybrid_none-none-se_fold3_best.pth
2026-06-24 16:42:51 | Epoch 47/50 | Loss 0.0485 | Acc 98.48% | Val Loss 0.1143 | Val Acc 96.28% | 27.4s
2026-06-24 16:43:18 | Epoch 48/50 | Loss 0.0468 | Acc 98.54% | Val Loss 0.1042 | Val Acc 96.69% | 27.5s
2026-06-24 16:43:18 |   --> saved best to C:\Users\Admin\Desktop\hai\ConViTX\code ViT_8 block CNN\HybridModel_PlantPathology_Ablation\results\Hybrid_none-none-se_fold3_best.pth
2026-06-24 16:43:46 | Epoch 49/50 | Loss 0.0476 | Acc 98.50% | Val Loss 0.1178 | Val Acc 96.45% | 27.4s
2026-06-24 16:44:13 | Epoch 50/50 | Loss 0.0493 | Acc 98.34% | Val Loss 0.1212 | Val Acc 96.69% | 27.5s
2026-06-24 16:44:13 | Finished Hybrid_none-none-se fold 3 in 23.46 min.
2026-06-24 16:44:17 | 
================================================================================
2026-06-24 16:44:17 | TRAINING: Hybrid_none-none-secbam | FOLD 3/5
2026-06-24 16:44:17 | ================================================================================
2026-06-24 16:44:17 | [INFO] reduced batch_size=64 for hybrid model to avoid OOM.
2026-06-24 16:45:16 | Epoch 01/50 | Loss 1.2466 | Acc 53.88% | Val Loss 1.0683 | Val Acc 65.19% | 58.9s
2026-06-24 16:45:16 |   --> saved best to C:\Users\Admin\Desktop\hai\ConViTX\code ViT_8 block CNN\HybridModel_PlantPathology_Ablation\results\Hybrid_none-none-secbam_fold3_best.pth
2026-06-24 16:45:44 | Epoch 02/50 | Loss 0.9060 | Acc 77.76% | Val Loss 0.6957 | Val Acc 81.66% | 28.3s
2026-06-24 16:45:44 |   --> saved best to C:\Users\Admin\Desktop\hai\ConViTX\code ViT_8 block CNN\HybridModel_PlantPathology_Ablation\results\Hybrid_none-none-secbam_fold3_best.pth
2026-06-24 16:46:13 | Epoch 03/50 | Loss 0.6108 | Acc 85.71% | Val Loss 0.4920 | Val Acc 88.37% | 28.6s
2026-06-24 16:46:13 |   --> saved best to C:\Users\Admin\Desktop\hai\ConViTX\code ViT_8 block CNN\HybridModel_PlantPathology_Ablation\results\Hybrid_none-none-secbam_fold3_best.pth
2026-06-24 16:46:41 | Epoch 04/50 | Loss 0.4481 | Acc 89.73% | Val Loss 0.3855 | Val Acc 90.87% | 28.6s
2026-06-24 16:46:41 |   --> saved best to C:\Users\Admin\Desktop\hai\ConViTX\code ViT_8 block CNN\HybridModel_PlantPathology_Ablation\results\Hybrid_none-none-secbam_fold3_best.pth
2026-06-24 16:47:10 | Epoch 05/50 | Loss 0.3509 | Acc 91.54% | Val Loss 0.3004 | Val Acc 92.16% | 28.6s
2026-06-24 16:47:10 |   --> saved best to C:\Users\Admin\Desktop\hai\ConViTX\code ViT_8 block CNN\HybridModel_PlantPathology_Ablation\results\Hybrid_none-none-secbam_fold3_best.pth
2026-06-24 16:47:39 | Epoch 06/50 | Loss 0.2913 | Acc 92.33% | Val Loss 0.2481 | Val Acc 93.86% | 28.6s
2026-06-24 16:47:39 |   --> saved best to C:\Users\Admin\Desktop\hai\ConViTX\code ViT_8 block CNN\HybridModel_PlantPathology_Ablation\results\Hybrid_none-none-secbam_fold3_best.pth
2026-06-24 16:48:07 | Epoch 07/50 | Loss 0.2465 | Acc 93.45% | Val Loss 0.2103 | Val Acc 94.10% | 28.6s
2026-06-24 16:48:07 |   --> saved best to C:\Users\Admin\Desktop\hai\ConViTX\code ViT_8 block CNN\HybridModel_PlantPathology_Ablation\results\Hybrid_none-none-secbam_fold3_best.pth
2026-06-24 16:48:36 | Epoch 08/50 | Loss 0.2102 | Acc 94.30% | Val Loss 0.1956 | Val Acc 94.75% | 28.5s
2026-06-24 16:48:36 |   --> saved best to C:\Users\Admin\Desktop\hai\ConViTX\code ViT_8 block CNN\HybridModel_PlantPathology_Ablation\results\Hybrid_none-none-secbam_fold3_best.pth
2026-06-24 16:49:04 | Epoch 09/50 | Loss 0.1974 | Acc 94.20% | Val Loss 0.1814 | Val Acc 94.35% | 28.6s
2026-06-24 16:49:04 |   --> saved best to C:\Users\Admin\Desktop\hai\ConViTX\code ViT_8 block CNN\HybridModel_PlantPathology_Ablation\results\Hybrid_none-none-secbam_fold3_best.pth
2026-06-24 16:49:33 | Epoch 10/50 | Loss 0.1785 | Acc 94.81% | Val Loss 0.1657 | Val Acc 95.15% | 28.6s
2026-06-24 16:49:33 |   --> saved best to C:\Users\Admin\Desktop\hai\ConViTX\code ViT_8 block CNN\HybridModel_PlantPathology_Ablation\results\Hybrid_none-none-secbam_fold3_best.pth
2026-06-24 16:50:02 | Epoch 11/50 | Loss 0.1697 | Acc 95.09% | Val Loss 0.1610 | Val Acc 94.91% | 28.5s
2026-06-24 16:50:02 |   --> saved best to C:\Users\Admin\Desktop\hai\ConViTX\code ViT_8 block CNN\HybridModel_PlantPathology_Ablation\results\Hybrid_none-none-secbam_fold3_best.pth
2026-06-24 16:50:30 | Epoch 12/50 | Loss 0.1522 | Acc 95.27% | Val Loss 0.1513 | Val Acc 94.99% | 28.6s
2026-06-24 16:50:30 |   --> saved best to C:\Users\Admin\Desktop\hai\ConViTX\code ViT_8 block CNN\HybridModel_PlantPathology_Ablation\results\Hybrid_none-none-secbam_fold3_best.pth
2026-06-24 16:50:59 | Epoch 13/50 | Loss 0.1444 | Acc 95.47% | Val Loss 0.1412 | Val Acc 95.23% | 28.7s
2026-06-24 16:50:59 |   --> saved best to C:\Users\Admin\Desktop\hai\ConViTX\code ViT_8 block CNN\HybridModel_PlantPathology_Ablation\results\Hybrid_none-none-secbam_fold3_best.pth
2026-06-24 16:51:28 | Epoch 14/50 | Loss 0.1361 | Acc 95.58% | Val Loss 0.1387 | Val Acc 95.23% | 28.7s
2026-06-24 16:51:28 |   --> saved best to C:\Users\Admin\Desktop\hai\ConViTX\code ViT_8 block CNN\HybridModel_PlantPathology_Ablation\results\Hybrid_none-none-secbam_fold3_best.pth
2026-06-24 16:51:57 | Epoch 15/50 | Loss 0.1274 | Acc 95.80% | Val Loss 0.1328 | Val Acc 95.96% | 28.7s
2026-06-24 16:51:57 |   --> saved best to C:\Users\Admin\Desktop\hai\ConViTX\code ViT_8 block CNN\HybridModel_PlantPathology_Ablation\results\Hybrid_none-none-secbam_fold3_best.pth
2026-06-24 16:52:25 | Epoch 16/50 | Loss 0.1156 | Acc 96.53% | Val Loss 0.1369 | Val Acc 95.72% | 28.5s
2026-06-24 16:52:54 | Epoch 17/50 | Loss 0.1158 | Acc 96.55% | Val Loss 0.1371 | Val Acc 95.32% | 28.6s
2026-06-24 16:53:23 | Epoch 18/50 | Loss 0.1120 | Acc 96.57% | Val Loss 0.1197 | Val Acc 95.56% | 28.6s
2026-06-24 16:53:23 |   --> saved best to C:\Users\Admin\Desktop\hai\ConViTX\code ViT_8 block CNN\HybridModel_PlantPathology_Ablation\results\Hybrid_none-none-secbam_fold3_best.pth
2026-06-24 16:53:51 | Epoch 19/50 | Loss 0.1028 | Acc 96.61% | Val Loss 0.1225 | Val Acc 96.28% | 28.6s
2026-06-24 16:54:20 | Epoch 20/50 | Loss 0.1015 | Acc 96.71% | Val Loss 0.1237 | Val Acc 96.12% | 28.6s
2026-06-24 16:54:48 | Epoch 21/50 | Loss 0.0990 | Acc 96.69% | Val Loss 0.1183 | Val Acc 96.45% | 28.6s
2026-06-24 16:54:48 |   --> saved best to C:\Users\Admin\Desktop\hai\ConViTX\code ViT_8 block CNN\HybridModel_PlantPathology_Ablation\results\Hybrid_none-none-secbam_fold3_best.pth
2026-06-24 16:55:17 | Epoch 22/50 | Loss 0.0898 | Acc 97.14% | Val Loss 0.1220 | Val Acc 96.12% | 28.5s
2026-06-24 16:55:46 | Epoch 23/50 | Loss 0.0931 | Acc 97.02% | Val Loss 0.1112 | Val Acc 96.20% | 28.5s
2026-06-24 16:55:46 |   --> saved best to C:\Users\Admin\Desktop\hai\ConViTX\code ViT_8 block CNN\HybridModel_PlantPathology_Ablation\results\Hybrid_none-none-secbam_fold3_best.pth
2026-06-24 16:56:14 | Epoch 24/50 | Loss 0.0905 | Acc 97.10% | Val Loss 0.1134 | Val Acc 96.12% | 28.6s
2026-06-24 16:56:43 | Epoch 25/50 | Loss 0.0917 | Acc 96.79% | Val Loss 0.1216 | Val Acc 95.32% | 28.6s
2026-06-24 16:57:12 | Epoch 26/50 | Loss 0.0859 | Acc 97.32% | Val Loss 0.1093 | Val Acc 96.20% | 28.6s
2026-06-24 16:57:12 |   --> saved best to C:\Users\Admin\Desktop\hai\ConViTX\code ViT_8 block CNN\HybridModel_PlantPathology_Ablation\results\Hybrid_none-none-secbam_fold3_best.pth
2026-06-24 16:57:40 | Epoch 27/50 | Loss 0.0770 | Acc 97.32% | Val Loss 0.1115 | Val Acc 96.53% | 28.7s
2026-06-24 16:58:09 | Epoch 28/50 | Loss 0.0786 | Acc 97.44% | Val Loss 0.1249 | Val Acc 96.37% | 28.5s
2026-06-24 16:58:37 | Epoch 29/50 | Loss 0.0784 | Acc 97.54% | Val Loss 0.1169 | Val Acc 96.12% | 28.6s
2026-06-24 16:59:06 | Epoch 30/50 | Loss 0.0778 | Acc 97.52% | Val Loss 0.1126 | Val Acc 96.12% | 28.7s
2026-06-24 16:59:35 | Epoch 31/50 | Loss 0.0741 | Acc 97.69% | Val Loss 0.1114 | Val Acc 96.12% | 28.6s
2026-06-24 17:00:04 | Epoch 32/50 | Loss 0.0746 | Acc 97.56% | Val Loss 0.1026 | Val Acc 96.77% | 28.7s
2026-06-24 17:00:04 |   --> saved best to C:\Users\Admin\Desktop\hai\ConViTX\code ViT_8 block CNN\HybridModel_PlantPathology_Ablation\results\Hybrid_none-none-secbam_fold3_best.pth
2026-06-24 17:00:32 | Epoch 33/50 | Loss 0.0667 | Acc 97.81% | Val Loss 0.1169 | Val Acc 96.28% | 28.5s
2026-06-24 17:01:00 | Epoch 34/50 | Loss 0.0662 | Acc 97.83% | Val Loss 0.1085 | Val Acc 96.61% | 28.2s
2026-06-24 17:01:29 | Epoch 35/50 | Loss 0.0652 | Acc 97.91% | Val Loss 0.1080 | Val Acc 96.28% | 28.6s
2026-06-24 17:01:58 | Epoch 36/50 | Loss 0.0580 | Acc 98.13% | Val Loss 0.1140 | Val Acc 96.37% | 28.6s
2026-06-24 17:02:26 | Epoch 37/50 | Loss 0.0569 | Acc 97.97% | Val Loss 0.1092 | Val Acc 96.20% | 28.6s
2026-06-24 17:02:55 | Epoch 38/50 | Loss 0.0607 | Acc 97.95% | Val Loss 0.1078 | Val Acc 96.37% | 28.6s
2026-06-24 17:03:24 | Epoch 39/50 | Loss 0.0607 | Acc 97.91% | Val Loss 0.1041 | Val Acc 96.77% | 28.6s
2026-06-24 17:03:52 | Epoch 40/50 | Loss 0.0647 | Acc 97.73% | Val Loss 0.1070 | Val Acc 97.01% | 28.7s
2026-06-24 17:04:21 | Epoch 41/50 | Loss 0.0542 | Acc 98.05% | Val Loss 0.1088 | Val Acc 96.69% | 28.6s
2026-06-24 17:04:50 | Epoch 42/50 | Loss 0.0514 | Acc 98.46% | Val Loss 0.1022 | Val Acc 96.69% | 28.6s
2026-06-24 17:04:50 |   --> saved best to C:\Users\Admin\Desktop\hai\ConViTX\code ViT_8 block CNN\HybridModel_PlantPathology_Ablation\results\Hybrid_none-none-secbam_fold3_best.pth
2026-06-24 17:05:18 | Epoch 43/50 | Loss 0.0478 | Acc 98.52% | Val Loss 0.1243 | Val Acc 96.28% | 28.6s
2026-06-24 17:05:47 | Epoch 44/50 | Loss 0.0475 | Acc 98.62% | Val Loss 0.1162 | Val Acc 96.69% | 28.6s
2026-06-24 17:06:16 | Epoch 45/50 | Loss 0.0462 | Acc 98.56% | Val Loss 0.1077 | Val Acc 96.61% | 28.6s
2026-06-24 17:06:44 | Epoch 46/50 | Loss 0.0455 | Acc 98.60% | Val Loss 0.1055 | Val Acc 96.37% | 28.6s
2026-06-24 17:07:13 | Epoch 47/50 | Loss 0.0447 | Acc 98.66% | Val Loss 0.1092 | Val Acc 96.69% | 28.6s
2026-06-24 17:07:42 | Epoch 48/50 | Loss 0.0439 | Acc 98.54% | Val Loss 0.0980 | Val Acc 96.61% | 28.6s
2026-06-24 17:07:42 |   --> saved best to C:\Users\Admin\Desktop\hai\ConViTX\code ViT_8 block CNN\HybridModel_PlantPathology_Ablation\results\Hybrid_none-none-secbam_fold3_best.pth
2026-06-24 17:08:10 | Epoch 49/50 | Loss 0.0417 | Acc 98.78% | Val Loss 0.1106 | Val Acc 96.45% | 28.6s
2026-06-24 17:08:39 | Epoch 50/50 | Loss 0.0416 | Acc 98.48% | Val Loss 0.1159 | Val Acc 96.85% | 28.7s
2026-06-24 17:08:39 | Finished Hybrid_none-none-secbam fold 3 in 24.37 min.
2026-06-24 17:08:42 | 
================================================================================
2026-06-24 17:08:42 | TRAINING: Hybrid_se-se-none | FOLD 3/5
2026-06-24 17:08:42 | ================================================================================
2026-06-24 17:08:42 | [INFO] reduced batch_size=64 for hybrid model to avoid OOM.
2026-06-24 17:09:40 | Epoch 01/50 | Loss 1.0426 | Acc 60.65% | Val Loss 0.7334 | Val Acc 75.77% | 57.8s
2026-06-24 17:09:40 |   --> saved best to C:\Users\Admin\Desktop\hai\ConViTX\code ViT_8 block CNN\HybridModel_PlantPathology_Ablation\results\Hybrid_se-se-none_fold3_best.pth
2026-06-24 17:10:08 | Epoch 02/50 | Loss 0.5479 | Acc 85.15% | Val Loss 0.4128 | Val Acc 88.21% | 27.4s
2026-06-24 17:10:08 |   --> saved best to C:\Users\Admin\Desktop\hai\ConViTX\code ViT_8 block CNN\HybridModel_PlantPathology_Ablation\results\Hybrid_se-se-none_fold3_best.pth
2026-06-24 17:10:35 | Epoch 03/50 | Loss 0.3797 | Acc 89.61% | Val Loss 0.3174 | Val Acc 91.84% | 27.4s
2026-06-24 17:10:35 |   --> saved best to C:\Users\Admin\Desktop\hai\ConViTX\code ViT_8 block CNN\HybridModel_PlantPathology_Ablation\results\Hybrid_se-se-none_fold3_best.pth
2026-06-24 17:11:03 | Epoch 04/50 | Loss 0.3194 | Acc 90.81% | Val Loss 0.2995 | Val Acc 91.44% | 27.5s
2026-06-24 17:11:03 |   --> saved best to C:\Users\Admin\Desktop\hai\ConViTX\code ViT_8 block CNN\HybridModel_PlantPathology_Ablation\results\Hybrid_se-se-none_fold3_best.pth
2026-06-24 17:11:30 | Epoch 05/50 | Loss 0.2779 | Acc 91.96% | Val Loss 0.2478 | Val Acc 93.38% | 27.5s
2026-06-24 17:11:30 |   --> saved best to C:\Users\Admin\Desktop\hai\ConViTX\code ViT_8 block CNN\HybridModel_PlantPathology_Ablation\results\Hybrid_se-se-none_fold3_best.pth
2026-06-24 17:11:58 | Epoch 06/50 | Loss 0.2515 | Acc 92.61% | Val Loss 0.2285 | Val Acc 93.46% | 27.4s
2026-06-24 17:11:58 |   --> saved best to C:\Users\Admin\Desktop\hai\ConViTX\code ViT_8 block CNN\HybridModel_PlantPathology_Ablation\results\Hybrid_se-se-none_fold3_best.pth
2026-06-24 17:12:25 | Epoch 07/50 | Loss 0.2275 | Acc 93.32% | Val Loss 0.2039 | Val Acc 94.10% | 27.5s
2026-06-24 17:12:25 |   --> saved best to C:\Users\Admin\Desktop\hai\ConViTX\code ViT_8 block CNN\HybridModel_PlantPathology_Ablation\results\Hybrid_se-se-none_fold3_best.pth
2026-06-24 17:12:53 | Epoch 08/50 | Loss 0.2031 | Acc 93.89% | Val Loss 0.1935 | Val Acc 94.18% | 27.5s
2026-06-24 17:12:53 |   --> saved best to C:\Users\Admin\Desktop\hai\ConViTX\code ViT_8 block CNN\HybridModel_PlantPathology_Ablation\results\Hybrid_se-se-none_fold3_best.pth
2026-06-24 17:13:20 | Epoch 09/50 | Loss 0.1999 | Acc 93.83% | Val Loss 0.1892 | Val Acc 94.67% | 27.5s
2026-06-24 17:13:20 |   --> saved best to C:\Users\Admin\Desktop\hai\ConViTX\code ViT_8 block CNN\HybridModel_PlantPathology_Ablation\results\Hybrid_se-se-none_fold3_best.pth
2026-06-24 17:13:48 | Epoch 10/50 | Loss 0.1846 | Acc 94.54% | Val Loss 0.1851 | Val Acc 93.78% | 27.5s
2026-06-24 17:13:48 |   --> saved best to C:\Users\Admin\Desktop\hai\ConViTX\code ViT_8 block CNN\HybridModel_PlantPathology_Ablation\results\Hybrid_se-se-none_fold3_best.pth
2026-06-24 17:14:16 | Epoch 11/50 | Loss 0.1780 | Acc 94.76% | Val Loss 0.1739 | Val Acc 94.43% | 27.6s
2026-06-24 17:14:16 |   --> saved best to C:\Users\Admin\Desktop\hai\ConViTX\code ViT_8 block CNN\HybridModel_PlantPathology_Ablation\results\Hybrid_se-se-none_fold3_best.pth
2026-06-24 17:14:43 | Epoch 12/50 | Loss 0.1640 | Acc 94.91% | Val Loss 0.1761 | Val Acc 94.02% | 27.4s
2026-06-24 17:15:11 | Epoch 13/50 | Loss 0.1592 | Acc 95.13% | Val Loss 0.1568 | Val Acc 95.23% | 27.6s
2026-06-24 17:15:11 |   --> saved best to C:\Users\Admin\Desktop\hai\ConViTX\code ViT_8 block CNN\HybridModel_PlantPathology_Ablation\results\Hybrid_se-se-none_fold3_best.pth
2026-06-24 17:15:38 | Epoch 14/50 | Loss 0.1505 | Acc 95.07% | Val Loss 0.1517 | Val Acc 95.15% | 27.5s
2026-06-24 17:15:38 |   --> saved best to C:\Users\Admin\Desktop\hai\ConViTX\code ViT_8 block CNN\HybridModel_PlantPathology_Ablation\results\Hybrid_se-se-none_fold3_best.pth
2026-06-24 17:16:06 | Epoch 15/50 | Loss 0.1457 | Acc 95.09% | Val Loss 0.1533 | Val Acc 95.64% | 27.2s
2026-06-24 17:16:33 | Epoch 16/50 | Loss 0.1322 | Acc 96.19% | Val Loss 0.1533 | Val Acc 95.15% | 27.4s
2026-06-24 17:17:01 | Epoch 17/50 | Loss 0.1332 | Acc 96.02% | Val Loss 0.1493 | Val Acc 95.23% | 27.5s
2026-06-24 17:17:01 |   --> saved best to C:\Users\Admin\Desktop\hai\ConViTX\code ViT_8 block CNN\HybridModel_PlantPathology_Ablation\results\Hybrid_se-se-none_fold3_best.pth
2026-06-24 17:17:28 | Epoch 18/50 | Loss 0.1254 | Acc 96.19% | Val Loss 0.1400 | Val Acc 95.23% | 27.5s
2026-06-24 17:17:28 |   --> saved best to C:\Users\Admin\Desktop\hai\ConViTX\code ViT_8 block CNN\HybridModel_PlantPathology_Ablation\results\Hybrid_se-se-none_fold3_best.pth
2026-06-24 17:17:55 | Epoch 19/50 | Loss 0.1172 | Acc 96.31% | Val Loss 0.1359 | Val Acc 95.56% | 27.3s
2026-06-24 17:17:55 |   --> saved best to C:\Users\Admin\Desktop\hai\ConViTX\code ViT_8 block CNN\HybridModel_PlantPathology_Ablation\results\Hybrid_se-se-none_fold3_best.pth
2026-06-24 17:18:23 | Epoch 20/50 | Loss 0.1167 | Acc 96.33% | Val Loss 0.1385 | Val Acc 95.64% | 27.5s
2026-06-24 17:18:51 | Epoch 21/50 | Loss 0.1128 | Acc 96.37% | Val Loss 0.1316 | Val Acc 96.04% | 27.7s
2026-06-24 17:18:51 |   --> saved best to C:\Users\Admin\Desktop\hai\ConViTX\code ViT_8 block CNN\HybridModel_PlantPathology_Ablation\results\Hybrid_se-se-none_fold3_best.pth
2026-06-24 17:19:18 | Epoch 22/50 | Loss 0.1058 | Acc 96.77% | Val Loss 0.1337 | Val Acc 96.20% | 27.4s
2026-06-24 17:19:46 | Epoch 23/50 | Loss 0.1020 | Acc 96.67% | Val Loss 0.1231 | Val Acc 96.20% | 27.5s
2026-06-24 17:19:46 |   --> saved best to C:\Users\Admin\Desktop\hai\ConViTX\code ViT_8 block CNN\HybridModel_PlantPathology_Ablation\results\Hybrid_se-se-none_fold3_best.pth
2026-06-24 17:20:13 | Epoch 24/50 | Loss 0.1003 | Acc 97.06% | Val Loss 0.1247 | Val Acc 96.20% | 27.6s
2026-06-24 17:20:41 | Epoch 25/50 | Loss 0.1006 | Acc 96.65% | Val Loss 0.1292 | Val Acc 95.48% | 27.5s
2026-06-24 17:21:08 | Epoch 26/50 | Loss 0.0972 | Acc 97.02% | Val Loss 0.1251 | Val Acc 95.56% | 27.5s
2026-06-24 17:21:36 | Epoch 27/50 | Loss 0.0887 | Acc 97.16% | Val Loss 0.1236 | Val Acc 95.88% | 27.5s
2026-06-24 17:22:04 | Epoch 28/50 | Loss 0.0880 | Acc 97.18% | Val Loss 0.1316 | Val Acc 95.88% | 27.6s
2026-06-24 17:22:31 | Epoch 29/50 | Loss 0.0889 | Acc 97.20% | Val Loss 0.1315 | Val Acc 96.04% | 27.5s
2026-06-24 17:22:59 | Epoch 30/50 | Loss 0.0898 | Acc 97.20% | Val Loss 0.1286 | Val Acc 95.80% | 27.5s
2026-06-24 17:23:26 | Epoch 31/50 | Loss 0.0856 | Acc 97.30% | Val Loss 0.1288 | Val Acc 95.64% | 27.5s
2026-06-24 17:23:54 | Epoch 32/50 | Loss 0.0840 | Acc 97.50% | Val Loss 0.1211 | Val Acc 95.96% | 27.5s
2026-06-24 17:23:54 |   --> saved best to C:\Users\Admin\Desktop\hai\ConViTX\code ViT_8 block CNN\HybridModel_PlantPathology_Ablation\results\Hybrid_se-se-none_fold3_best.pth
2026-06-24 17:24:21 | Epoch 33/50 | Loss 0.0763 | Acc 97.85% | Val Loss 0.1250 | Val Acc 95.96% | 27.4s
2026-06-24 17:24:49 | Epoch 34/50 | Loss 0.0746 | Acc 97.54% | Val Loss 0.1190 | Val Acc 96.45% | 27.5s
2026-06-24 17:24:49 |   --> saved best to C:\Users\Admin\Desktop\hai\ConViTX\code ViT_8 block CNN\HybridModel_PlantPathology_Ablation\results\Hybrid_se-se-none_fold3_best.pth
2026-06-24 17:25:16 | Epoch 35/50 | Loss 0.0766 | Acc 97.56% | Val Loss 0.1213 | Val Acc 95.88% | 27.5s
2026-06-24 17:25:44 | Epoch 36/50 | Loss 0.0671 | Acc 97.91% | Val Loss 0.1212 | Val Acc 96.12% | 27.5s
2026-06-24 17:26:11 | Epoch 37/50 | Loss 0.0646 | Acc 97.97% | Val Loss 0.1172 | Val Acc 96.37% | 27.4s
2026-06-24 17:26:11 |   --> saved best to C:\Users\Admin\Desktop\hai\ConViTX\code ViT_8 block CNN\HybridModel_PlantPathology_Ablation\results\Hybrid_se-se-none_fold3_best.pth
2026-06-24 17:26:39 | Epoch 38/50 | Loss 0.0675 | Acc 97.87% | Val Loss 0.1220 | Val Acc 95.48% | 27.4s
2026-06-24 17:27:06 | Epoch 39/50 | Loss 0.0696 | Acc 97.75% | Val Loss 0.1191 | Val Acc 96.61% | 27.4s
2026-06-24 17:27:34 | Epoch 40/50 | Loss 0.0682 | Acc 97.83% | Val Loss 0.1177 | Val Acc 96.45% | 27.5s
2026-06-24 17:28:01 | Epoch 41/50 | Loss 0.0614 | Acc 97.99% | Val Loss 0.1212 | Val Acc 96.12% | 27.5s
2026-06-24 17:28:29 | Epoch 42/50 | Loss 0.0575 | Acc 98.15% | Val Loss 0.1201 | Val Acc 96.04% | 27.4s
2026-06-24 17:28:56 | Epoch 43/50 | Loss 0.0523 | Acc 98.48% | Val Loss 0.1354 | Val Acc 95.96% | 27.5s
2026-06-24 17:29:24 | Epoch 44/50 | Loss 0.0572 | Acc 98.21% | Val Loss 0.1281 | Val Acc 95.80% | 27.4s
2026-06-24 17:29:51 | Epoch 45/50 | Loss 0.0520 | Acc 98.52% | Val Loss 0.1097 | Val Acc 96.77% | 27.4s
2026-06-24 17:29:51 |   --> saved best to C:\Users\Admin\Desktop\hai\ConViTX\code ViT_8 block CNN\HybridModel_PlantPathology_Ablation\results\Hybrid_se-se-none_fold3_best.pth
2026-06-24 17:30:19 | Epoch 46/50 | Loss 0.0539 | Acc 98.30% | Val Loss 0.1154 | Val Acc 96.12% | 27.6s
2026-06-24 17:30:46 | Epoch 47/50 | Loss 0.0512 | Acc 98.17% | Val Loss 0.1141 | Val Acc 96.37% | 27.4s
2026-06-24 17:31:13 | Epoch 48/50 | Loss 0.0485 | Acc 98.34% | Val Loss 0.1058 | Val Acc 96.45% | 27.0s
2026-06-24 17:31:13 |   --> saved best to C:\Users\Admin\Desktop\hai\ConViTX\code ViT_8 block CNN\HybridModel_PlantPathology_Ablation\results\Hybrid_se-se-none_fold3_best.pth
2026-06-24 17:31:41 | Epoch 49/50 | Loss 0.0494 | Acc 98.48% | Val Loss 0.1102 | Val Acc 96.77% | 27.5s
2026-06-24 17:32:09 | Epoch 50/50 | Loss 0.0499 | Acc 98.28% | Val Loss 0.1174 | Val Acc 96.20% | 27.6s
2026-06-24 17:32:09 | Finished Hybrid_se-se-none fold 3 in 23.44 min.
2026-06-24 17:32:12 | 
================================================================================
2026-06-24 17:32:12 | TRAINING: Hybrid_secbam-se-secbam | FOLD 3/5
2026-06-24 17:32:12 | ================================================================================
2026-06-24 17:32:12 | [INFO] reduced batch_size=64 for hybrid model to avoid OOM.
2026-06-24 17:33:15 | Epoch 01/50 | Loss 1.2783 | Acc 46.39% | Val Loss 1.1470 | Val Acc 52.10% | 63.3s
2026-06-24 17:33:15 |   --> saved best to C:\Users\Admin\Desktop\hai\ConViTX\code ViT_8 block CNN\HybridModel_PlantPathology_Ablation\results\Hybrid_secbam-se-secbam_fold3_best.pth
2026-06-24 17:33:46 | Epoch 02/50 | Loss 1.0058 | Acc 64.83% | Val Loss 0.7978 | Val Acc 74.88% | 30.4s
2026-06-24 17:33:46 |   --> saved best to C:\Users\Admin\Desktop\hai\ConViTX\code ViT_8 block CNN\HybridModel_PlantPathology_Ablation\results\Hybrid_secbam-se-secbam_fold3_best.pth
2026-06-24 17:34:16 | Epoch 03/50 | Loss 0.6689 | Acc 81.31% | Val Loss 0.5263 | Val Acc 86.43% | 30.5s
2026-06-24 17:34:16 |   --> saved best to C:\Users\Admin\Desktop\hai\ConViTX\code ViT_8 block CNN\HybridModel_PlantPathology_Ablation\results\Hybrid_secbam-se-secbam_fold3_best.pth
2026-06-24 17:34:48 | Epoch 04/50 | Loss 0.4327 | Acc 89.51% | Val Loss 0.3396 | Val Acc 92.57% | 31.4s
2026-06-24 17:34:48 |   --> saved best to C:\Users\Admin\Desktop\hai\ConViTX\code ViT_8 block CNN\HybridModel_PlantPathology_Ablation\results\Hybrid_secbam-se-secbam_fold3_best.pth
2026-06-24 17:35:19 | Epoch 05/50 | Loss 0.2939 | Acc 92.61% | Val Loss 0.2466 | Val Acc 93.30% | 31.3s
2026-06-24 17:35:19 |   --> saved best to C:\Users\Admin\Desktop\hai\ConViTX\code ViT_8 block CNN\HybridModel_PlantPathology_Ablation\results\Hybrid_secbam-se-secbam_fold3_best.pth
2026-06-24 17:35:50 | Epoch 06/50 | Loss 0.2375 | Acc 93.55% | Val Loss 0.1981 | Val Acc 94.10% | 30.2s
2026-06-24 17:35:50 |   --> saved best to C:\Users\Admin\Desktop\hai\ConViTX\code ViT_8 block CNN\HybridModel_PlantPathology_Ablation\results\Hybrid_secbam-se-secbam_fold3_best.pth
2026-06-24 17:36:19 | Epoch 07/50 | Loss 0.1949 | Acc 94.44% | Val Loss 0.1728 | Val Acc 94.75% | 29.5s
2026-06-24 17:36:19 |   --> saved best to C:\Users\Admin\Desktop\hai\ConViTX\code ViT_8 block CNN\HybridModel_PlantPathology_Ablation\results\Hybrid_secbam-se-secbam_fold3_best.pth
2026-06-24 17:36:49 | Epoch 08/50 | Loss 0.1723 | Acc 94.64% | Val Loss 0.1629 | Val Acc 95.15% | 29.9s
2026-06-24 17:36:49 |   --> saved best to C:\Users\Admin\Desktop\hai\ConViTX\code ViT_8 block CNN\HybridModel_PlantPathology_Ablation\results\Hybrid_secbam-se-secbam_fold3_best.pth
2026-06-24 17:37:20 | Epoch 09/50 | Loss 0.1680 | Acc 94.87% | Val Loss 0.1521 | Val Acc 95.40% | 31.2s
2026-06-24 17:37:20 |   --> saved best to C:\Users\Admin\Desktop\hai\ConViTX\code ViT_8 block CNN\HybridModel_PlantPathology_Ablation\results\Hybrid_secbam-se-secbam_fold3_best.pth
2026-06-24 17:37:52 | Epoch 10/50 | Loss 0.1563 | Acc 95.23% | Val Loss 0.1443 | Val Acc 95.40% | 31.2s
2026-06-24 17:37:52 |   --> saved best to C:\Users\Admin\Desktop\hai\ConViTX\code ViT_8 block CNN\HybridModel_PlantPathology_Ablation\results\Hybrid_secbam-se-secbam_fold3_best.pth
2026-06-24 17:38:23 | Epoch 11/50 | Loss 0.1528 | Acc 95.17% | Val Loss 0.1521 | Val Acc 94.99% | 31.2s
2026-06-24 17:38:54 | Epoch 12/50 | Loss 0.1374 | Acc 95.90% | Val Loss 0.1395 | Val Acc 95.48% | 31.2s
2026-06-24 17:38:54 |   --> saved best to C:\Users\Admin\Desktop\hai\ConViTX\code ViT_8 block CNN\HybridModel_PlantPathology_Ablation\results\Hybrid_secbam-se-secbam_fold3_best.pth
2026-06-24 17:39:25 | Epoch 13/50 | Loss 0.1299 | Acc 95.62% | Val Loss 0.1338 | Val Acc 95.80% | 31.1s
2026-06-24 17:39:25 |   --> saved best to C:\Users\Admin\Desktop\hai\ConViTX\code ViT_8 block CNN\HybridModel_PlantPathology_Ablation\results\Hybrid_secbam-se-secbam_fold3_best.pth
2026-06-24 17:39:56 | Epoch 14/50 | Loss 0.1267 | Acc 95.70% | Val Loss 0.1312 | Val Acc 95.88% | 31.1s
2026-06-24 17:39:56 |   --> saved best to C:\Users\Admin\Desktop\hai\ConViTX\code ViT_8 block CNN\HybridModel_PlantPathology_Ablation\results\Hybrid_secbam-se-secbam_fold3_best.pth
2026-06-24 17:40:27 | Epoch 15/50 | Loss 0.1191 | Acc 95.92% | Val Loss 0.1361 | Val Acc 95.80% | 30.9s
2026-06-24 17:40:58 | Epoch 16/50 | Loss 0.1125 | Acc 96.77% | Val Loss 0.1355 | Val Acc 95.32% | 31.0s
2026-06-24 17:41:28 | Epoch 17/50 | Loss 0.1079 | Acc 96.71% | Val Loss 0.1342 | Val Acc 95.64% | 29.7s
2026-06-24 17:41:58 | Epoch 18/50 | Loss 0.1085 | Acc 96.65% | Val Loss 0.1186 | Val Acc 96.12% | 29.5s
2026-06-24 17:41:58 |   --> saved best to C:\Users\Admin\Desktop\hai\ConViTX\code ViT_8 block CNN\HybridModel_PlantPathology_Ablation\results\Hybrid_secbam-se-secbam_fold3_best.pth
2026-06-24 17:42:27 | Epoch 19/50 | Loss 0.1008 | Acc 96.67% | Val Loss 0.1277 | Val Acc 95.96% | 29.5s
2026-06-24 17:42:57 | Epoch 20/50 | Loss 0.1027 | Acc 96.61% | Val Loss 0.1256 | Val Acc 96.28% | 29.4s
2026-06-24 17:43:26 | Epoch 21/50 | Loss 0.0985 | Acc 96.96% | Val Loss 0.1323 | Val Acc 96.20% | 29.4s
2026-06-24 17:43:56 | Epoch 22/50 | Loss 0.0869 | Acc 97.30% | Val Loss 0.1235 | Val Acc 95.88% | 30.0s
2026-06-24 17:44:26 | Epoch 23/50 | Loss 0.0925 | Acc 96.81% | Val Loss 0.1171 | Val Acc 96.04% | 29.6s
2026-06-24 17:44:26 |   --> saved best to C:\Users\Admin\Desktop\hai\ConViTX\code ViT_8 block CNN\HybridModel_PlantPathology_Ablation\results\Hybrid_secbam-se-secbam_fold3_best.pth
2026-06-24 17:44:55 | Epoch 24/50 | Loss 0.0892 | Acc 97.08% | Val Loss 0.1184 | Val Acc 96.28% | 29.5s
2026-06-24 17:45:25 | Epoch 25/50 | Loss 0.0953 | Acc 96.59% | Val Loss 0.1174 | Val Acc 96.12% | 29.3s
2026-06-24 17:45:54 | Epoch 26/50 | Loss 0.0894 | Acc 96.92% | Val Loss 0.1258 | Val Acc 96.28% | 29.3s
2026-06-24 17:46:23 | Epoch 27/50 | Loss 0.0841 | Acc 97.16% | Val Loss 0.1169 | Val Acc 96.37% | 29.5s
2026-06-24 17:46:23 |   --> saved best to C:\Users\Admin\Desktop\hai\ConViTX\code ViT_8 block CNN\HybridModel_PlantPathology_Ablation\results\Hybrid_secbam-se-secbam_fold3_best.pth
2026-06-24 17:46:54 | Epoch 28/50 | Loss 0.0792 | Acc 97.44% | Val Loss 0.1483 | Val Acc 95.64% | 30.5s
2026-06-24 17:47:24 | Epoch 29/50 | Loss 0.0815 | Acc 97.26% | Val Loss 0.1332 | Val Acc 95.96% | 30.0s
2026-06-24 17:47:54 | Epoch 30/50 | Loss 0.0826 | Acc 97.18% | Val Loss 0.1198 | Val Acc 96.53% | 30.0s
2026-06-24 17:48:24 | Epoch 31/50 | Loss 0.0771 | Acc 97.52% | Val Loss 0.1204 | Val Acc 96.04% | 30.1s
2026-06-24 17:48:55 | Epoch 32/50 | Loss 0.0774 | Acc 97.46% | Val Loss 0.1163 | Val Acc 96.04% | 30.0s
2026-06-24 17:48:55 |   --> saved best to C:\Users\Admin\Desktop\hai\ConViTX\code ViT_8 block CNN\HybridModel_PlantPathology_Ablation\results\Hybrid_secbam-se-secbam_fold3_best.pth
2026-06-24 17:49:25 | Epoch 33/50 | Loss 0.0746 | Acc 97.48% | Val Loss 0.1177 | Val Acc 96.28% | 30.2s
2026-06-24 17:49:55 | Epoch 34/50 | Loss 0.0696 | Acc 97.61% | Val Loss 0.1284 | Val Acc 96.28% | 30.0s
2026-06-24 17:50:25 | Epoch 35/50 | Loss 0.0690 | Acc 97.71% | Val Loss 0.1206 | Val Acc 96.28% | 30.0s
2026-06-24 17:50:55 | Epoch 36/50 | Loss 0.0677 | Acc 97.63% | Val Loss 0.1236 | Val Acc 96.28% | 30.2s
2026-06-24 17:51:26 | Epoch 37/50 | Loss 0.0632 | Acc 97.73% | Val Loss 0.1313 | Val Acc 96.28% | 30.1s
2026-06-24 17:51:56 | Epoch 38/50 | Loss 0.0670 | Acc 97.56% | Val Loss 0.1160 | Val Acc 96.45% | 30.0s
2026-06-24 17:51:56 |   --> saved best to C:\Users\Admin\Desktop\hai\ConViTX\code ViT_8 block CNN\HybridModel_PlantPathology_Ablation\results\Hybrid_secbam-se-secbam_fold3_best.pth
2026-06-24 17:52:26 | Epoch 39/50 | Loss 0.0661 | Acc 97.93% | Val Loss 0.1123 | Val Acc 96.37% | 30.1s
2026-06-24 17:52:26 |   --> saved best to C:\Users\Admin\Desktop\hai\ConViTX\code ViT_8 block CNN\HybridModel_PlantPathology_Ablation\results\Hybrid_secbam-se-secbam_fold3_best.pth
2026-06-24 17:52:56 | Epoch 40/50 | Loss 0.0707 | Acc 97.56% | Val Loss 0.1163 | Val Acc 96.37% | 30.0s
2026-06-24 17:53:26 | Epoch 41/50 | Loss 0.0608 | Acc 97.79% | Val Loss 0.1224 | Val Acc 96.12% | 30.0s
2026-06-24 17:53:56 | Epoch 42/50 | Loss 0.0606 | Acc 97.95% | Val Loss 0.1170 | Val Acc 96.28% | 30.0s
2026-06-24 17:54:26 | Epoch 43/50 | Loss 0.0543 | Acc 98.23% | Val Loss 0.1388 | Val Acc 96.04% | 30.2s
2026-06-24 17:54:57 | Epoch 44/50 | Loss 0.0567 | Acc 98.07% | Val Loss 0.1355 | Val Acc 95.72% | 30.1s
2026-06-24 17:55:27 | Epoch 45/50 | Loss 0.0540 | Acc 98.15% | Val Loss 0.1299 | Val Acc 96.04% | 30.1s
2026-06-24 17:55:57 | Epoch 46/50 | Loss 0.0517 | Acc 98.15% | Val Loss 0.1168 | Val Acc 96.20% | 30.3s
2026-06-24 17:56:27 | Epoch 47/50 | Loss 0.0512 | Acc 98.15% | Val Loss 0.1151 | Val Acc 96.04% | 30.2s
2026-06-24 17:56:58 | Epoch 48/50 | Loss 0.0524 | Acc 98.28% | Val Loss 0.1081 | Val Acc 96.12% | 30.0s
2026-06-24 17:56:58 |   --> saved best to C:\Users\Admin\Desktop\hai\ConViTX\code ViT_8 block CNN\HybridModel_PlantPathology_Ablation\results\Hybrid_secbam-se-secbam_fold3_best.pth
2026-06-24 17:57:28 | Epoch 49/50 | Loss 0.0511 | Acc 98.01% | Val Loss 0.1223 | Val Acc 96.12% | 30.1s
2026-06-24 17:57:58 | Epoch 50/50 | Loss 0.0512 | Acc 98.09% | Val Loss 0.1436 | Val Acc 95.96% | 30.1s
2026-06-24 17:57:58 | Finished Hybrid_secbam-se-secbam fold 3 in 25.77 min.
2026-06-24 17:58:03 | 
================================================================================
2026-06-24 17:58:03 | TRAINING: Hybrid_se-secbam-secbam | FOLD 3/5
2026-06-24 17:58:03 | ================================================================================
2026-06-24 17:58:03 | [INFO] reduced batch_size=64 for hybrid model to avoid OOM.
2026-06-24 17:59:05 | Epoch 01/50 | Loss 1.2481 | Acc 49.66% | Val Loss 1.0496 | Val Acc 58.16% | 62.5s
2026-06-24 17:59:05 |   --> saved best to C:\Users\Admin\Desktop\hai\ConViTX\code ViT_8 block CNN\HybridModel_PlantPathology_Ablation\results\Hybrid_se-secbam-secbam_fold3_best.pth
2026-06-24 17:59:34 | Epoch 02/50 | Loss 0.9081 | Acc 75.32% | Val Loss 0.7241 | Val Acc 79.97% | 28.3s
2026-06-24 17:59:34 |   --> saved best to C:\Users\Admin\Desktop\hai\ConViTX\code ViT_8 block CNN\HybridModel_PlantPathology_Ablation\results\Hybrid_se-secbam-secbam_fold3_best.pth
2026-06-24 18:00:02 | Epoch 03/50 | Loss 0.6267 | Acc 85.23% | Val Loss 0.5030 | Val Acc 88.21% | 28.4s
2026-06-24 18:00:02 |   --> saved best to C:\Users\Admin\Desktop\hai\ConViTX\code ViT_8 block CNN\HybridModel_PlantPathology_Ablation\results\Hybrid_se-secbam-secbam_fold3_best.pth
2026-06-24 18:00:30 | Epoch 04/50 | Loss 0.4559 | Acc 89.47% | Val Loss 0.3917 | Val Acc 90.71% | 27.9s
2026-06-24 18:00:30 |   --> saved best to C:\Users\Admin\Desktop\hai\ConViTX\code ViT_8 block CNN\HybridModel_PlantPathology_Ablation\results\Hybrid_se-secbam-secbam_fold3_best.pth
2026-06-24 18:00:58 | Epoch 05/50 | Loss 0.3519 | Acc 91.19% | Val Loss 0.3006 | Val Acc 92.57% | 27.8s
2026-06-24 18:00:58 |   --> saved best to C:\Users\Admin\Desktop\hai\ConViTX\code ViT_8 block CNN\HybridModel_PlantPathology_Ablation\results\Hybrid_se-secbam-secbam_fold3_best.pth
2026-06-24 18:01:26 | Epoch 06/50 | Loss 0.2891 | Acc 92.45% | Val Loss 0.2533 | Val Acc 93.38% | 28.2s
2026-06-24 18:01:26 |   --> saved best to C:\Users\Admin\Desktop\hai\ConViTX\code ViT_8 block CNN\HybridModel_PlantPathology_Ablation\results\Hybrid_se-secbam-secbam_fold3_best.pth
2026-06-24 18:01:55 | Epoch 07/50 | Loss 0.2451 | Acc 93.18% | Val Loss 0.2100 | Val Acc 94.51% | 28.5s
2026-06-24 18:01:55 |   --> saved best to C:\Users\Admin\Desktop\hai\ConViTX\code ViT_8 block CNN\HybridModel_PlantPathology_Ablation\results\Hybrid_se-secbam-secbam_fold3_best.pth
2026-06-24 18:02:23 | Epoch 08/50 | Loss 0.2102 | Acc 94.09% | Val Loss 0.1962 | Val Acc 94.51% | 28.1s
2026-06-24 18:02:23 |   --> saved best to C:\Users\Admin\Desktop\hai\ConViTX\code ViT_8 block CNN\HybridModel_PlantPathology_Ablation\results\Hybrid_se-secbam-secbam_fold3_best.pth
2026-06-24 18:02:52 | Epoch 09/50 | Loss 0.1979 | Acc 94.01% | Val Loss 0.1845 | Val Acc 94.91% | 28.6s
2026-06-24 18:02:52 |   --> saved best to C:\Users\Admin\Desktop\hai\ConViTX\code ViT_8 block CNN\HybridModel_PlantPathology_Ablation\results\Hybrid_se-secbam-secbam_fold3_best.pth
2026-06-24 18:03:21 | Epoch 10/50 | Loss 0.1795 | Acc 94.68% | Val Loss 0.1771 | Val Acc 94.35% | 28.8s
2026-06-24 18:03:21 |   --> saved best to C:\Users\Admin\Desktop\hai\ConViTX\code ViT_8 block CNN\HybridModel_PlantPathology_Ablation\results\Hybrid_se-secbam-secbam_fold3_best.pth
2026-06-24 18:03:49 | Epoch 11/50 | Loss 0.1694 | Acc 95.17% | Val Loss 0.1672 | Val Acc 94.43% | 28.1s
2026-06-24 18:03:49 |   --> saved best to C:\Users\Admin\Desktop\hai\ConViTX\code ViT_8 block CNN\HybridModel_PlantPathology_Ablation\results\Hybrid_se-secbam-secbam_fold3_best.pth
2026-06-24 18:04:17 | Epoch 12/50 | Loss 0.1517 | Acc 94.95% | Val Loss 0.1678 | Val Acc 94.75% | 28.6s
2026-06-24 18:04:45 | Epoch 13/50 | Loss 0.1456 | Acc 95.13% | Val Loss 0.1514 | Val Acc 94.91% | 27.9s
2026-06-24 18:04:45 |   --> saved best to C:\Users\Admin\Desktop\hai\ConViTX\code ViT_8 block CNN\HybridModel_PlantPathology_Ablation\results\Hybrid_se-secbam-secbam_fold3_best.pth
2026-06-24 18:05:14 | Epoch 14/50 | Loss 0.1348 | Acc 95.54% | Val Loss 0.1474 | Val Acc 95.40% | 28.1s
2026-06-24 18:05:14 |   --> saved best to C:\Users\Admin\Desktop\hai\ConViTX\code ViT_8 block CNN\HybridModel_PlantPathology_Ablation\results\Hybrid_se-secbam-secbam_fold3_best.pth
2026-06-24 18:05:42 | Epoch 15/50 | Loss 0.1278 | Acc 95.78% | Val Loss 0.1414 | Val Acc 95.72% | 28.0s
2026-06-24 18:05:42 |   --> saved best to C:\Users\Admin\Desktop\hai\ConViTX\code ViT_8 block CNN\HybridModel_PlantPathology_Ablation\results\Hybrid_se-secbam-secbam_fold3_best.pth
2026-06-24 18:06:10 | Epoch 16/50 | Loss 0.1157 | Acc 96.06% | Val Loss 0.1493 | Val Acc 95.40% | 27.9s
2026-06-24 18:06:39 | Epoch 17/50 | Loss 0.1156 | Acc 96.45% | Val Loss 0.1392 | Val Acc 95.48% | 29.5s
2026-06-24 18:06:39 |   --> saved best to C:\Users\Admin\Desktop\hai\ConViTX\code ViT_8 block CNN\HybridModel_PlantPathology_Ablation\results\Hybrid_se-secbam-secbam_fold3_best.pth
2026-06-24 18:07:10 | Epoch 18/50 | Loss 0.1104 | Acc 96.41% | Val Loss 0.1272 | Val Acc 95.48% | 30.4s
2026-06-24 18:07:10 |   --> saved best to C:\Users\Admin\Desktop\hai\ConViTX\code ViT_8 block CNN\HybridModel_PlantPathology_Ablation\results\Hybrid_se-secbam-secbam_fold3_best.pth
2026-06-24 18:07:39 | Epoch 19/50 | Loss 0.0996 | Acc 96.65% | Val Loss 0.1265 | Val Acc 96.04% | 29.0s
2026-06-24 18:07:39 |   --> saved best to C:\Users\Admin\Desktop\hai\ConViTX\code ViT_8 block CNN\HybridModel_PlantPathology_Ablation\results\Hybrid_se-secbam-secbam_fold3_best.pth
2026-06-24 18:08:07 | Epoch 20/50 | Loss 0.1009 | Acc 96.90% | Val Loss 0.1371 | Val Acc 95.23% | 28.1s
2026-06-24 18:08:35 | Epoch 21/50 | Loss 0.0991 | Acc 96.92% | Val Loss 0.1216 | Val Acc 96.04% | 28.1s
2026-06-24 18:08:35 |   --> saved best to C:\Users\Admin\Desktop\hai\ConViTX\code ViT_8 block CNN\HybridModel_PlantPathology_Ablation\results\Hybrid_se-secbam-secbam_fold3_best.pth
2026-06-24 18:09:03 | Epoch 22/50 | Loss 0.0903 | Acc 96.85% | Val Loss 0.1318 | Val Acc 96.04% | 28.1s
2026-06-24 18:09:31 | Epoch 23/50 | Loss 0.0896 | Acc 97.30% | Val Loss 0.1143 | Val Acc 95.88% | 28.1s
2026-06-24 18:09:31 |   --> saved best to C:\Users\Admin\Desktop\hai\ConViTX\code ViT_8 block CNN\HybridModel_PlantPathology_Ablation\results\Hybrid_se-secbam-secbam_fold3_best.pth
2026-06-24 18:09:59 | Epoch 24/50 | Loss 0.0867 | Acc 97.24% | Val Loss 0.1235 | Val Acc 96.37% | 28.0s
2026-06-24 18:10:27 | Epoch 25/50 | Loss 0.0871 | Acc 97.26% | Val Loss 0.1291 | Val Acc 95.56% | 28.0s
2026-06-24 18:10:55 | Epoch 26/50 | Loss 0.0849 | Acc 97.50% | Val Loss 0.1146 | Val Acc 96.20% | 28.0s
2026-06-24 18:11:24 | Epoch 27/50 | Loss 0.0769 | Acc 97.71% | Val Loss 0.1197 | Val Acc 96.20% | 28.1s
2026-06-24 18:11:52 | Epoch 28/50 | Loss 0.0748 | Acc 97.67% | Val Loss 0.1306 | Val Acc 96.28% | 28.3s
2026-06-24 18:12:20 | Epoch 29/50 | Loss 0.0782 | Acc 97.20% | Val Loss 0.1291 | Val Acc 96.12% | 27.9s
2026-06-24 18:12:48 | Epoch 30/50 | Loss 0.0755 | Acc 97.56% | Val Loss 0.1259 | Val Acc 96.28% | 27.9s
2026-06-24 18:13:16 | Epoch 31/50 | Loss 0.0701 | Acc 97.77% | Val Loss 0.1212 | Val Acc 96.20% | 27.9s
2026-06-24 18:13:44 | Epoch 32/50 | Loss 0.0765 | Acc 97.34% | Val Loss 0.1154 | Val Acc 96.37% | 28.0s
2026-06-24 18:14:12 | Epoch 33/50 | Loss 0.0659 | Acc 97.91% | Val Loss 0.1323 | Val Acc 96.20% | 28.2s
2026-06-24 18:14:40 | Epoch 34/50 | Loss 0.0628 | Acc 97.97% | Val Loss 0.1232 | Val Acc 96.61% | 28.0s
2026-06-24 18:15:08 | Epoch 35/50 | Loss 0.0640 | Acc 97.91% | Val Loss 0.1146 | Val Acc 96.37% | 27.9s
2026-06-24 18:15:36 | Epoch 36/50 | Loss 0.0566 | Acc 98.28% | Val Loss 0.1250 | Val Acc 96.20% | 28.0s
2026-06-24 18:16:04 | Epoch 37/50 | Loss 0.0556 | Acc 98.05% | Val Loss 0.1173 | Val Acc 96.37% | 27.9s
2026-06-24 18:16:32 | Epoch 38/50 | Loss 0.0580 | Acc 98.15% | Val Loss 0.1164 | Val Acc 96.12% | 28.0s
2026-06-24 18:16:32 | Early stopping at epoch 38.
2026-06-24 18:16:32 | Finished Hybrid_se-secbam-secbam fold 3 in 18.49 min.
2026-06-24 18:16:36 | 
================================================================================
2026-06-24 18:16:36 | ABLATION SUMMARY (AXIS 1) — folds run: [3]
2026-06-24 18:16:36 | ================================================================================
2026-06-24 18:16:36 | 
|                             |   Params (M) |   n_folds | Accuracy       | Precision      | Recall         | F1-Score       | Kappa           | AUC             | Train Time (min)   |
|:----------------------------|-------------:|----------:|:---------------|:---------------|:---------------|:---------------|:----------------|:----------------|:-------------------|
| Hybrid_none-none-none       |        0.319 |         1 | 95.80% ± 0.00% | 86.92% ± 0.00% | 86.70% ± 0.00% | 86.81% ± 0.00% | 0.9378 ± 0.0000 | 0.9891 ± 0.0000 | 34.23 ± 0.00       |
| Hybrid_se-se-se             |        0.329 |         1 | 96.12% ± 0.00% | 89.37% ± 0.00% | 86.46% ± 0.00% | 87.73% ± 0.00% | 0.9424 ± 0.0000 | 0.9928 ± 0.0000 | 33.28 ± 0.00       |
| Hybrid_se-se-secbam         |        0.331 |         1 | 96.93% ± 0.00% | 92.39% ± 0.00% | 88.25% ± 0.00% | 89.99% ± 0.00% | 0.9544 ± 0.0000 | 0.9918 ± 0.0000 | 31.33 ± 0.00       |
| Hybrid_secbam-secbam-secbam |        0.332 |         1 | 96.61% ± 0.00% | 90.65% ± 0.00% | 88.99% ± 0.00% | 89.77% ± 0.00% | 0.9497 ± 0.0000 | 0.9909 ± 0.0000 | 22.12 ± 0.00       |
| Hybrid_none-none-se         |        0.327 |         1 | 96.69% ± 0.00% | 92.24% ± 0.00% | 88.05% ± 0.00% | 89.81% ± 0.00% | 0.9508 ± 0.0000 | 0.9906 ± 0.0000 | 23.46 ± 0.00       |
| Hybrid_none-none-secbam     |        0.33  |         1 | 96.61% ± 0.00% | 89.24% ± 0.00% | 88.48% ± 0.00% | 88.85% ± 0.00% | 0.9498 ± 0.0000 | 0.9916 ± 0.0000 | 24.37 ± 0.00       |
| Hybrid_se-se-none           |        0.321 |         1 | 96.45% ± 0.00% | 89.10% ± 0.00% | 88.86% ± 0.00% | 88.97% ± 0.00% | 0.9474 ± 0.0000 | 0.9905 ± 0.0000 | 23.44 ± 0.00       |
| Hybrid_secbam-se-secbam     |        0.332 |         1 | 96.12% ± 0.00% | 88.76% ± 0.00% | 85.41% ± 0.00% | 86.80% ± 0.00% | 0.9424 ± 0.0000 | 0.9925 ± 0.0000 | 25.77 ± 0.00       |
| Hybrid_se-secbam-secbam     |        0.332 |         1 | 95.88% ± 0.00% | 87.93% ± 0.00% | 84.15% ± 0.00% | 85.65% ± 0.00% | 0.9388 ± 0.0000 | 0.9879 ± 0.0000 | 18.49 ± 0.00       |

2026-06-24 18:16:36 | Saved summary JSON to: C:\Users\Admin\Desktop\hai\ConViTX\code ViT_8 block CNN\HybridModel_PlantPathology_Ablation\results\ablation_kfold_results.json
2026-06-24 18:19:14 | Log file initialized at: C:\Users\Admin\Desktop\hai\ConViTX\code ViT_8 block CNN\HybridModel_PlantPathology_Ablation\results\ablation_training.log
2026-06-24 18:19:14 | AXIS=1 | Folds to run: [1, 2, 3, 4, 5] (of 5) | Seed=42
2026-06-24 18:19:14 | Configs (1): Hybrid_se-se-secbam
2026-06-24 18:19:14 | Hyperparams: epochs=50, batch=128, lr=0.0001, patience=15, AMP/FP16
2026-06-24 18:19:14 | Resume: tìm thấy progress C:\Users\Admin\Desktop\hai\ConViTX\code ViT_8 block CNN\HybridModel_PlantPathology_Ablation\results\ablation_kfold_progress.json | 9 run đã xong trong chiến dịch này
2026-06-24 18:19:14 | Using device: cuda
2026-06-24 18:19:14 | Dataset loaded. 6192 samples, 4 classes: ['healthy', 'multiple_diseases', 'rust', 'scab']
2026-06-24 18:19:15 |   [params] Hybrid_se-se-secbam                = 0.331 M
2026-06-24 18:19:15 | 
================================================================================
2026-06-24 18:19:15 | TRAINING: Hybrid_se-se-secbam | FOLD 1/5
2026-06-24 18:19:15 | ================================================================================
2026-06-24 18:19:15 | [INFO] reduced batch_size=64 for hybrid model to avoid OOM.
2026-06-24 18:20:33 | Epoch 01/50 | Loss 1.2824 | Acc 37.07% | Val Loss 1.1240 | Val Acc 51.74% | 78.1s
2026-06-24 18:20:33 |   --> saved best to C:\Users\Admin\Desktop\hai\ConViTX\code ViT_8 block CNN\HybridModel_PlantPathology_Ablation\results\Hybrid_se-se-secbam_fold1_best.pth
2026-06-24 18:20:49 | Epoch 02/50 | Loss 0.9747 | Acc 66.27% | Val Loss 0.7902 | Val Acc 75.46% | 16.0s
2026-06-24 18:20:49 |   --> saved best to C:\Users\Admin\Desktop\hai\ConViTX\code ViT_8 block CNN\HybridModel_PlantPathology_Ablation\results\Hybrid_se-se-secbam_fold1_best.pth
2026-06-24 18:21:05 | Epoch 03/50 | Loss 0.6817 | Acc 84.66% | Val Loss 0.5441 | Val Acc 84.58% | 15.8s
2026-06-24 18:21:05 |   --> saved best to C:\Users\Admin\Desktop\hai\ConViTX\code ViT_8 block CNN\HybridModel_PlantPathology_Ablation\results\Hybrid_se-se-secbam_fold1_best.pth
2026-06-24 18:21:20 | Epoch 04/50 | Loss 0.4815 | Acc 88.56% | Val Loss 0.3998 | Val Acc 89.99% | 15.5s
2026-06-24 18:21:20 |   --> saved best to C:\Users\Admin\Desktop\hai\ConViTX\code ViT_8 block CNN\HybridModel_PlantPathology_Ablation\results\Hybrid_se-se-secbam_fold1_best.pth
2026-06-24 18:21:36 | Epoch 05/50 | Loss 0.3721 | Acc 91.07% | Val Loss 0.3102 | Val Acc 92.01% | 15.6s
2026-06-24 18:21:36 |   --> saved best to C:\Users\Admin\Desktop\hai\ConViTX\code ViT_8 block CNN\HybridModel_PlantPathology_Ablation\results\Hybrid_se-se-secbam_fold1_best.pth
2026-06-24 18:21:52 | Epoch 06/50 | Loss 0.3109 | Acc 92.09% | Val Loss 0.2707 | Val Acc 92.33% | 15.6s
2026-06-24 18:21:52 |   --> saved best to C:\Users\Admin\Desktop\hai\ConViTX\code ViT_8 block CNN\HybridModel_PlantPathology_Ablation\results\Hybrid_se-se-secbam_fold1_best.pth
2026-06-24 18:22:07 | Epoch 07/50 | Loss 0.2549 | Acc 93.26% | Val Loss 0.2279 | Val Acc 93.30% | 15.6s
2026-06-24 18:22:07 |   --> saved best to C:\Users\Admin\Desktop\hai\ConViTX\code ViT_8 block CNN\HybridModel_PlantPathology_Ablation\results\Hybrid_se-se-secbam_fold1_best.pth
2026-06-24 18:22:23 | Epoch 08/50 | Loss 0.2098 | Acc 94.09% | Val Loss 0.2046 | Val Acc 93.87% | 15.5s
2026-06-24 18:22:23 |   --> saved best to C:\Users\Admin\Desktop\hai\ConViTX\code ViT_8 block CNN\HybridModel_PlantPathology_Ablation\results\Hybrid_se-se-secbam_fold1_best.pth
2026-06-24 18:22:39 | Epoch 09/50 | Loss 0.1888 | Acc 94.74% | Val Loss 0.1952 | Val Acc 93.87% | 16.1s
2026-06-24 18:22:39 |   --> saved best to C:\Users\Admin\Desktop\hai\ConViTX\code ViT_8 block CNN\HybridModel_PlantPathology_Ablation\results\Hybrid_se-se-secbam_fold1_best.pth
2026-06-24 18:22:55 | Epoch 10/50 | Loss 0.1688 | Acc 94.89% | Val Loss 0.1783 | Val Acc 93.95% | 16.3s
2026-06-24 18:22:55 |   --> saved best to C:\Users\Admin\Desktop\hai\ConViTX\code ViT_8 block CNN\HybridModel_PlantPathology_Ablation\results\Hybrid_se-se-secbam_fold1_best.pth
2026-06-24 18:23:11 | Epoch 11/50 | Loss 0.1523 | Acc 95.17% | Val Loss 0.1725 | Val Acc 94.27% | 15.8s
2026-06-24 18:23:11 |   --> saved best to C:\Users\Admin\Desktop\hai\ConViTX\code ViT_8 block CNN\HybridModel_PlantPathology_Ablation\results\Hybrid_se-se-secbam_fold1_best.pth
2026-06-24 18:23:27 | Epoch 12/50 | Loss 0.1455 | Acc 95.62% | Val Loss 0.1584 | Val Acc 94.83% | 15.8s
2026-06-24 18:23:27 |   --> saved best to C:\Users\Admin\Desktop\hai\ConViTX\code ViT_8 block CNN\HybridModel_PlantPathology_Ablation\results\Hybrid_se-se-secbam_fold1_best.pth
2026-06-24 18:23:43 | Epoch 13/50 | Loss 0.1339 | Acc 95.68% | Val Loss 0.1587 | Val Acc 94.75% | 15.8s
2026-06-24 18:23:59 | Epoch 14/50 | Loss 0.1304 | Acc 95.76% | Val Loss 0.1495 | Val Acc 94.67% | 15.8s
2026-06-24 18:23:59 |   --> saved best to C:\Users\Admin\Desktop\hai\ConViTX\code ViT_8 block CNN\HybridModel_PlantPathology_Ablation\results\Hybrid_se-se-secbam_fold1_best.pth
2026-06-24 18:24:15 | Epoch 15/50 | Loss 0.1194 | Acc 96.27% | Val Loss 0.1447 | Val Acc 95.16% | 15.8s
2026-06-24 18:24:15 |   --> saved best to C:\Users\Admin\Desktop\hai\ConViTX\code ViT_8 block CNN\HybridModel_PlantPathology_Ablation\results\Hybrid_se-se-secbam_fold1_best.pth
2026-06-24 18:24:31 | Epoch 16/50 | Loss 0.1131 | Acc 96.39% | Val Loss 0.1376 | Val Acc 95.24% | 16.2s
2026-06-24 18:24:31 |   --> saved best to C:\Users\Admin\Desktop\hai\ConViTX\code ViT_8 block CNN\HybridModel_PlantPathology_Ablation\results\Hybrid_se-se-secbam_fold1_best.pth
2026-06-24 18:24:48 | Epoch 17/50 | Loss 0.1063 | Acc 96.35% | Val Loss 0.1363 | Val Acc 95.24% | 17.1s
2026-06-24 18:24:48 |   --> saved best to C:\Users\Admin\Desktop\hai\ConViTX\code ViT_8 block CNN\HybridModel_PlantPathology_Ablation\results\Hybrid_se-se-secbam_fold1_best.pth
2026-06-24 18:25:05 | Epoch 18/50 | Loss 0.1049 | Acc 96.59% | Val Loss 0.1384 | Val Acc 95.08% | 17.1s
2026-06-24 18:25:22 | Epoch 19/50 | Loss 0.1004 | Acc 96.67% | Val Loss 0.1353 | Val Acc 95.48% | 17.1s
2026-06-24 18:25:23 |   --> saved best to C:\Users\Admin\Desktop\hai\ConViTX\code ViT_8 block CNN\HybridModel_PlantPathology_Ablation\results\Hybrid_se-se-secbam_fold1_best.pth
2026-06-24 18:25:40 | Epoch 20/50 | Loss 0.1030 | Acc 96.69% | Val Loss 0.1315 | Val Acc 95.56% | 17.0s
2026-06-24 18:25:40 |   --> saved best to C:\Users\Admin\Desktop\hai\ConViTX\code ViT_8 block CNN\HybridModel_PlantPathology_Ablation\results\Hybrid_se-se-secbam_fold1_best.pth
2026-06-24 18:25:57 | Epoch 21/50 | Loss 0.0903 | Acc 97.08% | Val Loss 0.1277 | Val Acc 95.48% | 17.1s
2026-06-24 18:25:57 |   --> saved best to C:\Users\Admin\Desktop\hai\ConViTX\code ViT_8 block CNN\HybridModel_PlantPathology_Ablation\results\Hybrid_se-se-secbam_fold1_best.pth
2026-06-24 18:26:13 | Epoch 22/50 | Loss 0.0872 | Acc 96.98% | Val Loss 0.1279 | Val Acc 95.32% | 16.4s
2026-06-24 18:26:29 | Epoch 23/50 | Loss 0.0887 | Acc 97.08% | Val Loss 0.1276 | Val Acc 95.48% | 15.8s
2026-06-24 18:26:29 |   --> saved best to C:\Users\Admin\Desktop\hai\ConViTX\code ViT_8 block CNN\HybridModel_PlantPathology_Ablation\results\Hybrid_se-se-secbam_fold1_best.pth
2026-06-24 18:26:45 | Epoch 24/50 | Loss 0.0794 | Acc 97.44% | Val Loss 0.1228 | Val Acc 95.08% | 15.8s
2026-06-24 18:26:45 |   --> saved best to C:\Users\Admin\Desktop\hai\ConViTX\code ViT_8 block CNN\HybridModel_PlantPathology_Ablation\results\Hybrid_se-se-secbam_fold1_best.pth
2026-06-24 18:27:01 | Epoch 25/50 | Loss 0.0814 | Acc 97.32% | Val Loss 0.1139 | Val Acc 95.96% | 15.7s
2026-06-24 18:27:01 |   --> saved best to C:\Users\Admin\Desktop\hai\ConViTX\code ViT_8 block CNN\HybridModel_PlantPathology_Ablation\results\Hybrid_se-se-secbam_fold1_best.pth
2026-06-24 18:27:17 | Epoch 26/50 | Loss 0.0751 | Acc 97.54% | Val Loss 0.1118 | Val Acc 96.05% | 16.0s
2026-06-24 18:27:17 |   --> saved best to C:\Users\Admin\Desktop\hai\ConViTX\code ViT_8 block CNN\HybridModel_PlantPathology_Ablation\results\Hybrid_se-se-secbam_fold1_best.pth
2026-06-24 18:27:34 | Epoch 27/50 | Loss 0.0739 | Acc 97.63% | Val Loss 0.1277 | Val Acc 95.64% | 16.5s
2026-06-24 18:27:50 | Epoch 28/50 | Loss 0.0725 | Acc 97.59% | Val Loss 0.1130 | Val Acc 95.80% | 16.0s
2026-06-24 18:28:06 | Epoch 29/50 | Loss 0.0708 | Acc 97.48% | Val Loss 0.1132 | Val Acc 96.05% | 15.8s
2026-06-24 18:28:21 | Epoch 30/50 | Loss 0.0711 | Acc 97.56% | Val Loss 0.1130 | Val Acc 95.88% | 15.8s
2026-06-24 18:28:37 | Epoch 31/50 | Loss 0.0690 | Acc 97.81% | Val Loss 0.1138 | Val Acc 96.13% | 15.7s
2026-06-24 18:28:53 | Epoch 32/50 | Loss 0.0620 | Acc 98.15% | Val Loss 0.1100 | Val Acc 95.96% | 15.7s
2026-06-24 18:28:53 |   --> saved best to C:\Users\Admin\Desktop\hai\ConViTX\code ViT_8 block CNN\HybridModel_PlantPathology_Ablation\results\Hybrid_se-se-secbam_fold1_best.pth
2026-06-24 18:29:09 | Epoch 33/50 | Loss 0.0609 | Acc 97.95% | Val Loss 0.1182 | Val Acc 95.88% | 16.1s
2026-06-24 18:29:26 | Epoch 34/50 | Loss 0.0559 | Acc 98.17% | Val Loss 0.1150 | Val Acc 96.21% | 16.6s
2026-06-24 18:29:43 | Epoch 35/50 | Loss 0.0565 | Acc 98.09% | Val Loss 0.1107 | Val Acc 95.88% | 16.9s
2026-06-24 18:30:00 | Epoch 36/50 | Loss 0.0569 | Acc 98.11% | Val Loss 0.1183 | Val Acc 95.88% | 17.2s
2026-06-24 18:30:17 | Epoch 37/50 | Loss 0.0527 | Acc 98.40% | Val Loss 0.1175 | Val Acc 96.29% | 16.8s
2026-06-24 18:30:34 | Epoch 38/50 | Loss 0.0519 | Acc 98.25% | Val Loss 0.1135 | Val Acc 96.29% | 17.1s
2026-06-24 18:30:51 | Epoch 39/50 | Loss 0.0506 | Acc 98.34% | Val Loss 0.1137 | Val Acc 96.05% | 17.0s
2026-06-24 18:31:08 | Epoch 40/50 | Loss 0.0487 | Acc 98.54% | Val Loss 0.1225 | Val Acc 96.29% | 16.8s
2026-06-24 18:31:25 | Epoch 41/50 | Loss 0.0476 | Acc 98.36% | Val Loss 0.1041 | Val Acc 96.77% | 16.9s
2026-06-24 18:31:25 |   --> saved best to C:\Users\Admin\Desktop\hai\ConViTX\code ViT_8 block CNN\HybridModel_PlantPathology_Ablation\results\Hybrid_se-se-secbam_fold1_best.pth
2026-06-24 18:31:42 | Epoch 42/50 | Loss 0.0440 | Acc 98.64% | Val Loss 0.1221 | Val Acc 95.88% | 16.9s
2026-06-24 18:31:59 | Epoch 43/50 | Loss 0.0431 | Acc 98.70% | Val Loss 0.1182 | Val Acc 95.96% | 17.0s
2026-06-24 18:32:16 | Epoch 44/50 | Loss 0.0436 | Acc 98.46% | Val Loss 0.1086 | Val Acc 95.96% | 16.9s
2026-06-24 18:32:33 | Epoch 45/50 | Loss 0.0453 | Acc 98.52% | Val Loss 0.1121 | Val Acc 96.21% | 16.9s
2026-06-24 18:32:50 | Epoch 46/50 | Loss 0.0398 | Acc 98.68% | Val Loss 0.1112 | Val Acc 96.05% | 16.8s
2026-06-24 18:33:07 | Epoch 47/50 | Loss 0.0377 | Acc 98.82% | Val Loss 0.1142 | Val Acc 96.61% | 16.9s
2026-06-24 18:33:24 | Epoch 48/50 | Loss 0.0485 | Acc 98.48% | Val Loss 0.1027 | Val Acc 96.29% | 16.8s
2026-06-24 18:33:24 |   --> saved best to C:\Users\Admin\Desktop\hai\ConViTX\code ViT_8 block CNN\HybridModel_PlantPathology_Ablation\results\Hybrid_se-se-secbam_fold1_best.pth
2026-06-24 18:33:41 | Epoch 49/50 | Loss 0.0375 | Acc 98.70% | Val Loss 0.1078 | Val Acc 96.45% | 16.9s
2026-06-24 18:33:58 | Epoch 50/50 | Loss 0.0382 | Acc 98.68% | Val Loss 0.1179 | Val Acc 96.53% | 16.8s
2026-06-24 18:33:58 | Finished Hybrid_se-se-secbam fold 1 in 14.73 min.
2026-06-24 18:34:04 | 
================================================================================
2026-06-24 18:34:04 | TRAINING: Hybrid_se-se-secbam | FOLD 2/5
2026-06-24 18:34:04 | ================================================================================
2026-06-24 18:34:04 | [INFO] reduced batch_size=64 for hybrid model to avoid OOM.
2026-06-24 18:35:10 | Epoch 01/50 | Loss 1.2737 | Acc 36.49% | Val Loss 1.0828 | Val Acc 53.91% | 65.9s
2026-06-24 18:35:10 |   --> saved best to C:\Users\Admin\Desktop\hai\ConViTX\code ViT_8 block CNN\HybridModel_PlantPathology_Ablation\results\Hybrid_se-se-secbam_fold2_best.pth
2026-06-24 18:35:39 | Epoch 02/50 | Loss 0.9671 | Acc 66.80% | Val Loss 0.7669 | Val Acc 74.33% | 29.5s
2026-06-24 18:35:39 |   --> saved best to C:\Users\Admin\Desktop\hai\ConViTX\code ViT_8 block CNN\HybridModel_PlantPathology_Ablation\results\Hybrid_se-se-secbam_fold2_best.pth
2026-06-24 18:36:09 | Epoch 03/50 | Loss 0.6993 | Acc 82.26% | Val Loss 0.5408 | Val Acc 85.31% | 29.8s
2026-06-24 18:36:09 |   --> saved best to C:\Users\Admin\Desktop\hai\ConViTX\code ViT_8 block CNN\HybridModel_PlantPathology_Ablation\results\Hybrid_se-se-secbam_fold2_best.pth
2026-06-24 18:36:38 | Epoch 04/50 | Loss 0.5012 | Acc 87.84% | Val Loss 0.3941 | Val Acc 90.48% | 29.1s
2026-06-24 18:36:38 |   --> saved best to C:\Users\Admin\Desktop\hai\ConViTX\code ViT_8 block CNN\HybridModel_PlantPathology_Ablation\results\Hybrid_se-se-secbam_fold2_best.pth
2026-06-24 18:37:08 | Epoch 05/50 | Loss 0.3867 | Acc 90.62% | Val Loss 0.3169 | Val Acc 92.49% | 29.0s
2026-06-24 18:37:08 |   --> saved best to C:\Users\Admin\Desktop\hai\ConViTX\code ViT_8 block CNN\HybridModel_PlantPathology_Ablation\results\Hybrid_se-se-secbam_fold2_best.pth
2026-06-24 18:37:38 | Epoch 06/50 | Loss 0.3124 | Acc 92.47% | Val Loss 0.2600 | Val Acc 93.38% | 30.2s
2026-06-24 18:37:38 |   --> saved best to C:\Users\Admin\Desktop\hai\ConViTX\code ViT_8 block CNN\HybridModel_PlantPathology_Ablation\results\Hybrid_se-se-secbam_fold2_best.pth
2026-06-24 18:38:11 | Epoch 07/50 | Loss 0.2672 | Acc 92.61% | Val Loss 0.2181 | Val Acc 94.11% | 32.7s
2026-06-24 18:38:11 |   --> saved best to C:\Users\Admin\Desktop\hai\ConViTX\code ViT_8 block CNN\HybridModel_PlantPathology_Ablation\results\Hybrid_se-se-secbam_fold2_best.pth
2026-06-24 18:38:44 | Epoch 08/50 | Loss 0.2331 | Acc 93.57% | Val Loss 0.2050 | Val Acc 94.11% | 33.3s
2026-06-24 18:38:44 |   --> saved best to C:\Users\Admin\Desktop\hai\ConViTX\code ViT_8 block CNN\HybridModel_PlantPathology_Ablation\results\Hybrid_se-se-secbam_fold2_best.pth
2026-06-24 18:39:16 | Epoch 09/50 | Loss 0.2066 | Acc 94.01% | Val Loss 0.1702 | Val Acc 94.43% | 31.9s
2026-06-24 18:39:16 |   --> saved best to C:\Users\Admin\Desktop\hai\ConViTX\code ViT_8 block CNN\HybridModel_PlantPathology_Ablation\results\Hybrid_se-se-secbam_fold2_best.pth
2026-06-24 18:39:46 | Epoch 10/50 | Loss 0.1879 | Acc 94.34% | Val Loss 0.1544 | Val Acc 95.48% | 29.8s
2026-06-24 18:39:46 |   --> saved best to C:\Users\Admin\Desktop\hai\ConViTX\code ViT_8 block CNN\HybridModel_PlantPathology_Ablation\results\Hybrid_se-se-secbam_fold2_best.pth
2026-06-24 18:40:20 | Epoch 11/50 | Loss 0.1680 | Acc 94.91% | Val Loss 0.1420 | Val Acc 95.48% | 33.5s
2026-06-24 18:40:20 |   --> saved best to C:\Users\Admin\Desktop\hai\ConViTX\code ViT_8 block CNN\HybridModel_PlantPathology_Ablation\results\Hybrid_se-se-secbam_fold2_best.pth
2026-06-24 18:40:50 | Epoch 12/50 | Loss 0.1580 | Acc 95.33% | Val Loss 0.1261 | Val Acc 96.13% | 29.8s
2026-06-24 18:40:50 |   --> saved best to C:\Users\Admin\Desktop\hai\ConViTX\code ViT_8 block CNN\HybridModel_PlantPathology_Ablation\results\Hybrid_se-se-secbam_fold2_best.pth
2026-06-24 18:41:20 | Epoch 13/50 | Loss 0.1518 | Acc 95.33% | Val Loss 0.1245 | Val Acc 96.13% | 30.8s
2026-06-24 18:41:21 |   --> saved best to C:\Users\Admin\Desktop\hai\ConViTX\code ViT_8 block CNN\HybridModel_PlantPathology_Ablation\results\Hybrid_se-se-secbam_fold2_best.pth
2026-06-24 18:41:50 | Epoch 14/50 | Loss 0.1406 | Acc 95.39% | Val Loss 0.1275 | Val Acc 95.88% | 29.4s
2026-06-24 18:42:21 | Epoch 15/50 | Loss 0.1317 | Acc 95.84% | Val Loss 0.1119 | Val Acc 96.61% | 30.6s
2026-06-24 18:42:21 |   --> saved best to C:\Users\Admin\Desktop\hai\ConViTX\code ViT_8 block CNN\HybridModel_PlantPathology_Ablation\results\Hybrid_se-se-secbam_fold2_best.pth
2026-06-24 18:42:49 | Epoch 16/50 | Loss 0.1270 | Acc 95.92% | Val Loss 0.1104 | Val Acc 96.77% | 28.6s
2026-06-24 18:42:49 |   --> saved best to C:\Users\Admin\Desktop\hai\ConViTX\code ViT_8 block CNN\HybridModel_PlantPathology_Ablation\results\Hybrid_se-se-secbam_fold2_best.pth
2026-06-24 18:43:18 | Epoch 17/50 | Loss 0.1225 | Acc 95.92% | Val Loss 0.1017 | Val Acc 96.85% | 28.6s
2026-06-24 18:43:18 |   --> saved best to C:\Users\Admin\Desktop\hai\ConViTX\code ViT_8 block CNN\HybridModel_PlantPathology_Ablation\results\Hybrid_se-se-secbam_fold2_best.pth
2026-06-24 18:43:47 | Epoch 18/50 | Loss 0.1209 | Acc 96.33% | Val Loss 0.1089 | Val Acc 96.77% | 28.9s
2026-06-24 18:44:16 | Epoch 19/50 | Loss 0.1119 | Acc 96.59% | Val Loss 0.0987 | Val Acc 96.85% | 28.9s
2026-06-24 18:44:16 |   --> saved best to C:\Users\Admin\Desktop\hai\ConViTX\code ViT_8 block CNN\HybridModel_PlantPathology_Ablation\results\Hybrid_se-se-secbam_fold2_best.pth
2026-06-24 18:44:45 | Epoch 20/50 | Loss 0.1133 | Acc 96.39% | Val Loss 0.1035 | Val Acc 97.09% | 28.9s
2026-06-24 18:45:14 | Epoch 21/50 | Loss 0.1036 | Acc 96.49% | Val Loss 0.0984 | Val Acc 96.85% | 29.0s
2026-06-24 18:45:14 |   --> saved best to C:\Users\Admin\Desktop\hai\ConViTX\code ViT_8 block CNN\HybridModel_PlantPathology_Ablation\results\Hybrid_se-se-secbam_fold2_best.pth
2026-06-24 18:45:43 | Epoch 22/50 | Loss 0.0970 | Acc 96.75% | Val Loss 0.0999 | Val Acc 96.85% | 29.0s
2026-06-24 18:46:12 | Epoch 23/50 | Loss 0.1004 | Acc 96.79% | Val Loss 0.0987 | Val Acc 96.69% | 28.9s
2026-06-24 18:46:41 | Epoch 24/50 | Loss 0.0961 | Acc 96.85% | Val Loss 0.0941 | Val Acc 97.18% | 29.0s
2026-06-24 18:46:41 |   --> saved best to C:\Users\Admin\Desktop\hai\ConViTX\code ViT_8 block CNN\HybridModel_PlantPathology_Ablation\results\Hybrid_se-se-secbam_fold2_best.pth
2026-06-24 18:47:10 | Epoch 25/50 | Loss 0.0949 | Acc 96.83% | Val Loss 0.0925 | Val Acc 97.01% | 28.8s
2026-06-24 18:47:10 |   --> saved best to C:\Users\Admin\Desktop\hai\ConViTX\code ViT_8 block CNN\HybridModel_PlantPathology_Ablation\results\Hybrid_se-se-secbam_fold2_best.pth
2026-06-24 18:47:39 | Epoch 26/50 | Loss 0.0856 | Acc 97.32% | Val Loss 0.0916 | Val Acc 97.01% | 28.8s
2026-06-24 18:47:39 |   --> saved best to C:\Users\Admin\Desktop\hai\ConViTX\code ViT_8 block CNN\HybridModel_PlantPathology_Ablation\results\Hybrid_se-se-secbam_fold2_best.pth
2026-06-24 18:48:08 | Epoch 27/50 | Loss 0.0858 | Acc 97.20% | Val Loss 0.1002 | Val Acc 96.93% | 29.0s
2026-06-24 18:48:38 | Epoch 28/50 | Loss 0.0848 | Acc 97.46% | Val Loss 0.0967 | Val Acc 96.85% | 29.6s
2026-06-24 18:49:07 | Epoch 29/50 | Loss 0.0856 | Acc 97.16% | Val Loss 0.0950 | Val Acc 97.09% | 29.1s
2026-06-24 18:49:36 | Epoch 30/50 | Loss 0.0846 | Acc 97.18% | Val Loss 0.0865 | Val Acc 97.01% | 28.8s
2026-06-24 18:49:36 |   --> saved best to C:\Users\Admin\Desktop\hai\ConViTX\code ViT_8 block CNN\HybridModel_PlantPathology_Ablation\results\Hybrid_se-se-secbam_fold2_best.pth
2026-06-24 18:50:05 | Epoch 31/50 | Loss 0.0757 | Acc 97.50% | Val Loss 0.0912 | Val Acc 96.85% | 28.8s
2026-06-24 18:50:34 | Epoch 32/50 | Loss 0.0720 | Acc 97.46% | Val Loss 0.0866 | Val Acc 96.93% | 28.8s
2026-06-24 18:51:03 | Epoch 33/50 | Loss 0.0723 | Acc 97.71% | Val Loss 0.0907 | Val Acc 97.26% | 28.9s
2026-06-24 18:51:32 | Epoch 34/50 | Loss 0.0726 | Acc 97.48% | Val Loss 0.0844 | Val Acc 97.09% | 28.8s
2026-06-24 18:51:32 |   --> saved best to C:\Users\Admin\Desktop\hai\ConViTX\code ViT_8 block CNN\HybridModel_PlantPathology_Ablation\results\Hybrid_se-se-secbam_fold2_best.pth
2026-06-24 18:52:01 | Epoch 35/50 | Loss 0.0698 | Acc 97.75% | Val Loss 0.0890 | Val Acc 96.77% | 28.9s
2026-06-24 18:52:30 | Epoch 36/50 | Loss 0.0674 | Acc 97.87% | Val Loss 0.0793 | Val Acc 97.26% | 29.0s
2026-06-24 18:52:30 |   --> saved best to C:\Users\Admin\Desktop\hai\ConViTX\code ViT_8 block CNN\HybridModel_PlantPathology_Ablation\results\Hybrid_se-se-secbam_fold2_best.pth
2026-06-24 18:52:59 | Epoch 37/50 | Loss 0.0700 | Acc 97.77% | Val Loss 0.0892 | Val Acc 97.09% | 29.0s
2026-06-24 18:53:28 | Epoch 38/50 | Loss 0.0625 | Acc 98.03% | Val Loss 0.0864 | Val Acc 96.93% | 28.9s
2026-06-24 18:53:57 | Epoch 39/50 | Loss 0.0636 | Acc 98.13% | Val Loss 0.0884 | Val Acc 97.34% | 28.9s
2026-06-24 18:54:26 | Epoch 40/50 | Loss 0.0579 | Acc 98.05% | Val Loss 0.0911 | Val Acc 97.34% | 28.9s
2026-06-24 18:54:55 | Epoch 41/50 | Loss 0.0525 | Acc 98.34% | Val Loss 0.0828 | Val Acc 97.42% | 28.8s
2026-06-24 18:55:24 | Epoch 42/50 | Loss 0.0522 | Acc 98.48% | Val Loss 0.0766 | Val Acc 97.09% | 29.0s
2026-06-24 18:55:24 |   --> saved best to C:\Users\Admin\Desktop\hai\ConViTX\code ViT_8 block CNN\HybridModel_PlantPathology_Ablation\results\Hybrid_se-se-secbam_fold2_best.pth
2026-06-24 18:55:53 | Epoch 43/50 | Loss 0.0574 | Acc 98.03% | Val Loss 0.0838 | Val Acc 97.66% | 29.0s
2026-06-24 18:56:22 | Epoch 44/50 | Loss 0.0537 | Acc 98.19% | Val Loss 0.0862 | Val Acc 96.77% | 28.9s
2026-06-24 18:56:51 | Epoch 45/50 | Loss 0.0589 | Acc 97.99% | Val Loss 0.0853 | Val Acc 97.66% | 28.9s
2026-06-24 18:57:20 | Epoch 46/50 | Loss 0.0494 | Acc 98.50% | Val Loss 0.0850 | Val Acc 96.69% | 29.0s
2026-06-24 18:57:49 | Epoch 47/50 | Loss 0.0523 | Acc 98.25% | Val Loss 0.0947 | Val Acc 97.18% | 29.0s
2026-06-24 18:58:18 | Epoch 48/50 | Loss 0.0491 | Acc 98.40% | Val Loss 0.0975 | Val Acc 96.93% | 28.8s
2026-06-24 18:58:47 | Epoch 49/50 | Loss 0.0495 | Acc 98.28% | Val Loss 0.0827 | Val Acc 97.34% | 29.2s
2026-06-24 18:59:16 | Epoch 50/50 | Loss 0.0461 | Acc 98.52% | Val Loss 0.0863 | Val Acc 97.34% | 28.8s
2026-06-24 18:59:16 | Finished Hybrid_se-se-secbam fold 2 in 25.21 min.
2026-06-24 18:59:22 | [RESUME] Hybrid_se-se-secbam_fold3 đã train xong trong chiến dịch này -> bỏ qua. (dùng --force để train lại)
2026-06-24 18:59:22 | 
================================================================================
2026-06-24 18:59:22 | TRAINING: Hybrid_se-se-secbam | FOLD 4/5
2026-06-24 18:59:22 | ================================================================================
2026-06-24 18:59:22 | [INFO] reduced batch_size=64 for hybrid model to avoid OOM.
2026-06-24 19:00:45 | Epoch 01/50 | Loss 1.2556 | Acc 51.22% | Val Loss 1.0524 | Val Acc 54.60% | 82.3s
2026-06-24 19:00:45 |   --> saved best to C:\Users\Admin\Desktop\hai\ConViTX\code ViT_8 block CNN\HybridModel_PlantPathology_Ablation\results\Hybrid_se-se-secbam_fold4_best.pth
2026-06-24 19:01:14 | Epoch 02/50 | Loss 0.9607 | Acc 63.19% | Val Loss 0.7439 | Val Acc 77.22% | 29.0s
2026-06-24 19:01:14 |   --> saved best to C:\Users\Admin\Desktop\hai\ConViTX\code ViT_8 block CNN\HybridModel_PlantPathology_Ablation\results\Hybrid_se-se-secbam_fold4_best.pth
2026-06-24 19:01:43 | Epoch 03/50 | Loss 0.6646 | Acc 81.80% | Val Loss 0.5039 | Val Acc 87.88% | 28.9s
2026-06-24 19:01:43 |   --> saved best to C:\Users\Admin\Desktop\hai\ConViTX\code ViT_8 block CNN\HybridModel_PlantPathology_Ablation\results\Hybrid_se-se-secbam_fold4_best.pth
2026-06-24 19:02:12 | Epoch 04/50 | Loss 0.4798 | Acc 88.17% | Val Loss 0.3602 | Val Acc 91.44% | 28.9s
2026-06-24 19:02:12 |   --> saved best to C:\Users\Admin\Desktop\hai\ConViTX\code ViT_8 block CNN\HybridModel_PlantPathology_Ablation\results\Hybrid_se-se-secbam_fold4_best.pth
2026-06-24 19:02:41 | Epoch 05/50 | Loss 0.3729 | Acc 90.95% | Val Loss 0.2878 | Val Acc 92.97% | 29.0s
2026-06-24 19:02:41 |   --> saved best to C:\Users\Admin\Desktop\hai\ConViTX\code ViT_8 block CNN\HybridModel_PlantPathology_Ablation\results\Hybrid_se-se-secbam_fold4_best.pth
2026-06-24 19:03:10 | Epoch 06/50 | Loss 0.3085 | Acc 92.51% | Val Loss 0.2430 | Val Acc 92.97% | 29.0s
2026-06-24 19:03:10 |   --> saved best to C:\Users\Admin\Desktop\hai\ConViTX\code ViT_8 block CNN\HybridModel_PlantPathology_Ablation\results\Hybrid_se-se-secbam_fold4_best.pth
2026-06-24 19:03:40 | Epoch 07/50 | Loss 0.2578 | Acc 93.26% | Val Loss 0.2136 | Val Acc 94.10% | 29.2s
2026-06-24 19:03:40 |   --> saved best to C:\Users\Admin\Desktop\hai\ConViTX\code ViT_8 block CNN\HybridModel_PlantPathology_Ablation\results\Hybrid_se-se-secbam_fold4_best.pth
2026-06-24 19:04:09 | Epoch 08/50 | Loss 0.2174 | Acc 94.18% | Val Loss 0.1873 | Val Acc 94.10% | 29.1s
2026-06-24 19:04:09 |   --> saved best to C:\Users\Admin\Desktop\hai\ConViTX\code ViT_8 block CNN\HybridModel_PlantPathology_Ablation\results\Hybrid_se-se-secbam_fold4_best.pth
2026-06-24 19:04:38 | Epoch 09/50 | Loss 0.2049 | Acc 93.99% | Val Loss 0.1664 | Val Acc 94.83% | 29.2s
2026-06-24 19:04:38 |   --> saved best to C:\Users\Admin\Desktop\hai\ConViTX\code ViT_8 block CNN\HybridModel_PlantPathology_Ablation\results\Hybrid_se-se-secbam_fold4_best.pth
2026-06-24 19:05:07 | Epoch 10/50 | Loss 0.1838 | Acc 94.83% | Val Loss 0.1557 | Val Acc 95.48% | 29.1s
2026-06-24 19:05:08 |   --> saved best to C:\Users\Admin\Desktop\hai\ConViTX\code ViT_8 block CNN\HybridModel_PlantPathology_Ablation\results\Hybrid_se-se-secbam_fold4_best.pth
2026-06-24 19:05:37 | Epoch 11/50 | Loss 0.1671 | Acc 95.09% | Val Loss 0.1474 | Val Acc 95.23% | 29.1s
2026-06-24 19:05:37 |   --> saved best to C:\Users\Admin\Desktop\hai\ConViTX\code ViT_8 block CNN\HybridModel_PlantPathology_Ablation\results\Hybrid_se-se-secbam_fold4_best.pth
2026-06-24 19:06:06 | Epoch 12/50 | Loss 0.1517 | Acc 95.25% | Val Loss 0.1472 | Val Acc 95.32% | 29.3s
2026-06-24 19:06:06 |   --> saved best to C:\Users\Admin\Desktop\hai\ConViTX\code ViT_8 block CNN\HybridModel_PlantPathology_Ablation\results\Hybrid_se-se-secbam_fold4_best.pth
2026-06-24 19:06:36 | Epoch 13/50 | Loss 0.1459 | Acc 95.21% | Val Loss 0.1276 | Val Acc 96.04% | 29.9s
2026-06-24 19:06:36 |   --> saved best to C:\Users\Admin\Desktop\hai\ConViTX\code ViT_8 block CNN\HybridModel_PlantPathology_Ablation\results\Hybrid_se-se-secbam_fold4_best.pth
2026-06-24 19:07:06 | Epoch 14/50 | Loss 0.1352 | Acc 95.64% | Val Loss 0.1305 | Val Acc 96.04% | 29.4s
2026-06-24 19:07:35 | Epoch 15/50 | Loss 0.1297 | Acc 95.86% | Val Loss 0.1233 | Val Acc 95.88% | 29.6s
2026-06-24 19:07:35 |   --> saved best to C:\Users\Admin\Desktop\hai\ConViTX\code ViT_8 block CNN\HybridModel_PlantPathology_Ablation\results\Hybrid_se-se-secbam_fold4_best.pth
2026-06-24 19:08:04 | Epoch 16/50 | Loss 0.1197 | Acc 96.35% | Val Loss 0.1181 | Val Acc 96.20% | 28.9s
2026-06-24 19:08:04 |   --> saved best to C:\Users\Admin\Desktop\hai\ConViTX\code ViT_8 block CNN\HybridModel_PlantPathology_Ablation\results\Hybrid_se-se-secbam_fold4_best.pth
2026-06-24 19:08:33 | Epoch 17/50 | Loss 0.1175 | Acc 96.45% | Val Loss 0.1206 | Val Acc 96.04% | 29.1s
2026-06-24 19:09:02 | Epoch 18/50 | Loss 0.1082 | Acc 96.41% | Val Loss 0.1170 | Val Acc 95.88% | 28.8s
2026-06-24 19:09:02 |   --> saved best to C:\Users\Admin\Desktop\hai\ConViTX\code ViT_8 block CNN\HybridModel_PlantPathology_Ablation\results\Hybrid_se-se-secbam_fold4_best.pth
2026-06-24 19:09:31 | Epoch 19/50 | Loss 0.1069 | Acc 96.71% | Val Loss 0.1213 | Val Acc 96.04% | 28.9s
2026-06-24 19:10:00 | Epoch 20/50 | Loss 0.1050 | Acc 96.88% | Val Loss 0.1158 | Val Acc 96.04% | 28.9s
2026-06-24 19:10:00 |   --> saved best to C:\Users\Admin\Desktop\hai\ConViTX\code ViT_8 block CNN\HybridModel_PlantPathology_Ablation\results\Hybrid_se-se-secbam_fold4_best.pth
2026-06-24 19:10:29 | Epoch 21/50 | Loss 0.0984 | Acc 96.83% | Val Loss 0.1075 | Val Acc 96.28% | 28.7s
2026-06-24 19:10:29 |   --> saved best to C:\Users\Admin\Desktop\hai\ConViTX\code ViT_8 block CNN\HybridModel_PlantPathology_Ablation\results\Hybrid_se-se-secbam_fold4_best.pth
2026-06-24 19:10:58 | Epoch 22/50 | Loss 0.0950 | Acc 97.06% | Val Loss 0.1052 | Val Acc 96.85% | 28.9s
2026-06-24 19:10:58 |   --> saved best to C:\Users\Admin\Desktop\hai\ConViTX\code ViT_8 block CNN\HybridModel_PlantPathology_Ablation\results\Hybrid_se-se-secbam_fold4_best.pth
2026-06-24 19:11:27 | Epoch 23/50 | Loss 0.0904 | Acc 97.08% | Val Loss 0.1050 | Val Acc 96.28% | 28.9s
2026-06-24 19:11:27 |   --> saved best to C:\Users\Admin\Desktop\hai\ConViTX\code ViT_8 block CNN\HybridModel_PlantPathology_Ablation\results\Hybrid_se-se-secbam_fold4_best.pth
2026-06-24 19:11:56 | Epoch 24/50 | Loss 0.0832 | Acc 97.24% | Val Loss 0.1096 | Val Acc 95.88% | 28.8s
2026-06-24 19:12:24 | Epoch 25/50 | Loss 0.0860 | Acc 97.26% | Val Loss 0.1166 | Val Acc 95.88% | 28.8s
2026-06-24 19:12:53 | Epoch 26/50 | Loss 0.0794 | Acc 97.40% | Val Loss 0.1142 | Val Acc 96.04% | 28.8s
2026-06-24 19:13:23 | Epoch 27/50 | Loss 0.0806 | Acc 97.56% | Val Loss 0.1110 | Val Acc 96.12% | 29.5s
2026-06-24 19:13:52 | Epoch 28/50 | Loss 0.0779 | Acc 97.38% | Val Loss 0.1043 | Val Acc 96.28% | 29.6s
2026-06-24 19:13:52 |   --> saved best to C:\Users\Admin\Desktop\hai\ConViTX\code ViT_8 block CNN\HybridModel_PlantPathology_Ablation\results\Hybrid_se-se-secbam_fold4_best.pth
2026-06-24 19:14:22 | Epoch 29/50 | Loss 0.0702 | Acc 97.83% | Val Loss 0.1041 | Val Acc 96.45% | 29.3s
2026-06-24 19:14:22 |   --> saved best to C:\Users\Admin\Desktop\hai\ConViTX\code ViT_8 block CNN\HybridModel_PlantPathology_Ablation\results\Hybrid_se-se-secbam_fold4_best.pth
2026-06-24 19:14:52 | Epoch 30/50 | Loss 0.0675 | Acc 97.87% | Val Loss 0.1026 | Val Acc 96.61% | 29.7s
2026-06-24 19:14:52 |   --> saved best to C:\Users\Admin\Desktop\hai\ConViTX\code ViT_8 block CNN\HybridModel_PlantPathology_Ablation\results\Hybrid_se-se-secbam_fold4_best.pth
2026-06-24 19:15:21 | Epoch 31/50 | Loss 0.0663 | Acc 97.97% | Val Loss 0.1121 | Val Acc 96.53% | 28.9s
2026-06-24 19:15:49 | Epoch 32/50 | Loss 0.0645 | Acc 97.99% | Val Loss 0.1023 | Val Acc 96.53% | 28.7s
2026-06-24 19:15:49 |   --> saved best to C:\Users\Admin\Desktop\hai\ConViTX\code ViT_8 block CNN\HybridModel_PlantPathology_Ablation\results\Hybrid_se-se-secbam_fold4_best.pth
2026-06-24 19:16:18 | Epoch 33/50 | Loss 0.0698 | Acc 97.79% | Val Loss 0.0994 | Val Acc 96.61% | 28.7s
2026-06-24 19:16:18 |   --> saved best to C:\Users\Admin\Desktop\hai\ConViTX\code ViT_8 block CNN\HybridModel_PlantPathology_Ablation\results\Hybrid_se-se-secbam_fold4_best.pth
2026-06-24 19:16:47 | Epoch 34/50 | Loss 0.0635 | Acc 97.89% | Val Loss 0.1105 | Val Acc 96.28% | 28.7s
2026-06-24 19:17:16 | Epoch 35/50 | Loss 0.0673 | Acc 97.69% | Val Loss 0.1107 | Val Acc 96.53% | 28.7s
2026-06-24 19:17:44 | Epoch 36/50 | Loss 0.0651 | Acc 97.79% | Val Loss 0.1105 | Val Acc 96.45% | 28.7s
2026-06-24 19:18:13 | Epoch 37/50 | Loss 0.0632 | Acc 98.01% | Val Loss 0.1053 | Val Acc 96.53% | 28.6s
2026-06-24 19:18:42 | Epoch 38/50 | Loss 0.0553 | Acc 98.30% | Val Loss 0.0989 | Val Acc 96.61% | 28.7s
2026-06-24 19:18:42 |   --> saved best to C:\Users\Admin\Desktop\hai\ConViTX\code ViT_8 block CNN\HybridModel_PlantPathology_Ablation\results\Hybrid_se-se-secbam_fold4_best.pth
2026-06-24 19:19:11 | Epoch 39/50 | Loss 0.0519 | Acc 98.30% | Val Loss 0.0979 | Val Acc 96.37% | 28.7s
2026-06-24 19:19:11 |   --> saved best to C:\Users\Admin\Desktop\hai\ConViTX\code ViT_8 block CNN\HybridModel_PlantPathology_Ablation\results\Hybrid_se-se-secbam_fold4_best.pth
2026-06-24 19:19:39 | Epoch 40/50 | Loss 0.0514 | Acc 98.46% | Val Loss 0.1035 | Val Acc 96.69% | 28.8s
2026-06-24 19:20:09 | Epoch 41/50 | Loss 0.0455 | Acc 98.56% | Val Loss 0.1002 | Val Acc 96.61% | 29.2s
2026-06-24 19:20:38 | Epoch 42/50 | Loss 0.0526 | Acc 98.34% | Val Loss 0.1075 | Val Acc 96.20% | 28.8s
2026-06-24 19:21:06 | Epoch 43/50 | Loss 0.0512 | Acc 98.25% | Val Loss 0.1047 | Val Acc 96.20% | 28.7s
2026-06-24 19:21:35 | Epoch 44/50 | Loss 0.0484 | Acc 98.32% | Val Loss 0.1096 | Val Acc 96.61% | 28.7s
2026-06-24 19:22:04 | Epoch 45/50 | Loss 0.0445 | Acc 98.50% | Val Loss 0.1159 | Val Acc 96.45% | 29.3s
2026-06-24 19:22:34 | Epoch 46/50 | Loss 0.0491 | Acc 98.52% | Val Loss 0.1136 | Val Acc 96.45% | 29.3s
2026-06-24 19:23:03 | Epoch 47/50 | Loss 0.0393 | Acc 98.80% | Val Loss 0.1047 | Val Acc 96.61% | 29.5s
2026-06-24 19:23:32 | Epoch 48/50 | Loss 0.0449 | Acc 98.64% | Val Loss 0.0978 | Val Acc 96.61% | 28.9s
2026-06-24 19:23:32 |   --> saved best to C:\Users\Admin\Desktop\hai\ConViTX\code ViT_8 block CNN\HybridModel_PlantPathology_Ablation\results\Hybrid_se-se-secbam_fold4_best.pth
2026-06-24 19:24:01 | Epoch 49/50 | Loss 0.0366 | Acc 98.82% | Val Loss 0.1033 | Val Acc 96.61% | 28.8s
2026-06-24 19:24:30 | Epoch 50/50 | Loss 0.0445 | Acc 98.46% | Val Loss 0.1071 | Val Acc 96.77% | 28.7s
2026-06-24 19:24:30 | Finished Hybrid_se-se-secbam fold 4 in 25.12 min.
2026-06-24 19:24:33 | 
================================================================================
2026-06-24 19:24:33 | TRAINING: Hybrid_se-se-secbam | FOLD 5/5
2026-06-24 19:24:33 | ================================================================================
2026-06-24 19:24:33 | [INFO] reduced batch_size=64 for hybrid model to avoid OOM.
2026-06-24 19:25:58 | Epoch 01/50 | Loss 1.2846 | Acc 50.77% | Val Loss 1.1133 | Val Acc 61.47% | 84.1s
2026-06-24 19:25:58 |   --> saved best to C:\Users\Admin\Desktop\hai\ConViTX\code ViT_8 block CNN\HybridModel_PlantPathology_Ablation\results\Hybrid_se-se-secbam_fold5_best.pth
2026-06-24 19:26:40 | Epoch 02/50 | Loss 1.0069 | Acc 73.15% | Val Loss 0.7779 | Val Acc 82.71% | 42.6s
2026-06-24 19:26:40 |   --> saved best to C:\Users\Admin\Desktop\hai\ConViTX\code ViT_8 block CNN\HybridModel_PlantPathology_Ablation\results\Hybrid_se-se-secbam_fold5_best.pth
2026-06-24 19:27:23 | Epoch 03/50 | Loss 0.7011 | Acc 82.55% | Val Loss 0.5221 | Val Acc 87.08% | 43.0s
2026-06-24 19:27:23 |   --> saved best to C:\Users\Admin\Desktop\hai\ConViTX\code ViT_8 block CNN\HybridModel_PlantPathology_Ablation\results\Hybrid_se-se-secbam_fold5_best.pth
2026-06-24 19:28:06 | Epoch 04/50 | Loss 0.4838 | Acc 88.56% | Val Loss 0.3829 | Val Acc 90.95% | 42.8s
2026-06-24 19:28:06 |   --> saved best to C:\Users\Admin\Desktop\hai\ConViTX\code ViT_8 block CNN\HybridModel_PlantPathology_Ablation\results\Hybrid_se-se-secbam_fold5_best.pth
2026-06-24 19:28:49 | Epoch 05/50 | Loss 0.3586 | Acc 91.21% | Val Loss 0.2848 | Val Acc 92.81% | 42.9s
2026-06-24 19:28:49 |   --> saved best to C:\Users\Admin\Desktop\hai\ConViTX\code ViT_8 block CNN\HybridModel_PlantPathology_Ablation\results\Hybrid_se-se-secbam_fold5_best.pth
2026-06-24 19:29:32 | Epoch 06/50 | Loss 0.2928 | Acc 92.17% | Val Loss 0.2375 | Val Acc 93.21% | 42.8s
2026-06-24 19:29:32 |   --> saved best to C:\Users\Admin\Desktop\hai\ConViTX\code ViT_8 block CNN\HybridModel_PlantPathology_Ablation\results\Hybrid_se-se-secbam_fold5_best.pth
2026-06-24 19:30:15 | Epoch 07/50 | Loss 0.2416 | Acc 93.53% | Val Loss 0.2022 | Val Acc 94.02% | 43.0s
2026-06-24 19:30:15 |   --> saved best to C:\Users\Admin\Desktop\hai\ConViTX\code ViT_8 block CNN\HybridModel_PlantPathology_Ablation\results\Hybrid_se-se-secbam_fold5_best.pth
2026-06-24 19:30:58 | Epoch 08/50 | Loss 0.2142 | Acc 93.69% | Val Loss 0.1881 | Val Acc 94.51% | 42.8s
2026-06-24 19:30:58 |   --> saved best to C:\Users\Admin\Desktop\hai\ConViTX\code ViT_8 block CNN\HybridModel_PlantPathology_Ablation\results\Hybrid_se-se-secbam_fold5_best.pth
2026-06-24 19:31:41 | Epoch 09/50 | Loss 0.1899 | Acc 94.46% | Val Loss 0.1675 | Val Acc 94.75% | 43.0s
2026-06-24 19:31:41 |   --> saved best to C:\Users\Admin\Desktop\hai\ConViTX\code ViT_8 block CNN\HybridModel_PlantPathology_Ablation\results\Hybrid_se-se-secbam_fold5_best.pth
2026-06-24 19:32:24 | Epoch 10/50 | Loss 0.1790 | Acc 94.60% | Val Loss 0.1545 | Val Acc 95.07% | 42.5s
2026-06-24 19:32:24 |   --> saved best to C:\Users\Admin\Desktop\hai\ConViTX\code ViT_8 block CNN\HybridModel_PlantPathology_Ablation\results\Hybrid_se-se-secbam_fold5_best.pth
2026-06-24 19:33:06 | Epoch 11/50 | Loss 0.1629 | Acc 95.23% | Val Loss 0.1458 | Val Acc 95.32% | 42.8s
2026-06-24 19:33:06 |   --> saved best to C:\Users\Admin\Desktop\hai\ConViTX\code ViT_8 block CNN\HybridModel_PlantPathology_Ablation\results\Hybrid_se-se-secbam_fold5_best.pth
2026-06-24 19:33:49 | Epoch 12/50 | Loss 0.1501 | Acc 95.47% | Val Loss 0.1403 | Val Acc 95.32% | 42.8s
2026-06-24 19:33:49 |   --> saved best to C:\Users\Admin\Desktop\hai\ConViTX\code ViT_8 block CNN\HybridModel_PlantPathology_Ablation\results\Hybrid_se-se-secbam_fold5_best.pth
2026-06-24 19:34:32 | Epoch 13/50 | Loss 0.1441 | Acc 95.50% | Val Loss 0.1457 | Val Acc 95.23% | 42.7s
2026-06-24 19:35:15 | Epoch 14/50 | Loss 0.1338 | Acc 95.92% | Val Loss 0.1180 | Val Acc 96.12% | 42.8s
2026-06-24 19:35:15 |   --> saved best to C:\Users\Admin\Desktop\hai\ConViTX\code ViT_8 block CNN\HybridModel_PlantPathology_Ablation\results\Hybrid_se-se-secbam_fold5_best.pth
2026-06-24 19:35:57 | Epoch 15/50 | Loss 0.1289 | Acc 95.92% | Val Loss 0.1215 | Val Acc 96.04% | 42.5s
2026-06-24 19:36:40 | Epoch 16/50 | Loss 0.1215 | Acc 96.02% | Val Loss 0.1107 | Val Acc 96.04% | 42.4s
2026-06-24 19:36:40 |   --> saved best to C:\Users\Admin\Desktop\hai\ConViTX\code ViT_8 block CNN\HybridModel_PlantPathology_Ablation\results\Hybrid_se-se-secbam_fold5_best.pth
2026-06-24 19:37:23 | Epoch 17/50 | Loss 0.1171 | Acc 96.10% | Val Loss 0.1078 | Val Acc 96.45% | 43.2s
2026-06-24 19:37:23 |   --> saved best to C:\Users\Admin\Desktop\hai\ConViTX\code ViT_8 block CNN\HybridModel_PlantPathology_Ablation\results\Hybrid_se-se-secbam_fold5_best.pth
2026-06-24 19:38:08 | Epoch 18/50 | Loss 0.1056 | Acc 96.65% | Val Loss 0.1065 | Val Acc 96.20% | 44.5s
2026-06-24 19:38:08 |   --> saved best to C:\Users\Admin\Desktop\hai\ConViTX\code ViT_8 block CNN\HybridModel_PlantPathology_Ablation\results\Hybrid_se-se-secbam_fold5_best.pth
2026-06-24 19:38:52 | Epoch 19/50 | Loss 0.1064 | Acc 96.79% | Val Loss 0.1042 | Val Acc 96.53% | 44.0s
2026-06-24 19:38:52 |   --> saved best to C:\Users\Admin\Desktop\hai\ConViTX\code ViT_8 block CNN\HybridModel_PlantPathology_Ablation\results\Hybrid_se-se-secbam_fold5_best.pth
2026-06-24 19:39:35 | Epoch 20/50 | Loss 0.1093 | Acc 96.39% | Val Loss 0.1057 | Val Acc 96.20% | 43.0s
2026-06-24 19:40:18 | Epoch 21/50 | Loss 0.1031 | Acc 96.55% | Val Loss 0.1064 | Val Acc 95.88% | 43.1s
2026-06-24 19:41:01 | Epoch 22/50 | Loss 0.0970 | Acc 97.00% | Val Loss 0.0987 | Val Acc 96.12% | 42.6s
2026-06-24 19:41:01 |   --> saved best to C:\Users\Admin\Desktop\hai\ConViTX\code ViT_8 block CNN\HybridModel_PlantPathology_Ablation\results\Hybrid_se-se-secbam_fold5_best.pth
2026-06-24 19:41:44 | Epoch 23/50 | Loss 0.0872 | Acc 97.28% | Val Loss 0.0958 | Val Acc 96.37% | 42.7s
2026-06-24 19:41:44 |   --> saved best to C:\Users\Admin\Desktop\hai\ConViTX\code ViT_8 block CNN\HybridModel_PlantPathology_Ablation\results\Hybrid_se-se-secbam_fold5_best.pth
2026-06-24 19:42:27 | Epoch 24/50 | Loss 0.0855 | Acc 97.04% | Val Loss 0.0922 | Val Acc 96.28% | 43.2s
2026-06-24 19:42:27 |   --> saved best to C:\Users\Admin\Desktop\hai\ConViTX\code ViT_8 block CNN\HybridModel_PlantPathology_Ablation\results\Hybrid_se-se-secbam_fold5_best.pth
2026-06-24 19:43:11 | Epoch 25/50 | Loss 0.0840 | Acc 97.28% | Val Loss 0.1019 | Val Acc 96.28% | 43.1s
2026-06-24 19:43:54 | Epoch 26/50 | Loss 0.0870 | Acc 97.14% | Val Loss 0.0966 | Val Acc 96.28% | 43.4s
2026-06-24 19:44:38 | Epoch 27/50 | Loss 0.0861 | Acc 97.20% | Val Loss 0.1023 | Val Acc 95.56% | 43.8s
2026-06-24 19:45:21 | Epoch 28/50 | Loss 0.0818 | Acc 97.08% | Val Loss 0.0967 | Val Acc 96.12% | 43.2s
2026-06-24 19:46:05 | Epoch 29/50 | Loss 0.0758 | Acc 97.65% | Val Loss 0.0932 | Val Acc 96.69% | 43.2s
2026-06-24 19:46:50 | Epoch 30/50 | Loss 0.0677 | Acc 97.81% | Val Loss 0.0902 | Val Acc 96.85% | 45.3s
2026-06-24 19:46:50 |   --> saved best to C:\Users\Admin\Desktop\hai\ConViTX\code ViT_8 block CNN\HybridModel_PlantPathology_Ablation\results\Hybrid_se-se-secbam_fold5_best.pth
2026-06-24 19:47:34 | Epoch 31/50 | Loss 0.0770 | Acc 97.54% | Val Loss 0.0876 | Val Acc 97.25% | 43.9s
2026-06-24 19:47:34 |   --> saved best to C:\Users\Admin\Desktop\hai\ConViTX\code ViT_8 block CNN\HybridModel_PlantPathology_Ablation\results\Hybrid_se-se-secbam_fold5_best.pth
2026-06-24 19:48:17 | Epoch 32/50 | Loss 0.0691 | Acc 97.65% | Val Loss 0.0901 | Val Acc 97.09% | 42.6s
2026-06-24 19:49:00 | Epoch 33/50 | Loss 0.0676 | Acc 97.63% | Val Loss 0.0896 | Val Acc 96.93% | 42.9s
2026-06-24 19:49:43 | Epoch 34/50 | Loss 0.0673 | Acc 97.83% | Val Loss 0.0862 | Val Acc 97.09% | 43.1s
2026-06-24 19:49:43 |   --> saved best to C:\Users\Admin\Desktop\hai\ConViTX\code ViT_8 block CNN\HybridModel_PlantPathology_Ablation\results\Hybrid_se-se-secbam_fold5_best.pth
2026-06-24 19:50:28 | Epoch 35/50 | Loss 0.0630 | Acc 97.87% | Val Loss 0.0855 | Val Acc 97.09% | 45.1s
2026-06-24 19:50:28 |   --> saved best to C:\Users\Admin\Desktop\hai\ConViTX\code ViT_8 block CNN\HybridModel_PlantPathology_Ablation\results\Hybrid_se-se-secbam_fold5_best.pth
2026-06-24 19:51:13 | Epoch 36/50 | Loss 0.0664 | Acc 97.77% | Val Loss 0.0867 | Val Acc 96.85% | 44.8s
2026-06-24 19:52:01 | Epoch 37/50 | Loss 0.0638 | Acc 97.91% | Val Loss 0.0820 | Val Acc 97.01% | 47.8s
2026-06-24 19:52:01 |   --> saved best to C:\Users\Admin\Desktop\hai\ConViTX\code ViT_8 block CNN\HybridModel_PlantPathology_Ablation\results\Hybrid_se-se-secbam_fold5_best.pth
2026-06-24 19:52:46 | Epoch 38/50 | Loss 0.0601 | Acc 97.93% | Val Loss 0.0832 | Val Acc 97.25% | 44.8s
2026-06-24 19:53:31 | Epoch 39/50 | Loss 0.0550 | Acc 98.25% | Val Loss 0.0906 | Val Acc 97.09% | 44.7s
2026-06-24 19:54:15 | Epoch 40/50 | Loss 0.0529 | Acc 98.21% | Val Loss 0.0902 | Val Acc 97.17% | 44.0s
2026-06-24 19:54:58 | Epoch 41/50 | Loss 0.0612 | Acc 97.99% | Val Loss 0.1007 | Val Acc 96.77% | 43.8s
2026-06-24 19:55:43 | Epoch 42/50 | Loss 0.0586 | Acc 97.91% | Val Loss 0.0906 | Val Acc 96.69% | 44.2s
2026-06-24 19:56:26 | Epoch 43/50 | Loss 0.0504 | Acc 98.48% | Val Loss 0.0859 | Val Acc 97.01% | 43.4s
2026-06-24 19:57:11 | Epoch 44/50 | Loss 0.0524 | Acc 98.13% | Val Loss 0.0974 | Val Acc 96.61% | 44.8s
2026-06-24 19:57:55 | Epoch 45/50 | Loss 0.0505 | Acc 98.36% | Val Loss 0.0862 | Val Acc 97.09% | 43.6s
2026-06-24 19:58:40 | Epoch 46/50 | Loss 0.0421 | Acc 98.56% | Val Loss 0.0851 | Val Acc 97.33% | 44.9s
2026-06-24 19:59:24 | Epoch 47/50 | Loss 0.0448 | Acc 98.46% | Val Loss 0.0829 | Val Acc 97.17% | 44.7s
2026-06-24 20:00:09 | Epoch 48/50 | Loss 0.0412 | Acc 98.62% | Val Loss 0.0918 | Val Acc 96.61% | 44.0s
2026-06-24 20:00:52 | Epoch 49/50 | Loss 0.0438 | Acc 98.66% | Val Loss 0.1015 | Val Acc 97.17% | 43.2s
2026-06-24 20:01:35 | Epoch 50/50 | Loss 0.0411 | Acc 98.48% | Val Loss 0.0922 | Val Acc 97.25% | 43.0s
2026-06-24 20:01:35 | Finished Hybrid_se-se-secbam fold 5 in 37.02 min.
2026-06-24 20:01:40 | 
================================================================================
2026-06-24 20:01:40 | ABLATION SUMMARY (AXIS 1) — folds run: [1, 2, 3, 4, 5]
2026-06-24 20:01:40 | ================================================================================
2026-06-24 20:01:40 | 
|                     |   Params (M) |   n_folds | Accuracy       | Precision      | Recall         | F1-Score       | Kappa           | AUC             | Train Time (min)   |
|:--------------------|-------------:|----------:|:---------------|:---------------|:---------------|:---------------|:----------------|:----------------|:-------------------|
| Hybrid_se-se-secbam |        0.331 |         5 | 96.79% ± 0.30% | 90.67% ± 1.72% | 86.23% ± 2.26% | 87.95% ± 2.17% | 0.9523 ± 0.0045 | 0.9901 ± 0.0036 | 26.68 ± 7.43       |

2026-06-24 20:01:40 | Saved summary JSON to: C:\Users\Admin\Desktop\hai\ConViTX\code ViT_8 block CNN\HybridModel_PlantPathology_Ablation\results\ablation_kfold_results.json
2026-06-24 20:10:47 | Log file initialized at: C:\Users\Admin\Desktop\hai\ConViTX\code ViT_8 block CNN\HybridModel_PlantPathology_Ablation\results\ablation_training.log
2026-06-24 20:10:47 | AXIS=2 | Folds to run: [1, 2, 3, 4, 5] (of 5) | Seed=42
2026-06-24 20:10:47 | Configs (6): CNN-Only_none-none, ViT-Only_none-none, Hybrid_none-none-none, CNN-Only_se-secbam, ViT-Only_se-secbam, Hybrid_se-se-secbam
2026-06-24 20:10:47 | Hyperparams: epochs=50, batch=128, lr=0.0001, patience=15, AMP/FP16
2026-06-24 20:10:47 | Resume: tìm thấy progress C:\Users\Admin\Desktop\hai\ConViTX\code ViT_8 block CNN\HybridModel_PlantPathology_Ablation\results\ablation_kfold_progress.json | 13 run đã xong trong chiến dịch này
2026-06-24 20:10:47 | Using device: cuda
2026-06-24 20:10:47 | Dataset loaded. 6192 samples, 4 classes: ['healthy', 'multiple_diseases', 'rust', 'scab']
2026-06-24 20:10:47 |   [params] CNN-Only_none-none                 = 0.113 M
2026-06-24 20:10:48 |   [params] ViT-Only_none-none                 = 0.189 M
2026-06-24 20:10:48 |   [params] Hybrid_none-none-none              = 0.319 M
2026-06-24 20:10:48 |   [params] CNN-Only_se-secbam                 = 0.123 M
2026-06-24 20:10:48 |   [params] ViT-Only_se-secbam                 = 0.2 M
2026-06-24 20:10:48 |   [params] Hybrid_se-se-secbam                = 0.331 M
2026-06-24 20:10:48 | 
================================================================================
2026-06-24 20:10:48 | TRAINING: CNN-Only_none-none | FOLD 1/5
2026-06-24 20:10:48 | ================================================================================
2026-06-24 20:11:45 | Epoch 01/50 | Loss 1.2773 | Acc 43.46% | Val Loss 1.2060 | Val Acc 51.33% | 57.0s
2026-06-24 20:11:45 |   --> saved best to C:\Users\Admin\Desktop\hai\ConViTX\code ViT_8 block CNN\HybridModel_PlantPathology_Ablation\results\CNN-Only_none-none_fold1_best.pth
2026-06-24 20:11:49 | Epoch 02/50 | Loss 0.9901 | Acc 65.85% | Val Loss 0.9221 | Val Acc 66.26% | 4.3s
2026-06-24 20:11:49 |   --> saved best to C:\Users\Admin\Desktop\hai\ConViTX\code ViT_8 block CNN\HybridModel_PlantPathology_Ablation\results\CNN-Only_none-none_fold1_best.pth
2026-06-24 20:11:53 | Epoch 03/50 | Loss 0.7422 | Acc 80.49% | Val Loss 0.6765 | Val Acc 79.98% | 3.9s
2026-06-24 20:11:53 |   --> saved best to C:\Users\Admin\Desktop\hai\ConViTX\code ViT_8 block CNN\HybridModel_PlantPathology_Ablation\results\CNN-Only_none-none_fold1_best.pth
2026-06-24 20:11:57 | Epoch 04/50 | Loss 0.5642 | Acc 85.77% | Val Loss 0.5066 | Val Acc 87.33% | 3.8s
2026-06-24 20:11:57 |   --> saved best to C:\Users\Admin\Desktop\hai\ConViTX\code ViT_8 block CNN\HybridModel_PlantPathology_Ablation\results\CNN-Only_none-none_fold1_best.pth
2026-06-24 20:12:01 | Epoch 05/50 | Loss 0.4587 | Acc 88.24% | Val Loss 0.4197 | Val Acc 89.51% | 3.9s
2026-06-24 20:12:01 |   --> saved best to C:\Users\Admin\Desktop\hai\ConViTX\code ViT_8 block CNN\HybridModel_PlantPathology_Ablation\results\CNN-Only_none-none_fold1_best.pth
2026-06-24 20:12:05 | Epoch 06/50 | Loss 0.4003 | Acc 89.37% | Val Loss 0.3690 | Val Acc 90.31% | 3.8s
2026-06-24 20:12:05 |   --> saved best to C:\Users\Admin\Desktop\hai\ConViTX\code ViT_8 block CNN\HybridModel_PlantPathology_Ablation\results\CNN-Only_none-none_fold1_best.pth
2026-06-24 20:12:09 | Epoch 07/50 | Loss 0.3477 | Acc 90.75% | Val Loss 0.3270 | Val Acc 90.80% | 3.7s
2026-06-24 20:12:09 |   --> saved best to C:\Users\Admin\Desktop\hai\ConViTX\code ViT_8 block CNN\HybridModel_PlantPathology_Ablation\results\CNN-Only_none-none_fold1_best.pth
2026-06-24 20:12:12 | Epoch 08/50 | Loss 0.3094 | Acc 91.53% | Val Loss 0.3125 | Val Acc 91.20% | 3.9s
2026-06-24 20:12:12 |   --> saved best to C:\Users\Admin\Desktop\hai\ConViTX\code ViT_8 block CNN\HybridModel_PlantPathology_Ablation\results\CNN-Only_none-none_fold1_best.pth
2026-06-24 20:12:16 | Epoch 09/50 | Loss 0.2848 | Acc 91.98% | Val Loss 0.2923 | Val Acc 91.20% | 3.9s
2026-06-24 20:12:16 |   --> saved best to C:\Users\Admin\Desktop\hai\ConViTX\code ViT_8 block CNN\HybridModel_PlantPathology_Ablation\results\CNN-Only_none-none_fold1_best.pth
2026-06-24 20:12:20 | Epoch 10/50 | Loss 0.2623 | Acc 92.64% | Val Loss 0.2782 | Val Acc 92.01% | 3.9s
2026-06-24 20:12:20 |   --> saved best to C:\Users\Admin\Desktop\hai\ConViTX\code ViT_8 block CNN\HybridModel_PlantPathology_Ablation\results\CNN-Only_none-none_fold1_best.pth
2026-06-24 20:12:24 | Epoch 11/50 | Loss 0.2500 | Acc 93.11% | Val Loss 0.2608 | Val Acc 92.25% | 3.8s
2026-06-24 20:12:24 |   --> saved best to C:\Users\Admin\Desktop\hai\ConViTX\code ViT_8 block CNN\HybridModel_PlantPathology_Ablation\results\CNN-Only_none-none_fold1_best.pth
2026-06-24 20:12:28 | Epoch 12/50 | Loss 0.2360 | Acc 92.93% | Val Loss 0.2471 | Val Acc 92.66% | 3.9s
2026-06-24 20:12:28 |   --> saved best to C:\Users\Admin\Desktop\hai\ConViTX\code ViT_8 block CNN\HybridModel_PlantPathology_Ablation\results\CNN-Only_none-none_fold1_best.pth
2026-06-24 20:12:32 | Epoch 13/50 | Loss 0.2232 | Acc 93.69% | Val Loss 0.2346 | Val Acc 92.82% | 3.8s
2026-06-24 20:12:32 |   --> saved best to C:\Users\Admin\Desktop\hai\ConViTX\code ViT_8 block CNN\HybridModel_PlantPathology_Ablation\results\CNN-Only_none-none_fold1_best.pth
2026-06-24 20:12:36 | Epoch 14/50 | Loss 0.2110 | Acc 94.02% | Val Loss 0.2320 | Val Acc 93.14% | 3.9s
2026-06-24 20:12:36 |   --> saved best to C:\Users\Admin\Desktop\hai\ConViTX\code ViT_8 block CNN\HybridModel_PlantPathology_Ablation\results\CNN-Only_none-none_fold1_best.pth
2026-06-24 20:12:40 | Epoch 15/50 | Loss 0.2072 | Acc 94.00% | Val Loss 0.2227 | Val Acc 93.22% | 3.7s
2026-06-24 20:12:40 |   --> saved best to C:\Users\Admin\Desktop\hai\ConViTX\code ViT_8 block CNN\HybridModel_PlantPathology_Ablation\results\CNN-Only_none-none_fold1_best.pth
2026-06-24 20:12:43 | Epoch 16/50 | Loss 0.1945 | Acc 94.43% | Val Loss 0.2234 | Val Acc 92.90% | 3.8s
2026-06-24 20:12:47 | Epoch 17/50 | Loss 0.1897 | Acc 94.47% | Val Loss 0.2110 | Val Acc 93.14% | 3.9s
2026-06-24 20:12:47 |   --> saved best to C:\Users\Admin\Desktop\hai\ConViTX\code ViT_8 block CNN\HybridModel_PlantPathology_Ablation\results\CNN-Only_none-none_fold1_best.pth
2026-06-24 20:12:51 | Epoch 18/50 | Loss 0.1806 | Acc 94.35% | Val Loss 0.2117 | Val Acc 93.46% | 3.8s
2026-06-24 20:12:55 | Epoch 19/50 | Loss 0.1741 | Acc 94.96% | Val Loss 0.2000 | Val Acc 93.30% | 3.8s
2026-06-24 20:12:55 |   --> saved best to C:\Users\Admin\Desktop\hai\ConViTX\code ViT_8 block CNN\HybridModel_PlantPathology_Ablation\results\CNN-Only_none-none_fold1_best.pth
2026-06-24 20:12:59 | Epoch 20/50 | Loss 0.1690 | Acc 95.07% | Val Loss 0.1947 | Val Acc 93.54% | 3.9s
2026-06-24 20:12:59 |   --> saved best to C:\Users\Admin\Desktop\hai\ConViTX\code ViT_8 block CNN\HybridModel_PlantPathology_Ablation\results\CNN-Only_none-none_fold1_best.pth
2026-06-24 20:13:03 | Epoch 21/50 | Loss 0.1627 | Acc 95.27% | Val Loss 0.1903 | Val Acc 93.30% | 3.9s
2026-06-24 20:13:03 |   --> saved best to C:\Users\Admin\Desktop\hai\ConViTX\code ViT_8 block CNN\HybridModel_PlantPathology_Ablation\results\CNN-Only_none-none_fold1_best.pth
2026-06-24 20:13:07 | Epoch 22/50 | Loss 0.1568 | Acc 95.35% | Val Loss 0.1898 | Val Acc 93.87% | 4.0s
2026-06-24 20:13:07 |   --> saved best to C:\Users\Admin\Desktop\hai\ConViTX\code ViT_8 block CNN\HybridModel_PlantPathology_Ablation\results\CNN-Only_none-none_fold1_best.pth
2026-06-24 20:13:11 | Epoch 23/50 | Loss 0.1531 | Acc 95.48% | Val Loss 0.1861 | Val Acc 93.70% | 3.9s
2026-06-24 20:13:11 |   --> saved best to C:\Users\Admin\Desktop\hai\ConViTX\code ViT_8 block CNN\HybridModel_PlantPathology_Ablation\results\CNN-Only_none-none_fold1_best.pth
2026-06-24 20:13:15 | Epoch 24/50 | Loss 0.1472 | Acc 95.74% | Val Loss 0.1816 | Val Acc 93.70% | 3.8s
2026-06-24 20:13:15 |   --> saved best to C:\Users\Admin\Desktop\hai\ConViTX\code ViT_8 block CNN\HybridModel_PlantPathology_Ablation\results\CNN-Only_none-none_fold1_best.pth
2026-06-24 20:13:19 | Epoch 25/50 | Loss 0.1420 | Acc 95.56% | Val Loss 0.1806 | Val Acc 94.03% | 3.9s
2026-06-24 20:13:19 |   --> saved best to C:\Users\Admin\Desktop\hai\ConViTX\code ViT_8 block CNN\HybridModel_PlantPathology_Ablation\results\CNN-Only_none-none_fold1_best.pth
2026-06-24 20:13:23 | Epoch 26/50 | Loss 0.1373 | Acc 95.79% | Val Loss 0.1759 | Val Acc 94.35% | 3.9s
2026-06-24 20:13:23 |   --> saved best to C:\Users\Admin\Desktop\hai\ConViTX\code ViT_8 block CNN\HybridModel_PlantPathology_Ablation\results\CNN-Only_none-none_fold1_best.pth
2026-06-24 20:13:27 | Epoch 27/50 | Loss 0.1376 | Acc 95.76% | Val Loss 0.1734 | Val Acc 94.35% | 4.1s
2026-06-24 20:13:27 |   --> saved best to C:\Users\Admin\Desktop\hai\ConViTX\code ViT_8 block CNN\HybridModel_PlantPathology_Ablation\results\CNN-Only_none-none_fold1_best.pth
2026-06-24 20:13:31 | Epoch 28/50 | Loss 0.1367 | Acc 95.91% | Val Loss 0.1688 | Val Acc 94.67% | 3.8s
2026-06-24 20:13:31 |   --> saved best to C:\Users\Admin\Desktop\hai\ConViTX\code ViT_8 block CNN\HybridModel_PlantPathology_Ablation\results\CNN-Only_none-none_fold1_best.pth
2026-06-24 20:13:35 | Epoch 29/50 | Loss 0.1330 | Acc 95.91% | Val Loss 0.1789 | Val Acc 93.46% | 4.1s
2026-06-24 20:13:39 | Epoch 30/50 | Loss 0.1275 | Acc 96.18% | Val Loss 0.1630 | Val Acc 94.27% | 3.8s
2026-06-24 20:13:39 |   --> saved best to C:\Users\Admin\Desktop\hai\ConViTX\code ViT_8 block CNN\HybridModel_PlantPathology_Ablation\results\CNN-Only_none-none_fold1_best.pth
2026-06-24 20:13:42 | Epoch 31/50 | Loss 0.1224 | Acc 96.09% | Val Loss 0.1622 | Val Acc 94.75% | 3.8s
2026-06-24 20:13:42 |   --> saved best to C:\Users\Admin\Desktop\hai\ConViTX\code ViT_8 block CNN\HybridModel_PlantPathology_Ablation\results\CNN-Only_none-none_fold1_best.pth
2026-06-24 20:13:46 | Epoch 32/50 | Loss 0.1188 | Acc 96.61% | Val Loss 0.1602 | Val Acc 94.43% | 3.9s
2026-06-24 20:13:46 |   --> saved best to C:\Users\Admin\Desktop\hai\ConViTX\code ViT_8 block CNN\HybridModel_PlantPathology_Ablation\results\CNN-Only_none-none_fold1_best.pth
2026-06-24 20:13:52 | Epoch 33/50 | Loss 0.1156 | Acc 96.34% | Val Loss 0.1641 | Val Acc 94.27% | 6.1s
2026-06-24 20:14:01 | Epoch 34/50 | Loss 0.1164 | Acc 96.44% | Val Loss 0.1612 | Val Acc 94.43% | 8.3s
2026-06-24 20:14:09 | Epoch 35/50 | Loss 0.1115 | Acc 96.57% | Val Loss 0.1611 | Val Acc 94.59% | 8.3s
2026-06-24 20:14:17 | Epoch 36/50 | Loss 0.1072 | Acc 96.53% | Val Loss 0.1588 | Val Acc 94.35% | 8.2s
2026-06-24 20:14:17 |   --> saved best to C:\Users\Admin\Desktop\hai\ConViTX\code ViT_8 block CNN\HybridModel_PlantPathology_Ablation\results\CNN-Only_none-none_fold1_best.pth
2026-06-24 20:14:26 | Epoch 37/50 | Loss 0.1102 | Acc 96.90% | Val Loss 0.1629 | Val Acc 94.75% | 8.2s
2026-06-24 20:14:34 | Epoch 38/50 | Loss 0.1047 | Acc 96.85% | Val Loss 0.1627 | Val Acc 94.19% | 8.3s
2026-06-24 20:14:42 | Epoch 39/50 | Loss 0.1015 | Acc 96.85% | Val Loss 0.1497 | Val Acc 94.92% | 8.2s
2026-06-24 20:14:42 |   --> saved best to C:\Users\Admin\Desktop\hai\ConViTX\code ViT_8 block CNN\HybridModel_PlantPathology_Ablation\results\CNN-Only_none-none_fold1_best.pth
2026-06-24 20:14:51 | Epoch 40/50 | Loss 0.0998 | Acc 97.00% | Val Loss 0.1467 | Val Acc 94.92% | 8.2s
2026-06-24 20:14:51 |   --> saved best to C:\Users\Admin\Desktop\hai\ConViTX\code ViT_8 block CNN\HybridModel_PlantPathology_Ablation\results\CNN-Only_none-none_fold1_best.pth
2026-06-24 20:14:59 | Epoch 41/50 | Loss 0.0992 | Acc 96.96% | Val Loss 0.1523 | Val Acc 95.08% | 8.3s
2026-06-24 20:15:06 | Epoch 42/50 | Loss 0.0979 | Acc 97.00% | Val Loss 0.1471 | Val Acc 95.00% | 7.0s
2026-06-24 20:15:10 | Epoch 43/50 | Loss 0.0957 | Acc 96.81% | Val Loss 0.1729 | Val Acc 93.46% | 4.0s
2026-06-24 20:15:14 | Epoch 44/50 | Loss 0.0909 | Acc 97.29% | Val Loss 0.1458 | Val Acc 95.32% | 3.9s
2026-06-24 20:15:14 |   --> saved best to C:\Users\Admin\Desktop\hai\ConViTX\code ViT_8 block CNN\HybridModel_PlantPathology_Ablation\results\CNN-Only_none-none_fold1_best.pth
2026-06-24 20:15:18 | Epoch 45/50 | Loss 0.0916 | Acc 97.35% | Val Loss 0.1509 | Val Acc 95.16% | 3.8s
2026-06-24 20:15:22 | Epoch 46/50 | Loss 0.0830 | Acc 97.47% | Val Loss 0.1451 | Val Acc 95.00% | 3.9s
2026-06-24 20:15:22 |   --> saved best to C:\Users\Admin\Desktop\hai\ConViTX\code ViT_8 block CNN\HybridModel_PlantPathology_Ablation\results\CNN-Only_none-none_fold1_best.pth
2026-06-24 20:15:26 | Epoch 47/50 | Loss 0.0860 | Acc 97.41% | Val Loss 0.1482 | Val Acc 95.24% | 3.9s
2026-06-24 20:15:30 | Epoch 48/50 | Loss 0.0899 | Acc 97.37% | Val Loss 0.1442 | Val Acc 95.16% | 4.0s
2026-06-24 20:15:30 |   --> saved best to C:\Users\Admin\Desktop\hai\ConViTX\code ViT_8 block CNN\HybridModel_PlantPathology_Ablation\results\CNN-Only_none-none_fold1_best.pth
2026-06-24 20:15:34 | Epoch 49/50 | Loss 0.0876 | Acc 97.31% | Val Loss 0.1453 | Val Acc 94.83% | 3.8s
2026-06-24 20:15:38 | Epoch 50/50 | Loss 0.0831 | Acc 97.62% | Val Loss 0.1407 | Val Acc 95.24% | 3.8s
2026-06-24 20:15:38 |   --> saved best to C:\Users\Admin\Desktop\hai\ConViTX\code ViT_8 block CNN\HybridModel_PlantPathology_Ablation\results\CNN-Only_none-none_fold1_best.pth
2026-06-24 20:15:38 | Finished CNN-Only_none-none fold 1 in 4.83 min.
2026-06-24 20:15:41 | 
================================================================================
2026-06-24 20:15:41 | TRAINING: CNN-Only_none-none | FOLD 2/5
2026-06-24 20:15:41 | ================================================================================
2026-06-24 20:16:16 | Epoch 01/50 | Loss 1.2388 | Acc 43.61% | Val Loss 1.1005 | Val Acc 59.24% | 35.6s
2026-06-24 20:16:16 |   --> saved best to C:\Users\Admin\Desktop\hai\ConViTX\code ViT_8 block CNN\HybridModel_PlantPathology_Ablation\results\CNN-Only_none-none_fold2_best.pth
2026-06-24 20:16:20 | Epoch 02/50 | Loss 0.9611 | Acc 67.70% | Val Loss 0.8220 | Val Acc 72.56% | 3.8s
2026-06-24 20:16:20 |   --> saved best to C:\Users\Admin\Desktop\hai\ConViTX\code ViT_8 block CNN\HybridModel_PlantPathology_Ablation\results\CNN-Only_none-none_fold2_best.pth
2026-06-24 20:16:24 | Epoch 03/50 | Loss 0.7100 | Acc 80.47% | Val Loss 0.6080 | Val Acc 82.24% | 3.8s
2026-06-24 20:16:24 |   --> saved best to C:\Users\Admin\Desktop\hai\ConViTX\code ViT_8 block CNN\HybridModel_PlantPathology_Ablation\results\CNN-Only_none-none_fold2_best.pth
2026-06-24 20:16:28 | Epoch 04/50 | Loss 0.5324 | Acc 86.16% | Val Loss 0.4435 | Val Acc 89.27% | 3.8s
2026-06-24 20:16:28 |   --> saved best to C:\Users\Admin\Desktop\hai\ConViTX\code ViT_8 block CNN\HybridModel_PlantPathology_Ablation\results\CNN-Only_none-none_fold2_best.pth
2026-06-24 20:16:32 | Epoch 05/50 | Loss 0.4323 | Acc 89.02% | Val Loss 0.3655 | Val Acc 90.88% | 3.9s
2026-06-24 20:16:32 |   --> saved best to C:\Users\Admin\Desktop\hai\ConViTX\code ViT_8 block CNN\HybridModel_PlantPathology_Ablation\results\CNN-Only_none-none_fold2_best.pth
2026-06-24 20:16:36 | Epoch 06/50 | Loss 0.3769 | Acc 89.95% | Val Loss 0.3312 | Val Acc 91.20% | 3.8s
2026-06-24 20:16:36 |   --> saved best to C:\Users\Admin\Desktop\hai\ConViTX\code ViT_8 block CNN\HybridModel_PlantPathology_Ablation\results\CNN-Only_none-none_fold2_best.pth
2026-06-24 20:16:40 | Epoch 07/50 | Loss 0.3382 | Acc 90.97% | Val Loss 0.2881 | Val Acc 92.33% | 3.8s
2026-06-24 20:16:40 |   --> saved best to C:\Users\Admin\Desktop\hai\ConViTX\code ViT_8 block CNN\HybridModel_PlantPathology_Ablation\results\CNN-Only_none-none_fold2_best.pth
2026-06-24 20:16:43 | Epoch 08/50 | Loss 0.3093 | Acc 91.78% | Val Loss 0.2613 | Val Acc 92.66% | 3.8s
2026-06-24 20:16:43 |   --> saved best to C:\Users\Admin\Desktop\hai\ConViTX\code ViT_8 block CNN\HybridModel_PlantPathology_Ablation\results\CNN-Only_none-none_fold2_best.pth
2026-06-24 20:16:47 | Epoch 09/50 | Loss 0.2896 | Acc 92.15% | Val Loss 0.2426 | Val Acc 93.06% | 3.8s
2026-06-24 20:16:47 |   --> saved best to C:\Users\Admin\Desktop\hai\ConViTX\code ViT_8 block CNN\HybridModel_PlantPathology_Ablation\results\CNN-Only_none-none_fold2_best.pth
2026-06-24 20:16:51 | Epoch 10/50 | Loss 0.2678 | Acc 92.50% | Val Loss 0.2335 | Val Acc 92.82% | 3.8s
2026-06-24 20:16:51 |   --> saved best to C:\Users\Admin\Desktop\hai\ConViTX\code ViT_8 block CNN\HybridModel_PlantPathology_Ablation\results\CNN-Only_none-none_fold2_best.pth
2026-06-24 20:16:55 | Epoch 11/50 | Loss 0.2501 | Acc 93.09% | Val Loss 0.2165 | Val Acc 93.30% | 3.8s
2026-06-24 20:16:55 |   --> saved best to C:\Users\Admin\Desktop\hai\ConViTX\code ViT_8 block CNN\HybridModel_PlantPathology_Ablation\results\CNN-Only_none-none_fold2_best.pth
2026-06-24 20:16:59 | Epoch 12/50 | Loss 0.2393 | Acc 93.22% | Val Loss 0.2138 | Val Acc 93.22% | 3.7s
2026-06-24 20:16:59 |   --> saved best to C:\Users\Admin\Desktop\hai\ConViTX\code ViT_8 block CNN\HybridModel_PlantPathology_Ablation\results\CNN-Only_none-none_fold2_best.pth
2026-06-24 20:17:02 | Epoch 13/50 | Loss 0.2333 | Acc 93.26% | Val Loss 0.1985 | Val Acc 94.11% | 3.8s
2026-06-24 20:17:03 |   --> saved best to C:\Users\Admin\Desktop\hai\ConViTX\code ViT_8 block CNN\HybridModel_PlantPathology_Ablation\results\CNN-Only_none-none_fold2_best.pth
2026-06-24 20:17:06 | Epoch 14/50 | Loss 0.2146 | Acc 93.91% | Val Loss 0.1929 | Val Acc 94.19% | 3.7s
2026-06-24 20:17:06 |   --> saved best to C:\Users\Admin\Desktop\hai\ConViTX\code ViT_8 block CNN\HybridModel_PlantPathology_Ablation\results\CNN-Only_none-none_fold2_best.pth
2026-06-24 20:17:10 | Epoch 15/50 | Loss 0.2069 | Acc 94.12% | Val Loss 0.1838 | Val Acc 94.19% | 3.8s
2026-06-24 20:17:10 |   --> saved best to C:\Users\Admin\Desktop\hai\ConViTX\code ViT_8 block CNN\HybridModel_PlantPathology_Ablation\results\CNN-Only_none-none_fold2_best.pth
2026-06-24 20:17:14 | Epoch 16/50 | Loss 0.1987 | Acc 94.14% | Val Loss 0.1764 | Val Acc 94.19% | 3.9s
2026-06-24 20:17:14 |   --> saved best to C:\Users\Admin\Desktop\hai\ConViTX\code ViT_8 block CNN\HybridModel_PlantPathology_Ablation\results\CNN-Only_none-none_fold2_best.pth
2026-06-24 20:17:18 | Epoch 17/50 | Loss 0.1894 | Acc 94.41% | Val Loss 0.1714 | Val Acc 94.51% | 3.9s
2026-06-24 20:17:18 |   --> saved best to C:\Users\Admin\Desktop\hai\ConViTX\code ViT_8 block CNN\HybridModel_PlantPathology_Ablation\results\CNN-Only_none-none_fold2_best.pth
2026-06-24 20:17:22 | Epoch 18/50 | Loss 0.1840 | Acc 94.72% | Val Loss 0.1660 | Val Acc 95.00% | 3.9s
2026-06-24 20:17:22 |   --> saved best to C:\Users\Admin\Desktop\hai\ConViTX\code ViT_8 block CNN\HybridModel_PlantPathology_Ablation\results\CNN-Only_none-none_fold2_best.pth
2026-06-24 20:17:26 | Epoch 19/50 | Loss 0.1801 | Acc 94.55% | Val Loss 0.1590 | Val Acc 95.24% | 3.9s
2026-06-24 20:17:26 |   --> saved best to C:\Users\Admin\Desktop\hai\ConViTX\code ViT_8 block CNN\HybridModel_PlantPathology_Ablation\results\CNN-Only_none-none_fold2_best.pth
2026-06-24 20:17:30 | Epoch 20/50 | Loss 0.1752 | Acc 94.82% | Val Loss 0.1576 | Val Acc 95.32% | 3.8s
2026-06-24 20:17:30 |   --> saved best to C:\Users\Admin\Desktop\hai\ConViTX\code ViT_8 block CNN\HybridModel_PlantPathology_Ablation\results\CNN-Only_none-none_fold2_best.pth
2026-06-24 20:17:34 | Epoch 21/50 | Loss 0.1689 | Acc 95.23% | Val Loss 0.1578 | Val Acc 95.40% | 3.8s
2026-06-24 20:17:37 | Epoch 22/50 | Loss 0.1577 | Acc 95.21% | Val Loss 0.1486 | Val Acc 95.48% | 3.9s
2026-06-24 20:17:37 |   --> saved best to C:\Users\Admin\Desktop\hai\ConViTX\code ViT_8 block CNN\HybridModel_PlantPathology_Ablation\results\CNN-Only_none-none_fold2_best.pth
2026-06-24 20:17:41 | Epoch 23/50 | Loss 0.1570 | Acc 95.50% | Val Loss 0.1485 | Val Acc 95.56% | 3.9s
2026-06-24 20:17:41 |   --> saved best to C:\Users\Admin\Desktop\hai\ConViTX\code ViT_8 block CNN\HybridModel_PlantPathology_Ablation\results\CNN-Only_none-none_fold2_best.pth
2026-06-24 20:17:45 | Epoch 24/50 | Loss 0.1538 | Acc 95.35% | Val Loss 0.1390 | Val Acc 95.80% | 3.9s
2026-06-24 20:17:45 |   --> saved best to C:\Users\Admin\Desktop\hai\ConViTX\code ViT_8 block CNN\HybridModel_PlantPathology_Ablation\results\CNN-Only_none-none_fold2_best.pth
2026-06-24 20:17:49 | Epoch 25/50 | Loss 0.1494 | Acc 95.70% | Val Loss 0.1425 | Val Acc 95.24% | 3.9s
2026-06-24 20:17:53 | Epoch 26/50 | Loss 0.1478 | Acc 95.50% | Val Loss 0.1396 | Val Acc 95.64% | 3.9s
2026-06-24 20:17:57 | Epoch 27/50 | Loss 0.1391 | Acc 95.89% | Val Loss 0.1375 | Val Acc 95.80% | 3.8s
2026-06-24 20:17:57 |   --> saved best to C:\Users\Admin\Desktop\hai\ConViTX\code ViT_8 block CNN\HybridModel_PlantPathology_Ablation\results\CNN-Only_none-none_fold2_best.pth
2026-06-24 20:18:01 | Epoch 28/50 | Loss 0.1408 | Acc 95.39% | Val Loss 0.1336 | Val Acc 95.64% | 3.9s
2026-06-24 20:18:01 |   --> saved best to C:\Users\Admin\Desktop\hai\ConViTX\code ViT_8 block CNN\HybridModel_PlantPathology_Ablation\results\CNN-Only_none-none_fold2_best.pth
2026-06-24 20:18:05 | Epoch 29/50 | Loss 0.1351 | Acc 95.99% | Val Loss 0.1293 | Val Acc 96.21% | 3.8s
2026-06-24 20:18:05 |   --> saved best to C:\Users\Admin\Desktop\hai\ConViTX\code ViT_8 block CNN\HybridModel_PlantPathology_Ablation\results\CNN-Only_none-none_fold2_best.pth
2026-06-24 20:18:09 | Epoch 30/50 | Loss 0.1362 | Acc 95.72% | Val Loss 0.1294 | Val Acc 95.88% | 3.9s
2026-06-24 20:18:12 | Epoch 31/50 | Loss 0.1283 | Acc 95.95% | Val Loss 0.1367 | Val Acc 95.32% | 3.8s
2026-06-24 20:18:16 | Epoch 32/50 | Loss 0.1300 | Acc 96.20% | Val Loss 0.1267 | Val Acc 95.48% | 3.8s
2026-06-24 20:18:16 |   --> saved best to C:\Users\Admin\Desktop\hai\ConViTX\code ViT_8 block CNN\HybridModel_PlantPathology_Ablation\results\CNN-Only_none-none_fold2_best.pth
2026-06-24 20:18:20 | Epoch 33/50 | Loss 0.1235 | Acc 96.40% | Val Loss 0.1206 | Val Acc 95.88% | 3.9s
2026-06-24 20:18:20 |   --> saved best to C:\Users\Admin\Desktop\hai\ConViTX\code ViT_8 block CNN\HybridModel_PlantPathology_Ablation\results\CNN-Only_none-none_fold2_best.pth
2026-06-24 20:18:24 | Epoch 34/50 | Loss 0.1188 | Acc 96.48% | Val Loss 0.1274 | Val Acc 95.96% | 3.9s
2026-06-24 20:18:28 | Epoch 35/50 | Loss 0.1142 | Acc 96.28% | Val Loss 0.1228 | Val Acc 96.13% | 3.9s
2026-06-24 20:18:32 | Epoch 36/50 | Loss 0.1135 | Acc 96.73% | Val Loss 0.1169 | Val Acc 96.13% | 3.9s
2026-06-24 20:18:32 |   --> saved best to C:\Users\Admin\Desktop\hai\ConViTX\code ViT_8 block CNN\HybridModel_PlantPathology_Ablation\results\CNN-Only_none-none_fold2_best.pth
2026-06-24 20:18:36 | Epoch 37/50 | Loss 0.1143 | Acc 96.65% | Val Loss 0.1186 | Val Acc 95.80% | 3.9s
2026-06-24 20:18:40 | Epoch 38/50 | Loss 0.1132 | Acc 96.40% | Val Loss 0.1196 | Val Acc 96.05% | 3.8s
2026-06-24 20:18:44 | Epoch 39/50 | Loss 0.1123 | Acc 96.63% | Val Loss 0.1151 | Val Acc 96.37% | 3.9s
2026-06-24 20:18:44 |   --> saved best to C:\Users\Admin\Desktop\hai\ConViTX\code ViT_8 block CNN\HybridModel_PlantPathology_Ablation\results\CNN-Only_none-none_fold2_best.pth
2026-06-24 20:18:48 | Epoch 40/50 | Loss 0.1101 | Acc 96.53% | Val Loss 0.1232 | Val Acc 96.05% | 3.9s
2026-06-24 20:18:52 | Epoch 41/50 | Loss 0.1031 | Acc 96.77% | Val Loss 0.1141 | Val Acc 96.37% | 4.0s
2026-06-24 20:18:52 |   --> saved best to C:\Users\Admin\Desktop\hai\ConViTX\code ViT_8 block CNN\HybridModel_PlantPathology_Ablation\results\CNN-Only_none-none_fold2_best.pth
2026-06-24 20:18:56 | Epoch 42/50 | Loss 0.1005 | Acc 97.04% | Val Loss 0.1176 | Val Acc 96.29% | 3.9s
2026-06-24 20:19:00 | Epoch 43/50 | Loss 0.1055 | Acc 96.69% | Val Loss 0.1162 | Val Acc 95.96% | 3.9s
2026-06-24 20:19:05 | Epoch 44/50 | Loss 0.0987 | Acc 97.06% | Val Loss 0.1093 | Val Acc 96.29% | 5.0s
2026-06-24 20:19:05 |   --> saved best to C:\Users\Admin\Desktop\hai\ConViTX\code ViT_8 block CNN\HybridModel_PlantPathology_Ablation\results\CNN-Only_none-none_fold2_best.pth
2026-06-24 20:19:13 | Epoch 45/50 | Loss 0.0968 | Acc 97.14% | Val Loss 0.1129 | Val Acc 95.88% | 8.5s
2026-06-24 20:19:22 | Epoch 46/50 | Loss 0.0965 | Acc 97.14% | Val Loss 0.1134 | Val Acc 96.13% | 8.4s
2026-06-24 20:19:30 | Epoch 47/50 | Loss 0.0971 | Acc 96.85% | Val Loss 0.1132 | Val Acc 96.37% | 8.2s
2026-06-24 20:19:38 | Epoch 48/50 | Loss 0.0951 | Acc 97.08% | Val Loss 0.1094 | Val Acc 96.53% | 8.2s
2026-06-24 20:19:46 | Epoch 49/50 | Loss 0.0932 | Acc 97.22% | Val Loss 0.1218 | Val Acc 95.88% | 8.3s
2026-06-24 20:19:55 | Epoch 50/50 | Loss 0.0872 | Acc 97.57% | Val Loss 0.1134 | Val Acc 96.13% | 8.3s
2026-06-24 20:19:55 | Finished CNN-Only_none-none fold 2 in 4.23 min.
2026-06-24 20:19:59 | 
================================================================================
2026-06-24 20:19:59 | TRAINING: CNN-Only_none-none | FOLD 3/5
2026-06-24 20:19:59 | ================================================================================
2026-06-24 20:20:50 | Epoch 01/50 | Loss 1.1960 | Acc 51.19% | Val Loss 1.1031 | Val Acc 58.64% | 51.4s
2026-06-24 20:20:50 |   --> saved best to C:\Users\Admin\Desktop\hai\ConViTX\code ViT_8 block CNN\HybridModel_PlantPathology_Ablation\results\CNN-Only_none-none_fold3_best.pth
2026-06-24 20:20:54 | Epoch 02/50 | Loss 0.9039 | Acc 71.05% | Val Loss 0.7618 | Val Acc 73.99% | 4.1s
2026-06-24 20:20:54 |   --> saved best to C:\Users\Admin\Desktop\hai\ConViTX\code ViT_8 block CNN\HybridModel_PlantPathology_Ablation\results\CNN-Only_none-none_fold3_best.pth
2026-06-24 20:20:58 | Epoch 03/50 | Loss 0.6435 | Acc 83.14% | Val Loss 0.5583 | Val Acc 84.25% | 3.9s
2026-06-24 20:20:58 |   --> saved best to C:\Users\Admin\Desktop\hai\ConViTX\code ViT_8 block CNN\HybridModel_PlantPathology_Ablation\results\CNN-Only_none-none_fold3_best.pth
2026-06-24 20:21:02 | Epoch 04/50 | Loss 0.4827 | Acc 87.93% | Val Loss 0.4297 | Val Acc 88.29% | 3.9s
2026-06-24 20:21:02 |   --> saved best to C:\Users\Admin\Desktop\hai\ConViTX\code ViT_8 block CNN\HybridModel_PlantPathology_Ablation\results\CNN-Only_none-none_fold3_best.pth
2026-06-24 20:21:06 | Epoch 05/50 | Loss 0.4043 | Acc 89.31% | Val Loss 0.3618 | Val Acc 90.47% | 3.8s
2026-06-24 20:21:06 |   --> saved best to C:\Users\Admin\Desktop\hai\ConViTX\code ViT_8 block CNN\HybridModel_PlantPathology_Ablation\results\CNN-Only_none-none_fold3_best.pth
2026-06-24 20:21:10 | Epoch 06/50 | Loss 0.3598 | Acc 90.11% | Val Loss 0.3357 | Val Acc 90.87% | 3.9s
2026-06-24 20:21:10 |   --> saved best to C:\Users\Admin\Desktop\hai\ConViTX\code ViT_8 block CNN\HybridModel_PlantPathology_Ablation\results\CNN-Only_none-none_fold3_best.pth
2026-06-24 20:21:14 | Epoch 07/50 | Loss 0.3215 | Acc 91.28% | Val Loss 0.3005 | Val Acc 91.92% | 3.9s
2026-06-24 20:21:14 |   --> saved best to C:\Users\Admin\Desktop\hai\ConViTX\code ViT_8 block CNN\HybridModel_PlantPathology_Ablation\results\CNN-Only_none-none_fold3_best.pth
2026-06-24 20:21:18 | Epoch 08/50 | Loss 0.2941 | Acc 92.06% | Val Loss 0.2759 | Val Acc 92.49% | 4.2s
2026-06-24 20:21:18 |   --> saved best to C:\Users\Admin\Desktop\hai\ConViTX\code ViT_8 block CNN\HybridModel_PlantPathology_Ablation\results\CNN-Only_none-none_fold3_best.pth
2026-06-24 20:21:22 | Epoch 09/50 | Loss 0.2745 | Acc 92.25% | Val Loss 0.2596 | Val Acc 92.65% | 4.0s
2026-06-24 20:21:22 |   --> saved best to C:\Users\Admin\Desktop\hai\ConViTX\code ViT_8 block CNN\HybridModel_PlantPathology_Ablation\results\CNN-Only_none-none_fold3_best.pth
2026-06-24 20:21:26 | Epoch 10/50 | Loss 0.2618 | Acc 92.50% | Val Loss 0.2469 | Val Acc 93.05% | 4.1s
2026-06-24 20:21:26 |   --> saved best to C:\Users\Admin\Desktop\hai\ConViTX\code ViT_8 block CNN\HybridModel_PlantPathology_Ablation\results\CNN-Only_none-none_fold3_best.pth
2026-06-24 20:21:30 | Epoch 11/50 | Loss 0.2474 | Acc 92.91% | Val Loss 0.2381 | Val Acc 93.21% | 3.9s
2026-06-24 20:21:30 |   --> saved best to C:\Users\Admin\Desktop\hai\ConViTX\code ViT_8 block CNN\HybridModel_PlantPathology_Ablation\results\CNN-Only_none-none_fold3_best.pth
2026-06-24 20:21:34 | Epoch 12/50 | Loss 0.2306 | Acc 93.56% | Val Loss 0.2269 | Val Acc 93.70% | 3.8s
2026-06-24 20:21:34 |   --> saved best to C:\Users\Admin\Desktop\hai\ConViTX\code ViT_8 block CNN\HybridModel_PlantPathology_Ablation\results\CNN-Only_none-none_fold3_best.pth
2026-06-24 20:21:38 | Epoch 13/50 | Loss 0.2217 | Acc 93.34% | Val Loss 0.2170 | Val Acc 93.46% | 3.8s
2026-06-24 20:21:38 |   --> saved best to C:\Users\Admin\Desktop\hai\ConViTX\code ViT_8 block CNN\HybridModel_PlantPathology_Ablation\results\CNN-Only_none-none_fold3_best.pth
2026-06-24 20:21:42 | Epoch 14/50 | Loss 0.2154 | Acc 93.50% | Val Loss 0.2066 | Val Acc 93.86% | 3.9s
2026-06-24 20:21:42 |   --> saved best to C:\Users\Admin\Desktop\hai\ConViTX\code ViT_8 block CNN\HybridModel_PlantPathology_Ablation\results\CNN-Only_none-none_fold3_best.pth
2026-06-24 20:21:46 | Epoch 15/50 | Loss 0.2020 | Acc 93.98% | Val Loss 0.2011 | Val Acc 94.99% | 3.9s
2026-06-24 20:21:46 |   --> saved best to C:\Users\Admin\Desktop\hai\ConViTX\code ViT_8 block CNN\HybridModel_PlantPathology_Ablation\results\CNN-Only_none-none_fold3_best.pth
2026-06-24 20:21:50 | Epoch 16/50 | Loss 0.1939 | Acc 94.33% | Val Loss 0.1948 | Val Acc 93.78% | 3.9s
2026-06-24 20:21:50 |   --> saved best to C:\Users\Admin\Desktop\hai\ConViTX\code ViT_8 block CNN\HybridModel_PlantPathology_Ablation\results\CNN-Only_none-none_fold3_best.pth
2026-06-24 20:21:53 | Epoch 17/50 | Loss 0.1881 | Acc 94.41% | Val Loss 0.1926 | Val Acc 94.43% | 3.8s
2026-06-24 20:21:53 |   --> saved best to C:\Users\Admin\Desktop\hai\ConViTX\code ViT_8 block CNN\HybridModel_PlantPathology_Ablation\results\CNN-Only_none-none_fold3_best.pth
2026-06-24 20:21:57 | Epoch 18/50 | Loss 0.1802 | Acc 94.68% | Val Loss 0.1806 | Val Acc 94.83% | 3.9s
2026-06-24 20:21:57 |   --> saved best to C:\Users\Admin\Desktop\hai\ConViTX\code ViT_8 block CNN\HybridModel_PlantPathology_Ablation\results\CNN-Only_none-none_fold3_best.pth
2026-06-24 20:22:01 | Epoch 19/50 | Loss 0.1720 | Acc 94.78% | Val Loss 0.1771 | Val Acc 95.07% | 3.8s
2026-06-24 20:22:01 |   --> saved best to C:\Users\Admin\Desktop\hai\ConViTX\code ViT_8 block CNN\HybridModel_PlantPathology_Ablation\results\CNN-Only_none-none_fold3_best.pth
2026-06-24 20:22:05 | Epoch 20/50 | Loss 0.1693 | Acc 95.17% | Val Loss 0.1718 | Val Acc 94.91% | 3.9s
2026-06-24 20:22:05 |   --> saved best to C:\Users\Admin\Desktop\hai\ConViTX\code ViT_8 block CNN\HybridModel_PlantPathology_Ablation\results\CNN-Only_none-none_fold3_best.pth
2026-06-24 20:22:09 | Epoch 21/50 | Loss 0.1619 | Acc 95.11% | Val Loss 0.1676 | Val Acc 94.83% | 3.9s
2026-06-24 20:22:09 |   --> saved best to C:\Users\Admin\Desktop\hai\ConViTX\code ViT_8 block CNN\HybridModel_PlantPathology_Ablation\results\CNN-Only_none-none_fold3_best.pth
2026-06-24 20:22:13 | Epoch 22/50 | Loss 0.1589 | Acc 95.17% | Val Loss 0.1642 | Val Acc 94.91% | 3.9s
2026-06-24 20:22:13 |   --> saved best to C:\Users\Admin\Desktop\hai\ConViTX\code ViT_8 block CNN\HybridModel_PlantPathology_Ablation\results\CNN-Only_none-none_fold3_best.pth
2026-06-24 20:22:17 | Epoch 23/50 | Loss 0.1462 | Acc 95.50% | Val Loss 0.1663 | Val Acc 95.23% | 3.8s
2026-06-24 20:22:21 | Epoch 24/50 | Loss 0.1499 | Acc 95.25% | Val Loss 0.1632 | Val Acc 94.75% | 3.8s
2026-06-24 20:22:21 |   --> saved best to C:\Users\Admin\Desktop\hai\ConViTX\code ViT_8 block CNN\HybridModel_PlantPathology_Ablation\results\CNN-Only_none-none_fold3_best.pth
2026-06-24 20:22:25 | Epoch 25/50 | Loss 0.1471 | Acc 95.54% | Val Loss 0.1607 | Val Acc 94.75% | 3.7s
2026-06-24 20:22:25 |   --> saved best to C:\Users\Admin\Desktop\hai\ConViTX\code ViT_8 block CNN\HybridModel_PlantPathology_Ablation\results\CNN-Only_none-none_fold3_best.pth
2026-06-24 20:22:28 | Epoch 26/50 | Loss 0.1430 | Acc 95.52% | Val Loss 0.1558 | Val Acc 95.64% | 3.8s
2026-06-24 20:22:28 |   --> saved best to C:\Users\Admin\Desktop\hai\ConViTX\code ViT_8 block CNN\HybridModel_PlantPathology_Ablation\results\CNN-Only_none-none_fold3_best.pth
2026-06-24 20:22:32 | Epoch 27/50 | Loss 0.1367 | Acc 95.74% | Val Loss 0.1529 | Val Acc 95.32% | 3.8s
2026-06-24 20:22:32 |   --> saved best to C:\Users\Admin\Desktop\hai\ConViTX\code ViT_8 block CNN\HybridModel_PlantPathology_Ablation\results\CNN-Only_none-none_fold3_best.pth
2026-06-24 20:22:36 | Epoch 28/50 | Loss 0.1339 | Acc 95.70% | Val Loss 0.1547 | Val Acc 95.32% | 3.8s
2026-06-24 20:22:40 | Epoch 29/50 | Loss 0.1360 | Acc 95.87% | Val Loss 0.1476 | Val Acc 95.40% | 3.8s
2026-06-24 20:22:40 |   --> saved best to C:\Users\Admin\Desktop\hai\ConViTX\code ViT_8 block CNN\HybridModel_PlantPathology_Ablation\results\CNN-Only_none-none_fold3_best.pth
2026-06-24 20:22:44 | Epoch 30/50 | Loss 0.1301 | Acc 96.05% | Val Loss 0.1515 | Val Acc 95.40% | 4.0s
2026-06-24 20:22:48 | Epoch 31/50 | Loss 0.1283 | Acc 96.01% | Val Loss 0.1508 | Val Acc 94.91% | 3.8s
2026-06-24 20:22:52 | Epoch 32/50 | Loss 0.1254 | Acc 96.09% | Val Loss 0.1512 | Val Acc 95.07% | 3.9s
2026-06-24 20:22:56 | Epoch 33/50 | Loss 0.1185 | Acc 96.42% | Val Loss 0.1418 | Val Acc 95.23% | 3.9s
2026-06-24 20:22:56 |   --> saved best to C:\Users\Admin\Desktop\hai\ConViTX\code ViT_8 block CNN\HybridModel_PlantPathology_Ablation\results\CNN-Only_none-none_fold3_best.pth
2026-06-24 20:23:00 | Epoch 34/50 | Loss 0.1167 | Acc 96.48% | Val Loss 0.1450 | Val Acc 95.23% | 3.9s
2026-06-24 20:23:04 | Epoch 35/50 | Loss 0.1191 | Acc 96.16% | Val Loss 0.1403 | Val Acc 95.40% | 3.9s
2026-06-24 20:23:04 |   --> saved best to C:\Users\Admin\Desktop\hai\ConViTX\code ViT_8 block CNN\HybridModel_PlantPathology_Ablation\results\CNN-Only_none-none_fold3_best.pth
2026-06-24 20:23:08 | Epoch 36/50 | Loss 0.1066 | Acc 96.73% | Val Loss 0.1457 | Val Acc 95.56% | 3.9s
2026-06-24 20:23:11 | Epoch 37/50 | Loss 0.1060 | Acc 96.92% | Val Loss 0.1457 | Val Acc 95.40% | 3.9s
2026-06-24 20:23:15 | Epoch 38/50 | Loss 0.1075 | Acc 96.69% | Val Loss 0.1444 | Val Acc 94.99% | 3.9s
2026-06-24 20:23:19 | Epoch 39/50 | Loss 0.1054 | Acc 96.92% | Val Loss 0.1453 | Val Acc 95.72% | 3.9s
2026-06-24 20:23:23 | Epoch 40/50 | Loss 0.1013 | Acc 96.96% | Val Loss 0.1487 | Val Acc 95.32% | 3.9s
2026-06-24 20:23:27 | Epoch 41/50 | Loss 0.1000 | Acc 96.98% | Val Loss 0.1399 | Val Acc 95.56% | 3.9s
2026-06-24 20:23:27 |   --> saved best to C:\Users\Admin\Desktop\hai\ConViTX\code ViT_8 block CNN\HybridModel_PlantPathology_Ablation\results\CNN-Only_none-none_fold3_best.pth
2026-06-24 20:23:31 | Epoch 42/50 | Loss 0.0965 | Acc 97.43% | Val Loss 0.1434 | Val Acc 95.32% | 3.8s
2026-06-24 20:23:35 | Epoch 43/50 | Loss 0.0952 | Acc 96.92% | Val Loss 0.1404 | Val Acc 95.32% | 3.8s
2026-06-24 20:23:39 | Epoch 44/50 | Loss 0.0983 | Acc 97.16% | Val Loss 0.1391 | Val Acc 95.07% | 4.1s
2026-06-24 20:23:39 |   --> saved best to C:\Users\Admin\Desktop\hai\ConViTX\code ViT_8 block CNN\HybridModel_PlantPathology_Ablation\results\CNN-Only_none-none_fold3_best.pth
2026-06-24 20:23:43 | Epoch 45/50 | Loss 0.0863 | Acc 97.35% | Val Loss 0.1436 | Val Acc 95.40% | 3.7s
2026-06-24 20:23:46 | Epoch 46/50 | Loss 0.0945 | Acc 97.06% | Val Loss 0.1429 | Val Acc 95.48% | 3.7s
2026-06-24 20:23:50 | Epoch 47/50 | Loss 0.0831 | Acc 97.51% | Val Loss 0.1360 | Val Acc 95.32% | 3.7s
2026-06-24 20:23:50 |   --> saved best to C:\Users\Admin\Desktop\hai\ConViTX\code ViT_8 block CNN\HybridModel_PlantPathology_Ablation\results\CNN-Only_none-none_fold3_best.pth
2026-06-24 20:23:54 | Epoch 48/50 | Loss 0.0876 | Acc 97.57% | Val Loss 0.1362 | Val Acc 95.07% | 3.6s
2026-06-24 20:23:57 | Epoch 49/50 | Loss 0.0839 | Acc 97.66% | Val Loss 0.1415 | Val Acc 95.88% | 3.6s
2026-06-24 20:24:01 | Epoch 50/50 | Loss 0.0807 | Acc 97.72% | Val Loss 0.1486 | Val Acc 95.64% | 3.6s
2026-06-24 20:24:01 | Finished CNN-Only_none-none fold 3 in 4.04 min.
2026-06-24 20:24:03 | 
================================================================================
2026-06-24 20:24:03 | TRAINING: CNN-Only_none-none | FOLD 4/5
2026-06-24 20:24:03 | ================================================================================
2026-06-24 20:24:36 | Epoch 01/50 | Loss 1.1920 | Acc 52.06% | Val Loss 1.0712 | Val Acc 62.76% | 32.8s
2026-06-24 20:24:36 |   --> saved best to C:\Users\Admin\Desktop\hai\ConViTX\code ViT_8 block CNN\HybridModel_PlantPathology_Ablation\results\CNN-Only_none-none_fold4_best.pth
2026-06-24 20:24:40 | Epoch 02/50 | Loss 0.9207 | Acc 70.39% | Val Loss 0.7697 | Val Acc 76.09% | 3.7s
2026-06-24 20:24:40 |   --> saved best to C:\Users\Admin\Desktop\hai\ConViTX\code ViT_8 block CNN\HybridModel_PlantPathology_Ablation\results\CNN-Only_none-none_fold4_best.pth
2026-06-24 20:24:44 | Epoch 03/50 | Loss 0.6770 | Acc 82.98% | Val Loss 0.5567 | Val Acc 85.38% | 3.6s
2026-06-24 20:24:44 |   --> saved best to C:\Users\Admin\Desktop\hai\ConViTX\code ViT_8 block CNN\HybridModel_PlantPathology_Ablation\results\CNN-Only_none-none_fold4_best.pth
2026-06-24 20:24:47 | Epoch 04/50 | Loss 0.5192 | Acc 86.41% | Val Loss 0.4269 | Val Acc 89.34% | 3.6s
2026-06-24 20:24:47 |   --> saved best to C:\Users\Admin\Desktop\hai\ConViTX\code ViT_8 block CNN\HybridModel_PlantPathology_Ablation\results\CNN-Only_none-none_fold4_best.pth
2026-06-24 20:24:51 | Epoch 05/50 | Loss 0.4280 | Acc 88.94% | Val Loss 0.3609 | Val Acc 90.06% | 3.7s
2026-06-24 20:24:51 |   --> saved best to C:\Users\Admin\Desktop\hai\ConViTX\code ViT_8 block CNN\HybridModel_PlantPathology_Ablation\results\CNN-Only_none-none_fold4_best.pth
2026-06-24 20:24:55 | Epoch 06/50 | Loss 0.3735 | Acc 90.40% | Val Loss 0.3132 | Val Acc 91.52% | 3.6s
2026-06-24 20:24:55 |   --> saved best to C:\Users\Admin\Desktop\hai\ConViTX\code ViT_8 block CNN\HybridModel_PlantPathology_Ablation\results\CNN-Only_none-none_fold4_best.pth
2026-06-24 20:24:58 | Epoch 07/50 | Loss 0.3341 | Acc 91.41% | Val Loss 0.2836 | Val Acc 92.25% | 3.6s
2026-06-24 20:24:58 |   --> saved best to C:\Users\Admin\Desktop\hai\ConViTX\code ViT_8 block CNN\HybridModel_PlantPathology_Ablation\results\CNN-Only_none-none_fold4_best.pth
2026-06-24 20:25:02 | Epoch 08/50 | Loss 0.3071 | Acc 91.67% | Val Loss 0.2574 | Val Acc 92.73% | 3.7s
2026-06-24 20:25:02 |   --> saved best to C:\Users\Admin\Desktop\hai\ConViTX\code ViT_8 block CNN\HybridModel_PlantPathology_Ablation\results\CNN-Only_none-none_fold4_best.pth
2026-06-24 20:25:06 | Epoch 09/50 | Loss 0.2858 | Acc 92.04% | Val Loss 0.2407 | Val Acc 93.21% | 3.7s
2026-06-24 20:25:06 |   --> saved best to C:\Users\Admin\Desktop\hai\ConViTX\code ViT_8 block CNN\HybridModel_PlantPathology_Ablation\results\CNN-Only_none-none_fold4_best.pth
2026-06-24 20:25:10 | Epoch 10/50 | Loss 0.2679 | Acc 92.76% | Val Loss 0.2239 | Val Acc 94.35% | 3.6s
2026-06-24 20:25:10 |   --> saved best to C:\Users\Admin\Desktop\hai\ConViTX\code ViT_8 block CNN\HybridModel_PlantPathology_Ablation\results\CNN-Only_none-none_fold4_best.pth
2026-06-24 20:25:13 | Epoch 11/50 | Loss 0.2504 | Acc 93.22% | Val Loss 0.2199 | Val Acc 93.30% | 3.6s
2026-06-24 20:25:13 |   --> saved best to C:\Users\Admin\Desktop\hai\ConViTX\code ViT_8 block CNN\HybridModel_PlantPathology_Ablation\results\CNN-Only_none-none_fold4_best.pth
2026-06-24 20:25:17 | Epoch 12/50 | Loss 0.2326 | Acc 93.73% | Val Loss 0.2098 | Val Acc 93.70% | 3.7s
2026-06-24 20:25:17 |   --> saved best to C:\Users\Admin\Desktop\hai\ConViTX\code ViT_8 block CNN\HybridModel_PlantPathology_Ablation\results\CNN-Only_none-none_fold4_best.pth
2026-06-24 20:25:21 | Epoch 13/50 | Loss 0.2256 | Acc 93.42% | Val Loss 0.1957 | Val Acc 94.18% | 3.6s
2026-06-24 20:25:21 |   --> saved best to C:\Users\Admin\Desktop\hai\ConViTX\code ViT_8 block CNN\HybridModel_PlantPathology_Ablation\results\CNN-Only_none-none_fold4_best.pth
2026-06-24 20:25:24 | Epoch 14/50 | Loss 0.2116 | Acc 94.18% | Val Loss 0.1852 | Val Acc 94.83% | 3.6s
2026-06-24 20:25:24 |   --> saved best to C:\Users\Admin\Desktop\hai\ConViTX\code ViT_8 block CNN\HybridModel_PlantPathology_Ablation\results\CNN-Only_none-none_fold4_best.pth
2026-06-24 20:25:28 | Epoch 15/50 | Loss 0.2062 | Acc 94.33% | Val Loss 0.1780 | Val Acc 95.32% | 3.7s
2026-06-24 20:25:28 |   --> saved best to C:\Users\Admin\Desktop\hai\ConViTX\code ViT_8 block CNN\HybridModel_PlantPathology_Ablation\results\CNN-Only_none-none_fold4_best.pth
2026-06-24 20:25:31 | Epoch 16/50 | Loss 0.1948 | Acc 94.24% | Val Loss 0.1769 | Val Acc 94.75% | 3.6s
2026-06-24 20:25:32 |   --> saved best to C:\Users\Admin\Desktop\hai\ConViTX\code ViT_8 block CNN\HybridModel_PlantPathology_Ablation\results\CNN-Only_none-none_fold4_best.pth
2026-06-24 20:25:35 | Epoch 17/50 | Loss 0.1897 | Acc 94.43% | Val Loss 0.1735 | Val Acc 95.07% | 3.6s
2026-06-24 20:25:35 |   --> saved best to C:\Users\Admin\Desktop\hai\ConViTX\code ViT_8 block CNN\HybridModel_PlantPathology_Ablation\results\CNN-Only_none-none_fold4_best.pth
2026-06-24 20:25:39 | Epoch 18/50 | Loss 0.1832 | Acc 94.59% | Val Loss 0.1685 | Val Acc 94.75% | 3.6s
2026-06-24 20:25:39 |   --> saved best to C:\Users\Admin\Desktop\hai\ConViTX\code ViT_8 block CNN\HybridModel_PlantPathology_Ablation\results\CNN-Only_none-none_fold4_best.pth
2026-06-24 20:25:42 | Epoch 19/50 | Loss 0.1727 | Acc 95.02% | Val Loss 0.1606 | Val Acc 94.99% | 3.5s
2026-06-24 20:25:42 |   --> saved best to C:\Users\Admin\Desktop\hai\ConViTX\code ViT_8 block CNN\HybridModel_PlantPathology_Ablation\results\CNN-Only_none-none_fold4_best.pth
2026-06-24 20:25:46 | Epoch 20/50 | Loss 0.1684 | Acc 95.09% | Val Loss 0.1578 | Val Acc 95.07% | 3.6s
2026-06-24 20:25:46 |   --> saved best to C:\Users\Admin\Desktop\hai\ConViTX\code ViT_8 block CNN\HybridModel_PlantPathology_Ablation\results\CNN-Only_none-none_fold4_best.pth
2026-06-24 20:25:50 | Epoch 21/50 | Loss 0.1654 | Acc 95.15% | Val Loss 0.1545 | Val Acc 94.83% | 3.6s
2026-06-24 20:25:50 |   --> saved best to C:\Users\Admin\Desktop\hai\ConViTX\code ViT_8 block CNN\HybridModel_PlantPathology_Ablation\results\CNN-Only_none-none_fold4_best.pth
2026-06-24 20:25:53 | Epoch 22/50 | Loss 0.1590 | Acc 95.27% | Val Loss 0.1481 | Val Acc 95.32% | 3.6s
2026-06-24 20:25:53 |   --> saved best to C:\Users\Admin\Desktop\hai\ConViTX\code ViT_8 block CNN\HybridModel_PlantPathology_Ablation\results\CNN-Only_none-none_fold4_best.pth
2026-06-24 20:25:57 | Epoch 23/50 | Loss 0.1522 | Acc 95.42% | Val Loss 0.1489 | Val Acc 95.23% | 3.6s
2026-06-24 20:26:00 | Epoch 24/50 | Loss 0.1463 | Acc 95.70% | Val Loss 0.1405 | Val Acc 95.48% | 3.5s
2026-06-24 20:26:00 |   --> saved best to C:\Users\Admin\Desktop\hai\ConViTX\code ViT_8 block CNN\HybridModel_PlantPathology_Ablation\results\CNN-Only_none-none_fold4_best.pth
2026-06-24 20:26:04 | Epoch 25/50 | Loss 0.1434 | Acc 95.70% | Val Loss 0.1447 | Val Acc 95.23% | 3.6s
2026-06-24 20:26:08 | Epoch 26/50 | Loss 0.1353 | Acc 95.99% | Val Loss 0.1384 | Val Acc 95.40% | 3.8s
2026-06-24 20:26:08 |   --> saved best to C:\Users\Admin\Desktop\hai\ConViTX\code ViT_8 block CNN\HybridModel_PlantPathology_Ablation\results\CNN-Only_none-none_fold4_best.pth
2026-06-24 20:26:12 | Epoch 27/50 | Loss 0.1342 | Acc 95.97% | Val Loss 0.1381 | Val Acc 95.64% | 3.8s
2026-06-24 20:26:12 |   --> saved best to C:\Users\Admin\Desktop\hai\ConViTX\code ViT_8 block CNN\HybridModel_PlantPathology_Ablation\results\CNN-Only_none-none_fold4_best.pth
2026-06-24 20:26:15 | Epoch 28/50 | Loss 0.1324 | Acc 96.11% | Val Loss 0.1379 | Val Acc 95.48% | 3.6s
2026-06-24 20:26:15 |   --> saved best to C:\Users\Admin\Desktop\hai\ConViTX\code ViT_8 block CNN\HybridModel_PlantPathology_Ablation\results\CNN-Only_none-none_fold4_best.pth
2026-06-24 20:26:19 | Epoch 29/50 | Loss 0.1257 | Acc 96.50% | Val Loss 0.1384 | Val Acc 95.15% | 3.6s
2026-06-24 20:26:23 | Epoch 30/50 | Loss 0.1278 | Acc 96.28% | Val Loss 0.1360 | Val Acc 95.32% | 3.6s
2026-06-24 20:26:23 |   --> saved best to C:\Users\Admin\Desktop\hai\ConViTX\code ViT_8 block CNN\HybridModel_PlantPathology_Ablation\results\CNN-Only_none-none_fold4_best.pth
2026-06-24 20:26:26 | Epoch 31/50 | Loss 0.1260 | Acc 95.89% | Val Loss 0.1336 | Val Acc 95.64% | 3.6s
2026-06-24 20:26:26 |   --> saved best to C:\Users\Admin\Desktop\hai\ConViTX\code ViT_8 block CNN\HybridModel_PlantPathology_Ablation\results\CNN-Only_none-none_fold4_best.pth
2026-06-24 20:26:30 | Epoch 32/50 | Loss 0.1165 | Acc 96.79% | Val Loss 0.1284 | Val Acc 95.40% | 3.6s
2026-06-24 20:26:30 |   --> saved best to C:\Users\Admin\Desktop\hai\ConViTX\code ViT_8 block CNN\HybridModel_PlantPathology_Ablation\results\CNN-Only_none-none_fold4_best.pth
2026-06-24 20:26:34 | Epoch 33/50 | Loss 0.1137 | Acc 96.67% | Val Loss 0.1254 | Val Acc 95.96% | 3.7s
2026-06-24 20:26:34 |   --> saved best to C:\Users\Admin\Desktop\hai\ConViTX\code ViT_8 block CNN\HybridModel_PlantPathology_Ablation\results\CNN-Only_none-none_fold4_best.pth
2026-06-24 20:26:37 | Epoch 34/50 | Loss 0.1198 | Acc 96.79% | Val Loss 0.1305 | Val Acc 95.15% | 3.6s
2026-06-24 20:26:41 | Epoch 35/50 | Loss 0.1143 | Acc 96.73% | Val Loss 0.1281 | Val Acc 95.64% | 3.6s
2026-06-24 20:26:45 | Epoch 36/50 | Loss 0.1102 | Acc 96.53% | Val Loss 0.1301 | Val Acc 95.40% | 3.6s
2026-06-24 20:26:48 | Epoch 37/50 | Loss 0.1064 | Acc 97.08% | Val Loss 0.1326 | Val Acc 95.32% | 3.7s
2026-06-24 20:26:52 | Epoch 38/50 | Loss 0.0990 | Acc 97.29% | Val Loss 0.1197 | Val Acc 95.80% | 3.7s
2026-06-24 20:26:52 |   --> saved best to C:\Users\Admin\Desktop\hai\ConViTX\code ViT_8 block CNN\HybridModel_PlantPathology_Ablation\results\CNN-Only_none-none_fold4_best.pth
2026-06-24 20:26:56 | Epoch 39/50 | Loss 0.1014 | Acc 96.94% | Val Loss 0.1202 | Val Acc 96.12% | 3.6s
2026-06-24 20:26:59 | Epoch 40/50 | Loss 0.1005 | Acc 97.20% | Val Loss 0.1228 | Val Acc 95.96% | 3.7s
2026-06-24 20:27:03 | Epoch 41/50 | Loss 0.0972 | Acc 97.08% | Val Loss 0.1232 | Val Acc 96.04% | 3.7s
2026-06-24 20:27:07 | Epoch 42/50 | Loss 0.1003 | Acc 97.27% | Val Loss 0.1242 | Val Acc 95.96% | 3.6s
2026-06-24 20:27:10 | Epoch 43/50 | Loss 0.0903 | Acc 97.55% | Val Loss 0.1238 | Val Acc 95.64% | 3.7s
2026-06-24 20:27:14 | Epoch 44/50 | Loss 0.0895 | Acc 97.43% | Val Loss 0.1213 | Val Acc 95.56% | 3.7s
2026-06-24 20:27:18 | Epoch 45/50 | Loss 0.0893 | Acc 97.18% | Val Loss 0.1199 | Val Acc 95.48% | 3.6s
2026-06-24 20:27:21 | Epoch 46/50 | Loss 0.0907 | Acc 97.31% | Val Loss 0.1238 | Val Acc 96.12% | 3.6s
2026-06-24 20:27:25 | Epoch 47/50 | Loss 0.0831 | Acc 97.53% | Val Loss 0.1157 | Val Acc 96.20% | 3.7s
2026-06-24 20:27:25 |   --> saved best to C:\Users\Admin\Desktop\hai\ConViTX\code ViT_8 block CNN\HybridModel_PlantPathology_Ablation\results\CNN-Only_none-none_fold4_best.pth
2026-06-24 20:27:29 | Epoch 48/50 | Loss 0.0827 | Acc 97.57% | Val Loss 0.1200 | Val Acc 95.72% | 3.7s
2026-06-24 20:27:33 | Epoch 49/50 | Loss 0.0801 | Acc 97.57% | Val Loss 0.1227 | Val Acc 95.80% | 3.7s
2026-06-24 20:27:36 | Epoch 50/50 | Loss 0.0794 | Acc 97.76% | Val Loss 0.1205 | Val Acc 95.72% | 3.7s
2026-06-24 20:27:36 | Finished CNN-Only_none-none fold 4 in 3.55 min.
2026-06-24 20:27:39 | 
================================================================================
2026-06-24 20:27:39 | TRAINING: CNN-Only_none-none | FOLD 5/5
2026-06-24 20:27:39 | ================================================================================
2026-06-24 20:28:12 | Epoch 01/50 | Loss 1.2737 | Acc 43.34% | Val Loss 1.1728 | Val Acc 56.62% | 32.9s
2026-06-24 20:28:12 |   --> saved best to C:\Users\Admin\Desktop\hai\ConViTX\code ViT_8 block CNN\HybridModel_PlantPathology_Ablation\results\CNN-Only_none-none_fold5_best.pth
2026-06-24 20:28:15 | Epoch 02/50 | Loss 0.9879 | Acc 66.82% | Val Loss 0.8393 | Val Acc 75.20% | 3.6s
2026-06-24 20:28:15 |   --> saved best to C:\Users\Admin\Desktop\hai\ConViTX\code ViT_8 block CNN\HybridModel_PlantPathology_Ablation\results\CNN-Only_none-none_fold5_best.pth
2026-06-24 20:28:19 | Epoch 03/50 | Loss 0.7154 | Acc 81.54% | Val Loss 0.5934 | Val Acc 85.86% | 3.6s
2026-06-24 20:28:19 |   --> saved best to C:\Users\Admin\Desktop\hai\ConViTX\code ViT_8 block CNN\HybridModel_PlantPathology_Ablation\results\CNN-Only_none-none_fold5_best.pth
2026-06-24 20:28:23 | Epoch 04/50 | Loss 0.5285 | Acc 86.53% | Val Loss 0.4585 | Val Acc 89.18% | 3.6s
2026-06-24 20:28:23 |   --> saved best to C:\Users\Admin\Desktop\hai\ConViTX\code ViT_8 block CNN\HybridModel_PlantPathology_Ablation\results\CNN-Only_none-none_fold5_best.pth
2026-06-24 20:28:26 | Epoch 05/50 | Loss 0.4356 | Acc 88.28% | Val Loss 0.3833 | Val Acc 89.90% | 3.6s
2026-06-24 20:28:26 |   --> saved best to C:\Users\Admin\Desktop\hai\ConViTX\code ViT_8 block CNN\HybridModel_PlantPathology_Ablation\results\CNN-Only_none-none_fold5_best.pth
2026-06-24 20:28:30 | Epoch 06/50 | Loss 0.3782 | Acc 89.56% | Val Loss 0.3403 | Val Acc 91.03% | 3.6s
2026-06-24 20:28:30 |   --> saved best to C:\Users\Admin\Desktop\hai\ConViTX\code ViT_8 block CNN\HybridModel_PlantPathology_Ablation\results\CNN-Only_none-none_fold5_best.pth
2026-06-24 20:28:33 | Epoch 07/50 | Loss 0.3346 | Acc 90.93% | Val Loss 0.3194 | Val Acc 91.03% | 3.5s
2026-06-24 20:28:33 |   --> saved best to C:\Users\Admin\Desktop\hai\ConViTX\code ViT_8 block CNN\HybridModel_PlantPathology_Ablation\results\CNN-Only_none-none_fold5_best.pth
2026-06-24 20:28:37 | Epoch 08/50 | Loss 0.3076 | Acc 91.28% | Val Loss 0.2818 | Val Acc 92.16% | 3.6s
2026-06-24 20:28:37 |   --> saved best to C:\Users\Admin\Desktop\hai\ConViTX\code ViT_8 block CNN\HybridModel_PlantPathology_Ablation\results\CNN-Only_none-none_fold5_best.pth
2026-06-24 20:28:41 | Epoch 09/50 | Loss 0.2830 | Acc 92.29% | Val Loss 0.2638 | Val Acc 92.41% | 3.7s
2026-06-24 20:28:41 |   --> saved best to C:\Users\Admin\Desktop\hai\ConViTX\code ViT_8 block CNN\HybridModel_PlantPathology_Ablation\results\CNN-Only_none-none_fold5_best.pth
2026-06-24 20:28:44 | Epoch 10/50 | Loss 0.2678 | Acc 92.64% | Val Loss 0.2517 | Val Acc 92.89% | 3.6s
2026-06-24 20:28:44 |   --> saved best to C:\Users\Admin\Desktop\hai\ConViTX\code ViT_8 block CNN\HybridModel_PlantPathology_Ablation\results\CNN-Only_none-none_fold5_best.pth
2026-06-24 20:28:48 | Epoch 11/50 | Loss 0.2492 | Acc 92.95% | Val Loss 0.2327 | Val Acc 93.46% | 3.6s
2026-06-24 20:28:48 |   --> saved best to C:\Users\Admin\Desktop\hai\ConViTX\code ViT_8 block CNN\HybridModel_PlantPathology_Ablation\results\CNN-Only_none-none_fold5_best.pth
2026-06-24 20:28:52 | Epoch 12/50 | Loss 0.2388 | Acc 93.30% | Val Loss 0.2227 | Val Acc 93.86% | 3.5s
2026-06-24 20:28:52 |   --> saved best to C:\Users\Admin\Desktop\hai\ConViTX\code ViT_8 block CNN\HybridModel_PlantPathology_Ablation\results\CNN-Only_none-none_fold5_best.pth
2026-06-24 20:28:55 | Epoch 13/50 | Loss 0.2293 | Acc 93.54% | Val Loss 0.2141 | Val Acc 93.94% | 3.5s
2026-06-24 20:28:55 |   --> saved best to C:\Users\Admin\Desktop\hai\ConViTX\code ViT_8 block CNN\HybridModel_PlantPathology_Ablation\results\CNN-Only_none-none_fold5_best.pth
2026-06-24 20:28:59 | Epoch 14/50 | Loss 0.2125 | Acc 94.14% | Val Loss 0.2037 | Val Acc 94.59% | 3.6s
2026-06-24 20:28:59 |   --> saved best to C:\Users\Admin\Desktop\hai\ConViTX\code ViT_8 block CNN\HybridModel_PlantPathology_Ablation\results\CNN-Only_none-none_fold5_best.pth
2026-06-24 20:29:02 | Epoch 15/50 | Loss 0.2065 | Acc 94.16% | Val Loss 0.1938 | Val Acc 94.18% | 3.6s
2026-06-24 20:29:02 |   --> saved best to C:\Users\Admin\Desktop\hai\ConViTX\code ViT_8 block CNN\HybridModel_PlantPathology_Ablation\results\CNN-Only_none-none_fold5_best.pth
2026-06-24 20:29:06 | Epoch 16/50 | Loss 0.1947 | Acc 94.41% | Val Loss 0.1867 | Val Acc 94.43% | 3.8s
2026-06-24 20:29:06 |   --> saved best to C:\Users\Admin\Desktop\hai\ConViTX\code ViT_8 block CNN\HybridModel_PlantPathology_Ablation\results\CNN-Only_none-none_fold5_best.pth
2026-06-24 20:29:10 | Epoch 17/50 | Loss 0.1876 | Acc 94.41% | Val Loss 0.1800 | Val Acc 94.83% | 3.6s
2026-06-24 20:29:10 |   --> saved best to C:\Users\Admin\Desktop\hai\ConViTX\code ViT_8 block CNN\HybridModel_PlantPathology_Ablation\results\CNN-Only_none-none_fold5_best.pth
2026-06-24 20:29:13 | Epoch 18/50 | Loss 0.1806 | Acc 94.72% | Val Loss 0.1807 | Val Acc 94.10% | 3.6s
2026-06-24 20:29:17 | Epoch 19/50 | Loss 0.1757 | Acc 94.68% | Val Loss 0.1724 | Val Acc 95.15% | 3.6s
2026-06-24 20:29:17 |   --> saved best to C:\Users\Admin\Desktop\hai\ConViTX\code ViT_8 block CNN\HybridModel_PlantPathology_Ablation\results\CNN-Only_none-none_fold5_best.pth
2026-06-24 20:29:21 | Epoch 20/50 | Loss 0.1710 | Acc 94.86% | Val Loss 0.1656 | Val Acc 95.07% | 3.6s
2026-06-24 20:29:21 |   --> saved best to C:\Users\Admin\Desktop\hai\ConViTX\code ViT_8 block CNN\HybridModel_PlantPathology_Ablation\results\CNN-Only_none-none_fold5_best.pth
2026-06-24 20:29:24 | Epoch 21/50 | Loss 0.1604 | Acc 95.17% | Val Loss 0.1572 | Val Acc 94.99% | 3.5s
2026-06-24 20:29:24 |   --> saved best to C:\Users\Admin\Desktop\hai\ConViTX\code ViT_8 block CNN\HybridModel_PlantPathology_Ablation\results\CNN-Only_none-none_fold5_best.pth
2026-06-24 20:29:28 | Epoch 22/50 | Loss 0.1568 | Acc 95.37% | Val Loss 0.1607 | Val Acc 94.83% | 3.6s
2026-06-24 20:29:32 | Epoch 23/50 | Loss 0.1511 | Acc 95.39% | Val Loss 0.1498 | Val Acc 94.99% | 3.6s
2026-06-24 20:29:32 |   --> saved best to C:\Users\Admin\Desktop\hai\ConViTX\code ViT_8 block CNN\HybridModel_PlantPathology_Ablation\results\CNN-Only_none-none_fold5_best.pth
2026-06-24 20:29:35 | Epoch 24/50 | Loss 0.1461 | Acc 95.81% | Val Loss 0.1559 | Val Acc 95.15% | 3.6s
2026-06-24 20:29:39 | Epoch 25/50 | Loss 0.1434 | Acc 95.89% | Val Loss 0.1552 | Val Acc 94.59% | 3.5s
2026-06-24 20:29:42 | Epoch 26/50 | Loss 0.1369 | Acc 95.93% | Val Loss 0.1407 | Val Acc 95.40% | 3.6s
2026-06-24 20:29:42 |   --> saved best to C:\Users\Admin\Desktop\hai\ConViTX\code ViT_8 block CNN\HybridModel_PlantPathology_Ablation\results\CNN-Only_none-none_fold5_best.pth
2026-06-24 20:29:46 | Epoch 27/50 | Loss 0.1346 | Acc 95.85% | Val Loss 0.1459 | Val Acc 94.75% | 3.6s
2026-06-24 20:29:50 | Epoch 28/50 | Loss 0.1302 | Acc 96.03% | Val Loss 0.1379 | Val Acc 95.48% | 3.6s
2026-06-24 20:29:50 |   --> saved best to C:\Users\Admin\Desktop\hai\ConViTX\code ViT_8 block CNN\HybridModel_PlantPathology_Ablation\results\CNN-Only_none-none_fold5_best.pth
2026-06-24 20:29:53 | Epoch 29/50 | Loss 0.1283 | Acc 96.30% | Val Loss 0.1384 | Val Acc 95.32% | 3.7s
2026-06-24 20:29:57 | Epoch 30/50 | Loss 0.1241 | Acc 96.34% | Val Loss 0.1370 | Val Acc 95.32% | 3.6s
2026-06-24 20:29:57 |   --> saved best to C:\Users\Admin\Desktop\hai\ConViTX\code ViT_8 block CNN\HybridModel_PlantPathology_Ablation\results\CNN-Only_none-none_fold5_best.pth
2026-06-24 20:30:01 | Epoch 31/50 | Loss 0.1295 | Acc 96.16% | Val Loss 0.1349 | Val Acc 95.15% | 3.6s
2026-06-24 20:30:01 |   --> saved best to C:\Users\Admin\Desktop\hai\ConViTX\code ViT_8 block CNN\HybridModel_PlantPathology_Ablation\results\CNN-Only_none-none_fold5_best.pth
2026-06-24 20:30:04 | Epoch 32/50 | Loss 0.1186 | Acc 96.32% | Val Loss 0.1338 | Val Acc 95.15% | 3.7s
2026-06-24 20:30:04 |   --> saved best to C:\Users\Admin\Desktop\hai\ConViTX\code ViT_8 block CNN\HybridModel_PlantPathology_Ablation\results\CNN-Only_none-none_fold5_best.pth
2026-06-24 20:30:08 | Epoch 33/50 | Loss 0.1183 | Acc 96.40% | Val Loss 0.1363 | Val Acc 95.32% | 3.6s
2026-06-24 20:30:12 | Epoch 34/50 | Loss 0.1107 | Acc 96.69% | Val Loss 0.1255 | Val Acc 95.72% | 3.6s
2026-06-24 20:30:12 |   --> saved best to C:\Users\Admin\Desktop\hai\ConViTX\code ViT_8 block CNN\HybridModel_PlantPathology_Ablation\results\CNN-Only_none-none_fold5_best.pth
2026-06-24 20:30:15 | Epoch 35/50 | Loss 0.1086 | Acc 96.83% | Val Loss 0.1266 | Val Acc 95.40% | 3.6s
2026-06-24 20:30:19 | Epoch 36/50 | Loss 0.1078 | Acc 96.88% | Val Loss 0.1218 | Val Acc 95.80% | 3.6s
2026-06-24 20:30:19 |   --> saved best to C:\Users\Admin\Desktop\hai\ConViTX\code ViT_8 block CNN\HybridModel_PlantPathology_Ablation\results\CNN-Only_none-none_fold5_best.pth
2026-06-24 20:30:23 | Epoch 37/50 | Loss 0.1104 | Acc 96.71% | Val Loss 0.1237 | Val Acc 95.88% | 3.7s
2026-06-24 20:30:26 | Epoch 38/50 | Loss 0.1023 | Acc 97.06% | Val Loss 0.1235 | Val Acc 95.80% | 3.7s
2026-06-24 20:30:30 | Epoch 39/50 | Loss 0.1057 | Acc 96.69% | Val Loss 0.1227 | Val Acc 95.64% | 3.7s
2026-06-24 20:30:34 | Epoch 40/50 | Loss 0.0965 | Acc 97.14% | Val Loss 0.1211 | Val Acc 96.04% | 3.6s
2026-06-24 20:30:34 |   --> saved best to C:\Users\Admin\Desktop\hai\ConViTX\code ViT_8 block CNN\HybridModel_PlantPathology_Ablation\results\CNN-Only_none-none_fold5_best.pth
2026-06-24 20:30:37 | Epoch 41/50 | Loss 0.1012 | Acc 96.75% | Val Loss 0.1193 | Val Acc 96.12% | 3.6s
2026-06-24 20:30:37 |   --> saved best to C:\Users\Admin\Desktop\hai\ConViTX\code ViT_8 block CNN\HybridModel_PlantPathology_Ablation\results\CNN-Only_none-none_fold5_best.pth
2026-06-24 20:30:41 | Epoch 42/50 | Loss 0.0988 | Acc 96.98% | Val Loss 0.1187 | Val Acc 96.04% | 3.6s
2026-06-24 20:30:41 |   --> saved best to C:\Users\Admin\Desktop\hai\ConViTX\code ViT_8 block CNN\HybridModel_PlantPathology_Ablation\results\CNN-Only_none-none_fold5_best.pth
2026-06-24 20:30:45 | Epoch 43/50 | Loss 0.0959 | Acc 97.10% | Val Loss 0.1211 | Val Acc 96.04% | 3.6s
2026-06-24 20:30:48 | Epoch 44/50 | Loss 0.0959 | Acc 97.10% | Val Loss 0.1309 | Val Acc 95.72% | 3.6s
2026-06-24 20:30:52 | Epoch 45/50 | Loss 0.0909 | Acc 97.27% | Val Loss 0.1159 | Val Acc 96.20% | 3.6s
2026-06-24 20:30:52 |   --> saved best to C:\Users\Admin\Desktop\hai\ConViTX\code ViT_8 block CNN\HybridModel_PlantPathology_Ablation\results\CNN-Only_none-none_fold5_best.pth
2026-06-24 20:30:55 | Epoch 46/50 | Loss 0.0885 | Acc 97.25% | Val Loss 0.1203 | Val Acc 95.80% | 3.7s
2026-06-24 20:30:59 | Epoch 47/50 | Loss 0.0863 | Acc 97.14% | Val Loss 0.1209 | Val Acc 96.12% | 3.6s
2026-06-24 20:31:03 | Epoch 48/50 | Loss 0.0877 | Acc 97.41% | Val Loss 0.1211 | Val Acc 96.04% | 3.6s
2026-06-24 20:31:06 | Epoch 49/50 | Loss 0.0862 | Acc 97.33% | Val Loss 0.1183 | Val Acc 96.12% | 3.7s
2026-06-24 20:31:10 | Epoch 50/50 | Loss 0.0849 | Acc 97.51% | Val Loss 0.1139 | Val Acc 96.04% | 3.6s
2026-06-24 20:31:10 |   --> saved best to C:\Users\Admin\Desktop\hai\ConViTX\code ViT_8 block CNN\HybridModel_PlantPathology_Ablation\results\CNN-Only_none-none_fold5_best.pth
2026-06-24 20:31:10 | Finished CNN-Only_none-none fold 5 in 3.52 min.
2026-06-24 20:31:12 | 
================================================================================
2026-06-24 20:31:12 | TRAINING: ViT-Only_none-none | FOLD 1/5
2026-06-24 20:31:12 | ================================================================================
2026-06-24 20:31:12 | [INFO] reduced batch_size=64 for vit model to avoid OOM.
2026-06-24 20:32:02 | Epoch 01/50 | Loss 1.2291 | Acc 48.48% | Val Loss 1.1825 | Val Acc 50.93% | 49.2s
2026-06-24 20:32:02 |   --> saved best to C:\Users\Admin\Desktop\hai\ConViTX\code ViT_8 block CNN\HybridModel_PlantPathology_Ablation\results\ViT-Only_none-none_fold1_best.pth
2026-06-24 20:32:15 | Epoch 02/50 | Loss 1.1348 | Acc 52.88% | Val Loss 1.1206 | Val Acc 51.98% | 13.3s
2026-06-24 20:32:15 |   --> saved best to C:\Users\Admin\Desktop\hai\ConViTX\code ViT_8 block CNN\HybridModel_PlantPathology_Ablation\results\ViT-Only_none-none_fold1_best.pth
2026-06-24 20:32:28 | Epoch 03/50 | Loss 1.0877 | Acc 54.55% | Val Loss 1.0557 | Val Acc 55.13% | 13.3s
2026-06-24 20:32:28 |   --> saved best to C:\Users\Admin\Desktop\hai\ConViTX\code ViT_8 block CNN\HybridModel_PlantPathology_Ablation\results\ViT-Only_none-none_fold1_best.pth
2026-06-24 20:32:42 | Epoch 04/50 | Loss 1.0274 | Acc 57.35% | Val Loss 1.0056 | Val Acc 57.55% | 13.4s
2026-06-24 20:32:42 |   --> saved best to C:\Users\Admin\Desktop\hai\ConViTX\code ViT_8 block CNN\HybridModel_PlantPathology_Ablation\results\ViT-Only_none-none_fold1_best.pth
2026-06-24 20:32:55 | Epoch 05/50 | Loss 0.9538 | Acc 61.12% | Val Loss 0.9074 | Val Acc 62.47% | 13.4s
2026-06-24 20:32:55 |   --> saved best to C:\Users\Admin\Desktop\hai\ConViTX\code ViT_8 block CNN\HybridModel_PlantPathology_Ablation\results\ViT-Only_none-none_fold1_best.pth
2026-06-24 20:33:09 | Epoch 06/50 | Loss 0.9003 | Acc 62.42% | Val Loss 0.9037 | Val Acc 61.02% | 13.4s
2026-06-24 20:33:09 |   --> saved best to C:\Users\Admin\Desktop\hai\ConViTX\code ViT_8 block CNN\HybridModel_PlantPathology_Ablation\results\ViT-Only_none-none_fold1_best.pth
2026-06-24 20:33:22 | Epoch 07/50 | Loss 0.8676 | Acc 63.98% | Val Loss 0.8672 | Val Acc 60.94% | 13.8s
2026-06-24 20:33:22 |   --> saved best to C:\Users\Admin\Desktop\hai\ConViTX\code ViT_8 block CNN\HybridModel_PlantPathology_Ablation\results\ViT-Only_none-none_fold1_best.pth
2026-06-24 20:33:36 | Epoch 08/50 | Loss 0.8466 | Acc 64.45% | Val Loss 0.8531 | Val Acc 62.07% | 13.6s
2026-06-24 20:33:36 |   --> saved best to C:\Users\Admin\Desktop\hai\ConViTX\code ViT_8 block CNN\HybridModel_PlantPathology_Ablation\results\ViT-Only_none-none_fold1_best.pth
2026-06-24 20:33:50 | Epoch 09/50 | Loss 0.8402 | Acc 64.04% | Val Loss 0.8262 | Val Acc 63.84% | 13.6s
2026-06-24 20:33:50 |   --> saved best to C:\Users\Admin\Desktop\hai\ConViTX\code ViT_8 block CNN\HybridModel_PlantPathology_Ablation\results\ViT-Only_none-none_fold1_best.pth
2026-06-24 20:34:03 | Epoch 10/50 | Loss 0.8200 | Acc 64.85% | Val Loss 0.8146 | Val Acc 65.78% | 13.6s
2026-06-24 20:34:03 |   --> saved best to C:\Users\Admin\Desktop\hai\ConViTX\code ViT_8 block CNN\HybridModel_PlantPathology_Ablation\results\ViT-Only_none-none_fold1_best.pth
2026-06-24 20:34:17 | Epoch 11/50 | Loss 0.8084 | Acc 65.52% | Val Loss 0.7983 | Val Acc 65.54% | 13.6s
2026-06-24 20:34:17 |   --> saved best to C:\Users\Admin\Desktop\hai\ConViTX\code ViT_8 block CNN\HybridModel_PlantPathology_Ablation\results\ViT-Only_none-none_fold1_best.pth
2026-06-24 20:34:31 | Epoch 12/50 | Loss 0.8006 | Acc 66.36% | Val Loss 0.8046 | Val Acc 64.81% | 13.6s
2026-06-24 20:34:44 | Epoch 13/50 | Loss 0.7841 | Acc 67.13% | Val Loss 0.7840 | Val Acc 65.70% | 13.7s
2026-06-24 20:34:44 |   --> saved best to C:\Users\Admin\Desktop\hai\ConViTX\code ViT_8 block CNN\HybridModel_PlantPathology_Ablation\results\ViT-Only_none-none_fold1_best.pth
2026-06-24 20:34:58 | Epoch 14/50 | Loss 0.7702 | Acc 67.53% | Val Loss 0.7777 | Val Acc 66.26% | 13.6s
2026-06-24 20:34:58 |   --> saved best to C:\Users\Admin\Desktop\hai\ConViTX\code ViT_8 block CNN\HybridModel_PlantPathology_Ablation\results\ViT-Only_none-none_fold1_best.pth
2026-06-24 20:35:12 | Epoch 15/50 | Loss 0.7712 | Acc 66.88% | Val Loss 0.7748 | Val Acc 67.39% | 13.6s
2026-06-24 20:35:12 |   --> saved best to C:\Users\Admin\Desktop\hai\ConViTX\code ViT_8 block CNN\HybridModel_PlantPathology_Ablation\results\ViT-Only_none-none_fold1_best.pth
2026-06-24 20:35:25 | Epoch 16/50 | Loss 0.7521 | Acc 68.73% | Val Loss 0.7741 | Val Acc 66.99% | 13.6s
2026-06-24 20:35:25 |   --> saved best to C:\Users\Admin\Desktop\hai\ConViTX\code ViT_8 block CNN\HybridModel_PlantPathology_Ablation\results\ViT-Only_none-none_fold1_best.pth
2026-06-24 20:35:39 | Epoch 17/50 | Loss 0.7422 | Acc 68.83% | Val Loss 0.7587 | Val Acc 67.55% | 13.6s
2026-06-24 20:35:39 |   --> saved best to C:\Users\Admin\Desktop\hai\ConViTX\code ViT_8 block CNN\HybridModel_PlantPathology_Ablation\results\ViT-Only_none-none_fold1_best.pth
2026-06-24 20:35:53 | Epoch 18/50 | Loss 0.7232 | Acc 69.64% | Val Loss 0.7351 | Val Acc 69.57% | 13.6s
2026-06-24 20:35:53 |   --> saved best to C:\Users\Admin\Desktop\hai\ConViTX\code ViT_8 block CNN\HybridModel_PlantPathology_Ablation\results\ViT-Only_none-none_fold1_best.pth
2026-06-24 20:36:06 | Epoch 19/50 | Loss 0.6957 | Acc 71.83% | Val Loss 0.7300 | Val Acc 70.22% | 13.7s
2026-06-24 20:36:06 |   --> saved best to C:\Users\Admin\Desktop\hai\ConViTX\code ViT_8 block CNN\HybridModel_PlantPathology_Ablation\results\ViT-Only_none-none_fold1_best.pth
2026-06-24 20:36:20 | Epoch 20/50 | Loss 0.6866 | Acc 71.81% | Val Loss 0.6934 | Val Acc 71.19% | 13.7s
2026-06-24 20:36:20 |   --> saved best to C:\Users\Admin\Desktop\hai\ConViTX\code ViT_8 block CNN\HybridModel_PlantPathology_Ablation\results\ViT-Only_none-none_fold1_best.pth
2026-06-24 20:36:34 | Epoch 21/50 | Loss 0.6710 | Acc 72.48% | Val Loss 0.6986 | Val Acc 72.15% | 13.6s
2026-06-24 20:36:47 | Epoch 22/50 | Loss 0.6551 | Acc 73.17% | Val Loss 0.6875 | Val Acc 72.24% | 13.6s
2026-06-24 20:36:47 |   --> saved best to C:\Users\Admin\Desktop\hai\ConViTX\code ViT_8 block CNN\HybridModel_PlantPathology_Ablation\results\ViT-Only_none-none_fold1_best.pth
2026-06-24 20:37:01 | Epoch 23/50 | Loss 0.6391 | Acc 74.59% | Val Loss 0.6953 | Val Acc 71.03% | 13.6s
2026-06-24 20:37:15 | Epoch 24/50 | Loss 0.6282 | Acc 74.98% | Val Loss 0.6869 | Val Acc 70.30% | 13.7s
2026-06-24 20:37:15 |   --> saved best to C:\Users\Admin\Desktop\hai\ConViTX\code ViT_8 block CNN\HybridModel_PlantPathology_Ablation\results\ViT-Only_none-none_fold1_best.pth
2026-06-24 20:37:28 | Epoch 25/50 | Loss 0.6210 | Acc 75.37% | Val Loss 0.6818 | Val Acc 71.67% | 13.6s
2026-06-24 20:37:28 |   --> saved best to C:\Users\Admin\Desktop\hai\ConViTX\code ViT_8 block CNN\HybridModel_PlantPathology_Ablation\results\ViT-Only_none-none_fold1_best.pth
2026-06-24 20:37:42 | Epoch 26/50 | Loss 0.6058 | Acc 75.93% | Val Loss 0.6709 | Val Acc 72.72% | 13.6s
2026-06-24 20:37:42 |   --> saved best to C:\Users\Admin\Desktop\hai\ConViTX\code ViT_8 block CNN\HybridModel_PlantPathology_Ablation\results\ViT-Only_none-none_fold1_best.pth
2026-06-24 20:37:55 | Epoch 27/50 | Loss 0.6043 | Acc 75.69% | Val Loss 0.6746 | Val Acc 71.75% | 13.5s
2026-06-24 20:38:09 | Epoch 28/50 | Loss 0.6080 | Acc 75.45% | Val Loss 0.6644 | Val Acc 73.12% | 13.6s
2026-06-24 20:38:09 |   --> saved best to C:\Users\Admin\Desktop\hai\ConViTX\code ViT_8 block CNN\HybridModel_PlantPathology_Ablation\results\ViT-Only_none-none_fold1_best.pth
2026-06-24 20:38:23 | Epoch 29/50 | Loss 0.6010 | Acc 75.67% | Val Loss 0.6685 | Val Acc 71.67% | 13.6s
2026-06-24 20:38:36 | Epoch 30/50 | Loss 0.6024 | Acc 75.69% | Val Loss 0.6547 | Val Acc 71.99% | 13.6s
2026-06-24 20:38:36 |   --> saved best to C:\Users\Admin\Desktop\hai\ConViTX\code ViT_8 block CNN\HybridModel_PlantPathology_Ablation\results\ViT-Only_none-none_fold1_best.pth
2026-06-24 20:38:50 | Epoch 31/50 | Loss 0.5826 | Acc 76.64% | Val Loss 0.6702 | Val Acc 72.40% | 13.7s
2026-06-24 20:39:04 | Epoch 32/50 | Loss 0.5825 | Acc 76.70% | Val Loss 0.6639 | Val Acc 71.43% | 13.8s
2026-06-24 20:39:18 | Epoch 33/50 | Loss 0.5738 | Acc 77.33% | Val Loss 0.6522 | Val Acc 73.04% | 13.6s
2026-06-24 20:39:18 |   --> saved best to C:\Users\Admin\Desktop\hai\ConViTX\code ViT_8 block CNN\HybridModel_PlantPathology_Ablation\results\ViT-Only_none-none_fold1_best.pth
2026-06-24 20:39:31 | Epoch 34/50 | Loss 0.5773 | Acc 77.07% | Val Loss 0.6730 | Val Acc 71.67% | 13.7s
2026-06-24 20:39:45 | Epoch 35/50 | Loss 0.5830 | Acc 76.42% | Val Loss 0.6404 | Val Acc 73.45% | 13.6s
2026-06-24 20:39:45 |   --> saved best to C:\Users\Admin\Desktop\hai\ConViTX\code ViT_8 block CNN\HybridModel_PlantPathology_Ablation\results\ViT-Only_none-none_fold1_best.pth
2026-06-24 20:39:59 | Epoch 36/50 | Loss 0.5612 | Acc 77.84% | Val Loss 0.6537 | Val Acc 73.85% | 13.6s
2026-06-24 20:40:12 | Epoch 37/50 | Loss 0.5662 | Acc 77.44% | Val Loss 0.6596 | Val Acc 73.77% | 13.6s
2026-06-24 20:40:26 | Epoch 38/50 | Loss 0.5587 | Acc 77.58% | Val Loss 0.6301 | Val Acc 75.46% | 13.6s
2026-06-24 20:40:26 |   --> saved best to C:\Users\Admin\Desktop\hai\ConViTX\code ViT_8 block CNN\HybridModel_PlantPathology_Ablation\results\ViT-Only_none-none_fold1_best.pth
2026-06-24 20:40:40 | Epoch 39/50 | Loss 0.5506 | Acc 78.17% | Val Loss 0.6446 | Val Acc 74.25% | 13.9s
2026-06-24 20:40:54 | Epoch 40/50 | Loss 0.5390 | Acc 78.31% | Val Loss 0.6326 | Val Acc 74.17% | 14.3s
2026-06-24 20:41:08 | Epoch 41/50 | Loss 0.5466 | Acc 78.51% | Val Loss 0.6298 | Val Acc 74.66% | 14.1s
2026-06-24 20:41:08 |   --> saved best to C:\Users\Admin\Desktop\hai\ConViTX\code ViT_8 block CNN\HybridModel_PlantPathology_Ablation\results\ViT-Only_none-none_fold1_best.pth
2026-06-24 20:41:22 | Epoch 42/50 | Loss 0.5350 | Acc 78.98% | Val Loss 0.6403 | Val Acc 74.82% | 14.1s
2026-06-24 20:41:36 | Epoch 43/50 | Loss 0.5355 | Acc 78.96% | Val Loss 0.6352 | Val Acc 74.50% | 14.1s
2026-06-24 20:41:51 | Epoch 44/50 | Loss 0.5202 | Acc 79.34% | Val Loss 0.6277 | Val Acc 74.66% | 14.2s
2026-06-24 20:41:51 |   --> saved best to C:\Users\Admin\Desktop\hai\ConViTX\code ViT_8 block CNN\HybridModel_PlantPathology_Ablation\results\ViT-Only_none-none_fold1_best.pth
2026-06-24 20:42:05 | Epoch 45/50 | Loss 0.5337 | Acc 79.36% | Val Loss 0.6237 | Val Acc 75.63% | 14.1s
2026-06-24 20:42:05 |   --> saved best to C:\Users\Admin\Desktop\hai\ConViTX\code ViT_8 block CNN\HybridModel_PlantPathology_Ablation\results\ViT-Only_none-none_fold1_best.pth
2026-06-24 20:42:19 | Epoch 46/50 | Loss 0.5347 | Acc 78.79% | Val Loss 0.6163 | Val Acc 76.11% | 14.2s
2026-06-24 20:42:19 |   --> saved best to C:\Users\Admin\Desktop\hai\ConViTX\code ViT_8 block CNN\HybridModel_PlantPathology_Ablation\results\ViT-Only_none-none_fold1_best.pth
2026-06-24 20:42:33 | Epoch 47/50 | Loss 0.5267 | Acc 79.44% | Val Loss 0.6273 | Val Acc 75.54% | 14.1s
2026-06-24 20:42:48 | Epoch 48/50 | Loss 0.5254 | Acc 79.44% | Val Loss 0.6512 | Val Acc 74.09% | 14.1s
2026-06-24 20:43:02 | Epoch 49/50 | Loss 0.5096 | Acc 80.01% | Val Loss 0.6178 | Val Acc 75.79% | 14.1s
2026-06-24 20:43:16 | Epoch 50/50 | Loss 0.5106 | Acc 79.85% | Val Loss 0.6202 | Val Acc 75.79% | 14.2s
2026-06-24 20:43:16 | Finished ViT-Only_none-none fold 1 in 12.06 min.
2026-06-24 20:43:20 | 
================================================================================
2026-06-24 20:43:20 | TRAINING: ViT-Only_none-none | FOLD 2/5
2026-06-24 20:43:20 | ================================================================================
2026-06-24 20:43:20 | [INFO] reduced batch_size=64 for vit model to avoid OOM.
2026-06-24 20:44:07 | Epoch 01/50 | Loss 1.2353 | Acc 48.36% | Val Loss 1.1485 | Val Acc 51.01% | 47.0s
2026-06-24 20:44:07 |   --> saved best to C:\Users\Admin\Desktop\hai\ConViTX\code ViT_8 block CNN\HybridModel_PlantPathology_Ablation\results\ViT-Only_none-none_fold2_best.pth
2026-06-24 20:44:21 | Epoch 02/50 | Loss 1.1292 | Acc 53.35% | Val Loss 1.1193 | Val Acc 53.75% | 14.1s
2026-06-24 20:44:21 |   --> saved best to C:\Users\Admin\Desktop\hai\ConViTX\code ViT_8 block CNN\HybridModel_PlantPathology_Ablation\results\ViT-Only_none-none_fold2_best.pth
2026-06-24 20:44:36 | Epoch 03/50 | Loss 1.0768 | Acc 55.44% | Val Loss 1.0259 | Val Acc 55.29% | 14.1s
2026-06-24 20:44:36 |   --> saved best to C:\Users\Admin\Desktop\hai\ConViTX\code ViT_8 block CNN\HybridModel_PlantPathology_Ablation\results\ViT-Only_none-none_fold2_best.pth
2026-06-24 20:44:50 | Epoch 04/50 | Loss 1.0087 | Acc 58.12% | Val Loss 0.9557 | Val Acc 59.97% | 14.2s
2026-06-24 20:44:50 |   --> saved best to C:\Users\Admin\Desktop\hai\ConViTX\code ViT_8 block CNN\HybridModel_PlantPathology_Ablation\results\ViT-Only_none-none_fold2_best.pth
2026-06-24 20:45:04 | Epoch 05/50 | Loss 0.9480 | Acc 59.80% | Val Loss 0.9136 | Val Acc 61.02% | 14.1s
2026-06-24 20:45:04 |   --> saved best to C:\Users\Admin\Desktop\hai\ConViTX\code ViT_8 block CNN\HybridModel_PlantPathology_Ablation\results\ViT-Only_none-none_fold2_best.pth
2026-06-24 20:45:18 | Epoch 06/50 | Loss 0.9158 | Acc 61.65% | Val Loss 0.8707 | Val Acc 62.23% | 14.3s
2026-06-24 20:45:18 |   --> saved best to C:\Users\Admin\Desktop\hai\ConViTX\code ViT_8 block CNN\HybridModel_PlantPathology_Ablation\results\ViT-Only_none-none_fold2_best.pth
2026-06-24 20:45:33 | Epoch 07/50 | Loss 0.8885 | Acc 62.80% | Val Loss 0.8391 | Val Acc 63.60% | 14.2s
2026-06-24 20:45:33 |   --> saved best to C:\Users\Admin\Desktop\hai\ConViTX\code ViT_8 block CNN\HybridModel_PlantPathology_Ablation\results\ViT-Only_none-none_fold2_best.pth
2026-06-24 20:45:47 | Epoch 08/50 | Loss 0.8730 | Acc 63.49% | Val Loss 0.8279 | Val Acc 64.33% | 14.2s
2026-06-24 20:45:47 |   --> saved best to C:\Users\Admin\Desktop\hai\ConViTX\code ViT_8 block CNN\HybridModel_PlantPathology_Ablation\results\ViT-Only_none-none_fold2_best.pth
2026-06-24 20:46:01 | Epoch 09/50 | Loss 0.8588 | Acc 64.33% | Val Loss 0.8065 | Val Acc 63.76% | 14.2s
2026-06-24 20:46:01 |   --> saved best to C:\Users\Admin\Desktop\hai\ConViTX\code ViT_8 block CNN\HybridModel_PlantPathology_Ablation\results\ViT-Only_none-none_fold2_best.pth
2026-06-24 20:46:15 | Epoch 10/50 | Loss 0.8362 | Acc 65.24% | Val Loss 0.7890 | Val Acc 65.54% | 14.1s
2026-06-24 20:46:15 |   --> saved best to C:\Users\Admin\Desktop\hai\ConViTX\code ViT_8 block CNN\HybridModel_PlantPathology_Ablation\results\ViT-Only_none-none_fold2_best.pth
2026-06-24 20:46:29 | Epoch 11/50 | Loss 0.8260 | Acc 64.81% | Val Loss 0.7942 | Val Acc 65.13% | 14.2s
2026-06-24 20:46:44 | Epoch 12/50 | Loss 0.8050 | Acc 66.25% | Val Loss 0.7715 | Val Acc 66.26% | 14.1s
2026-06-24 20:46:44 |   --> saved best to C:\Users\Admin\Desktop\hai\ConViTX\code ViT_8 block CNN\HybridModel_PlantPathology_Ablation\results\ViT-Only_none-none_fold2_best.pth
2026-06-24 20:46:58 | Epoch 13/50 | Loss 0.8057 | Acc 66.42% | Val Loss 0.7556 | Val Acc 66.51% | 14.1s
2026-06-24 20:46:58 |   --> saved best to C:\Users\Admin\Desktop\hai\ConViTX\code ViT_8 block CNN\HybridModel_PlantPathology_Ablation\results\ViT-Only_none-none_fold2_best.pth
2026-06-24 20:47:12 | Epoch 14/50 | Loss 0.7950 | Acc 65.81% | Val Loss 0.7593 | Val Acc 66.02% | 14.2s
2026-06-24 20:47:26 | Epoch 15/50 | Loss 0.7721 | Acc 67.39% | Val Loss 0.7525 | Val Acc 67.64% | 14.1s
2026-06-24 20:47:26 |   --> saved best to C:\Users\Admin\Desktop\hai\ConViTX\code ViT_8 block CNN\HybridModel_PlantPathology_Ablation\results\ViT-Only_none-none_fold2_best.pth
2026-06-24 20:47:40 | Epoch 16/50 | Loss 0.7722 | Acc 67.47% | Val Loss 0.7423 | Val Acc 66.67% | 14.1s
2026-06-24 20:47:40 |   --> saved best to C:\Users\Admin\Desktop\hai\ConViTX\code ViT_8 block CNN\HybridModel_PlantPathology_Ablation\results\ViT-Only_none-none_fold2_best.pth
2026-06-24 20:47:55 | Epoch 17/50 | Loss 0.7650 | Acc 66.58% | Val Loss 0.7349 | Val Acc 67.96% | 14.3s
2026-06-24 20:47:55 |   --> saved best to C:\Users\Admin\Desktop\hai\ConViTX\code ViT_8 block CNN\HybridModel_PlantPathology_Ablation\results\ViT-Only_none-none_fold2_best.pth
2026-06-24 20:48:09 | Epoch 18/50 | Loss 0.7560 | Acc 67.82% | Val Loss 0.7288 | Val Acc 67.96% | 14.2s
2026-06-24 20:48:09 |   --> saved best to C:\Users\Admin\Desktop\hai\ConViTX\code ViT_8 block CNN\HybridModel_PlantPathology_Ablation\results\ViT-Only_none-none_fold2_best.pth
2026-06-24 20:48:23 | Epoch 19/50 | Loss 0.7441 | Acc 68.69% | Val Loss 0.7341 | Val Acc 66.91% | 14.1s
2026-06-24 20:48:37 | Epoch 20/50 | Loss 0.7443 | Acc 68.26% | Val Loss 0.7166 | Val Acc 68.04% | 14.2s
2026-06-24 20:48:37 |   --> saved best to C:\Users\Admin\Desktop\hai\ConViTX\code ViT_8 block CNN\HybridModel_PlantPathology_Ablation\results\ViT-Only_none-none_fold2_best.pth
2026-06-24 20:48:52 | Epoch 21/50 | Loss 0.7383 | Acc 68.06% | Val Loss 0.7217 | Val Acc 67.23% | 14.2s
2026-06-24 20:49:06 | Epoch 22/50 | Loss 0.7242 | Acc 68.99% | Val Loss 0.7167 | Val Acc 67.96% | 14.1s
2026-06-24 20:49:20 | Epoch 23/50 | Loss 0.7277 | Acc 69.03% | Val Loss 0.7036 | Val Acc 69.01% | 14.2s
2026-06-24 20:49:20 |   --> saved best to C:\Users\Admin\Desktop\hai\ConViTX\code ViT_8 block CNN\HybridModel_PlantPathology_Ablation\results\ViT-Only_none-none_fold2_best.pth
2026-06-24 20:49:34 | Epoch 24/50 | Loss 0.7173 | Acc 70.05% | Val Loss 0.7119 | Val Acc 69.65% | 14.2s
2026-06-24 20:49:49 | Epoch 25/50 | Loss 0.7158 | Acc 69.74% | Val Loss 0.7082 | Val Acc 69.33% | 14.2s
2026-06-24 20:50:03 | Epoch 26/50 | Loss 0.7164 | Acc 69.38% | Val Loss 0.6954 | Val Acc 69.17% | 14.2s
2026-06-24 20:50:03 |   --> saved best to C:\Users\Admin\Desktop\hai\ConViTX\code ViT_8 block CNN\HybridModel_PlantPathology_Ablation\results\ViT-Only_none-none_fold2_best.pth
2026-06-24 20:50:17 | Epoch 27/50 | Loss 0.7018 | Acc 70.80% | Val Loss 0.6853 | Val Acc 69.65% | 14.3s
2026-06-24 20:50:17 |   --> saved best to C:\Users\Admin\Desktop\hai\ConViTX\code ViT_8 block CNN\HybridModel_PlantPathology_Ablation\results\ViT-Only_none-none_fold2_best.pth
2026-06-24 20:50:32 | Epoch 28/50 | Loss 0.6958 | Acc 70.90% | Val Loss 0.6930 | Val Acc 68.85% | 14.3s
2026-06-24 20:50:46 | Epoch 29/50 | Loss 0.6918 | Acc 70.96% | Val Loss 0.7037 | Val Acc 69.65% | 14.3s
2026-06-24 20:51:00 | Epoch 30/50 | Loss 0.6870 | Acc 71.19% | Val Loss 0.6934 | Val Acc 69.49% | 14.1s
2026-06-24 20:51:14 | Epoch 31/50 | Loss 0.6855 | Acc 71.29% | Val Loss 0.6792 | Val Acc 70.14% | 14.2s
2026-06-24 20:51:14 |   --> saved best to C:\Users\Admin\Desktop\hai\ConViTX\code ViT_8 block CNN\HybridModel_PlantPathology_Ablation\results\ViT-Only_none-none_fold2_best.pth
2026-06-24 20:51:28 | Epoch 32/50 | Loss 0.6746 | Acc 71.51% | Val Loss 0.7052 | Val Acc 69.33% | 14.2s
2026-06-24 20:51:43 | Epoch 33/50 | Loss 0.6683 | Acc 72.56% | Val Loss 0.6582 | Val Acc 71.75% | 14.2s
2026-06-24 20:51:43 |   --> saved best to C:\Users\Admin\Desktop\hai\ConViTX\code ViT_8 block CNN\HybridModel_PlantPathology_Ablation\results\ViT-Only_none-none_fold2_best.pth
2026-06-24 20:51:57 | Epoch 34/50 | Loss 0.6599 | Acc 72.54% | Val Loss 0.6484 | Val Acc 72.64% | 14.1s
2026-06-24 20:51:57 |   --> saved best to C:\Users\Admin\Desktop\hai\ConViTX\code ViT_8 block CNN\HybridModel_PlantPathology_Ablation\results\ViT-Only_none-none_fold2_best.pth
2026-06-24 20:52:11 | Epoch 35/50 | Loss 0.6576 | Acc 72.99% | Val Loss 0.6624 | Val Acc 71.67% | 14.2s
2026-06-24 20:52:26 | Epoch 36/50 | Loss 0.6563 | Acc 73.03% | Val Loss 0.6427 | Val Acc 72.88% | 14.4s
2026-06-24 20:52:26 |   --> saved best to C:\Users\Admin\Desktop\hai\ConViTX\code ViT_8 block CNN\HybridModel_PlantPathology_Ablation\results\ViT-Only_none-none_fold2_best.pth
2026-06-24 20:52:40 | Epoch 37/50 | Loss 0.6521 | Acc 73.09% | Val Loss 0.6506 | Val Acc 71.83% | 14.1s
2026-06-24 20:52:54 | Epoch 38/50 | Loss 0.6383 | Acc 73.88% | Val Loss 0.6778 | Val Acc 71.75% | 14.1s
2026-06-24 20:53:08 | Epoch 39/50 | Loss 0.6338 | Acc 74.17% | Val Loss 0.6278 | Val Acc 73.53% | 14.2s
2026-06-24 20:53:08 |   --> saved best to C:\Users\Admin\Desktop\hai\ConViTX\code ViT_8 block CNN\HybridModel_PlantPathology_Ablation\results\ViT-Only_none-none_fold2_best.pth
2026-06-24 20:53:22 | Epoch 40/50 | Loss 0.6256 | Acc 74.43% | Val Loss 0.6197 | Val Acc 74.66% | 14.1s
2026-06-24 20:53:22 |   --> saved best to C:\Users\Admin\Desktop\hai\ConViTX\code ViT_8 block CNN\HybridModel_PlantPathology_Ablation\results\ViT-Only_none-none_fold2_best.pth
2026-06-24 20:53:36 | Epoch 41/50 | Loss 0.6136 | Acc 75.10% | Val Loss 0.5996 | Val Acc 75.14% | 14.2s
2026-06-24 20:53:36 |   --> saved best to C:\Users\Admin\Desktop\hai\ConViTX\code ViT_8 block CNN\HybridModel_PlantPathology_Ablation\results\ViT-Only_none-none_fold2_best.pth
2026-06-24 20:53:51 | Epoch 42/50 | Loss 0.6044 | Acc 76.44% | Val Loss 0.5964 | Val Acc 75.30% | 14.3s
2026-06-24 20:53:51 |   --> saved best to C:\Users\Admin\Desktop\hai\ConViTX\code ViT_8 block CNN\HybridModel_PlantPathology_Ablation\results\ViT-Only_none-none_fold2_best.pth
2026-06-24 20:54:05 | Epoch 43/50 | Loss 0.5963 | Acc 76.01% | Val Loss 0.5955 | Val Acc 76.51% | 14.2s
2026-06-24 20:54:05 |   --> saved best to C:\Users\Admin\Desktop\hai\ConViTX\code ViT_8 block CNN\HybridModel_PlantPathology_Ablation\results\ViT-Only_none-none_fold2_best.pth
2026-06-24 20:54:19 | Epoch 44/50 | Loss 0.5895 | Acc 76.44% | Val Loss 0.6001 | Val Acc 75.63% | 14.1s
2026-06-24 20:54:34 | Epoch 45/50 | Loss 0.5899 | Acc 76.66% | Val Loss 0.5757 | Val Acc 76.59% | 14.3s
2026-06-24 20:54:34 |   --> saved best to C:\Users\Admin\Desktop\hai\ConViTX\code ViT_8 block CNN\HybridModel_PlantPathology_Ablation\results\ViT-Only_none-none_fold2_best.pth
2026-06-24 20:54:48 | Epoch 46/50 | Loss 0.5825 | Acc 76.52% | Val Loss 0.5699 | Val Acc 77.48% | 14.2s
2026-06-24 20:54:48 |   --> saved best to C:\Users\Admin\Desktop\hai\ConViTX\code ViT_8 block CNN\HybridModel_PlantPathology_Ablation\results\ViT-Only_none-none_fold2_best.pth
2026-06-24 20:55:02 | Epoch 47/50 | Loss 0.5722 | Acc 77.21% | Val Loss 0.5669 | Val Acc 77.24% | 14.2s
2026-06-24 20:55:02 |   --> saved best to C:\Users\Admin\Desktop\hai\ConViTX\code ViT_8 block CNN\HybridModel_PlantPathology_Ablation\results\ViT-Only_none-none_fold2_best.pth
2026-06-24 20:55:16 | Epoch 48/50 | Loss 0.5719 | Acc 77.54% | Val Loss 0.5730 | Val Acc 76.76% | 14.1s
2026-06-24 20:55:30 | Epoch 49/50 | Loss 0.5688 | Acc 77.88% | Val Loss 0.5657 | Val Acc 77.64% | 14.2s
2026-06-24 20:55:30 |   --> saved best to C:\Users\Admin\Desktop\hai\ConViTX\code ViT_8 block CNN\HybridModel_PlantPathology_Ablation\results\ViT-Only_none-none_fold2_best.pth
2026-06-24 20:55:45 | Epoch 50/50 | Loss 0.5507 | Acc 78.00% | Val Loss 0.5625 | Val Acc 77.48% | 14.1s
2026-06-24 20:55:45 |   --> saved best to C:\Users\Admin\Desktop\hai\ConViTX\code ViT_8 block CNN\HybridModel_PlantPathology_Ablation\results\ViT-Only_none-none_fold2_best.pth
2026-06-24 20:55:45 | Finished ViT-Only_none-none fold 2 in 12.41 min.
2026-06-24 20:55:49 | 
================================================================================
2026-06-24 20:55:49 | TRAINING: ViT-Only_none-none | FOLD 3/5
2026-06-24 20:55:49 | ================================================================================
2026-06-24 20:55:49 | [INFO] reduced batch_size=64 for vit model to avoid OOM.
2026-06-24 20:56:39 | Epoch 01/50 | Loss 1.2285 | Acc 47.40% | Val Loss 1.1350 | Val Acc 52.26% | 49.7s
2026-06-24 20:56:39 |   --> saved best to C:\Users\Admin\Desktop\hai\ConViTX\code ViT_8 block CNN\HybridModel_PlantPathology_Ablation\results\ViT-Only_none-none_fold3_best.pth
2026-06-24 20:56:53 | Epoch 02/50 | Loss 1.1025 | Acc 53.69% | Val Loss 1.0834 | Val Acc 54.28% | 14.3s
2026-06-24 20:56:53 |   --> saved best to C:\Users\Admin\Desktop\hai\ConViTX\code ViT_8 block CNN\HybridModel_PlantPathology_Ablation\results\ViT-Only_none-none_fold3_best.pth
2026-06-24 20:57:07 | Epoch 03/50 | Loss 1.0534 | Acc 55.46% | Val Loss 1.0167 | Val Acc 56.87% | 14.1s
2026-06-24 20:57:07 |   --> saved best to C:\Users\Admin\Desktop\hai\ConViTX\code ViT_8 block CNN\HybridModel_PlantPathology_Ablation\results\ViT-Only_none-none_fold3_best.pth
2026-06-24 20:57:21 | Epoch 04/50 | Loss 1.0008 | Acc 58.28% | Val Loss 0.9370 | Val Acc 60.34% | 14.3s
2026-06-24 20:57:21 |   --> saved best to C:\Users\Admin\Desktop\hai\ConViTX\code ViT_8 block CNN\HybridModel_PlantPathology_Ablation\results\ViT-Only_none-none_fold3_best.pth
2026-06-24 20:57:36 | Epoch 05/50 | Loss 0.9413 | Acc 59.54% | Val Loss 0.8959 | Val Acc 62.12% | 14.4s
2026-06-24 20:57:36 |   --> saved best to C:\Users\Admin\Desktop\hai\ConViTX\code ViT_8 block CNN\HybridModel_PlantPathology_Ablation\results\ViT-Only_none-none_fold3_best.pth
2026-06-24 20:57:50 | Epoch 06/50 | Loss 0.9104 | Acc 60.88% | Val Loss 0.8922 | Val Acc 61.79% | 14.3s
2026-06-24 20:57:50 |   --> saved best to C:\Users\Admin\Desktop\hai\ConViTX\code ViT_8 block CNN\HybridModel_PlantPathology_Ablation\results\ViT-Only_none-none_fold3_best.pth
2026-06-24 20:58:05 | Epoch 07/50 | Loss 0.8812 | Acc 61.89% | Val Loss 0.8546 | Val Acc 61.87% | 14.4s
2026-06-24 20:58:05 |   --> saved best to C:\Users\Admin\Desktop\hai\ConViTX\code ViT_8 block CNN\HybridModel_PlantPathology_Ablation\results\ViT-Only_none-none_fold3_best.pth
2026-06-24 20:58:19 | Epoch 08/50 | Loss 0.8682 | Acc 61.93% | Val Loss 0.8383 | Val Acc 63.89% | 14.3s
2026-06-24 20:58:19 |   --> saved best to C:\Users\Admin\Desktop\hai\ConViTX\code ViT_8 block CNN\HybridModel_PlantPathology_Ablation\results\ViT-Only_none-none_fold3_best.pth
2026-06-24 20:58:34 | Epoch 09/50 | Loss 0.8590 | Acc 63.01% | Val Loss 0.8231 | Val Acc 63.57% | 14.3s
2026-06-24 20:58:34 |   --> saved best to C:\Users\Admin\Desktop\hai\ConViTX\code ViT_8 block CNN\HybridModel_PlantPathology_Ablation\results\ViT-Only_none-none_fold3_best.pth
2026-06-24 20:58:48 | Epoch 10/50 | Loss 0.8499 | Acc 62.76% | Val Loss 0.7973 | Val Acc 65.35% | 14.2s
2026-06-24 20:58:48 |   --> saved best to C:\Users\Admin\Desktop\hai\ConViTX\code ViT_8 block CNN\HybridModel_PlantPathology_Ablation\results\ViT-Only_none-none_fold3_best.pth
2026-06-24 20:59:02 | Epoch 11/50 | Loss 0.8322 | Acc 63.35% | Val Loss 0.7975 | Val Acc 64.62% | 14.1s
2026-06-24 20:59:16 | Epoch 12/50 | Loss 0.8102 | Acc 64.81% | Val Loss 0.7967 | Val Acc 65.67% | 14.4s
2026-06-24 20:59:16 |   --> saved best to C:\Users\Admin\Desktop\hai\ConViTX\code ViT_8 block CNN\HybridModel_PlantPathology_Ablation\results\ViT-Only_none-none_fold3_best.pth
2026-06-24 20:59:31 | Epoch 13/50 | Loss 0.8033 | Acc 65.16% | Val Loss 0.7851 | Val Acc 65.51% | 14.2s
2026-06-24 20:59:31 |   --> saved best to C:\Users\Admin\Desktop\hai\ConViTX\code ViT_8 block CNN\HybridModel_PlantPathology_Ablation\results\ViT-Only_none-none_fold3_best.pth
2026-06-24 20:59:45 | Epoch 14/50 | Loss 0.8034 | Acc 65.18% | Val Loss 0.7919 | Val Acc 65.99% | 14.2s
2026-06-24 20:59:59 | Epoch 15/50 | Loss 0.7843 | Acc 66.38% | Val Loss 0.7628 | Val Acc 65.43% | 14.2s
2026-06-24 20:59:59 |   --> saved best to C:\Users\Admin\Desktop\hai\ConViTX\code ViT_8 block CNN\HybridModel_PlantPathology_Ablation\results\ViT-Only_none-none_fold3_best.pth
2026-06-24 21:00:14 | Epoch 16/50 | Loss 0.7756 | Acc 66.52% | Val Loss 0.7629 | Val Acc 67.04% | 14.3s
2026-06-24 21:00:28 | Epoch 17/50 | Loss 0.7758 | Acc 67.21% | Val Loss 0.7561 | Val Acc 66.64% | 14.1s
2026-06-24 21:00:28 |   --> saved best to C:\Users\Admin\Desktop\hai\ConViTX\code ViT_8 block CNN\HybridModel_PlantPathology_Ablation\results\ViT-Only_none-none_fold3_best.pth
2026-06-24 21:00:42 | Epoch 18/50 | Loss 0.7671 | Acc 67.76% | Val Loss 0.7491 | Val Acc 66.96% | 14.3s
2026-06-24 21:00:42 |   --> saved best to C:\Users\Admin\Desktop\hai\ConViTX\code ViT_8 block CNN\HybridModel_PlantPathology_Ablation\results\ViT-Only_none-none_fold3_best.pth
2026-06-24 21:00:56 | Epoch 19/50 | Loss 0.7549 | Acc 67.82% | Val Loss 0.7316 | Val Acc 67.53% | 14.2s
2026-06-24 21:00:56 |   --> saved best to C:\Users\Admin\Desktop\hai\ConViTX\code ViT_8 block CNN\HybridModel_PlantPathology_Ablation\results\ViT-Only_none-none_fold3_best.pth
2026-06-24 21:01:11 | Epoch 20/50 | Loss 0.7490 | Acc 67.57% | Val Loss 0.7356 | Val Acc 66.96% | 14.1s
2026-06-24 21:01:25 | Epoch 21/50 | Loss 0.7449 | Acc 69.24% | Val Loss 0.7287 | Val Acc 67.21% | 14.1s
2026-06-24 21:01:25 |   --> saved best to C:\Users\Admin\Desktop\hai\ConViTX\code ViT_8 block CNN\HybridModel_PlantPathology_Ablation\results\ViT-Only_none-none_fold3_best.pth
2026-06-24 21:01:39 | Epoch 22/50 | Loss 0.7400 | Acc 68.43% | Val Loss 0.7234 | Val Acc 68.66% | 14.1s
2026-06-24 21:01:39 |   --> saved best to C:\Users\Admin\Desktop\hai\ConViTX\code ViT_8 block CNN\HybridModel_PlantPathology_Ablation\results\ViT-Only_none-none_fold3_best.pth
2026-06-24 21:01:53 | Epoch 23/50 | Loss 0.7363 | Acc 68.81% | Val Loss 0.7103 | Val Acc 68.58% | 14.1s
2026-06-24 21:01:53 |   --> saved best to C:\Users\Admin\Desktop\hai\ConViTX\code ViT_8 block CNN\HybridModel_PlantPathology_Ablation\results\ViT-Only_none-none_fold3_best.pth
2026-06-24 21:02:08 | Epoch 24/50 | Loss 0.7271 | Acc 68.81% | Val Loss 0.7133 | Val Acc 68.42% | 14.5s
2026-06-24 21:02:22 | Epoch 25/50 | Loss 0.7284 | Acc 68.75% | Val Loss 0.7200 | Val Acc 68.09% | 14.3s
2026-06-24 21:02:36 | Epoch 26/50 | Loss 0.7244 | Acc 69.46% | Val Loss 0.7016 | Val Acc 70.44% | 14.3s
2026-06-24 21:02:36 |   --> saved best to C:\Users\Admin\Desktop\hai\ConViTX\code ViT_8 block CNN\HybridModel_PlantPathology_Ablation\results\ViT-Only_none-none_fold3_best.pth
2026-06-24 21:02:51 | Epoch 27/50 | Loss 0.7150 | Acc 69.50% | Val Loss 0.7155 | Val Acc 68.26% | 14.3s
2026-06-24 21:03:05 | Epoch 28/50 | Loss 0.7128 | Acc 69.56% | Val Loss 0.6927 | Val Acc 70.52% | 14.4s
2026-06-24 21:03:05 |   --> saved best to C:\Users\Admin\Desktop\hai\ConViTX\code ViT_8 block CNN\HybridModel_PlantPathology_Ablation\results\ViT-Only_none-none_fold3_best.pth
2026-06-24 21:03:20 | Epoch 29/50 | Loss 0.7110 | Acc 70.09% | Val Loss 0.7010 | Val Acc 69.79% | 14.4s
2026-06-24 21:03:34 | Epoch 30/50 | Loss 0.7092 | Acc 69.89% | Val Loss 0.6870 | Val Acc 69.79% | 14.4s
2026-06-24 21:03:34 |   --> saved best to C:\Users\Admin\Desktop\hai\ConViTX\code ViT_8 block CNN\HybridModel_PlantPathology_Ablation\results\ViT-Only_none-none_fold3_best.pth
2026-06-24 21:03:48 | Epoch 31/50 | Loss 0.6966 | Acc 69.97% | Val Loss 0.6812 | Val Acc 70.68% | 14.3s
2026-06-24 21:03:48 |   --> saved best to C:\Users\Admin\Desktop\hai\ConViTX\code ViT_8 block CNN\HybridModel_PlantPathology_Ablation\results\ViT-Only_none-none_fold3_best.pth
2026-06-24 21:04:03 | Epoch 32/50 | Loss 0.7017 | Acc 69.95% | Val Loss 0.6986 | Val Acc 70.03% | 14.2s
2026-06-24 21:04:17 | Epoch 33/50 | Loss 0.6966 | Acc 70.66% | Val Loss 0.6839 | Val Acc 69.55% | 14.2s
2026-06-24 21:04:31 | Epoch 34/50 | Loss 0.6897 | Acc 70.17% | Val Loss 0.6681 | Val Acc 70.76% | 14.1s
2026-06-24 21:04:31 |   --> saved best to C:\Users\Admin\Desktop\hai\ConViTX\code ViT_8 block CNN\HybridModel_PlantPathology_Ablation\results\ViT-Only_none-none_fold3_best.pth
2026-06-24 21:04:45 | Epoch 35/50 | Loss 0.6936 | Acc 70.58% | Val Loss 0.6689 | Val Acc 71.57% | 14.1s
2026-06-24 21:04:59 | Epoch 36/50 | Loss 0.6711 | Acc 71.98% | Val Loss 0.6727 | Val Acc 72.78% | 14.2s
2026-06-24 21:05:14 | Epoch 37/50 | Loss 0.6727 | Acc 71.51% | Val Loss 0.6587 | Val Acc 72.21% | 14.2s
2026-06-24 21:05:14 |   --> saved best to C:\Users\Admin\Desktop\hai\ConViTX\code ViT_8 block CNN\HybridModel_PlantPathology_Ablation\results\ViT-Only_none-none_fold3_best.pth
2026-06-24 21:05:28 | Epoch 38/50 | Loss 0.6629 | Acc 71.92% | Val Loss 0.6415 | Val Acc 72.78% | 14.2s
2026-06-24 21:05:28 |   --> saved best to C:\Users\Admin\Desktop\hai\ConViTX\code ViT_8 block CNN\HybridModel_PlantPathology_Ablation\results\ViT-Only_none-none_fold3_best.pth
2026-06-24 21:05:42 | Epoch 39/50 | Loss 0.6616 | Acc 72.44% | Val Loss 0.6400 | Val Acc 72.86% | 14.2s
2026-06-24 21:05:42 |   --> saved best to C:\Users\Admin\Desktop\hai\ConViTX\code ViT_8 block CNN\HybridModel_PlantPathology_Ablation\results\ViT-Only_none-none_fold3_best.pth
2026-06-24 21:05:57 | Epoch 40/50 | Loss 0.6568 | Acc 72.20% | Val Loss 0.6511 | Val Acc 72.13% | 14.2s
2026-06-24 21:06:11 | Epoch 41/50 | Loss 0.6543 | Acc 72.77% | Val Loss 0.6439 | Val Acc 72.62% | 14.1s
2026-06-24 21:06:25 | Epoch 42/50 | Loss 0.6398 | Acc 73.97% | Val Loss 0.6322 | Val Acc 73.42% | 14.2s
2026-06-24 21:06:25 |   --> saved best to C:\Users\Admin\Desktop\hai\ConViTX\code ViT_8 block CNN\HybridModel_PlantPathology_Ablation\results\ViT-Only_none-none_fold3_best.pth
2026-06-24 21:06:39 | Epoch 43/50 | Loss 0.6363 | Acc 73.68% | Val Loss 0.6242 | Val Acc 73.18% | 14.2s
2026-06-24 21:06:39 |   --> saved best to C:\Users\Admin\Desktop\hai\ConViTX\code ViT_8 block CNN\HybridModel_PlantPathology_Ablation\results\ViT-Only_none-none_fold3_best.pth
2026-06-24 21:06:54 | Epoch 44/50 | Loss 0.6367 | Acc 73.70% | Val Loss 0.6306 | Val Acc 72.62% | 14.3s
2026-06-24 21:07:08 | Epoch 45/50 | Loss 0.6370 | Acc 73.76% | Val Loss 0.6171 | Val Acc 73.02% | 14.2s
2026-06-24 21:07:08 |   --> saved best to C:\Users\Admin\Desktop\hai\ConViTX\code ViT_8 block CNN\HybridModel_PlantPathology_Ablation\results\ViT-Only_none-none_fold3_best.pth
2026-06-24 21:07:22 | Epoch 46/50 | Loss 0.6265 | Acc 73.78% | Val Loss 0.6586 | Val Acc 71.32% | 14.2s
2026-06-24 21:07:36 | Epoch 47/50 | Loss 0.6123 | Acc 75.32% | Val Loss 0.6008 | Val Acc 74.47% | 14.3s
2026-06-24 21:07:36 |   --> saved best to C:\Users\Admin\Desktop\hai\ConViTX\code ViT_8 block CNN\HybridModel_PlantPathology_Ablation\results\ViT-Only_none-none_fold3_best.pth
2026-06-24 21:07:51 | Epoch 48/50 | Loss 0.6226 | Acc 74.59% | Val Loss 0.5963 | Val Acc 74.88% | 14.2s
2026-06-24 21:07:51 |   --> saved best to C:\Users\Admin\Desktop\hai\ConViTX\code ViT_8 block CNN\HybridModel_PlantPathology_Ablation\results\ViT-Only_none-none_fold3_best.pth
2026-06-24 21:08:05 | Epoch 49/50 | Loss 0.6080 | Acc 75.79% | Val Loss 0.6139 | Val Acc 72.94% | 14.2s
2026-06-24 21:08:19 | Epoch 50/50 | Loss 0.6033 | Acc 75.81% | Val Loss 0.5765 | Val Acc 76.82% | 14.1s
2026-06-24 21:08:19 |   --> saved best to C:\Users\Admin\Desktop\hai\ConViTX\code ViT_8 block CNN\HybridModel_PlantPathology_Ablation\results\ViT-Only_none-none_fold3_best.pth
2026-06-24 21:08:19 | Finished ViT-Only_none-none fold 3 in 12.51 min.
2026-06-24 21:08:24 | 
================================================================================
2026-06-24 21:08:24 | TRAINING: ViT-Only_none-none | FOLD 4/5
2026-06-24 21:08:24 | ================================================================================
2026-06-24 21:08:24 | [INFO] reduced batch_size=64 for vit model to avoid OOM.
2026-06-24 21:09:12 | Epoch 01/50 | Loss 1.2440 | Acc 46.49% | Val Loss 1.1092 | Val Acc 52.99% | 47.7s
2026-06-24 21:09:12 |   --> saved best to C:\Users\Admin\Desktop\hai\ConViTX\code ViT_8 block CNN\HybridModel_PlantPathology_Ablation\results\ViT-Only_none-none_fold4_best.pth
2026-06-24 21:09:26 | Epoch 02/50 | Loss 1.1306 | Acc 52.72% | Val Loss 1.0717 | Val Acc 54.36% | 14.3s
2026-06-24 21:09:26 |   --> saved best to C:\Users\Admin\Desktop\hai\ConViTX\code ViT_8 block CNN\HybridModel_PlantPathology_Ablation\results\ViT-Only_none-none_fold4_best.pth
2026-06-24 21:09:40 | Epoch 03/50 | Loss 1.0790 | Acc 53.63% | Val Loss 0.9983 | Val Acc 57.67% | 14.1s
2026-06-24 21:09:40 |   --> saved best to C:\Users\Admin\Desktop\hai\ConViTX\code ViT_8 block CNN\HybridModel_PlantPathology_Ablation\results\ViT-Only_none-none_fold4_best.pth
2026-06-24 21:09:54 | Epoch 04/50 | Loss 1.0281 | Acc 55.72% | Val Loss 0.9562 | Val Acc 60.50% | 14.1s
2026-06-24 21:09:54 |   --> saved best to C:\Users\Admin\Desktop\hai\ConViTX\code ViT_8 block CNN\HybridModel_PlantPathology_Ablation\results\ViT-Only_none-none_fold4_best.pth
2026-06-24 21:10:09 | Epoch 05/50 | Loss 0.9838 | Acc 59.01% | Val Loss 0.8967 | Val Acc 61.79% | 14.2s
2026-06-24 21:10:09 |   --> saved best to C:\Users\Admin\Desktop\hai\ConViTX\code ViT_8 block CNN\HybridModel_PlantPathology_Ablation\results\ViT-Only_none-none_fold4_best.pth
2026-06-24 21:10:23 | Epoch 06/50 | Loss 0.9434 | Acc 59.76% | Val Loss 0.8751 | Val Acc 63.00% | 14.2s
2026-06-24 21:10:23 |   --> saved best to C:\Users\Admin\Desktop\hai\ConViTX\code ViT_8 block CNN\HybridModel_PlantPathology_Ablation\results\ViT-Only_none-none_fold4_best.pth
2026-06-24 21:10:37 | Epoch 07/50 | Loss 0.9151 | Acc 61.81% | Val Loss 0.8319 | Val Acc 64.70% | 14.2s
2026-06-24 21:10:37 |   --> saved best to C:\Users\Admin\Desktop\hai\ConViTX\code ViT_8 block CNN\HybridModel_PlantPathology_Ablation\results\ViT-Only_none-none_fold4_best.pth
2026-06-24 21:10:51 | Epoch 08/50 | Loss 0.8788 | Acc 63.53% | Val Loss 0.8032 | Val Acc 66.64% | 14.2s
2026-06-24 21:10:51 |   --> saved best to C:\Users\Admin\Desktop\hai\ConViTX\code ViT_8 block CNN\HybridModel_PlantPathology_Ablation\results\ViT-Only_none-none_fold4_best.pth
2026-06-24 21:11:06 | Epoch 09/50 | Loss 0.8625 | Acc 63.80% | Val Loss 0.8052 | Val Acc 66.07% | 14.2s
2026-06-24 21:11:20 | Epoch 10/50 | Loss 0.8530 | Acc 64.29% | Val Loss 0.7859 | Val Acc 68.09% | 14.3s
2026-06-24 21:11:20 |   --> saved best to C:\Users\Admin\Desktop\hai\ConViTX\code ViT_8 block CNN\HybridModel_PlantPathology_Ablation\results\ViT-Only_none-none_fold4_best.pth
2026-06-24 21:11:34 | Epoch 11/50 | Loss 0.8350 | Acc 64.51% | Val Loss 0.7667 | Val Acc 67.69% | 14.1s
2026-06-24 21:11:34 |   --> saved best to C:\Users\Admin\Desktop\hai\ConViTX\code ViT_8 block CNN\HybridModel_PlantPathology_Ablation\results\ViT-Only_none-none_fold4_best.pth
2026-06-24 21:11:48 | Epoch 12/50 | Loss 0.8259 | Acc 64.63% | Val Loss 0.7554 | Val Acc 67.29% | 14.1s
2026-06-24 21:11:48 |   --> saved best to C:\Users\Admin\Desktop\hai\ConViTX\code ViT_8 block CNN\HybridModel_PlantPathology_Ablation\results\ViT-Only_none-none_fold4_best.pth
2026-06-24 21:12:03 | Epoch 13/50 | Loss 0.8112 | Acc 65.00% | Val Loss 0.7521 | Val Acc 68.58% | 14.2s
2026-06-24 21:12:03 |   --> saved best to C:\Users\Admin\Desktop\hai\ConViTX\code ViT_8 block CNN\HybridModel_PlantPathology_Ablation\results\ViT-Only_none-none_fold4_best.pth
2026-06-24 21:12:17 | Epoch 14/50 | Loss 0.8079 | Acc 65.52% | Val Loss 0.7396 | Val Acc 67.61% | 14.2s
2026-06-24 21:12:17 |   --> saved best to C:\Users\Admin\Desktop\hai\ConViTX\code ViT_8 block CNN\HybridModel_PlantPathology_Ablation\results\ViT-Only_none-none_fold4_best.pth
2026-06-24 21:12:31 | Epoch 15/50 | Loss 0.7900 | Acc 67.17% | Val Loss 0.7404 | Val Acc 69.06% | 14.2s
2026-06-24 21:12:45 | Epoch 16/50 | Loss 0.7934 | Acc 65.95% | Val Loss 0.7333 | Val Acc 68.17% | 14.2s
2026-06-24 21:12:45 |   --> saved best to C:\Users\Admin\Desktop\hai\ConViTX\code ViT_8 block CNN\HybridModel_PlantPathology_Ablation\results\ViT-Only_none-none_fold4_best.pth
2026-06-24 21:13:00 | Epoch 17/50 | Loss 0.7792 | Acc 67.09% | Val Loss 0.7216 | Val Acc 69.71% | 14.2s
2026-06-24 21:13:00 |   --> saved best to C:\Users\Admin\Desktop\hai\ConViTX\code ViT_8 block CNN\HybridModel_PlantPathology_Ablation\results\ViT-Only_none-none_fold4_best.pth
2026-06-24 21:13:14 | Epoch 18/50 | Loss 0.7741 | Acc 67.00% | Val Loss 0.7150 | Val Acc 70.27% | 14.2s
2026-06-24 21:13:14 |   --> saved best to C:\Users\Admin\Desktop\hai\ConViTX\code ViT_8 block CNN\HybridModel_PlantPathology_Ablation\results\ViT-Only_none-none_fold4_best.pth
2026-06-24 21:13:28 | Epoch 19/50 | Loss 0.7603 | Acc 67.72% | Val Loss 0.7118 | Val Acc 70.03% | 14.1s
2026-06-24 21:13:28 |   --> saved best to C:\Users\Admin\Desktop\hai\ConViTX\code ViT_8 block CNN\HybridModel_PlantPathology_Ablation\results\ViT-Only_none-none_fold4_best.pth
2026-06-24 21:13:42 | Epoch 20/50 | Loss 0.7559 | Acc 67.19% | Val Loss 0.7046 | Val Acc 69.95% | 14.2s
2026-06-24 21:13:42 |   --> saved best to C:\Users\Admin\Desktop\hai\ConViTX\code ViT_8 block CNN\HybridModel_PlantPathology_Ablation\results\ViT-Only_none-none_fold4_best.pth
2026-06-24 21:13:57 | Epoch 21/50 | Loss 0.7496 | Acc 68.06% | Val Loss 0.7087 | Val Acc 69.71% | 14.2s
2026-06-24 21:14:11 | Epoch 22/50 | Loss 0.7520 | Acc 67.45% | Val Loss 0.6962 | Val Acc 70.92% | 14.1s
2026-06-24 21:14:11 |   --> saved best to C:\Users\Admin\Desktop\hai\ConViTX\code ViT_8 block CNN\HybridModel_PlantPathology_Ablation\results\ViT-Only_none-none_fold4_best.pth
2026-06-24 21:14:25 | Epoch 23/50 | Loss 0.7393 | Acc 68.95% | Val Loss 0.6890 | Val Acc 71.57% | 14.1s
2026-06-24 21:14:25 |   --> saved best to C:\Users\Admin\Desktop\hai\ConViTX\code ViT_8 block CNN\HybridModel_PlantPathology_Ablation\results\ViT-Only_none-none_fold4_best.pth
2026-06-24 21:14:39 | Epoch 24/50 | Loss 0.7352 | Acc 68.65% | Val Loss 0.6997 | Val Acc 69.55% | 14.1s
2026-06-24 21:14:53 | Epoch 25/50 | Loss 0.7327 | Acc 69.64% | Val Loss 0.6871 | Val Acc 70.44% | 14.1s
2026-06-24 21:14:53 |   --> saved best to C:\Users\Admin\Desktop\hai\ConViTX\code ViT_8 block CNN\HybridModel_PlantPathology_Ablation\results\ViT-Only_none-none_fold4_best.pth
2026-06-24 21:15:08 | Epoch 26/50 | Loss 0.7265 | Acc 69.26% | Val Loss 0.6743 | Val Acc 72.13% | 14.2s
2026-06-24 21:15:08 |   --> saved best to C:\Users\Admin\Desktop\hai\ConViTX\code ViT_8 block CNN\HybridModel_PlantPathology_Ablation\results\ViT-Only_none-none_fold4_best.pth
2026-06-24 21:15:22 | Epoch 27/50 | Loss 0.7189 | Acc 69.91% | Val Loss 0.6689 | Val Acc 71.32% | 14.2s
2026-06-24 21:15:22 |   --> saved best to C:\Users\Admin\Desktop\hai\ConViTX\code ViT_8 block CNN\HybridModel_PlantPathology_Ablation\results\ViT-Only_none-none_fold4_best.pth
2026-06-24 21:15:36 | Epoch 28/50 | Loss 0.7149 | Acc 70.39% | Val Loss 0.6650 | Val Acc 71.97% | 14.2s
2026-06-24 21:15:36 |   --> saved best to C:\Users\Admin\Desktop\hai\ConViTX\code ViT_8 block CNN\HybridModel_PlantPathology_Ablation\results\ViT-Only_none-none_fold4_best.pth
2026-06-24 21:15:50 | Epoch 29/50 | Loss 0.7040 | Acc 70.29% | Val Loss 0.6519 | Val Acc 72.54% | 14.1s
2026-06-24 21:15:50 |   --> saved best to C:\Users\Admin\Desktop\hai\ConViTX\code ViT_8 block CNN\HybridModel_PlantPathology_Ablation\results\ViT-Only_none-none_fold4_best.pth
2026-06-24 21:16:04 | Epoch 30/50 | Loss 0.6984 | Acc 70.56% | Val Loss 0.6595 | Val Acc 71.89% | 13.9s
2026-06-24 21:16:18 | Epoch 31/50 | Loss 0.6830 | Acc 71.35% | Val Loss 0.6208 | Val Acc 74.15% | 13.6s
2026-06-24 21:16:18 |   --> saved best to C:\Users\Admin\Desktop\hai\ConViTX\code ViT_8 block CNN\HybridModel_PlantPathology_Ablation\results\ViT-Only_none-none_fold4_best.pth
2026-06-24 21:16:32 | Epoch 32/50 | Loss 0.6740 | Acc 72.06% | Val Loss 0.6140 | Val Acc 74.72% | 13.6s
2026-06-24 21:16:32 |   --> saved best to C:\Users\Admin\Desktop\hai\ConViTX\code ViT_8 block CNN\HybridModel_PlantPathology_Ablation\results\ViT-Only_none-none_fold4_best.pth
2026-06-24 21:16:45 | Epoch 33/50 | Loss 0.6707 | Acc 72.40% | Val Loss 0.5987 | Val Acc 76.09% | 13.7s
2026-06-24 21:16:45 |   --> saved best to C:\Users\Admin\Desktop\hai\ConViTX\code ViT_8 block CNN\HybridModel_PlantPathology_Ablation\results\ViT-Only_none-none_fold4_best.pth
2026-06-24 21:16:59 | Epoch 34/50 | Loss 0.6502 | Acc 73.80% | Val Loss 0.6035 | Val Acc 75.69% | 13.7s
2026-06-24 21:17:12 | Epoch 35/50 | Loss 0.6469 | Acc 73.74% | Val Loss 0.5912 | Val Acc 75.85% | 13.4s
2026-06-24 21:17:12 |   --> saved best to C:\Users\Admin\Desktop\hai\ConViTX\code ViT_8 block CNN\HybridModel_PlantPathology_Ablation\results\ViT-Only_none-none_fold4_best.pth
2026-06-24 21:17:26 | Epoch 36/50 | Loss 0.6518 | Acc 73.23% | Val Loss 0.5822 | Val Acc 76.49% | 13.3s
2026-06-24 21:17:26 |   --> saved best to C:\Users\Admin\Desktop\hai\ConViTX\code ViT_8 block CNN\HybridModel_PlantPathology_Ablation\results\ViT-Only_none-none_fold4_best.pth
2026-06-24 21:17:39 | Epoch 37/50 | Loss 0.6360 | Acc 74.88% | Val Loss 0.5874 | Val Acc 76.01% | 13.3s
2026-06-24 21:17:52 | Epoch 38/50 | Loss 0.6285 | Acc 75.26% | Val Loss 0.5671 | Val Acc 77.22% | 13.3s
2026-06-24 21:17:52 |   --> saved best to C:\Users\Admin\Desktop\hai\ConViTX\code ViT_8 block CNN\HybridModel_PlantPathology_Ablation\results\ViT-Only_none-none_fold4_best.pth
2026-06-24 21:18:06 | Epoch 39/50 | Loss 0.6101 | Acc 76.06% | Val Loss 0.5830 | Val Acc 76.58% | 13.3s
2026-06-24 21:18:19 | Epoch 40/50 | Loss 0.6135 | Acc 75.08% | Val Loss 0.5666 | Val Acc 76.98% | 13.4s
2026-06-24 21:18:19 |   --> saved best to C:\Users\Admin\Desktop\hai\ConViTX\code ViT_8 block CNN\HybridModel_PlantPathology_Ablation\results\ViT-Only_none-none_fold4_best.pth
2026-06-24 21:18:32 | Epoch 41/50 | Loss 0.6033 | Acc 75.91% | Val Loss 0.5601 | Val Acc 77.54% | 13.3s
2026-06-24 21:18:32 |   --> saved best to C:\Users\Admin\Desktop\hai\ConViTX\code ViT_8 block CNN\HybridModel_PlantPathology_Ablation\results\ViT-Only_none-none_fold4_best.pth
2026-06-24 21:18:46 | Epoch 42/50 | Loss 0.6031 | Acc 75.30% | Val Loss 0.5568 | Val Acc 77.38% | 13.4s
2026-06-24 21:18:46 |   --> saved best to C:\Users\Admin\Desktop\hai\ConViTX\code ViT_8 block CNN\HybridModel_PlantPathology_Ablation\results\ViT-Only_none-none_fold4_best.pth
2026-06-24 21:18:59 | Epoch 43/50 | Loss 0.6012 | Acc 75.97% | Val Loss 0.5822 | Val Acc 75.93% | 13.3s
2026-06-24 21:19:13 | Epoch 44/50 | Loss 0.5891 | Acc 75.97% | Val Loss 0.5533 | Val Acc 76.58% | 13.3s
2026-06-24 21:19:13 |   --> saved best to C:\Users\Admin\Desktop\hai\ConViTX\code ViT_8 block CNN\HybridModel_PlantPathology_Ablation\results\ViT-Only_none-none_fold4_best.pth
2026-06-24 21:19:26 | Epoch 45/50 | Loss 0.5791 | Acc 77.23% | Val Loss 0.5505 | Val Acc 77.38% | 13.4s
2026-06-24 21:19:26 |   --> saved best to C:\Users\Admin\Desktop\hai\ConViTX\code ViT_8 block CNN\HybridModel_PlantPathology_Ablation\results\ViT-Only_none-none_fold4_best.pth
2026-06-24 21:19:39 | Epoch 46/50 | Loss 0.5926 | Acc 76.52% | Val Loss 0.5592 | Val Acc 77.30% | 13.3s
2026-06-24 21:19:53 | Epoch 47/50 | Loss 0.5747 | Acc 77.41% | Val Loss 0.5427 | Val Acc 78.68% | 13.3s
2026-06-24 21:19:53 |   --> saved best to C:\Users\Admin\Desktop\hai\ConViTX\code ViT_8 block CNN\HybridModel_PlantPathology_Ablation\results\ViT-Only_none-none_fold4_best.pth
2026-06-24 21:20:06 | Epoch 48/50 | Loss 0.5760 | Acc 76.89% | Val Loss 0.5349 | Val Acc 77.54% | 13.3s
2026-06-24 21:20:06 |   --> saved best to C:\Users\Admin\Desktop\hai\ConViTX\code ViT_8 block CNN\HybridModel_PlantPathology_Ablation\results\ViT-Only_none-none_fold4_best.pth
2026-06-24 21:20:19 | Epoch 49/50 | Loss 0.5667 | Acc 77.21% | Val Loss 0.5545 | Val Acc 77.95% | 13.4s
2026-06-24 21:20:33 | Epoch 50/50 | Loss 0.5768 | Acc 76.48% | Val Loss 0.5411 | Val Acc 77.46% | 13.3s
2026-06-24 21:20:33 | Finished ViT-Only_none-none fold 4 in 12.15 min.
2026-06-24 21:20:36 | 
================================================================================
2026-06-24 21:20:36 | TRAINING: ViT-Only_none-none | FOLD 5/5
2026-06-24 21:20:36 | ================================================================================
2026-06-24 21:20:36 | [INFO] reduced batch_size=64 for vit model to avoid OOM.
2026-06-24 21:21:19 | Epoch 01/50 | Loss 1.2142 | Acc 49.01% | Val Loss 1.1041 | Val Acc 53.07% | 43.0s
2026-06-24 21:21:19 |   --> saved best to C:\Users\Admin\Desktop\hai\ConViTX\code ViT_8 block CNN\HybridModel_PlantPathology_Ablation\results\ViT-Only_none-none_fold5_best.pth
2026-06-24 21:21:32 | Epoch 02/50 | Loss 1.1082 | Acc 53.00% | Val Loss 1.0312 | Val Acc 56.22% | 13.3s
2026-06-24 21:21:32 |   --> saved best to C:\Users\Admin\Desktop\hai\ConViTX\code ViT_8 block CNN\HybridModel_PlantPathology_Ablation\results\ViT-Only_none-none_fold5_best.pth
2026-06-24 21:21:46 | Epoch 03/50 | Loss 1.0584 | Acc 54.48% | Val Loss 0.9586 | Val Acc 60.90% | 13.3s
2026-06-24 21:21:46 |   --> saved best to C:\Users\Admin\Desktop\hai\ConViTX\code ViT_8 block CNN\HybridModel_PlantPathology_Ablation\results\ViT-Only_none-none_fold5_best.pth
2026-06-24 21:21:59 | Epoch 04/50 | Loss 1.0032 | Acc 57.69% | Val Loss 0.8951 | Val Acc 62.76% | 13.3s
2026-06-24 21:21:59 |   --> saved best to C:\Users\Admin\Desktop\hai\ConViTX\code ViT_8 block CNN\HybridModel_PlantPathology_Ablation\results\ViT-Only_none-none_fold5_best.pth
2026-06-24 21:22:12 | Epoch 05/50 | Loss 0.9485 | Acc 60.61% | Val Loss 0.8441 | Val Acc 62.52% | 13.4s
2026-06-24 21:22:12 |   --> saved best to C:\Users\Admin\Desktop\hai\ConViTX\code ViT_8 block CNN\HybridModel_PlantPathology_Ablation\results\ViT-Only_none-none_fold5_best.pth
2026-06-24 21:22:26 | Epoch 06/50 | Loss 0.9180 | Acc 60.90% | Val Loss 0.8443 | Val Acc 62.92% | 13.3s
2026-06-24 21:22:39 | Epoch 07/50 | Loss 0.8934 | Acc 61.53% | Val Loss 0.8064 | Val Acc 63.97% | 13.3s
2026-06-24 21:22:39 |   --> saved best to C:\Users\Admin\Desktop\hai\ConViTX\code ViT_8 block CNN\HybridModel_PlantPathology_Ablation\results\ViT-Only_none-none_fold5_best.pth
2026-06-24 21:22:52 | Epoch 08/50 | Loss 0.8761 | Acc 61.49% | Val Loss 0.7942 | Val Acc 65.67% | 13.4s
2026-06-24 21:22:52 |   --> saved best to C:\Users\Admin\Desktop\hai\ConViTX\code ViT_8 block CNN\HybridModel_PlantPathology_Ablation\results\ViT-Only_none-none_fold5_best.pth
2026-06-24 21:23:06 | Epoch 09/50 | Loss 0.8605 | Acc 62.20% | Val Loss 0.7820 | Val Acc 65.43% | 13.3s
2026-06-24 21:23:06 |   --> saved best to C:\Users\Admin\Desktop\hai\ConViTX\code ViT_8 block CNN\HybridModel_PlantPathology_Ablation\results\ViT-Only_none-none_fold5_best.pth
2026-06-24 21:23:19 | Epoch 10/50 | Loss 0.8395 | Acc 63.74% | Val Loss 0.7596 | Val Acc 66.72% | 13.4s
2026-06-24 21:23:19 |   --> saved best to C:\Users\Admin\Desktop\hai\ConViTX\code ViT_8 block CNN\HybridModel_PlantPathology_Ablation\results\ViT-Only_none-none_fold5_best.pth
2026-06-24 21:23:32 | Epoch 11/50 | Loss 0.8336 | Acc 63.94% | Val Loss 0.7488 | Val Acc 66.96% | 13.3s
2026-06-24 21:23:32 |   --> saved best to C:\Users\Admin\Desktop\hai\ConViTX\code ViT_8 block CNN\HybridModel_PlantPathology_Ablation\results\ViT-Only_none-none_fold5_best.pth
2026-06-24 21:23:46 | Epoch 12/50 | Loss 0.8176 | Acc 64.79% | Val Loss 0.7645 | Val Acc 65.43% | 13.3s
2026-06-24 21:23:59 | Epoch 13/50 | Loss 0.8166 | Acc 65.02% | Val Loss 0.7443 | Val Acc 66.16% | 13.3s
2026-06-24 21:23:59 |   --> saved best to C:\Users\Admin\Desktop\hai\ConViTX\code ViT_8 block CNN\HybridModel_PlantPathology_Ablation\results\ViT-Only_none-none_fold5_best.pth
2026-06-24 21:24:13 | Epoch 14/50 | Loss 0.7915 | Acc 65.85% | Val Loss 0.7394 | Val Acc 67.37% | 13.3s
2026-06-24 21:24:13 |   --> saved best to C:\Users\Admin\Desktop\hai\ConViTX\code ViT_8 block CNN\HybridModel_PlantPathology_Ablation\results\ViT-Only_none-none_fold5_best.pth
2026-06-24 21:24:26 | Epoch 15/50 | Loss 0.7948 | Acc 66.09% | Val Loss 0.7235 | Val Acc 67.93% | 13.3s
2026-06-24 21:24:26 |   --> saved best to C:\Users\Admin\Desktop\hai\ConViTX\code ViT_8 block CNN\HybridModel_PlantPathology_Ablation\results\ViT-Only_none-none_fold5_best.pth
2026-06-24 21:24:39 | Epoch 16/50 | Loss 0.7731 | Acc 67.23% | Val Loss 0.7100 | Val Acc 70.36% | 13.3s
2026-06-24 21:24:39 |   --> saved best to C:\Users\Admin\Desktop\hai\ConViTX\code ViT_8 block CNN\HybridModel_PlantPathology_Ablation\results\ViT-Only_none-none_fold5_best.pth
2026-06-24 21:24:53 | Epoch 17/50 | Loss 0.7671 | Acc 67.17% | Val Loss 0.7187 | Val Acc 68.82% | 13.3s
2026-06-24 21:25:06 | Epoch 18/50 | Loss 0.7473 | Acc 69.20% | Val Loss 0.6843 | Val Acc 69.63% | 13.3s
2026-06-24 21:25:06 |   --> saved best to C:\Users\Admin\Desktop\hai\ConViTX\code ViT_8 block CNN\HybridModel_PlantPathology_Ablation\results\ViT-Only_none-none_fold5_best.pth
2026-06-24 21:25:19 | Epoch 19/50 | Loss 0.7286 | Acc 69.83% | Val Loss 0.6670 | Val Acc 71.32% | 13.3s
2026-06-24 21:25:19 |   --> saved best to C:\Users\Admin\Desktop\hai\ConViTX\code ViT_8 block CNN\HybridModel_PlantPathology_Ablation\results\ViT-Only_none-none_fold5_best.pth
2026-06-24 21:25:33 | Epoch 20/50 | Loss 0.7190 | Acc 69.70% | Val Loss 0.6532 | Val Acc 72.37% | 13.3s
2026-06-24 21:25:33 |   --> saved best to C:\Users\Admin\Desktop\hai\ConViTX\code ViT_8 block CNN\HybridModel_PlantPathology_Ablation\results\ViT-Only_none-none_fold5_best.pth
2026-06-24 21:25:46 | Epoch 21/50 | Loss 0.7038 | Acc 70.94% | Val Loss 0.6517 | Val Acc 71.73% | 13.3s
2026-06-24 21:25:46 |   --> saved best to C:\Users\Admin\Desktop\hai\ConViTX\code ViT_8 block CNN\HybridModel_PlantPathology_Ablation\results\ViT-Only_none-none_fold5_best.pth
2026-06-24 21:25:59 | Epoch 22/50 | Loss 0.7029 | Acc 70.96% | Val Loss 0.6364 | Val Acc 73.51% | 13.3s
2026-06-24 21:25:59 |   --> saved best to C:\Users\Admin\Desktop\hai\ConViTX\code ViT_8 block CNN\HybridModel_PlantPathology_Ablation\results\ViT-Only_none-none_fold5_best.pth
2026-06-24 21:26:13 | Epoch 23/50 | Loss 0.6896 | Acc 71.75% | Val Loss 0.6171 | Val Acc 74.31% | 13.4s
2026-06-24 21:26:13 |   --> saved best to C:\Users\Admin\Desktop\hai\ConViTX\code ViT_8 block CNN\HybridModel_PlantPathology_Ablation\results\ViT-Only_none-none_fold5_best.pth
2026-06-24 21:26:26 | Epoch 24/50 | Loss 0.6774 | Acc 72.89% | Val Loss 0.6109 | Val Acc 74.15% | 13.4s
2026-06-24 21:26:26 |   --> saved best to C:\Users\Admin\Desktop\hai\ConViTX\code ViT_8 block CNN\HybridModel_PlantPathology_Ablation\results\ViT-Only_none-none_fold5_best.pth
2026-06-24 21:26:40 | Epoch 25/50 | Loss 0.6719 | Acc 72.67% | Val Loss 0.6089 | Val Acc 76.58% | 13.3s
2026-06-24 21:26:40 |   --> saved best to C:\Users\Admin\Desktop\hai\ConViTX\code ViT_8 block CNN\HybridModel_PlantPathology_Ablation\results\ViT-Only_none-none_fold5_best.pth
2026-06-24 21:26:53 | Epoch 26/50 | Loss 0.6620 | Acc 73.30% | Val Loss 0.6226 | Val Acc 73.10% | 13.3s
2026-06-24 21:27:06 | Epoch 27/50 | Loss 0.6630 | Acc 72.67% | Val Loss 0.5994 | Val Acc 74.88% | 13.4s
2026-06-24 21:27:06 |   --> saved best to C:\Users\Admin\Desktop\hai\ConViTX\code ViT_8 block CNN\HybridModel_PlantPathology_Ablation\results\ViT-Only_none-none_fold5_best.pth
2026-06-24 21:27:20 | Epoch 28/50 | Loss 0.6386 | Acc 73.97% | Val Loss 0.6026 | Val Acc 74.31% | 13.3s
2026-06-24 21:27:33 | Epoch 29/50 | Loss 0.6411 | Acc 74.39% | Val Loss 0.5962 | Val Acc 75.36% | 13.4s
2026-06-24 21:27:33 |   --> saved best to C:\Users\Admin\Desktop\hai\ConViTX\code ViT_8 block CNN\HybridModel_PlantPathology_Ablation\results\ViT-Only_none-none_fold5_best.pth
2026-06-24 21:27:46 | Epoch 30/50 | Loss 0.6273 | Acc 75.04% | Val Loss 0.5851 | Val Acc 75.61% | 13.4s
2026-06-24 21:27:46 |   --> saved best to C:\Users\Admin\Desktop\hai\ConViTX\code ViT_8 block CNN\HybridModel_PlantPathology_Ablation\results\ViT-Only_none-none_fold5_best.pth
2026-06-24 21:28:00 | Epoch 31/50 | Loss 0.6311 | Acc 74.90% | Val Loss 0.5839 | Val Acc 74.72% | 13.3s
2026-06-24 21:28:00 |   --> saved best to C:\Users\Admin\Desktop\hai\ConViTX\code ViT_8 block CNN\HybridModel_PlantPathology_Ablation\results\ViT-Only_none-none_fold5_best.pth
2026-06-24 21:28:13 | Epoch 32/50 | Loss 0.6170 | Acc 74.88% | Val Loss 0.5819 | Val Acc 75.20% | 13.4s
2026-06-24 21:28:13 |   --> saved best to C:\Users\Admin\Desktop\hai\ConViTX\code ViT_8 block CNN\HybridModel_PlantPathology_Ablation\results\ViT-Only_none-none_fold5_best.pth
2026-06-24 21:28:27 | Epoch 33/50 | Loss 0.6133 | Acc 75.73% | Val Loss 0.5757 | Val Acc 75.20% | 13.4s
2026-06-24 21:28:27 |   --> saved best to C:\Users\Admin\Desktop\hai\ConViTX\code ViT_8 block CNN\HybridModel_PlantPathology_Ablation\results\ViT-Only_none-none_fold5_best.pth
2026-06-24 21:28:40 | Epoch 34/50 | Loss 0.6115 | Acc 75.75% | Val Loss 0.5639 | Val Acc 76.82% | 13.3s
2026-06-24 21:28:40 |   --> saved best to C:\Users\Admin\Desktop\hai\ConViTX\code ViT_8 block CNN\HybridModel_PlantPathology_Ablation\results\ViT-Only_none-none_fold5_best.pth
2026-06-24 21:28:53 | Epoch 35/50 | Loss 0.5963 | Acc 76.50% | Val Loss 0.5762 | Val Acc 74.39% | 13.4s
2026-06-24 21:29:07 | Epoch 36/50 | Loss 0.6052 | Acc 75.69% | Val Loss 0.5859 | Val Acc 75.04% | 13.3s
2026-06-24 21:29:20 | Epoch 37/50 | Loss 0.5998 | Acc 76.24% | Val Loss 0.5868 | Val Acc 75.28% | 13.3s
2026-06-24 21:29:33 | Epoch 38/50 | Loss 0.5959 | Acc 75.75% | Val Loss 0.5549 | Val Acc 76.98% | 13.4s
2026-06-24 21:29:33 |   --> saved best to C:\Users\Admin\Desktop\hai\ConViTX\code ViT_8 block CNN\HybridModel_PlantPathology_Ablation\results\ViT-Only_none-none_fold5_best.pth
2026-06-24 21:29:47 | Epoch 39/50 | Loss 0.5880 | Acc 76.32% | Val Loss 0.5683 | Val Acc 76.25% | 13.4s
2026-06-24 21:30:00 | Epoch 40/50 | Loss 0.5801 | Acc 77.50% | Val Loss 0.5642 | Val Acc 75.53% | 13.3s
2026-06-24 21:30:14 | Epoch 41/50 | Loss 0.5810 | Acc 76.68% | Val Loss 0.5546 | Val Acc 76.41% | 13.3s
2026-06-24 21:30:14 |   --> saved best to C:\Users\Admin\Desktop\hai\ConViTX\code ViT_8 block CNN\HybridModel_PlantPathology_Ablation\results\ViT-Only_none-none_fold5_best.pth
2026-06-24 21:30:27 | Epoch 42/50 | Loss 0.5737 | Acc 76.60% | Val Loss 0.5606 | Val Acc 75.93% | 13.3s
2026-06-24 21:30:40 | Epoch 43/50 | Loss 0.5752 | Acc 76.68% | Val Loss 0.5592 | Val Acc 76.09% | 13.3s
2026-06-24 21:30:54 | Epoch 44/50 | Loss 0.5750 | Acc 77.15% | Val Loss 0.5466 | Val Acc 76.33% | 13.4s
2026-06-24 21:30:54 |   --> saved best to C:\Users\Admin\Desktop\hai\ConViTX\code ViT_8 block CNN\HybridModel_PlantPathology_Ablation\results\ViT-Only_none-none_fold5_best.pth
2026-06-24 21:31:07 | Epoch 45/50 | Loss 0.5701 | Acc 77.52% | Val Loss 0.5486 | Val Acc 76.09% | 13.3s
2026-06-24 21:31:20 | Epoch 46/50 | Loss 0.5640 | Acc 77.52% | Val Loss 0.5462 | Val Acc 76.82% | 13.3s
2026-06-24 21:31:20 |   --> saved best to C:\Users\Admin\Desktop\hai\ConViTX\code ViT_8 block CNN\HybridModel_PlantPathology_Ablation\results\ViT-Only_none-none_fold5_best.pth
2026-06-24 21:31:34 | Epoch 47/50 | Loss 0.5609 | Acc 77.52% | Val Loss 0.5406 | Val Acc 77.14% | 13.4s
2026-06-24 21:31:34 |   --> saved best to C:\Users\Admin\Desktop\hai\ConViTX\code ViT_8 block CNN\HybridModel_PlantPathology_Ablation\results\ViT-Only_none-none_fold5_best.pth
2026-06-24 21:31:47 | Epoch 48/50 | Loss 0.5596 | Acc 77.62% | Val Loss 0.5418 | Val Acc 77.06% | 13.4s
2026-06-24 21:32:01 | Epoch 49/50 | Loss 0.5512 | Acc 78.29% | Val Loss 0.5709 | Val Acc 75.20% | 13.5s
2026-06-24 21:32:14 | Epoch 50/50 | Loss 0.5455 | Acc 78.31% | Val Loss 0.5423 | Val Acc 77.30% | 13.4s
2026-06-24 21:32:14 | Finished ViT-Only_none-none fold 5 in 11.64 min.
2026-06-24 21:32:17 | 
================================================================================
2026-06-24 21:32:17 | TRAINING: Hybrid_none-none-none | FOLD 1/5
2026-06-24 21:32:17 | ================================================================================
2026-06-24 21:32:17 | [INFO] reduced batch_size=64 for hybrid model to avoid OOM.
2026-06-24 21:33:51 | Epoch 01/50 | Loss 1.0804 | Acc 56.47% | Val Loss 0.8567 | Val Acc 63.44% | 93.7s
2026-06-24 21:33:51 |   --> saved best to C:\Users\Admin\Desktop\hai\ConViTX\code ViT_8 block CNN\HybridModel_PlantPathology_Ablation\results\Hybrid_none-none-none_fold1_best.pth
2026-06-24 21:34:38 | Epoch 02/50 | Loss 0.5934 | Acc 83.06% | Val Loss 0.4226 | Val Acc 89.10% | 47.3s
2026-06-24 21:34:38 |   --> saved best to C:\Users\Admin\Desktop\hai\ConViTX\code ViT_8 block CNN\HybridModel_PlantPathology_Ablation\results\Hybrid_none-none-none_fold1_best.pth
2026-06-24 21:35:26 | Epoch 03/50 | Loss 0.3892 | Acc 89.29% | Val Loss 0.3271 | Val Acc 90.23% | 47.3s
2026-06-24 21:35:26 |   --> saved best to C:\Users\Admin\Desktop\hai\ConViTX\code ViT_8 block CNN\HybridModel_PlantPathology_Ablation\results\Hybrid_none-none-none_fold1_best.pth
2026-06-24 21:36:13 | Epoch 04/50 | Loss 0.3177 | Acc 91.03% | Val Loss 0.2811 | Val Acc 91.12% | 47.2s
2026-06-24 21:36:13 |   --> saved best to C:\Users\Admin\Desktop\hai\ConViTX\code ViT_8 block CNN\HybridModel_PlantPathology_Ablation\results\Hybrid_none-none-none_fold1_best.pth
2026-06-24 21:37:00 | Epoch 05/50 | Loss 0.2800 | Acc 92.13% | Val Loss 0.2506 | Val Acc 91.85% | 47.2s
2026-06-24 21:37:00 |   --> saved best to C:\Users\Admin\Desktop\hai\ConViTX\code ViT_8 block CNN\HybridModel_PlantPathology_Ablation\results\Hybrid_none-none-none_fold1_best.pth
2026-06-24 21:37:47 | Epoch 06/50 | Loss 0.2625 | Acc 92.33% | Val Loss 0.2378 | Val Acc 91.93% | 47.2s
2026-06-24 21:37:47 |   --> saved best to C:\Users\Admin\Desktop\hai\ConViTX\code ViT_8 block CNN\HybridModel_PlantPathology_Ablation\results\Hybrid_none-none-none_fold1_best.pth
2026-06-24 21:38:35 | Epoch 07/50 | Loss 0.2312 | Acc 93.51% | Val Loss 0.2228 | Val Acc 92.41% | 47.3s
2026-06-24 21:38:35 |   --> saved best to C:\Users\Admin\Desktop\hai\ConViTX\code ViT_8 block CNN\HybridModel_PlantPathology_Ablation\results\Hybrid_none-none-none_fold1_best.pth
2026-06-24 21:39:22 | Epoch 08/50 | Loss 0.2034 | Acc 94.03% | Val Loss 0.2136 | Val Acc 93.22% | 47.4s
2026-06-24 21:39:22 |   --> saved best to C:\Users\Admin\Desktop\hai\ConViTX\code ViT_8 block CNN\HybridModel_PlantPathology_Ablation\results\Hybrid_none-none-none_fold1_best.pth
2026-06-24 21:40:09 | Epoch 09/50 | Loss 0.1926 | Acc 94.50% | Val Loss 0.2017 | Val Acc 92.82% | 47.2s
2026-06-24 21:40:10 |   --> saved best to C:\Users\Admin\Desktop\hai\ConViTX\code ViT_8 block CNN\HybridModel_PlantPathology_Ablation\results\Hybrid_none-none-none_fold1_best.pth
2026-06-24 21:40:57 | Epoch 10/50 | Loss 0.1806 | Acc 94.48% | Val Loss 0.1962 | Val Acc 92.98% | 47.3s
2026-06-24 21:40:57 |   --> saved best to C:\Users\Admin\Desktop\hai\ConViTX\code ViT_8 block CNN\HybridModel_PlantPathology_Ablation\results\Hybrid_none-none-none_fold1_best.pth
2026-06-24 21:41:44 | Epoch 11/50 | Loss 0.1673 | Acc 94.83% | Val Loss 0.1890 | Val Acc 93.38% | 47.2s
2026-06-24 21:41:44 |   --> saved best to C:\Users\Admin\Desktop\hai\ConViTX\code ViT_8 block CNN\HybridModel_PlantPathology_Ablation\results\Hybrid_none-none-none_fold1_best.pth
2026-06-24 21:42:31 | Epoch 12/50 | Loss 0.1657 | Acc 94.99% | Val Loss 0.1801 | Val Acc 93.70% | 47.3s
2026-06-24 21:42:31 |   --> saved best to C:\Users\Admin\Desktop\hai\ConViTX\code ViT_8 block CNN\HybridModel_PlantPathology_Ablation\results\Hybrid_none-none-none_fold1_best.pth
2026-06-24 21:43:19 | Epoch 13/50 | Loss 0.1532 | Acc 95.37% | Val Loss 0.1924 | Val Acc 92.90% | 47.4s
2026-06-24 21:44:06 | Epoch 14/50 | Loss 0.1493 | Acc 95.35% | Val Loss 0.1730 | Val Acc 93.46% | 47.2s
2026-06-24 21:44:06 |   --> saved best to C:\Users\Admin\Desktop\hai\ConViTX\code ViT_8 block CNN\HybridModel_PlantPathology_Ablation\results\Hybrid_none-none-none_fold1_best.pth
2026-06-24 21:44:53 | Epoch 15/50 | Loss 0.1375 | Acc 95.64% | Val Loss 0.1682 | Val Acc 93.79% | 47.2s
2026-06-24 21:44:53 |   --> saved best to C:\Users\Admin\Desktop\hai\ConViTX\code ViT_8 block CNN\HybridModel_PlantPathology_Ablation\results\Hybrid_none-none-none_fold1_best.pth
2026-06-24 21:45:41 | Epoch 16/50 | Loss 0.1367 | Acc 96.12% | Val Loss 0.1570 | Val Acc 94.19% | 47.2s
2026-06-24 21:45:41 |   --> saved best to C:\Users\Admin\Desktop\hai\ConViTX\code ViT_8 block CNN\HybridModel_PlantPathology_Ablation\results\Hybrid_none-none-none_fold1_best.pth
2026-06-24 21:46:28 | Epoch 17/50 | Loss 0.1270 | Acc 95.98% | Val Loss 0.1685 | Val Acc 93.62% | 47.2s
2026-06-24 21:47:19 | Epoch 18/50 | Loss 0.1232 | Acc 96.06% | Val Loss 0.1603 | Val Acc 94.35% | 51.4s
2026-06-24 21:48:16 | Epoch 19/50 | Loss 0.1176 | Acc 96.47% | Val Loss 0.1522 | Val Acc 94.51% | 56.7s
2026-06-24 21:48:16 |   --> saved best to C:\Users\Admin\Desktop\hai\ConViTX\code ViT_8 block CNN\HybridModel_PlantPathology_Ablation\results\Hybrid_none-none-none_fold1_best.pth
2026-06-24 21:49:14 | Epoch 20/50 | Loss 0.1188 | Acc 96.29% | Val Loss 0.1605 | Val Acc 94.51% | 57.2s
2026-06-24 21:50:11 | Epoch 21/50 | Loss 0.1093 | Acc 96.63% | Val Loss 0.1436 | Val Acc 94.92% | 57.1s
2026-06-24 21:50:11 |   --> saved best to C:\Users\Admin\Desktop\hai\ConViTX\code ViT_8 block CNN\HybridModel_PlantPathology_Ablation\results\Hybrid_none-none-none_fold1_best.pth
2026-06-24 21:51:08 | Epoch 22/50 | Loss 0.1029 | Acc 96.81% | Val Loss 0.1520 | Val Acc 94.83% | 56.9s
2026-06-24 21:52:05 | Epoch 23/50 | Loss 0.1047 | Acc 96.77% | Val Loss 0.1508 | Val Acc 94.11% | 56.9s
2026-06-24 21:53:01 | Epoch 24/50 | Loss 0.0971 | Acc 96.94% | Val Loss 0.1471 | Val Acc 94.67% | 56.7s
2026-06-24 21:53:58 | Epoch 25/50 | Loss 0.0927 | Acc 97.08% | Val Loss 0.1359 | Val Acc 95.32% | 56.7s
2026-06-24 21:53:58 |   --> saved best to C:\Users\Admin\Desktop\hai\ConViTX\code ViT_8 block CNN\HybridModel_PlantPathology_Ablation\results\Hybrid_none-none-none_fold1_best.pth
2026-06-24 21:54:55 | Epoch 26/50 | Loss 0.0905 | Acc 97.08% | Val Loss 0.1363 | Val Acc 95.00% | 57.2s
2026-06-24 21:55:53 | Epoch 27/50 | Loss 0.0900 | Acc 97.34% | Val Loss 0.1561 | Val Acc 93.70% | 57.2s
2026-06-24 21:56:50 | Epoch 28/50 | Loss 0.0864 | Acc 97.26% | Val Loss 0.1322 | Val Acc 94.92% | 57.3s
2026-06-24 21:56:50 |   --> saved best to C:\Users\Admin\Desktop\hai\ConViTX\code ViT_8 block CNN\HybridModel_PlantPathology_Ablation\results\Hybrid_none-none-none_fold1_best.pth
2026-06-24 21:57:47 | Epoch 29/50 | Loss 0.0842 | Acc 97.28% | Val Loss 0.1323 | Val Acc 95.72% | 57.0s
2026-06-24 21:58:45 | Epoch 30/50 | Loss 0.0839 | Acc 97.16% | Val Loss 0.1341 | Val Acc 95.16% | 57.5s
2026-06-24 21:59:41 | Epoch 31/50 | Loss 0.0819 | Acc 97.48% | Val Loss 0.1371 | Val Acc 95.16% | 56.5s
2026-06-24 22:00:38 | Epoch 32/50 | Loss 0.0762 | Acc 97.93% | Val Loss 0.1265 | Val Acc 95.32% | 56.7s
2026-06-24 22:00:38 |   --> saved best to C:\Users\Admin\Desktop\hai\ConViTX\code ViT_8 block CNN\HybridModel_PlantPathology_Ablation\results\Hybrid_none-none-none_fold1_best.pth
2026-06-24 22:01:35 | Epoch 33/50 | Loss 0.0746 | Acc 97.93% | Val Loss 0.1366 | Val Acc 95.08% | 57.3s
2026-06-24 22:02:35 | Epoch 34/50 | Loss 0.0694 | Acc 97.79% | Val Loss 0.1298 | Val Acc 95.48% | 59.4s
2026-06-24 22:03:32 | Epoch 35/50 | Loss 0.0676 | Acc 98.11% | Val Loss 0.1232 | Val Acc 95.64% | 57.0s
2026-06-24 22:03:32 |   --> saved best to C:\Users\Admin\Desktop\hai\ConViTX\code ViT_8 block CNN\HybridModel_PlantPathology_Ablation\results\Hybrid_none-none-none_fold1_best.pth
2026-06-24 22:04:29 | Epoch 36/50 | Loss 0.0677 | Acc 98.01% | Val Loss 0.1371 | Val Acc 94.75% | 57.3s
2026-06-24 22:05:27 | Epoch 37/50 | Loss 0.0626 | Acc 98.11% | Val Loss 0.1280 | Val Acc 95.64% | 58.0s
2026-06-24 22:06:19 | Epoch 38/50 | Loss 0.0654 | Acc 97.87% | Val Loss 0.1269 | Val Acc 95.32% | 51.9s
2026-06-24 22:07:07 | Epoch 39/50 | Loss 0.0560 | Acc 98.32% | Val Loss 0.1258 | Val Acc 95.88% | 47.8s
2026-06-24 22:07:55 | Epoch 40/50 | Loss 0.0580 | Acc 98.13% | Val Loss 0.1310 | Val Acc 95.72% | 47.9s
2026-06-24 22:08:43 | Epoch 41/50 | Loss 0.0610 | Acc 98.01% | Val Loss 0.1211 | Val Acc 95.72% | 47.9s
2026-06-24 22:08:43 |   --> saved best to C:\Users\Admin\Desktop\hai\ConViTX\code ViT_8 block CNN\HybridModel_PlantPathology_Ablation\results\Hybrid_none-none-none_fold1_best.pth
2026-06-24 22:09:31 | Epoch 42/50 | Loss 0.0555 | Acc 98.40% | Val Loss 0.1323 | Val Acc 95.32% | 48.0s
2026-06-24 22:10:19 | Epoch 43/50 | Loss 0.0530 | Acc 98.52% | Val Loss 0.1251 | Val Acc 95.80% | 47.9s
2026-06-24 22:11:07 | Epoch 44/50 | Loss 0.0528 | Acc 98.23% | Val Loss 0.1300 | Val Acc 95.00% | 48.0s
2026-06-24 22:11:55 | Epoch 45/50 | Loss 0.0566 | Acc 98.23% | Val Loss 0.1230 | Val Acc 95.24% | 47.9s
2026-06-24 22:12:43 | Epoch 46/50 | Loss 0.0481 | Acc 98.54% | Val Loss 0.1230 | Val Acc 95.56% | 47.9s
2026-06-24 22:13:31 | Epoch 47/50 | Loss 0.0457 | Acc 98.70% | Val Loss 0.1237 | Val Acc 95.88% | 47.9s
2026-06-24 22:14:19 | Epoch 48/50 | Loss 0.0559 | Acc 98.21% | Val Loss 0.1151 | Val Acc 96.37% | 47.9s
2026-06-24 22:14:19 |   --> saved best to C:\Users\Admin\Desktop\hai\ConViTX\code ViT_8 block CNN\HybridModel_PlantPathology_Ablation\results\Hybrid_none-none-none_fold1_best.pth
2026-06-24 22:15:07 | Epoch 49/50 | Loss 0.0435 | Acc 98.70% | Val Loss 0.1209 | Val Acc 95.96% | 47.9s
2026-06-24 22:15:55 | Epoch 50/50 | Loss 0.0477 | Acc 98.50% | Val Loss 0.1251 | Val Acc 95.88% | 47.9s
2026-06-24 22:15:55 | Finished Hybrid_none-none-none fold 1 in 43.63 min.
2026-06-24 22:15:58 | 
================================================================================
2026-06-24 22:15:58 | TRAINING: Hybrid_none-none-none | FOLD 2/5
2026-06-24 22:15:58 | ================================================================================
2026-06-24 22:15:58 | [INFO] reduced batch_size=64 for hybrid model to avoid OOM.
2026-06-24 22:17:05 | Epoch 01/50 | Loss 1.0449 | Acc 61.20% | Val Loss 0.7558 | Val Acc 77.64% | 66.3s
2026-06-24 22:17:05 |   --> saved best to C:\Users\Admin\Desktop\hai\ConViTX\code ViT_8 block CNN\HybridModel_PlantPathology_Ablation\results\Hybrid_none-none-none_fold2_best.pth
2026-06-24 22:17:41 | Epoch 02/50 | Loss 0.5725 | Acc 84.13% | Val Loss 0.4243 | Val Acc 88.46% | 36.4s
2026-06-24 22:17:41 |   --> saved best to C:\Users\Admin\Desktop\hai\ConViTX\code ViT_8 block CNN\HybridModel_PlantPathology_Ablation\results\Hybrid_none-none-none_fold2_best.pth
2026-06-24 22:18:18 | Epoch 03/50 | Loss 0.4045 | Acc 88.47% | Val Loss 0.3212 | Val Acc 91.77% | 36.4s
2026-06-24 22:18:18 |   --> saved best to C:\Users\Admin\Desktop\hai\ConViTX\code ViT_8 block CNN\HybridModel_PlantPathology_Ablation\results\Hybrid_none-none-none_fold2_best.pth
2026-06-24 22:18:54 | Epoch 04/50 | Loss 0.3299 | Acc 90.89% | Val Loss 0.2616 | Val Acc 92.74% | 36.5s
2026-06-24 22:18:54 |   --> saved best to C:\Users\Admin\Desktop\hai\ConViTX\code ViT_8 block CNN\HybridModel_PlantPathology_Ablation\results\Hybrid_none-none-none_fold2_best.pth
2026-06-24 22:19:31 | Epoch 05/50 | Loss 0.2879 | Acc 91.92% | Val Loss 0.2508 | Val Acc 93.22% | 36.5s
2026-06-24 22:19:31 |   --> saved best to C:\Users\Admin\Desktop\hai\ConViTX\code ViT_8 block CNN\HybridModel_PlantPathology_Ablation\results\Hybrid_none-none-none_fold2_best.pth
2026-06-24 22:20:07 | Epoch 06/50 | Loss 0.2592 | Acc 92.88% | Val Loss 0.2153 | Val Acc 92.98% | 36.4s
2026-06-24 22:20:07 |   --> saved best to C:\Users\Admin\Desktop\hai\ConViTX\code ViT_8 block CNN\HybridModel_PlantPathology_Ablation\results\Hybrid_none-none-none_fold2_best.pth
2026-06-24 22:20:44 | Epoch 07/50 | Loss 0.2411 | Acc 92.88% | Val Loss 0.1947 | Val Acc 94.35% | 36.6s
2026-06-24 22:20:44 |   --> saved best to C:\Users\Admin\Desktop\hai\ConViTX\code ViT_8 block CNN\HybridModel_PlantPathology_Ablation\results\Hybrid_none-none-none_fold2_best.pth
2026-06-24 22:21:20 | Epoch 08/50 | Loss 0.2240 | Acc 93.51% | Val Loss 0.1905 | Val Acc 93.95% | 36.1s
2026-06-24 22:21:20 |   --> saved best to C:\Users\Admin\Desktop\hai\ConViTX\code ViT_8 block CNN\HybridModel_PlantPathology_Ablation\results\Hybrid_none-none-none_fold2_best.pth
2026-06-24 22:21:56 | Epoch 09/50 | Loss 0.2060 | Acc 93.95% | Val Loss 0.1749 | Val Acc 94.43% | 36.1s
2026-06-24 22:21:56 |   --> saved best to C:\Users\Admin\Desktop\hai\ConViTX\code ViT_8 block CNN\HybridModel_PlantPathology_Ablation\results\Hybrid_none-none-none_fold2_best.pth
2026-06-24 22:22:33 | Epoch 10/50 | Loss 0.1948 | Acc 94.20% | Val Loss 0.1599 | Val Acc 95.32% | 36.5s
2026-06-24 22:22:33 |   --> saved best to C:\Users\Admin\Desktop\hai\ConViTX\code ViT_8 block CNN\HybridModel_PlantPathology_Ablation\results\Hybrid_none-none-none_fold2_best.pth
2026-06-24 22:23:09 | Epoch 11/50 | Loss 0.1769 | Acc 94.64% | Val Loss 0.1514 | Val Acc 95.72% | 36.1s
2026-06-24 22:23:09 |   --> saved best to C:\Users\Admin\Desktop\hai\ConViTX\code ViT_8 block CNN\HybridModel_PlantPathology_Ablation\results\Hybrid_none-none-none_fold2_best.pth
2026-06-24 22:23:45 | Epoch 12/50 | Loss 0.1717 | Acc 94.81% | Val Loss 0.1395 | Val Acc 95.80% | 36.1s
2026-06-24 22:23:45 |   --> saved best to C:\Users\Admin\Desktop\hai\ConViTX\code ViT_8 block CNN\HybridModel_PlantPathology_Ablation\results\Hybrid_none-none-none_fold2_best.pth
2026-06-24 22:24:21 | Epoch 13/50 | Loss 0.1631 | Acc 95.23% | Val Loss 0.1394 | Val Acc 95.80% | 36.2s
2026-06-24 22:24:21 |   --> saved best to C:\Users\Admin\Desktop\hai\ConViTX\code ViT_8 block CNN\HybridModel_PlantPathology_Ablation\results\Hybrid_none-none-none_fold2_best.pth
2026-06-24 22:24:58 | Epoch 14/50 | Loss 0.1554 | Acc 95.03% | Val Loss 0.1449 | Val Acc 95.32% | 36.1s
2026-06-24 22:25:34 | Epoch 15/50 | Loss 0.1440 | Acc 95.66% | Val Loss 0.1277 | Val Acc 96.13% | 36.1s
2026-06-24 22:25:34 |   --> saved best to C:\Users\Admin\Desktop\hai\ConViTX\code ViT_8 block CNN\HybridModel_PlantPathology_Ablation\results\Hybrid_none-none-none_fold2_best.pth
2026-06-24 22:26:10 | Epoch 16/50 | Loss 0.1409 | Acc 95.58% | Val Loss 0.1288 | Val Acc 96.21% | 36.2s
2026-06-24 22:26:46 | Epoch 17/50 | Loss 0.1334 | Acc 95.76% | Val Loss 0.1181 | Val Acc 96.61% | 36.1s
2026-06-24 22:26:46 |   --> saved best to C:\Users\Admin\Desktop\hai\ConViTX\code ViT_8 block CNN\HybridModel_PlantPathology_Ablation\results\Hybrid_none-none-none_fold2_best.pth
2026-06-24 22:27:22 | Epoch 18/50 | Loss 0.1347 | Acc 95.90% | Val Loss 0.1232 | Val Acc 96.37% | 36.2s
2026-06-24 22:27:59 | Epoch 19/50 | Loss 0.1245 | Acc 96.08% | Val Loss 0.1147 | Val Acc 96.61% | 36.1s
2026-06-24 22:27:59 |   --> saved best to C:\Users\Admin\Desktop\hai\ConViTX\code ViT_8 block CNN\HybridModel_PlantPathology_Ablation\results\Hybrid_none-none-none_fold2_best.pth
2026-06-24 22:28:35 | Epoch 20/50 | Loss 0.1293 | Acc 95.90% | Val Loss 0.1120 | Val Acc 96.61% | 36.1s
2026-06-24 22:28:35 |   --> saved best to C:\Users\Admin\Desktop\hai\ConViTX\code ViT_8 block CNN\HybridModel_PlantPathology_Ablation\results\Hybrid_none-none-none_fold2_best.pth
2026-06-24 22:29:14 | Epoch 21/50 | Loss 0.1142 | Acc 96.41% | Val Loss 0.1141 | Val Acc 96.37% | 39.4s
2026-06-24 22:29:56 | Epoch 22/50 | Loss 0.1105 | Acc 96.55% | Val Loss 0.1112 | Val Acc 96.69% | 41.6s
2026-06-24 22:29:56 |   --> saved best to C:\Users\Admin\Desktop\hai\ConViTX\code ViT_8 block CNN\HybridModel_PlantPathology_Ablation\results\Hybrid_none-none-none_fold2_best.pth
2026-06-24 22:30:38 | Epoch 23/50 | Loss 0.1112 | Acc 96.29% | Val Loss 0.1073 | Val Acc 96.53% | 41.8s
2026-06-24 22:30:38 |   --> saved best to C:\Users\Admin\Desktop\hai\ConViTX\code ViT_8 block CNN\HybridModel_PlantPathology_Ablation\results\Hybrid_none-none-none_fold2_best.pth
2026-06-24 22:31:19 | Epoch 24/50 | Loss 0.1075 | Acc 96.65% | Val Loss 0.1010 | Val Acc 97.09% | 41.5s
2026-06-24 22:31:19 |   --> saved best to C:\Users\Admin\Desktop\hai\ConViTX\code ViT_8 block CNN\HybridModel_PlantPathology_Ablation\results\Hybrid_none-none-none_fold2_best.pth
2026-06-24 22:32:01 | Epoch 25/50 | Loss 0.1044 | Acc 96.71% | Val Loss 0.1042 | Val Acc 96.85% | 41.4s
2026-06-24 22:32:42 | Epoch 26/50 | Loss 0.0978 | Acc 97.16% | Val Loss 0.1082 | Val Acc 96.05% | 41.3s
2026-06-24 22:33:24 | Epoch 27/50 | Loss 0.0959 | Acc 97.02% | Val Loss 0.1124 | Val Acc 96.37% | 41.4s
2026-06-24 22:34:05 | Epoch 28/50 | Loss 0.0939 | Acc 97.02% | Val Loss 0.1117 | Val Acc 96.05% | 41.5s
2026-06-24 22:34:45 | Epoch 29/50 | Loss 0.0949 | Acc 97.00% | Val Loss 0.1032 | Val Acc 96.77% | 39.6s
2026-06-24 22:35:21 | Epoch 30/50 | Loss 0.0916 | Acc 97.10% | Val Loss 0.0911 | Val Acc 97.18% | 36.5s
2026-06-24 22:35:21 |   --> saved best to C:\Users\Admin\Desktop\hai\ConViTX\code ViT_8 block CNN\HybridModel_PlantPathology_Ablation\results\Hybrid_none-none-none_fold2_best.pth
2026-06-24 22:35:58 | Epoch 31/50 | Loss 0.0859 | Acc 97.46% | Val Loss 0.1032 | Val Acc 96.61% | 36.5s
2026-06-24 22:36:34 | Epoch 32/50 | Loss 0.0819 | Acc 97.50% | Val Loss 0.0965 | Val Acc 96.69% | 36.5s
2026-06-24 22:37:11 | Epoch 33/50 | Loss 0.0815 | Acc 97.24% | Val Loss 0.0955 | Val Acc 96.61% | 36.4s
2026-06-24 22:37:47 | Epoch 34/50 | Loss 0.0823 | Acc 97.28% | Val Loss 0.0928 | Val Acc 96.77% | 36.4s
2026-06-24 22:38:24 | Epoch 35/50 | Loss 0.0784 | Acc 97.54% | Val Loss 0.1033 | Val Acc 96.69% | 36.4s
2026-06-24 22:39:00 | Epoch 36/50 | Loss 0.0738 | Acc 97.77% | Val Loss 0.0897 | Val Acc 97.01% | 36.5s
2026-06-24 22:39:00 |   --> saved best to C:\Users\Admin\Desktop\hai\ConViTX\code ViT_8 block CNN\HybridModel_PlantPathology_Ablation\results\Hybrid_none-none-none_fold2_best.pth
2026-06-24 22:39:37 | Epoch 37/50 | Loss 0.0793 | Acc 97.46% | Val Loss 0.0962 | Val Acc 97.18% | 36.5s
2026-06-24 22:40:13 | Epoch 38/50 | Loss 0.0729 | Acc 97.65% | Val Loss 0.0984 | Val Acc 97.01% | 36.4s
2026-06-24 22:40:50 | Epoch 39/50 | Loss 0.0692 | Acc 97.85% | Val Loss 0.0907 | Val Acc 97.26% | 36.5s
2026-06-24 22:41:26 | Epoch 40/50 | Loss 0.0655 | Acc 97.85% | Val Loss 0.0965 | Val Acc 96.85% | 36.5s
2026-06-24 22:42:03 | Epoch 41/50 | Loss 0.0587 | Acc 98.19% | Val Loss 0.0944 | Val Acc 97.01% | 36.5s
2026-06-24 22:42:39 | Epoch 42/50 | Loss 0.0582 | Acc 98.28% | Val Loss 0.0868 | Val Acc 97.18% | 36.5s
2026-06-24 22:42:39 |   --> saved best to C:\Users\Admin\Desktop\hai\ConViTX\code ViT_8 block CNN\HybridModel_PlantPathology_Ablation\results\Hybrid_none-none-none_fold2_best.pth
2026-06-24 22:43:16 | Epoch 43/50 | Loss 0.0615 | Acc 98.09% | Val Loss 0.1041 | Val Acc 97.01% | 36.5s
2026-06-24 22:43:52 | Epoch 44/50 | Loss 0.0646 | Acc 98.07% | Val Loss 0.0898 | Val Acc 97.09% | 36.5s
2026-06-24 22:44:29 | Epoch 45/50 | Loss 0.0625 | Acc 97.89% | Val Loss 0.1024 | Val Acc 96.37% | 36.6s
2026-06-24 22:45:05 | Epoch 46/50 | Loss 0.0586 | Acc 98.09% | Val Loss 0.0922 | Val Acc 96.85% | 36.1s
2026-06-24 22:45:41 | Epoch 47/50 | Loss 0.0611 | Acc 97.95% | Val Loss 0.1082 | Val Acc 97.01% | 36.2s
2026-06-24 22:46:18 | Epoch 48/50 | Loss 0.0558 | Acc 98.23% | Val Loss 0.1025 | Val Acc 96.53% | 36.2s
2026-06-24 22:46:54 | Epoch 49/50 | Loss 0.0552 | Acc 98.09% | Val Loss 0.0964 | Val Acc 97.09% | 36.1s
2026-06-24 22:47:30 | Epoch 50/50 | Loss 0.0519 | Acc 98.38% | Val Loss 0.1017 | Val Acc 96.69% | 36.1s
2026-06-24 22:47:30 | Finished Hybrid_none-none-none fold 2 in 31.53 min.
2026-06-24 22:47:34 | [RESUME] Hybrid_none-none-none_fold3 đã train xong trong chiến dịch này -> bỏ qua. (dùng --force để train lại)
2026-06-24 22:47:34 | 
================================================================================
2026-06-24 22:47:34 | TRAINING: Hybrid_none-none-none | FOLD 4/5
2026-06-24 22:47:34 | ================================================================================
2026-06-24 22:47:34 | [INFO] reduced batch_size=64 for hybrid model to avoid OOM.
2026-06-24 22:48:46 | Epoch 01/50 | Loss 1.0782 | Acc 59.58% | Val Loss 0.7229 | Val Acc 77.95% | 72.1s
2026-06-24 22:48:46 |   --> saved best to C:\Users\Admin\Desktop\hai\ConViTX\code ViT_8 block CNN\HybridModel_PlantPathology_Ablation\results\Hybrid_none-none-none_fold4_best.pth
2026-06-24 22:49:22 | Epoch 02/50 | Loss 0.5796 | Acc 83.18% | Val Loss 0.4098 | Val Acc 88.61% | 36.2s
2026-06-24 22:49:22 |   --> saved best to C:\Users\Admin\Desktop\hai\ConViTX\code ViT_8 block CNN\HybridModel_PlantPathology_Ablation\results\Hybrid_none-none-none_fold4_best.pth
2026-06-24 22:49:58 | Epoch 03/50 | Loss 0.3875 | Acc 89.47% | Val Loss 0.3115 | Val Acc 90.95% | 36.1s
2026-06-24 22:49:58 |   --> saved best to C:\Users\Admin\Desktop\hai\ConViTX\code ViT_8 block CNN\HybridModel_PlantPathology_Ablation\results\Hybrid_none-none-none_fold4_best.pth
2026-06-24 22:50:34 | Epoch 04/50 | Loss 0.3202 | Acc 90.71% | Val Loss 0.2626 | Val Acc 92.25% | 36.1s
2026-06-24 22:50:34 |   --> saved best to C:\Users\Admin\Desktop\hai\ConViTX\code ViT_8 block CNN\HybridModel_PlantPathology_Ablation\results\Hybrid_none-none-none_fold4_best.pth
2026-06-24 22:51:10 | Epoch 05/50 | Loss 0.2813 | Acc 92.03% | Val Loss 0.2308 | Val Acc 93.38% | 36.1s
2026-06-24 22:51:10 |   --> saved best to C:\Users\Admin\Desktop\hai\ConViTX\code ViT_8 block CNN\HybridModel_PlantPathology_Ablation\results\Hybrid_none-none-none_fold4_best.pth
2026-06-24 22:51:47 | Epoch 06/50 | Loss 0.2529 | Acc 92.63% | Val Loss 0.2134 | Val Acc 93.13% | 36.1s
2026-06-24 22:51:47 |   --> saved best to C:\Users\Admin\Desktop\hai\ConViTX\code ViT_8 block CNN\HybridModel_PlantPathology_Ablation\results\Hybrid_none-none-none_fold4_best.pth
2026-06-24 22:52:23 | Epoch 07/50 | Loss 0.2291 | Acc 93.22% | Val Loss 0.1977 | Val Acc 94.10% | 36.1s
2026-06-24 22:52:23 |   --> saved best to C:\Users\Admin\Desktop\hai\ConViTX\code ViT_8 block CNN\HybridModel_PlantPathology_Ablation\results\Hybrid_none-none-none_fold4_best.pth
2026-06-24 22:52:59 | Epoch 08/50 | Loss 0.2113 | Acc 93.63% | Val Loss 0.1886 | Val Acc 93.78% | 36.1s
2026-06-24 22:52:59 |   --> saved best to C:\Users\Admin\Desktop\hai\ConViTX\code ViT_8 block CNN\HybridModel_PlantPathology_Ablation\results\Hybrid_none-none-none_fold4_best.pth
2026-06-24 22:53:35 | Epoch 09/50 | Loss 0.2070 | Acc 93.61% | Val Loss 0.1709 | Val Acc 94.75% | 36.1s
2026-06-24 22:53:35 |   --> saved best to C:\Users\Admin\Desktop\hai\ConViTX\code ViT_8 block CNN\HybridModel_PlantPathology_Ablation\results\Hybrid_none-none-none_fold4_best.pth
2026-06-24 22:54:11 | Epoch 10/50 | Loss 0.1923 | Acc 94.30% | Val Loss 0.1671 | Val Acc 94.75% | 36.1s
2026-06-24 22:54:11 |   --> saved best to C:\Users\Admin\Desktop\hai\ConViTX\code ViT_8 block CNN\HybridModel_PlantPathology_Ablation\results\Hybrid_none-none-none_fold4_best.pth
2026-06-24 22:54:47 | Epoch 11/50 | Loss 0.1795 | Acc 94.66% | Val Loss 0.1630 | Val Acc 94.75% | 36.1s
2026-06-24 22:54:47 |   --> saved best to C:\Users\Admin\Desktop\hai\ConViTX\code ViT_8 block CNN\HybridModel_PlantPathology_Ablation\results\Hybrid_none-none-none_fold4_best.pth
2026-06-24 22:55:24 | Epoch 12/50 | Loss 0.1673 | Acc 94.81% | Val Loss 0.1628 | Val Acc 94.51% | 36.1s
2026-06-24 22:55:24 |   --> saved best to C:\Users\Admin\Desktop\hai\ConViTX\code ViT_8 block CNN\HybridModel_PlantPathology_Ablation\results\Hybrid_none-none-none_fold4_best.pth
2026-06-24 22:56:00 | Epoch 13/50 | Loss 0.1650 | Acc 94.83% | Val Loss 0.1432 | Val Acc 95.15% | 36.2s
2026-06-24 22:56:00 |   --> saved best to C:\Users\Admin\Desktop\hai\ConViTX\code ViT_8 block CNN\HybridModel_PlantPathology_Ablation\results\Hybrid_none-none-none_fold4_best.pth
2026-06-24 22:56:36 | Epoch 14/50 | Loss 0.1546 | Acc 95.11% | Val Loss 0.1435 | Val Acc 95.07% | 36.1s
2026-06-24 22:57:12 | Epoch 15/50 | Loss 0.1488 | Acc 95.52% | Val Loss 0.1381 | Val Acc 95.07% | 36.1s
2026-06-24 22:57:12 |   --> saved best to C:\Users\Admin\Desktop\hai\ConViTX\code ViT_8 block CNN\HybridModel_PlantPathology_Ablation\results\Hybrid_none-none-none_fold4_best.pth
2026-06-24 22:57:48 | Epoch 16/50 | Loss 0.1399 | Acc 95.70% | Val Loss 0.1316 | Val Acc 95.48% | 36.1s
2026-06-24 22:57:48 |   --> saved best to C:\Users\Admin\Desktop\hai\ConViTX\code ViT_8 block CNN\HybridModel_PlantPathology_Ablation\results\Hybrid_none-none-none_fold4_best.pth
2026-06-24 22:58:25 | Epoch 17/50 | Loss 0.1382 | Acc 95.78% | Val Loss 0.1310 | Val Acc 95.48% | 36.1s
2026-06-24 22:58:25 |   --> saved best to C:\Users\Admin\Desktop\hai\ConViTX\code ViT_8 block CNN\HybridModel_PlantPathology_Ablation\results\Hybrid_none-none-none_fold4_best.pth
2026-06-24 22:59:01 | Epoch 18/50 | Loss 0.1311 | Acc 95.70% | Val Loss 0.1294 | Val Acc 95.56% | 36.1s
2026-06-24 22:59:01 |   --> saved best to C:\Users\Admin\Desktop\hai\ConViTX\code ViT_8 block CNN\HybridModel_PlantPathology_Ablation\results\Hybrid_none-none-none_fold4_best.pth
2026-06-24 22:59:37 | Epoch 19/50 | Loss 0.1252 | Acc 96.04% | Val Loss 0.1375 | Val Acc 95.23% | 36.1s
2026-06-24 23:00:13 | Epoch 20/50 | Loss 0.1271 | Acc 96.10% | Val Loss 0.1255 | Val Acc 95.72% | 36.2s
2026-06-24 23:00:13 |   --> saved best to C:\Users\Admin\Desktop\hai\ConViTX\code ViT_8 block CNN\HybridModel_PlantPathology_Ablation\results\Hybrid_none-none-none_fold4_best.pth
2026-06-24 23:00:49 | Epoch 21/50 | Loss 0.1163 | Acc 96.37% | Val Loss 0.1158 | Val Acc 95.96% | 36.1s
2026-06-24 23:00:49 |   --> saved best to C:\Users\Admin\Desktop\hai\ConViTX\code ViT_8 block CNN\HybridModel_PlantPathology_Ablation\results\Hybrid_none-none-none_fold4_best.pth
2026-06-24 23:01:25 | Epoch 22/50 | Loss 0.1144 | Acc 96.43% | Val Loss 0.1121 | Val Acc 96.12% | 36.1s
2026-06-24 23:01:25 |   --> saved best to C:\Users\Admin\Desktop\hai\ConViTX\code ViT_8 block CNN\HybridModel_PlantPathology_Ablation\results\Hybrid_none-none-none_fold4_best.pth
2026-06-24 23:02:02 | Epoch 23/50 | Loss 0.1092 | Acc 96.63% | Val Loss 0.1162 | Val Acc 96.28% | 36.1s
2026-06-24 23:02:38 | Epoch 24/50 | Loss 0.1021 | Acc 96.53% | Val Loss 0.1152 | Val Acc 95.96% | 36.1s
2026-06-24 23:03:14 | Epoch 25/50 | Loss 0.1017 | Acc 96.73% | Val Loss 0.1301 | Val Acc 95.07% | 36.1s
2026-06-24 23:03:50 | Epoch 26/50 | Loss 0.0967 | Acc 96.77% | Val Loss 0.1300 | Val Acc 95.40% | 36.2s
2026-06-24 23:04:26 | Epoch 27/50 | Loss 0.0968 | Acc 97.06% | Val Loss 0.1158 | Val Acc 96.12% | 36.1s
2026-06-24 23:05:03 | Epoch 28/50 | Loss 0.0949 | Acc 97.00% | Val Loss 0.1080 | Val Acc 96.20% | 36.1s
2026-06-24 23:05:03 |   --> saved best to C:\Users\Admin\Desktop\hai\ConViTX\code ViT_8 block CNN\HybridModel_PlantPathology_Ablation\results\Hybrid_none-none-none_fold4_best.pth
2026-06-24 23:05:39 | Epoch 29/50 | Loss 0.0837 | Acc 97.65% | Val Loss 0.1128 | Val Acc 95.32% | 36.1s
2026-06-24 23:06:15 | Epoch 30/50 | Loss 0.0821 | Acc 97.48% | Val Loss 0.1192 | Val Acc 96.04% | 36.1s
2026-06-24 23:06:51 | Epoch 31/50 | Loss 0.0834 | Acc 97.46% | Val Loss 0.1091 | Val Acc 96.45% | 36.1s
2026-06-24 23:07:27 | Epoch 32/50 | Loss 0.0819 | Acc 97.52% | Val Loss 0.1060 | Val Acc 96.45% | 36.1s
2026-06-24 23:07:27 |   --> saved best to C:\Users\Admin\Desktop\hai\ConViTX\code ViT_8 block CNN\HybridModel_PlantPathology_Ablation\results\Hybrid_none-none-none_fold4_best.pth
2026-06-24 23:08:03 | Epoch 33/50 | Loss 0.0832 | Acc 97.50% | Val Loss 0.1019 | Val Acc 96.37% | 36.2s
2026-06-24 23:08:03 |   --> saved best to C:\Users\Admin\Desktop\hai\ConViTX\code ViT_8 block CNN\HybridModel_PlantPathology_Ablation\results\Hybrid_none-none-none_fold4_best.pth
2026-06-24 23:08:40 | Epoch 34/50 | Loss 0.0782 | Acc 97.48% | Val Loss 0.1110 | Val Acc 95.88% | 36.1s
2026-06-24 23:09:16 | Epoch 35/50 | Loss 0.0776 | Acc 97.61% | Val Loss 0.1083 | Val Acc 95.88% | 36.2s
2026-06-24 23:09:52 | Epoch 36/50 | Loss 0.0820 | Acc 97.34% | Val Loss 0.1067 | Val Acc 96.37% | 36.2s
2026-06-24 23:10:28 | Epoch 37/50 | Loss 0.0783 | Acc 97.36% | Val Loss 0.1119 | Val Acc 96.20% | 36.1s
2026-06-24 23:11:05 | Epoch 38/50 | Loss 0.0684 | Acc 98.01% | Val Loss 0.1005 | Val Acc 96.45% | 36.2s
2026-06-24 23:11:05 |   --> saved best to C:\Users\Admin\Desktop\hai\ConViTX\code ViT_8 block CNN\HybridModel_PlantPathology_Ablation\results\Hybrid_none-none-none_fold4_best.pth
2026-06-24 23:11:41 | Epoch 39/50 | Loss 0.0665 | Acc 97.83% | Val Loss 0.0989 | Val Acc 96.61% | 36.1s
2026-06-24 23:11:41 |   --> saved best to C:\Users\Admin\Desktop\hai\ConViTX\code ViT_8 block CNN\HybridModel_PlantPathology_Ablation\results\Hybrid_none-none-none_fold4_best.pth
2026-06-24 23:12:17 | Epoch 40/50 | Loss 0.0642 | Acc 97.83% | Val Loss 0.1020 | Val Acc 96.20% | 36.1s
2026-06-24 23:12:53 | Epoch 41/50 | Loss 0.0578 | Acc 98.19% | Val Loss 0.1015 | Val Acc 96.45% | 36.1s
2026-06-24 23:13:29 | Epoch 42/50 | Loss 0.0657 | Acc 97.95% | Val Loss 0.1055 | Val Acc 96.20% | 36.1s
2026-06-24 23:14:05 | Epoch 43/50 | Loss 0.0642 | Acc 97.77% | Val Loss 0.1030 | Val Acc 96.37% | 36.1s
2026-06-24 23:14:42 | Epoch 44/50 | Loss 0.0601 | Acc 98.03% | Val Loss 0.1028 | Val Acc 96.20% | 36.1s
2026-06-24 23:15:18 | Epoch 45/50 | Loss 0.0528 | Acc 98.30% | Val Loss 0.1055 | Val Acc 96.69% | 36.1s
2026-06-24 23:15:54 | Epoch 46/50 | Loss 0.0575 | Acc 97.93% | Val Loss 0.1012 | Val Acc 95.64% | 36.1s
2026-06-24 23:16:30 | Epoch 47/50 | Loss 0.0507 | Acc 98.36% | Val Loss 0.1007 | Val Acc 95.96% | 36.1s
2026-06-24 23:17:06 | Epoch 48/50 | Loss 0.0533 | Acc 98.32% | Val Loss 0.0992 | Val Acc 96.61% | 36.1s
2026-06-24 23:17:42 | Epoch 49/50 | Loss 0.0504 | Acc 98.34% | Val Loss 0.1132 | Val Acc 95.88% | 36.2s
2026-06-24 23:18:18 | Epoch 50/50 | Loss 0.0517 | Acc 98.34% | Val Loss 0.1013 | Val Acc 96.45% | 36.1s
2026-06-24 23:18:18 | Finished Hybrid_none-none-none fold 4 in 30.75 min.
2026-06-24 23:18:22 | 
================================================================================
2026-06-24 23:18:22 | TRAINING: Hybrid_none-none-none | FOLD 5/5
2026-06-24 23:18:22 | ================================================================================
2026-06-24 23:18:22 | [INFO] reduced batch_size=64 for hybrid model to avoid OOM.
2026-06-24 23:19:26 | Epoch 01/50 | Loss 1.0869 | Acc 58.30% | Val Loss 0.7647 | Val Acc 77.38% | 64.2s
2026-06-24 23:19:26 |   --> saved best to C:\Users\Admin\Desktop\hai\ConViTX\code ViT_8 block CNN\HybridModel_PlantPathology_Ablation\results\Hybrid_none-none-none_fold5_best.pth
2026-06-24 23:20:01 | Epoch 02/50 | Loss 0.6117 | Acc 81.84% | Val Loss 0.4263 | Val Acc 87.88% | 35.0s
2026-06-24 23:20:01 |   --> saved best to C:\Users\Admin\Desktop\hai\ConViTX\code ViT_8 block CNN\HybridModel_PlantPathology_Ablation\results\Hybrid_none-none-none_fold5_best.pth
2026-06-24 23:20:36 | Epoch 03/50 | Loss 0.3975 | Acc 88.68% | Val Loss 0.3296 | Val Acc 90.31% | 34.9s
2026-06-24 23:20:36 |   --> saved best to C:\Users\Admin\Desktop\hai\ConViTX\code ViT_8 block CNN\HybridModel_PlantPathology_Ablation\results\Hybrid_none-none-none_fold5_best.pth
2026-06-24 23:21:11 | Epoch 04/50 | Loss 0.3216 | Acc 91.11% | Val Loss 0.2842 | Val Acc 92.00% | 34.9s
2026-06-24 23:21:11 |   --> saved best to C:\Users\Admin\Desktop\hai\ConViTX\code ViT_8 block CNN\HybridModel_PlantPathology_Ablation\results\Hybrid_none-none-none_fold5_best.pth
2026-06-24 23:21:46 | Epoch 05/50 | Loss 0.2846 | Acc 91.94% | Val Loss 0.2408 | Val Acc 92.97% | 35.3s
2026-06-24 23:21:46 |   --> saved best to C:\Users\Admin\Desktop\hai\ConViTX\code ViT_8 block CNN\HybridModel_PlantPathology_Ablation\results\Hybrid_none-none-none_fold5_best.pth
2026-06-24 23:22:21 | Epoch 06/50 | Loss 0.2586 | Acc 92.51% | Val Loss 0.2258 | Val Acc 93.13% | 35.0s
2026-06-24 23:22:21 |   --> saved best to C:\Users\Admin\Desktop\hai\ConViTX\code ViT_8 block CNN\HybridModel_PlantPathology_Ablation\results\Hybrid_none-none-none_fold5_best.pth
2026-06-24 23:22:56 | Epoch 07/50 | Loss 0.2315 | Acc 93.10% | Val Loss 0.2128 | Val Acc 93.30% | 34.9s
2026-06-24 23:22:56 |   --> saved best to C:\Users\Admin\Desktop\hai\ConViTX\code ViT_8 block CNN\HybridModel_PlantPathology_Ablation\results\Hybrid_none-none-none_fold5_best.pth
2026-06-24 23:23:31 | Epoch 08/50 | Loss 0.2164 | Acc 93.28% | Val Loss 0.1987 | Val Acc 94.18% | 34.9s
2026-06-24 23:23:31 |   --> saved best to C:\Users\Admin\Desktop\hai\ConViTX\code ViT_8 block CNN\HybridModel_PlantPathology_Ablation\results\Hybrid_none-none-none_fold5_best.pth
2026-06-24 23:24:06 | Epoch 09/50 | Loss 0.2011 | Acc 93.91% | Val Loss 0.1858 | Val Acc 94.43% | 35.0s
2026-06-24 23:24:06 |   --> saved best to C:\Users\Admin\Desktop\hai\ConViTX\code ViT_8 block CNN\HybridModel_PlantPathology_Ablation\results\Hybrid_none-none-none_fold5_best.pth
2026-06-24 23:24:41 | Epoch 10/50 | Loss 0.1928 | Acc 94.34% | Val Loss 0.1743 | Val Acc 94.43% | 34.9s
2026-06-24 23:24:41 |   --> saved best to C:\Users\Admin\Desktop\hai\ConViTX\code ViT_8 block CNN\HybridModel_PlantPathology_Ablation\results\Hybrid_none-none-none_fold5_best.pth
2026-06-24 23:25:16 | Epoch 11/50 | Loss 0.1832 | Acc 94.18% | Val Loss 0.1695 | Val Acc 94.99% | 34.9s
2026-06-24 23:25:16 |   --> saved best to C:\Users\Admin\Desktop\hai\ConViTX\code ViT_8 block CNN\HybridModel_PlantPathology_Ablation\results\Hybrid_none-none-none_fold5_best.pth
2026-06-24 23:25:51 | Epoch 12/50 | Loss 0.1719 | Acc 94.64% | Val Loss 0.1616 | Val Acc 94.99% | 34.9s
2026-06-24 23:25:51 |   --> saved best to C:\Users\Admin\Desktop\hai\ConViTX\code ViT_8 block CNN\HybridModel_PlantPathology_Ablation\results\Hybrid_none-none-none_fold5_best.pth
2026-06-24 23:26:26 | Epoch 13/50 | Loss 0.1660 | Acc 95.09% | Val Loss 0.1696 | Val Acc 94.91% | 35.0s
2026-06-24 23:27:01 | Epoch 14/50 | Loss 0.1533 | Acc 95.47% | Val Loss 0.1439 | Val Acc 95.80% | 35.0s
2026-06-24 23:27:01 |   --> saved best to C:\Users\Admin\Desktop\hai\ConViTX\code ViT_8 block CNN\HybridModel_PlantPathology_Ablation\results\Hybrid_none-none-none_fold5_best.pth
2026-06-24 23:27:36 | Epoch 15/50 | Loss 0.1481 | Acc 95.58% | Val Loss 0.1427 | Val Acc 95.64% | 34.9s
2026-06-24 23:27:36 |   --> saved best to C:\Users\Admin\Desktop\hai\ConViTX\code ViT_8 block CNN\HybridModel_PlantPathology_Ablation\results\Hybrid_none-none-none_fold5_best.pth
2026-06-24 23:28:11 | Epoch 16/50 | Loss 0.1412 | Acc 95.72% | Val Loss 0.1389 | Val Acc 95.32% | 34.9s
2026-06-24 23:28:11 |   --> saved best to C:\Users\Admin\Desktop\hai\ConViTX\code ViT_8 block CNN\HybridModel_PlantPathology_Ablation\results\Hybrid_none-none-none_fold5_best.pth
2026-06-24 23:28:46 | Epoch 17/50 | Loss 0.1376 | Acc 95.37% | Val Loss 0.1313 | Val Acc 96.12% | 34.9s
2026-06-24 23:28:46 |   --> saved best to C:\Users\Admin\Desktop\hai\ConViTX\code ViT_8 block CNN\HybridModel_PlantPathology_Ablation\results\Hybrid_none-none-none_fold5_best.pth
2026-06-24 23:29:21 | Epoch 18/50 | Loss 0.1261 | Acc 96.29% | Val Loss 0.1340 | Val Acc 95.32% | 34.9s
2026-06-24 23:29:56 | Epoch 19/50 | Loss 0.1274 | Acc 96.06% | Val Loss 0.1298 | Val Acc 95.72% | 34.9s
2026-06-24 23:29:56 |   --> saved best to C:\Users\Admin\Desktop\hai\ConViTX\code ViT_8 block CNN\HybridModel_PlantPathology_Ablation\results\Hybrid_none-none-none_fold5_best.pth
2026-06-24 23:30:31 | Epoch 20/50 | Loss 0.1281 | Acc 96.19% | Val Loss 0.1290 | Val Acc 95.80% | 35.0s
2026-06-24 23:30:31 |   --> saved best to C:\Users\Admin\Desktop\hai\ConViTX\code ViT_8 block CNN\HybridModel_PlantPathology_Ablation\results\Hybrid_none-none-none_fold5_best.pth
2026-06-24 23:31:06 | Epoch 21/50 | Loss 0.1232 | Acc 96.10% | Val Loss 0.1222 | Val Acc 96.04% | 34.9s
2026-06-24 23:31:06 |   --> saved best to C:\Users\Admin\Desktop\hai\ConViTX\code ViT_8 block CNN\HybridModel_PlantPathology_Ablation\results\Hybrid_none-none-none_fold5_best.pth
2026-06-24 23:31:41 | Epoch 22/50 | Loss 0.1184 | Acc 96.37% | Val Loss 0.1220 | Val Acc 95.88% | 34.9s
2026-06-24 23:31:41 |   --> saved best to C:\Users\Admin\Desktop\hai\ConViTX\code ViT_8 block CNN\HybridModel_PlantPathology_Ablation\results\Hybrid_none-none-none_fold5_best.pth
2026-06-24 23:32:16 | Epoch 23/50 | Loss 0.1053 | Acc 96.92% | Val Loss 0.1150 | Val Acc 95.88% | 34.9s
2026-06-24 23:32:16 |   --> saved best to C:\Users\Admin\Desktop\hai\ConViTX\code ViT_8 block CNN\HybridModel_PlantPathology_Ablation\results\Hybrid_none-none-none_fold5_best.pth
2026-06-24 23:32:51 | Epoch 24/50 | Loss 0.1027 | Acc 96.83% | Val Loss 0.1157 | Val Acc 96.12% | 34.9s
2026-06-24 23:33:26 | Epoch 25/50 | Loss 0.1031 | Acc 96.83% | Val Loss 0.1236 | Val Acc 95.56% | 34.9s
2026-06-24 23:34:01 | Epoch 26/50 | Loss 0.1012 | Acc 96.77% | Val Loss 0.1118 | Val Acc 96.28% | 34.9s
2026-06-24 23:34:01 |   --> saved best to C:\Users\Admin\Desktop\hai\ConViTX\code ViT_8 block CNN\HybridModel_PlantPathology_Ablation\results\Hybrid_none-none-none_fold5_best.pth
2026-06-24 23:34:36 | Epoch 27/50 | Loss 0.1008 | Acc 96.79% | Val Loss 0.1262 | Val Acc 95.80% | 34.9s
2026-06-24 23:35:11 | Epoch 28/50 | Loss 0.0945 | Acc 96.83% | Val Loss 0.1140 | Val Acc 96.37% | 34.9s
2026-06-24 23:35:46 | Epoch 29/50 | Loss 0.0896 | Acc 97.18% | Val Loss 0.1121 | Val Acc 96.20% | 35.0s
2026-06-24 23:36:21 | Epoch 30/50 | Loss 0.0809 | Acc 97.48% | Val Loss 0.1072 | Val Acc 96.53% | 34.9s
2026-06-24 23:36:21 |   --> saved best to C:\Users\Admin\Desktop\hai\ConViTX\code ViT_8 block CNN\HybridModel_PlantPathology_Ablation\results\Hybrid_none-none-none_fold5_best.pth
2026-06-24 23:36:56 | Epoch 31/50 | Loss 0.0920 | Acc 97.16% | Val Loss 0.1046 | Val Acc 96.61% | 34.9s
2026-06-24 23:36:56 |   --> saved best to C:\Users\Admin\Desktop\hai\ConViTX\code ViT_8 block CNN\HybridModel_PlantPathology_Ablation\results\Hybrid_none-none-none_fold5_best.pth
2026-06-24 23:37:31 | Epoch 32/50 | Loss 0.0842 | Acc 97.40% | Val Loss 0.1039 | Val Acc 96.53% | 34.9s
2026-06-24 23:37:31 |   --> saved best to C:\Users\Admin\Desktop\hai\ConViTX\code ViT_8 block CNN\HybridModel_PlantPathology_Ablation\results\Hybrid_none-none-none_fold5_best.pth
2026-06-24 23:38:06 | Epoch 33/50 | Loss 0.0823 | Acc 97.52% | Val Loss 0.1012 | Val Acc 96.53% | 35.0s
2026-06-24 23:38:06 |   --> saved best to C:\Users\Admin\Desktop\hai\ConViTX\code ViT_8 block CNN\HybridModel_PlantPathology_Ablation\results\Hybrid_none-none-none_fold5_best.pth
2026-06-24 23:38:41 | Epoch 34/50 | Loss 0.0815 | Acc 97.42% | Val Loss 0.0994 | Val Acc 96.69% | 34.9s
2026-06-24 23:38:41 |   --> saved best to C:\Users\Admin\Desktop\hai\ConViTX\code ViT_8 block CNN\HybridModel_PlantPathology_Ablation\results\Hybrid_none-none-none_fold5_best.pth
2026-06-24 23:39:16 | Epoch 35/50 | Loss 0.0770 | Acc 97.52% | Val Loss 0.1011 | Val Acc 97.01% | 34.9s
2026-06-24 23:39:51 | Epoch 36/50 | Loss 0.0821 | Acc 97.30% | Val Loss 0.0969 | Val Acc 96.69% | 34.9s
2026-06-24 23:39:51 |   --> saved best to C:\Users\Admin\Desktop\hai\ConViTX\code ViT_8 block CNN\HybridModel_PlantPathology_Ablation\results\Hybrid_none-none-none_fold5_best.pth
2026-06-24 23:40:26 | Epoch 37/50 | Loss 0.0769 | Acc 97.50% | Val Loss 0.0964 | Val Acc 96.77% | 34.9s
2026-06-24 23:40:26 |   --> saved best to C:\Users\Admin\Desktop\hai\ConViTX\code ViT_8 block CNN\HybridModel_PlantPathology_Ablation\results\Hybrid_none-none-none_fold5_best.pth
2026-06-24 23:41:01 | Epoch 38/50 | Loss 0.0703 | Acc 97.89% | Val Loss 0.0995 | Val Acc 96.69% | 34.9s
2026-06-24 23:41:36 | Epoch 39/50 | Loss 0.0692 | Acc 97.99% | Val Loss 0.0967 | Val Acc 97.09% | 34.9s
2026-06-24 23:42:11 | Epoch 40/50 | Loss 0.0644 | Acc 98.11% | Val Loss 0.1031 | Val Acc 96.45% | 34.9s
2026-06-24 23:42:46 | Epoch 41/50 | Loss 0.0724 | Acc 97.67% | Val Loss 0.1028 | Val Acc 96.93% | 34.9s
2026-06-24 23:43:21 | Epoch 42/50 | Loss 0.0688 | Acc 97.93% | Val Loss 0.1007 | Val Acc 96.45% | 35.0s
2026-06-24 23:43:56 | Epoch 43/50 | Loss 0.0623 | Acc 97.99% | Val Loss 0.1011 | Val Acc 96.61% | 35.0s
2026-06-24 23:44:31 | Epoch 44/50 | Loss 0.0643 | Acc 97.93% | Val Loss 0.1046 | Val Acc 96.85% | 34.9s
2026-06-24 23:45:06 | Epoch 45/50 | Loss 0.0625 | Acc 98.13% | Val Loss 0.0930 | Val Acc 96.93% | 34.9s
2026-06-24 23:45:06 |   --> saved best to C:\Users\Admin\Desktop\hai\ConViTX\code ViT_8 block CNN\HybridModel_PlantPathology_Ablation\results\Hybrid_none-none-none_fold5_best.pth
2026-06-24 23:45:41 | Epoch 46/50 | Loss 0.0548 | Acc 98.23% | Val Loss 0.1012 | Val Acc 96.61% | 34.9s
2026-06-24 23:46:16 | Epoch 47/50 | Loss 0.0579 | Acc 98.05% | Val Loss 0.0927 | Val Acc 97.01% | 34.9s
2026-06-24 23:46:16 |   --> saved best to C:\Users\Admin\Desktop\hai\ConViTX\code ViT_8 block CNN\HybridModel_PlantPathology_Ablation\results\Hybrid_none-none-none_fold5_best.pth
2026-06-24 23:46:51 | Epoch 48/50 | Loss 0.0526 | Acc 98.34% | Val Loss 0.0931 | Val Acc 96.61% | 35.0s
2026-06-24 23:47:26 | Epoch 49/50 | Loss 0.0546 | Acc 98.32% | Val Loss 0.0966 | Val Acc 96.93% | 35.0s
2026-06-24 23:48:01 | Epoch 50/50 | Loss 0.0514 | Acc 98.54% | Val Loss 0.0923 | Val Acc 97.25% | 35.0s
2026-06-24 23:48:01 |   --> saved best to C:\Users\Admin\Desktop\hai\ConViTX\code ViT_8 block CNN\HybridModel_PlantPathology_Ablation\results\Hybrid_none-none-none_fold5_best.pth
2026-06-24 23:48:01 | Finished Hybrid_none-none-none fold 5 in 29.65 min.
2026-06-24 23:48:04 | 
================================================================================
2026-06-24 23:48:04 | TRAINING: CNN-Only_se-secbam | FOLD 1/5
2026-06-24 23:48:04 | ================================================================================
2026-06-24 23:48:42 | Epoch 01/50 | Loss 1.3485 | Acc 49.81% | Val Loss 1.3309 | Val Acc 60.61% | 37.5s
2026-06-24 23:48:42 |   --> saved best to C:\Users\Admin\Desktop\hai\ConViTX\code ViT_8 block CNN\HybridModel_PlantPathology_Ablation\results\CNN-Only_se-secbam_fold1_best.pth
2026-06-24 23:48:46 | Epoch 02/50 | Loss 1.2283 | Acc 60.57% | Val Loss 1.1483 | Val Acc 54.08% | 3.7s
2026-06-24 23:48:46 |   --> saved best to C:\Users\Admin\Desktop\hai\ConViTX\code ViT_8 block CNN\HybridModel_PlantPathology_Ablation\results\CNN-Only_se-secbam_fold1_best.pth
2026-06-24 23:48:49 | Epoch 03/50 | Loss 1.0699 | Acc 69.68% | Val Loss 1.0024 | Val Acc 67.15% | 3.6s
2026-06-24 23:48:49 |   --> saved best to C:\Users\Admin\Desktop\hai\ConViTX\code ViT_8 block CNN\HybridModel_PlantPathology_Ablation\results\CNN-Only_se-secbam_fold1_best.pth
2026-06-24 23:48:53 | Epoch 04/50 | Loss 0.9142 | Acc 77.80% | Val Loss 0.8306 | Val Acc 77.32% | 3.6s
2026-06-24 23:48:53 |   --> saved best to C:\Users\Admin\Desktop\hai\ConViTX\code ViT_8 block CNN\HybridModel_PlantPathology_Ablation\results\CNN-Only_se-secbam_fold1_best.pth
2026-06-24 23:48:57 | Epoch 05/50 | Loss 0.7515 | Acc 82.71% | Val Loss 0.6749 | Val Acc 81.84% | 3.6s
2026-06-24 23:48:57 |   --> saved best to C:\Users\Admin\Desktop\hai\ConViTX\code ViT_8 block CNN\HybridModel_PlantPathology_Ablation\results\CNN-Only_se-secbam_fold1_best.pth
2026-06-24 23:49:00 | Epoch 06/50 | Loss 0.6187 | Acc 85.14% | Val Loss 0.5639 | Val Acc 84.02% | 3.6s
2026-06-24 23:49:00 |   --> saved best to C:\Users\Admin\Desktop\hai\ConViTX\code ViT_8 block CNN\HybridModel_PlantPathology_Ablation\results\CNN-Only_se-secbam_fold1_best.pth
2026-06-24 23:49:04 | Epoch 07/50 | Loss 0.5126 | Acc 87.77% | Val Loss 0.4758 | Val Acc 86.76% | 3.6s
2026-06-24 23:49:04 |   --> saved best to C:\Users\Admin\Desktop\hai\ConViTX\code ViT_8 block CNN\HybridModel_PlantPathology_Ablation\results\CNN-Only_se-secbam_fold1_best.pth
2026-06-24 23:49:08 | Epoch 08/50 | Loss 0.4376 | Acc 89.58% | Val Loss 0.4223 | Val Acc 89.59% | 3.6s
2026-06-24 23:49:08 |   --> saved best to C:\Users\Admin\Desktop\hai\ConViTX\code ViT_8 block CNN\HybridModel_PlantPathology_Ablation\results\CNN-Only_se-secbam_fold1_best.pth
2026-06-24 23:49:11 | Epoch 09/50 | Loss 0.3761 | Acc 91.20% | Val Loss 0.3583 | Val Acc 90.56% | 3.6s
2026-06-24 23:49:11 |   --> saved best to C:\Users\Admin\Desktop\hai\ConViTX\code ViT_8 block CNN\HybridModel_PlantPathology_Ablation\results\CNN-Only_se-secbam_fold1_best.pth
2026-06-24 23:49:15 | Epoch 10/50 | Loss 0.3281 | Acc 92.54% | Val Loss 0.3318 | Val Acc 91.20% | 3.6s
2026-06-24 23:49:15 |   --> saved best to C:\Users\Admin\Desktop\hai\ConViTX\code ViT_8 block CNN\HybridModel_PlantPathology_Ablation\results\CNN-Only_se-secbam_fold1_best.pth
2026-06-24 23:49:18 | Epoch 11/50 | Loss 0.2927 | Acc 93.09% | Val Loss 0.2943 | Val Acc 91.69% | 3.6s
2026-06-24 23:49:18 |   --> saved best to C:\Users\Admin\Desktop\hai\ConViTX\code ViT_8 block CNN\HybridModel_PlantPathology_Ablation\results\CNN-Only_se-secbam_fold1_best.pth
2026-06-24 23:49:22 | Epoch 12/50 | Loss 0.2666 | Acc 93.34% | Val Loss 0.2684 | Val Acc 92.82% | 3.5s
2026-06-24 23:49:22 |   --> saved best to C:\Users\Admin\Desktop\hai\ConViTX\code ViT_8 block CNN\HybridModel_PlantPathology_Ablation\results\CNN-Only_se-secbam_fold1_best.pth
2026-06-24 23:49:26 | Epoch 13/50 | Loss 0.2447 | Acc 94.10% | Val Loss 0.2544 | Val Acc 93.22% | 3.6s
2026-06-24 23:49:26 |   --> saved best to C:\Users\Admin\Desktop\hai\ConViTX\code ViT_8 block CNN\HybridModel_PlantPathology_Ablation\results\CNN-Only_se-secbam_fold1_best.pth
2026-06-24 23:49:29 | Epoch 14/50 | Loss 0.2222 | Acc 94.04% | Val Loss 0.2355 | Val Acc 93.22% | 3.6s
2026-06-24 23:49:29 |   --> saved best to C:\Users\Admin\Desktop\hai\ConViTX\code ViT_8 block CNN\HybridModel_PlantPathology_Ablation\results\CNN-Only_se-secbam_fold1_best.pth
2026-06-24 23:49:33 | Epoch 15/50 | Loss 0.2100 | Acc 94.04% | Val Loss 0.2232 | Val Acc 93.30% | 3.6s
2026-06-24 23:49:33 |   --> saved best to C:\Users\Admin\Desktop\hai\ConViTX\code ViT_8 block CNN\HybridModel_PlantPathology_Ablation\results\CNN-Only_se-secbam_fold1_best.pth
2026-06-24 23:49:37 | Epoch 16/50 | Loss 0.1941 | Acc 94.61% | Val Loss 0.2148 | Val Acc 93.46% | 3.6s
2026-06-24 23:49:37 |   --> saved best to C:\Users\Admin\Desktop\hai\ConViTX\code ViT_8 block CNN\HybridModel_PlantPathology_Ablation\results\CNN-Only_se-secbam_fold1_best.pth
2026-06-24 23:49:40 | Epoch 17/50 | Loss 0.1822 | Acc 94.63% | Val Loss 0.2067 | Val Acc 93.87% | 3.6s
2026-06-24 23:49:40 |   --> saved best to C:\Users\Admin\Desktop\hai\ConViTX\code ViT_8 block CNN\HybridModel_PlantPathology_Ablation\results\CNN-Only_se-secbam_fold1_best.pth
2026-06-24 23:49:44 | Epoch 18/50 | Loss 0.1707 | Acc 94.90% | Val Loss 0.2015 | Val Acc 93.79% | 3.7s
2026-06-24 23:49:44 |   --> saved best to C:\Users\Admin\Desktop\hai\ConViTX\code ViT_8 block CNN\HybridModel_PlantPathology_Ablation\results\CNN-Only_se-secbam_fold1_best.pth
2026-06-24 23:49:48 | Epoch 19/50 | Loss 0.1646 | Acc 95.42% | Val Loss 0.1858 | Val Acc 93.87% | 3.6s
2026-06-24 23:49:48 |   --> saved best to C:\Users\Admin\Desktop\hai\ConViTX\code ViT_8 block CNN\HybridModel_PlantPathology_Ablation\results\CNN-Only_se-secbam_fold1_best.pth
2026-06-24 23:49:51 | Epoch 20/50 | Loss 0.1527 | Acc 95.56% | Val Loss 0.1794 | Val Acc 94.03% | 3.6s
2026-06-24 23:49:51 |   --> saved best to C:\Users\Admin\Desktop\hai\ConViTX\code ViT_8 block CNN\HybridModel_PlantPathology_Ablation\results\CNN-Only_se-secbam_fold1_best.pth
2026-06-24 23:49:55 | Epoch 21/50 | Loss 0.1488 | Acc 95.50% | Val Loss 0.1722 | Val Acc 94.27% | 3.6s
2026-06-24 23:49:55 |   --> saved best to C:\Users\Admin\Desktop\hai\ConViTX\code ViT_8 block CNN\HybridModel_PlantPathology_Ablation\results\CNN-Only_se-secbam_fold1_best.pth
2026-06-24 23:49:58 | Epoch 22/50 | Loss 0.1386 | Acc 95.79% | Val Loss 0.1711 | Val Acc 93.87% | 3.6s
2026-06-24 23:49:58 |   --> saved best to C:\Users\Admin\Desktop\hai\ConViTX\code ViT_8 block CNN\HybridModel_PlantPathology_Ablation\results\CNN-Only_se-secbam_fold1_best.pth
2026-06-24 23:50:02 | Epoch 23/50 | Loss 0.1328 | Acc 96.13% | Val Loss 0.1663 | Val Acc 94.35% | 3.7s
2026-06-24 23:50:02 |   --> saved best to C:\Users\Admin\Desktop\hai\ConViTX\code ViT_8 block CNN\HybridModel_PlantPathology_Ablation\results\CNN-Only_se-secbam_fold1_best.pth
2026-06-24 23:50:06 | Epoch 24/50 | Loss 0.1258 | Acc 96.11% | Val Loss 0.1618 | Val Acc 94.51% | 3.6s
2026-06-24 23:50:06 |   --> saved best to C:\Users\Admin\Desktop\hai\ConViTX\code ViT_8 block CNN\HybridModel_PlantPathology_Ablation\results\CNN-Only_se-secbam_fold1_best.pth
2026-06-24 23:50:09 | Epoch 25/50 | Loss 0.1241 | Acc 96.07% | Val Loss 0.1585 | Val Acc 95.00% | 3.7s
2026-06-24 23:50:09 |   --> saved best to C:\Users\Admin\Desktop\hai\ConViTX\code ViT_8 block CNN\HybridModel_PlantPathology_Ablation\results\CNN-Only_se-secbam_fold1_best.pth
2026-06-24 23:50:13 | Epoch 26/50 | Loss 0.1204 | Acc 96.24% | Val Loss 0.1579 | Val Acc 94.51% | 3.7s
2026-06-24 23:50:13 |   --> saved best to C:\Users\Admin\Desktop\hai\ConViTX\code ViT_8 block CNN\HybridModel_PlantPathology_Ablation\results\CNN-Only_se-secbam_fold1_best.pth
2026-06-24 23:50:17 | Epoch 27/50 | Loss 0.1170 | Acc 96.36% | Val Loss 0.1550 | Val Acc 94.75% | 3.7s
2026-06-24 23:50:17 |   --> saved best to C:\Users\Admin\Desktop\hai\ConViTX\code ViT_8 block CNN\HybridModel_PlantPathology_Ablation\results\CNN-Only_se-secbam_fold1_best.pth
2026-06-24 23:50:21 | Epoch 28/50 | Loss 0.1156 | Acc 96.24% | Val Loss 0.1454 | Val Acc 95.24% | 3.7s
2026-06-24 23:50:21 |   --> saved best to C:\Users\Admin\Desktop\hai\ConViTX\code ViT_8 block CNN\HybridModel_PlantPathology_Ablation\results\CNN-Only_se-secbam_fold1_best.pth
2026-06-24 23:50:24 | Epoch 29/50 | Loss 0.1094 | Acc 96.40% | Val Loss 0.1496 | Val Acc 95.00% | 3.6s
2026-06-24 23:50:28 | Epoch 30/50 | Loss 0.1073 | Acc 96.53% | Val Loss 0.1414 | Val Acc 95.08% | 3.6s
2026-06-24 23:50:28 |   --> saved best to C:\Users\Admin\Desktop\hai\ConViTX\code ViT_8 block CNN\HybridModel_PlantPathology_Ablation\results\CNN-Only_se-secbam_fold1_best.pth
2026-06-24 23:50:32 | Epoch 31/50 | Loss 0.1030 | Acc 96.57% | Val Loss 0.1426 | Val Acc 95.08% | 3.7s
2026-06-24 23:50:35 | Epoch 32/50 | Loss 0.1025 | Acc 96.81% | Val Loss 0.1436 | Val Acc 94.92% | 3.7s
2026-06-24 23:50:39 | Epoch 33/50 | Loss 0.0972 | Acc 96.90% | Val Loss 0.1464 | Val Acc 94.92% | 3.7s
2026-06-24 23:50:43 | Epoch 34/50 | Loss 0.0981 | Acc 96.53% | Val Loss 0.1444 | Val Acc 94.75% | 3.6s
2026-06-24 23:50:46 | Epoch 35/50 | Loss 0.0891 | Acc 96.90% | Val Loss 0.1427 | Val Acc 95.40% | 3.7s
2026-06-24 23:50:50 | Epoch 36/50 | Loss 0.0885 | Acc 97.18% | Val Loss 0.1401 | Val Acc 95.24% | 3.6s
2026-06-24 23:50:50 |   --> saved best to C:\Users\Admin\Desktop\hai\ConViTX\code ViT_8 block CNN\HybridModel_PlantPathology_Ablation\results\CNN-Only_se-secbam_fold1_best.pth
2026-06-24 23:50:54 | Epoch 37/50 | Loss 0.0942 | Acc 97.06% | Val Loss 0.1375 | Val Acc 95.56% | 3.6s
2026-06-24 23:50:54 |   --> saved best to C:\Users\Admin\Desktop\hai\ConViTX\code ViT_8 block CNN\HybridModel_PlantPathology_Ablation\results\CNN-Only_se-secbam_fold1_best.pth
2026-06-24 23:50:57 | Epoch 38/50 | Loss 0.0871 | Acc 97.39% | Val Loss 0.1414 | Val Acc 94.92% | 3.6s
2026-06-24 23:51:01 | Epoch 39/50 | Loss 0.0820 | Acc 97.25% | Val Loss 0.1359 | Val Acc 95.24% | 3.6s
2026-06-24 23:51:01 |   --> saved best to C:\Users\Admin\Desktop\hai\ConViTX\code ViT_8 block CNN\HybridModel_PlantPathology_Ablation\results\CNN-Only_se-secbam_fold1_best.pth
2026-06-24 23:51:05 | Epoch 40/50 | Loss 0.0801 | Acc 97.66% | Val Loss 0.1328 | Val Acc 95.80% | 3.7s
2026-06-24 23:51:05 |   --> saved best to C:\Users\Admin\Desktop\hai\ConViTX\code ViT_8 block CNN\HybridModel_PlantPathology_Ablation\results\CNN-Only_se-secbam_fold1_best.pth
2026-06-24 23:51:08 | Epoch 41/50 | Loss 0.0832 | Acc 97.25% | Val Loss 0.1420 | Val Acc 95.16% | 3.6s
2026-06-24 23:51:12 | Epoch 42/50 | Loss 0.0790 | Acc 97.55% | Val Loss 0.1329 | Val Acc 95.64% | 3.6s
2026-06-24 23:51:16 | Epoch 43/50 | Loss 0.0757 | Acc 97.33% | Val Loss 0.1493 | Val Acc 94.83% | 3.7s
2026-06-24 23:51:20 | Epoch 44/50 | Loss 0.0718 | Acc 97.74% | Val Loss 0.1306 | Val Acc 95.40% | 3.7s
2026-06-24 23:51:20 |   --> saved best to C:\Users\Admin\Desktop\hai\ConViTX\code ViT_8 block CNN\HybridModel_PlantPathology_Ablation\results\CNN-Only_se-secbam_fold1_best.pth
2026-06-24 23:51:23 | Epoch 45/50 | Loss 0.0756 | Acc 97.72% | Val Loss 0.1381 | Val Acc 95.72% | 3.7s
2026-06-24 23:51:27 | Epoch 46/50 | Loss 0.0673 | Acc 97.86% | Val Loss 0.1335 | Val Acc 95.48% | 3.7s
2026-06-24 23:51:31 | Epoch 47/50 | Loss 0.0697 | Acc 97.59% | Val Loss 0.1418 | Val Acc 95.56% | 3.7s
2026-06-24 23:51:34 | Epoch 48/50 | Loss 0.0707 | Acc 97.64% | Val Loss 0.1321 | Val Acc 95.80% | 3.6s
2026-06-24 23:51:38 | Epoch 49/50 | Loss 0.0713 | Acc 97.43% | Val Loss 0.1431 | Val Acc 95.24% | 3.7s
2026-06-24 23:51:42 | Epoch 50/50 | Loss 0.0664 | Acc 97.74% | Val Loss 0.1328 | Val Acc 95.64% | 3.6s
2026-06-24 23:51:42 | Finished CNN-Only_se-secbam fold 1 in 3.62 min.
2026-06-24 23:51:44 | 
================================================================================
2026-06-24 23:51:44 | TRAINING: CNN-Only_se-secbam | FOLD 2/5
2026-06-24 23:51:44 | ================================================================================
2026-06-24 23:52:17 | Epoch 01/50 | Loss 1.3357 | Acc 44.65% | Val Loss 1.3128 | Val Acc 41.32% | 32.5s
2026-06-24 23:52:17 |   --> saved best to C:\Users\Admin\Desktop\hai\ConViTX\code ViT_8 block CNN\HybridModel_PlantPathology_Ablation\results\CNN-Only_se-secbam_fold2_best.pth
2026-06-24 23:52:20 | Epoch 02/50 | Loss 1.2028 | Acc 62.29% | Val Loss 1.0863 | Val Acc 68.60% | 3.6s
2026-06-24 23:52:20 |   --> saved best to C:\Users\Admin\Desktop\hai\ConViTX\code ViT_8 block CNN\HybridModel_PlantPathology_Ablation\results\CNN-Only_se-secbam_fold2_best.pth
2026-06-24 23:52:24 | Epoch 03/50 | Loss 1.0298 | Acc 74.61% | Val Loss 0.9182 | Val Acc 80.23% | 3.6s
2026-06-24 23:52:24 |   --> saved best to C:\Users\Admin\Desktop\hai\ConViTX\code ViT_8 block CNN\HybridModel_PlantPathology_Ablation\results\CNN-Only_se-secbam_fold2_best.pth
2026-06-24 23:52:28 | Epoch 04/50 | Loss 0.8718 | Acc 81.02% | Val Loss 0.7660 | Val Acc 87.25% | 3.6s
2026-06-24 23:52:28 |   --> saved best to C:\Users\Admin\Desktop\hai\ConViTX\code ViT_8 block CNN\HybridModel_PlantPathology_Ablation\results\CNN-Only_se-secbam_fold2_best.pth
2026-06-24 23:52:31 | Epoch 05/50 | Loss 0.7258 | Acc 85.20% | Val Loss 0.6354 | Val Acc 88.05% | 3.6s
2026-06-24 23:52:31 |   --> saved best to C:\Users\Admin\Desktop\hai\ConViTX\code ViT_8 block CNN\HybridModel_PlantPathology_Ablation\results\CNN-Only_se-secbam_fold2_best.pth
2026-06-24 23:52:35 | Epoch 06/50 | Loss 0.5987 | Acc 86.86% | Val Loss 0.5279 | Val Acc 88.94% | 3.6s
2026-06-24 23:52:35 |   --> saved best to C:\Users\Admin\Desktop\hai\ConViTX\code ViT_8 block CNN\HybridModel_PlantPathology_Ablation\results\CNN-Only_se-secbam_fold2_best.pth
2026-06-24 23:52:38 | Epoch 07/50 | Loss 0.5025 | Acc 88.51% | Val Loss 0.4353 | Val Acc 89.99% | 3.4s
2026-06-24 23:52:38 |   --> saved best to C:\Users\Admin\Desktop\hai\ConViTX\code ViT_8 block CNN\HybridModel_PlantPathology_Ablation\results\CNN-Only_se-secbam_fold2_best.pth
2026-06-24 23:52:42 | Epoch 08/50 | Loss 0.4306 | Acc 89.99% | Val Loss 0.3664 | Val Acc 91.28% | 3.6s
2026-06-24 23:52:42 |   --> saved best to C:\Users\Admin\Desktop\hai\ConViTX\code ViT_8 block CNN\HybridModel_PlantPathology_Ablation\results\CNN-Only_se-secbam_fold2_best.pth
2026-06-24 23:52:46 | Epoch 09/50 | Loss 0.3817 | Acc 90.87% | Val Loss 0.3186 | Val Acc 92.41% | 3.6s
2026-06-24 23:52:46 |   --> saved best to C:\Users\Admin\Desktop\hai\ConViTX\code ViT_8 block CNN\HybridModel_PlantPathology_Ablation\results\CNN-Only_se-secbam_fold2_best.pth
2026-06-24 23:52:49 | Epoch 10/50 | Loss 0.3361 | Acc 91.74% | Val Loss 0.2912 | Val Acc 92.09% | 3.6s
2026-06-24 23:52:49 |   --> saved best to C:\Users\Admin\Desktop\hai\ConViTX\code ViT_8 block CNN\HybridModel_PlantPathology_Ablation\results\CNN-Only_se-secbam_fold2_best.pth
2026-06-24 23:52:53 | Epoch 11/50 | Loss 0.3031 | Acc 92.58% | Val Loss 0.2529 | Val Acc 92.98% | 3.5s
2026-06-24 23:52:53 |   --> saved best to C:\Users\Admin\Desktop\hai\ConViTX\code ViT_8 block CNN\HybridModel_PlantPathology_Ablation\results\CNN-Only_se-secbam_fold2_best.pth
2026-06-24 23:52:56 | Epoch 12/50 | Loss 0.2738 | Acc 92.66% | Val Loss 0.2431 | Val Acc 92.98% | 3.6s
2026-06-24 23:52:56 |   --> saved best to C:\Users\Admin\Desktop\hai\ConViTX\code ViT_8 block CNN\HybridModel_PlantPathology_Ablation\results\CNN-Only_se-secbam_fold2_best.pth
2026-06-24 23:53:00 | Epoch 13/50 | Loss 0.2582 | Acc 93.17% | Val Loss 0.2150 | Val Acc 93.87% | 3.6s
2026-06-24 23:53:00 |   --> saved best to C:\Users\Admin\Desktop\hai\ConViTX\code ViT_8 block CNN\HybridModel_PlantPathology_Ablation\results\CNN-Only_se-secbam_fold2_best.pth
2026-06-24 23:53:04 | Epoch 14/50 | Loss 0.2292 | Acc 93.77% | Val Loss 0.2096 | Val Acc 93.30% | 3.7s
2026-06-24 23:53:04 |   --> saved best to C:\Users\Admin\Desktop\hai\ConViTX\code ViT_8 block CNN\HybridModel_PlantPathology_Ablation\results\CNN-Only_se-secbam_fold2_best.pth
2026-06-24 23:53:07 | Epoch 15/50 | Loss 0.2207 | Acc 93.73% | Val Loss 0.1947 | Val Acc 93.79% | 3.5s
2026-06-24 23:53:07 |   --> saved best to C:\Users\Admin\Desktop\hai\ConViTX\code ViT_8 block CNN\HybridModel_PlantPathology_Ablation\results\CNN-Only_se-secbam_fold2_best.pth
2026-06-24 23:53:11 | Epoch 16/50 | Loss 0.2027 | Acc 94.37% | Val Loss 0.1814 | Val Acc 94.35% | 3.6s
2026-06-24 23:53:11 |   --> saved best to C:\Users\Admin\Desktop\hai\ConViTX\code ViT_8 block CNN\HybridModel_PlantPathology_Ablation\results\CNN-Only_se-secbam_fold2_best.pth
2026-06-24 23:53:15 | Epoch 17/50 | Loss 0.1914 | Acc 94.57% | Val Loss 0.1685 | Val Acc 94.43% | 3.6s
2026-06-24 23:53:15 |   --> saved best to C:\Users\Admin\Desktop\hai\ConViTX\code ViT_8 block CNN\HybridModel_PlantPathology_Ablation\results\CNN-Only_se-secbam_fold2_best.pth
2026-06-24 23:53:18 | Epoch 18/50 | Loss 0.1812 | Acc 94.78% | Val Loss 0.1649 | Val Acc 94.59% | 3.5s
2026-06-24 23:53:18 |   --> saved best to C:\Users\Admin\Desktop\hai\ConViTX\code ViT_8 block CNN\HybridModel_PlantPathology_Ablation\results\CNN-Only_se-secbam_fold2_best.pth
2026-06-24 23:53:22 | Epoch 19/50 | Loss 0.1770 | Acc 94.47% | Val Loss 0.1523 | Val Acc 94.83% | 3.6s
2026-06-24 23:53:22 |   --> saved best to C:\Users\Admin\Desktop\hai\ConViTX\code ViT_8 block CNN\HybridModel_PlantPathology_Ablation\results\CNN-Only_se-secbam_fold2_best.pth
2026-06-24 23:53:25 | Epoch 20/50 | Loss 0.1690 | Acc 94.65% | Val Loss 0.1518 | Val Acc 95.00% | 3.6s
2026-06-24 23:53:25 |   --> saved best to C:\Users\Admin\Desktop\hai\ConViTX\code ViT_8 block CNN\HybridModel_PlantPathology_Ablation\results\CNN-Only_se-secbam_fold2_best.pth
2026-06-24 23:53:29 | Epoch 21/50 | Loss 0.1625 | Acc 95.07% | Val Loss 0.1477 | Val Acc 95.64% | 3.6s
2026-06-24 23:53:29 |   --> saved best to C:\Users\Admin\Desktop\hai\ConViTX\code ViT_8 block CNN\HybridModel_PlantPathology_Ablation\results\CNN-Only_se-secbam_fold2_best.pth
2026-06-24 23:53:33 | Epoch 22/50 | Loss 0.1480 | Acc 95.33% | Val Loss 0.1394 | Val Acc 95.16% | 3.6s
2026-06-24 23:53:33 |   --> saved best to C:\Users\Admin\Desktop\hai\ConViTX\code ViT_8 block CNN\HybridModel_PlantPathology_Ablation\results\CNN-Only_se-secbam_fold2_best.pth
2026-06-24 23:53:36 | Epoch 23/50 | Loss 0.1461 | Acc 95.58% | Val Loss 0.1394 | Val Acc 94.92% | 3.6s
2026-06-24 23:53:36 |   --> saved best to C:\Users\Admin\Desktop\hai\ConViTX\code ViT_8 block CNN\HybridModel_PlantPathology_Ablation\results\CNN-Only_se-secbam_fold2_best.pth
2026-06-24 23:53:40 | Epoch 24/50 | Loss 0.1455 | Acc 95.35% | Val Loss 0.1268 | Val Acc 95.80% | 3.6s
2026-06-24 23:53:40 |   --> saved best to C:\Users\Admin\Desktop\hai\ConViTX\code ViT_8 block CNN\HybridModel_PlantPathology_Ablation\results\CNN-Only_se-secbam_fold2_best.pth
2026-06-24 23:53:44 | Epoch 25/50 | Loss 0.1368 | Acc 95.95% | Val Loss 0.1367 | Val Acc 95.08% | 3.6s
2026-06-24 23:53:47 | Epoch 26/50 | Loss 0.1326 | Acc 95.70% | Val Loss 0.1309 | Val Acc 95.48% | 3.7s
2026-06-24 23:53:51 | Epoch 27/50 | Loss 0.1266 | Acc 95.95% | Val Loss 0.1240 | Val Acc 96.37% | 3.6s
2026-06-24 23:53:51 |   --> saved best to C:\Users\Admin\Desktop\hai\ConViTX\code ViT_8 block CNN\HybridModel_PlantPathology_Ablation\results\CNN-Only_se-secbam_fold2_best.pth
2026-06-24 23:53:54 | Epoch 28/50 | Loss 0.1248 | Acc 96.01% | Val Loss 0.1219 | Val Acc 96.45% | 3.6s
2026-06-24 23:53:54 |   --> saved best to C:\Users\Admin\Desktop\hai\ConViTX\code ViT_8 block CNN\HybridModel_PlantPathology_Ablation\results\CNN-Only_se-secbam_fold2_best.pth
2026-06-24 23:53:58 | Epoch 29/50 | Loss 0.1198 | Acc 96.28% | Val Loss 0.1206 | Val Acc 95.96% | 3.6s
2026-06-24 23:53:58 |   --> saved best to C:\Users\Admin\Desktop\hai\ConViTX\code ViT_8 block CNN\HybridModel_PlantPathology_Ablation\results\CNN-Only_se-secbam_fold2_best.pth
2026-06-24 23:54:02 | Epoch 30/50 | Loss 0.1208 | Acc 96.18% | Val Loss 0.1174 | Val Acc 95.96% | 3.6s
2026-06-24 23:54:02 |   --> saved best to C:\Users\Admin\Desktop\hai\ConViTX\code ViT_8 block CNN\HybridModel_PlantPathology_Ablation\results\CNN-Only_se-secbam_fold2_best.pth
2026-06-24 23:54:05 | Epoch 31/50 | Loss 0.1154 | Acc 96.28% | Val Loss 0.1261 | Val Acc 95.88% | 3.6s
2026-06-24 23:54:09 | Epoch 32/50 | Loss 0.1151 | Acc 96.44% | Val Loss 0.1162 | Val Acc 96.13% | 3.6s
2026-06-24 23:54:09 |   --> saved best to C:\Users\Admin\Desktop\hai\ConViTX\code ViT_8 block CNN\HybridModel_PlantPathology_Ablation\results\CNN-Only_se-secbam_fold2_best.pth
2026-06-24 23:54:13 | Epoch 33/50 | Loss 0.1079 | Acc 96.63% | Val Loss 0.1139 | Val Acc 95.96% | 3.6s
2026-06-24 23:54:13 |   --> saved best to C:\Users\Admin\Desktop\hai\ConViTX\code ViT_8 block CNN\HybridModel_PlantPathology_Ablation\results\CNN-Only_se-secbam_fold2_best.pth
2026-06-24 23:54:16 | Epoch 34/50 | Loss 0.1048 | Acc 96.59% | Val Loss 0.1158 | Val Acc 96.13% | 3.6s
2026-06-24 23:54:20 | Epoch 35/50 | Loss 0.0985 | Acc 96.77% | Val Loss 0.1140 | Val Acc 96.13% | 3.7s
2026-06-24 23:54:24 | Epoch 36/50 | Loss 0.0971 | Acc 96.71% | Val Loss 0.1112 | Val Acc 95.80% | 3.6s
2026-06-24 23:54:24 |   --> saved best to C:\Users\Admin\Desktop\hai\ConViTX\code ViT_8 block CNN\HybridModel_PlantPathology_Ablation\results\CNN-Only_se-secbam_fold2_best.pth
2026-06-24 23:54:27 | Epoch 37/50 | Loss 0.0991 | Acc 96.63% | Val Loss 0.1075 | Val Acc 96.05% | 3.6s
2026-06-24 23:54:27 |   --> saved best to C:\Users\Admin\Desktop\hai\ConViTX\code ViT_8 block CNN\HybridModel_PlantPathology_Ablation\results\CNN-Only_se-secbam_fold2_best.pth
2026-06-24 23:54:31 | Epoch 38/50 | Loss 0.1004 | Acc 96.48% | Val Loss 0.1122 | Val Acc 96.21% | 3.6s
2026-06-24 23:54:35 | Epoch 39/50 | Loss 0.0956 | Acc 96.83% | Val Loss 0.1064 | Val Acc 96.29% | 3.6s
2026-06-24 23:54:35 |   --> saved best to C:\Users\Admin\Desktop\hai\ConViTX\code ViT_8 block CNN\HybridModel_PlantPathology_Ablation\results\CNN-Only_se-secbam_fold2_best.pth
2026-06-24 23:54:38 | Epoch 40/50 | Loss 0.0936 | Acc 97.00% | Val Loss 0.1144 | Val Acc 95.80% | 3.6s
2026-06-24 23:54:42 | Epoch 41/50 | Loss 0.0854 | Acc 97.18% | Val Loss 0.1035 | Val Acc 96.45% | 3.6s
2026-06-24 23:54:42 |   --> saved best to C:\Users\Admin\Desktop\hai\ConViTX\code ViT_8 block CNN\HybridModel_PlantPathology_Ablation\results\CNN-Only_se-secbam_fold2_best.pth
2026-06-24 23:54:45 | Epoch 42/50 | Loss 0.0839 | Acc 97.37% | Val Loss 0.1053 | Val Acc 96.21% | 3.6s
2026-06-24 23:54:49 | Epoch 43/50 | Loss 0.0872 | Acc 97.18% | Val Loss 0.1049 | Val Acc 96.13% | 3.6s
2026-06-24 23:54:53 | Epoch 44/50 | Loss 0.0840 | Acc 97.14% | Val Loss 0.1053 | Val Acc 95.72% | 3.5s
2026-06-24 23:54:56 | Epoch 45/50 | Loss 0.0827 | Acc 97.20% | Val Loss 0.1090 | Val Acc 95.80% | 3.7s
2026-06-24 23:55:00 | Epoch 46/50 | Loss 0.0798 | Acc 97.47% | Val Loss 0.1035 | Val Acc 96.05% | 3.6s
2026-06-24 23:55:04 | Epoch 47/50 | Loss 0.0786 | Acc 97.33% | Val Loss 0.1089 | Val Acc 96.05% | 3.6s
2026-06-24 23:55:07 | Epoch 48/50 | Loss 0.0784 | Acc 97.47% | Val Loss 0.1059 | Val Acc 96.05% | 3.7s
2026-06-24 23:55:11 | Epoch 49/50 | Loss 0.0782 | Acc 97.31% | Val Loss 0.1083 | Val Acc 96.13% | 3.5s
2026-06-24 23:55:15 | Epoch 50/50 | Loss 0.0771 | Acc 97.20% | Val Loss 0.1091 | Val Acc 96.05% | 3.6s
2026-06-24 23:55:15 | Finished CNN-Only_se-secbam fold 2 in 3.51 min.
2026-06-24 23:55:17 | 
================================================================================
2026-06-24 23:55:17 | TRAINING: CNN-Only_se-secbam | FOLD 3/5
2026-06-24 23:55:17 | ================================================================================
2026-06-24 23:55:50 | Epoch 01/50 | Loss 1.3447 | Acc 52.43% | Val Loss 1.3246 | Val Acc 54.04% | 33.3s
2026-06-24 23:55:50 |   --> saved best to C:\Users\Admin\Desktop\hai\ConViTX\code ViT_8 block CNN\HybridModel_PlantPathology_Ablation\results\CNN-Only_se-secbam_fold3_best.pth
2026-06-24 23:55:54 | Epoch 02/50 | Loss 1.2366 | Acc 62.19% | Val Loss 1.1467 | Val Acc 58.24% | 3.6s
2026-06-24 23:55:54 |   --> saved best to C:\Users\Admin\Desktop\hai\ConViTX\code ViT_8 block CNN\HybridModel_PlantPathology_Ablation\results\CNN-Only_se-secbam_fold3_best.pth
2026-06-24 23:55:58 | Epoch 03/50 | Loss 1.0825 | Acc 71.59% | Val Loss 0.9854 | Val Acc 71.89% | 3.6s
2026-06-24 23:55:58 |   --> saved best to C:\Users\Admin\Desktop\hai\ConViTX\code ViT_8 block CNN\HybridModel_PlantPathology_Ablation\results\CNN-Only_se-secbam_fold3_best.pth
2026-06-24 23:56:01 | Epoch 04/50 | Loss 0.9090 | Acc 79.09% | Val Loss 0.8284 | Val Acc 80.45% | 3.6s
2026-06-24 23:56:01 |   --> saved best to C:\Users\Admin\Desktop\hai\ConViTX\code ViT_8 block CNN\HybridModel_PlantPathology_Ablation\results\CNN-Only_se-secbam_fold3_best.pth
2026-06-24 23:56:05 | Epoch 05/50 | Loss 0.7480 | Acc 83.45% | Val Loss 0.6643 | Val Acc 84.41% | 3.7s
2026-06-24 23:56:05 |   --> saved best to C:\Users\Admin\Desktop\hai\ConViTX\code ViT_8 block CNN\HybridModel_PlantPathology_Ablation\results\CNN-Only_se-secbam_fold3_best.pth
2026-06-24 23:56:09 | Epoch 06/50 | Loss 0.6221 | Acc 86.14% | Val Loss 0.5516 | Val Acc 85.30% | 3.6s
2026-06-24 23:56:09 |   --> saved best to C:\Users\Admin\Desktop\hai\ConViTX\code ViT_8 block CNN\HybridModel_PlantPathology_Ablation\results\CNN-Only_se-secbam_fold3_best.pth
2026-06-24 23:56:13 | Epoch 07/50 | Loss 0.5174 | Acc 88.43% | Val Loss 0.4745 | Val Acc 89.10% | 4.0s
2026-06-24 23:56:13 |   --> saved best to C:\Users\Admin\Desktop\hai\ConViTX\code ViT_8 block CNN\HybridModel_PlantPathology_Ablation\results\CNN-Only_se-secbam_fold3_best.pth
2026-06-24 23:56:17 | Epoch 08/50 | Loss 0.4421 | Acc 89.82% | Val Loss 0.4053 | Val Acc 90.71% | 3.8s
2026-06-24 23:56:17 |   --> saved best to C:\Users\Admin\Desktop\hai\ConViTX\code ViT_8 block CNN\HybridModel_PlantPathology_Ablation\results\CNN-Only_se-secbam_fold3_best.pth
2026-06-24 23:56:20 | Epoch 09/50 | Loss 0.3837 | Acc 91.06% | Val Loss 0.3499 | Val Acc 91.28% | 3.7s
2026-06-24 23:56:20 |   --> saved best to C:\Users\Admin\Desktop\hai\ConViTX\code ViT_8 block CNN\HybridModel_PlantPathology_Ablation\results\CNN-Only_se-secbam_fold3_best.pth
2026-06-24 23:56:24 | Epoch 10/50 | Loss 0.3446 | Acc 91.84% | Val Loss 0.3254 | Val Acc 92.57% | 3.6s
2026-06-24 23:56:24 |   --> saved best to C:\Users\Admin\Desktop\hai\ConViTX\code ViT_8 block CNN\HybridModel_PlantPathology_Ablation\results\CNN-Only_se-secbam_fold3_best.pth
2026-06-24 23:56:28 | Epoch 11/50 | Loss 0.3068 | Acc 92.66% | Val Loss 0.2776 | Val Acc 92.89% | 3.6s
2026-06-24 23:56:28 |   --> saved best to C:\Users\Admin\Desktop\hai\ConViTX\code ViT_8 block CNN\HybridModel_PlantPathology_Ablation\results\CNN-Only_se-secbam_fold3_best.pth
2026-06-24 23:56:31 | Epoch 12/50 | Loss 0.2745 | Acc 93.09% | Val Loss 0.2627 | Val Acc 92.89% | 3.6s
2026-06-24 23:56:31 |   --> saved best to C:\Users\Admin\Desktop\hai\ConViTX\code ViT_8 block CNN\HybridModel_PlantPathology_Ablation\results\CNN-Only_se-secbam_fold3_best.pth
2026-06-24 23:56:35 | Epoch 13/50 | Loss 0.2544 | Acc 93.28% | Val Loss 0.2442 | Val Acc 93.70% | 3.6s
2026-06-24 23:56:35 |   --> saved best to C:\Users\Admin\Desktop\hai\ConViTX\code ViT_8 block CNN\HybridModel_PlantPathology_Ablation\results\CNN-Only_se-secbam_fold3_best.pth
2026-06-24 23:56:38 | Epoch 14/50 | Loss 0.2359 | Acc 93.61% | Val Loss 0.2217 | Val Acc 93.54% | 3.6s
2026-06-24 23:56:39 |   --> saved best to C:\Users\Admin\Desktop\hai\ConViTX\code ViT_8 block CNN\HybridModel_PlantPathology_Ablation\results\CNN-Only_se-secbam_fold3_best.pth
2026-06-24 23:56:42 | Epoch 15/50 | Loss 0.2181 | Acc 93.85% | Val Loss 0.2105 | Val Acc 94.35% | 3.5s
2026-06-24 23:56:42 |   --> saved best to C:\Users\Admin\Desktop\hai\ConViTX\code ViT_8 block CNN\HybridModel_PlantPathology_Ablation\results\CNN-Only_se-secbam_fold3_best.pth
2026-06-24 23:56:46 | Epoch 16/50 | Loss 0.2025 | Acc 94.22% | Val Loss 0.1960 | Val Acc 94.26% | 3.7s
2026-06-24 23:56:46 |   --> saved best to C:\Users\Admin\Desktop\hai\ConViTX\code ViT_8 block CNN\HybridModel_PlantPathology_Ablation\results\CNN-Only_se-secbam_fold3_best.pth
2026-06-24 23:56:49 | Epoch 17/50 | Loss 0.1920 | Acc 94.53% | Val Loss 0.1855 | Val Acc 94.75% | 3.6s
2026-06-24 23:56:49 |   --> saved best to C:\Users\Admin\Desktop\hai\ConViTX\code ViT_8 block CNN\HybridModel_PlantPathology_Ablation\results\CNN-Only_se-secbam_fold3_best.pth
2026-06-24 23:56:53 | Epoch 18/50 | Loss 0.1818 | Acc 94.53% | Val Loss 0.1743 | Val Acc 94.99% | 3.6s
2026-06-24 23:56:53 |   --> saved best to C:\Users\Admin\Desktop\hai\ConViTX\code ViT_8 block CNN\HybridModel_PlantPathology_Ablation\results\CNN-Only_se-secbam_fold3_best.pth
2026-06-24 23:56:57 | Epoch 19/50 | Loss 0.1681 | Acc 95.09% | Val Loss 0.1708 | Val Acc 94.83% | 3.6s
2026-06-24 23:56:57 |   --> saved best to C:\Users\Admin\Desktop\hai\ConViTX\code ViT_8 block CNN\HybridModel_PlantPathology_Ablation\results\CNN-Only_se-secbam_fold3_best.pth
2026-06-24 23:57:01 | Epoch 20/50 | Loss 0.1629 | Acc 95.15% | Val Loss 0.1677 | Val Acc 95.40% | 3.7s
2026-06-24 23:57:01 |   --> saved best to C:\Users\Admin\Desktop\hai\ConViTX\code ViT_8 block CNN\HybridModel_PlantPathology_Ablation\results\CNN-Only_se-secbam_fold3_best.pth
2026-06-24 23:57:04 | Epoch 21/50 | Loss 0.1558 | Acc 95.31% | Val Loss 0.1644 | Val Acc 95.15% | 3.7s
2026-06-24 23:57:04 |   --> saved best to C:\Users\Admin\Desktop\hai\ConViTX\code ViT_8 block CNN\HybridModel_PlantPathology_Ablation\results\CNN-Only_se-secbam_fold3_best.pth
2026-06-24 23:57:08 | Epoch 22/50 | Loss 0.1490 | Acc 95.72% | Val Loss 0.1611 | Val Acc 95.48% | 3.7s
2026-06-24 23:57:08 |   --> saved best to C:\Users\Admin\Desktop\hai\ConViTX\code ViT_8 block CNN\HybridModel_PlantPathology_Ablation\results\CNN-Only_se-secbam_fold3_best.pth
2026-06-24 23:57:12 | Epoch 23/50 | Loss 0.1376 | Acc 95.74% | Val Loss 0.1565 | Val Acc 95.48% | 3.6s
2026-06-24 23:57:12 |   --> saved best to C:\Users\Admin\Desktop\hai\ConViTX\code ViT_8 block CNN\HybridModel_PlantPathology_Ablation\results\CNN-Only_se-secbam_fold3_best.pth
2026-06-24 23:57:15 | Epoch 24/50 | Loss 0.1388 | Acc 95.66% | Val Loss 0.1530 | Val Acc 95.40% | 3.6s
2026-06-24 23:57:15 |   --> saved best to C:\Users\Admin\Desktop\hai\ConViTX\code ViT_8 block CNN\HybridModel_PlantPathology_Ablation\results\CNN-Only_se-secbam_fold3_best.pth
2026-06-24 23:57:19 | Epoch 25/50 | Loss 0.1335 | Acc 95.89% | Val Loss 0.1477 | Val Acc 95.64% | 3.7s
2026-06-24 23:57:19 |   --> saved best to C:\Users\Admin\Desktop\hai\ConViTX\code ViT_8 block CNN\HybridModel_PlantPathology_Ablation\results\CNN-Only_se-secbam_fold3_best.pth
2026-06-24 23:57:23 | Epoch 26/50 | Loss 0.1281 | Acc 95.91% | Val Loss 0.1481 | Val Acc 95.32% | 3.6s
2026-06-24 23:57:26 | Epoch 27/50 | Loss 0.1229 | Acc 96.22% | Val Loss 0.1498 | Val Acc 95.72% | 3.6s
2026-06-24 23:57:30 | Epoch 28/50 | Loss 0.1170 | Acc 96.36% | Val Loss 0.1388 | Val Acc 95.80% | 3.6s
2026-06-24 23:57:30 |   --> saved best to C:\Users\Admin\Desktop\hai\ConViTX\code ViT_8 block CNN\HybridModel_PlantPathology_Ablation\results\CNN-Only_se-secbam_fold3_best.pth
2026-06-24 23:57:34 | Epoch 29/50 | Loss 0.1172 | Acc 96.32% | Val Loss 0.1377 | Val Acc 95.88% | 3.6s
2026-06-24 23:57:34 |   --> saved best to C:\Users\Admin\Desktop\hai\ConViTX\code ViT_8 block CNN\HybridModel_PlantPathology_Ablation\results\CNN-Only_se-secbam_fold3_best.pth
2026-06-24 23:57:37 | Epoch 30/50 | Loss 0.1148 | Acc 96.20% | Val Loss 0.1389 | Val Acc 95.56% | 3.7s
2026-06-24 23:57:41 | Epoch 31/50 | Loss 0.1110 | Acc 96.44% | Val Loss 0.1360 | Val Acc 95.80% | 3.7s
2026-06-24 23:57:41 |   --> saved best to C:\Users\Admin\Desktop\hai\ConViTX\code ViT_8 block CNN\HybridModel_PlantPathology_Ablation\results\CNN-Only_se-secbam_fold3_best.pth
2026-06-24 23:57:45 | Epoch 32/50 | Loss 0.1089 | Acc 96.42% | Val Loss 0.1392 | Val Acc 95.80% | 3.6s
2026-06-24 23:57:48 | Epoch 33/50 | Loss 0.1025 | Acc 96.65% | Val Loss 0.1368 | Val Acc 95.32% | 3.7s
2026-06-24 23:57:52 | Epoch 34/50 | Loss 0.1029 | Acc 96.71% | Val Loss 0.1334 | Val Acc 95.96% | 3.6s
2026-06-24 23:57:52 |   --> saved best to C:\Users\Admin\Desktop\hai\ConViTX\code ViT_8 block CNN\HybridModel_PlantPathology_Ablation\results\CNN-Only_se-secbam_fold3_best.pth
2026-06-24 23:57:56 | Epoch 35/50 | Loss 0.1008 | Acc 96.83% | Val Loss 0.1314 | Val Acc 95.96% | 3.7s
2026-06-24 23:57:56 |   --> saved best to C:\Users\Admin\Desktop\hai\ConViTX\code ViT_8 block CNN\HybridModel_PlantPathology_Ablation\results\CNN-Only_se-secbam_fold3_best.pth
2026-06-24 23:58:00 | Epoch 36/50 | Loss 0.0892 | Acc 97.02% | Val Loss 0.1344 | Val Acc 96.12% | 3.7s
2026-06-24 23:58:03 | Epoch 37/50 | Loss 0.0897 | Acc 97.25% | Val Loss 0.1337 | Val Acc 95.80% | 3.7s
2026-06-24 23:58:07 | Epoch 38/50 | Loss 0.0916 | Acc 97.02% | Val Loss 0.1321 | Val Acc 96.20% | 3.7s
2026-06-24 23:58:11 | Epoch 39/50 | Loss 0.0887 | Acc 97.25% | Val Loss 0.1337 | Val Acc 95.64% | 3.6s
2026-06-24 23:58:14 | Epoch 40/50 | Loss 0.0861 | Acc 97.22% | Val Loss 0.1437 | Val Acc 96.04% | 3.6s
2026-06-24 23:58:18 | Epoch 41/50 | Loss 0.0841 | Acc 97.45% | Val Loss 0.1282 | Val Acc 95.96% | 3.7s
2026-06-24 23:58:18 |   --> saved best to C:\Users\Admin\Desktop\hai\ConViTX\code ViT_8 block CNN\HybridModel_PlantPathology_Ablation\results\CNN-Only_se-secbam_fold3_best.pth
2026-06-24 23:58:22 | Epoch 42/50 | Loss 0.0821 | Acc 97.57% | Val Loss 0.1318 | Val Acc 95.96% | 3.6s
2026-06-24 23:58:25 | Epoch 43/50 | Loss 0.0768 | Acc 97.59% | Val Loss 0.1305 | Val Acc 96.28% | 3.6s
2026-06-24 23:58:29 | Epoch 44/50 | Loss 0.0766 | Acc 97.72% | Val Loss 0.1301 | Val Acc 96.12% | 3.7s
2026-06-24 23:58:33 | Epoch 45/50 | Loss 0.0695 | Acc 97.78% | Val Loss 0.1294 | Val Acc 96.20% | 3.6s
2026-06-24 23:58:36 | Epoch 46/50 | Loss 0.0739 | Acc 97.57% | Val Loss 0.1340 | Val Acc 95.88% | 3.6s
2026-06-24 23:58:40 | Epoch 47/50 | Loss 0.0682 | Acc 97.82% | Val Loss 0.1354 | Val Acc 95.72% | 3.6s
2026-06-24 23:58:43 | Epoch 48/50 | Loss 0.0669 | Acc 97.84% | Val Loss 0.1288 | Val Acc 95.96% | 3.6s
2026-06-24 23:58:47 | Epoch 49/50 | Loss 0.0668 | Acc 98.11% | Val Loss 0.1361 | Val Acc 96.04% | 3.6s
2026-06-24 23:58:51 | Epoch 50/50 | Loss 0.0662 | Acc 97.90% | Val Loss 0.1357 | Val Acc 96.20% | 3.6s
2026-06-24 23:58:51 | Finished CNN-Only_se-secbam fold 3 in 3.56 min.
2026-06-24 23:58:53 | 
================================================================================
2026-06-24 23:58:53 | TRAINING: CNN-Only_se-secbam | FOLD 4/5
2026-06-24 23:58:53 | ================================================================================
2026-06-24 23:59:26 | Epoch 01/50 | Loss 1.3598 | Acc 40.52% | Val Loss 1.3277 | Val Acc 52.91% | 32.4s
2026-06-24 23:59:26 |   --> saved best to C:\Users\Admin\Desktop\hai\ConViTX\code ViT_8 block CNN\HybridModel_PlantPathology_Ablation\results\CNN-Only_se-secbam_fold4_best.pth
2026-06-24 23:59:29 | Epoch 02/50 | Loss 1.2388 | Acc 57.11% | Val Loss 1.0963 | Val Acc 61.31% | 3.6s
2026-06-24 23:59:29 |   --> saved best to C:\Users\Admin\Desktop\hai\ConViTX\code ViT_8 block CNN\HybridModel_PlantPathology_Ablation\results\CNN-Only_se-secbam_fold4_best.pth
2026-06-24 23:59:33 | Epoch 03/50 | Loss 1.0568 | Acc 68.98% | Val Loss 0.8946 | Val Acc 73.75% | 3.5s
2026-06-24 23:59:33 |   --> saved best to C:\Users\Admin\Desktop\hai\ConViTX\code ViT_8 block CNN\HybridModel_PlantPathology_Ablation\results\CNN-Only_se-secbam_fold4_best.pth
2026-06-24 23:59:37 | Epoch 04/50 | Loss 0.8664 | Acc 78.25% | Val Loss 0.7393 | Val Acc 82.71% | 3.6s
2026-06-24 23:59:37 |   --> saved best to C:\Users\Admin\Desktop\hai\ConViTX\code ViT_8 block CNN\HybridModel_PlantPathology_Ablation\results\CNN-Only_se-secbam_fold4_best.pth
2026-06-24 23:59:40 | Epoch 05/50 | Loss 0.7132 | Acc 82.92% | Val Loss 0.5959 | Val Acc 87.16% | 3.7s
2026-06-24 23:59:40 |   --> saved best to C:\Users\Admin\Desktop\hai\ConViTX\code ViT_8 block CNN\HybridModel_PlantPathology_Ablation\results\CNN-Only_se-secbam_fold4_best.pth
2026-06-24 23:59:44 | Epoch 06/50 | Loss 0.5954 | Acc 86.27% | Val Loss 0.4935 | Val Acc 89.74% | 3.6s
2026-06-24 23:59:44 |   --> saved best to C:\Users\Admin\Desktop\hai\ConViTX\code ViT_8 block CNN\HybridModel_PlantPathology_Ablation\results\CNN-Only_se-secbam_fold4_best.pth
2026-06-24 23:59:48 | Epoch 07/50 | Loss 0.5027 | Acc 88.77% | Val Loss 0.4004 | Val Acc 90.63% | 3.6s
2026-06-24 23:59:48 |   --> saved best to C:\Users\Admin\Desktop\hai\ConViTX\code ViT_8 block CNN\HybridModel_PlantPathology_Ablation\results\CNN-Only_se-secbam_fold4_best.pth
2026-06-24 23:59:51 | Epoch 08/50 | Loss 0.4300 | Acc 90.54% | Val Loss 0.3497 | Val Acc 91.60% | 3.6s
2026-06-24 23:59:51 |   --> saved best to C:\Users\Admin\Desktop\hai\ConViTX\code ViT_8 block CNN\HybridModel_PlantPathology_Ablation\results\CNN-Only_se-secbam_fold4_best.pth
2026-06-24 23:59:55 | Epoch 09/50 | Loss 0.3784 | Acc 91.26% | Val Loss 0.3027 | Val Acc 92.57% | 3.6s
2026-06-24 23:59:55 |   --> saved best to C:\Users\Admin\Desktop\hai\ConViTX\code ViT_8 block CNN\HybridModel_PlantPathology_Ablation\results\CNN-Only_se-secbam_fold4_best.pth
2026-06-24 23:59:58 | Epoch 10/50 | Loss 0.3393 | Acc 92.17% | Val Loss 0.2690 | Val Acc 93.86% | 3.5s
2026-06-24 23:59:58 |   --> saved best to C:\Users\Admin\Desktop\hai\ConViTX\code ViT_8 block CNN\HybridModel_PlantPathology_Ablation\results\CNN-Only_se-secbam_fold4_best.pth
2026-06-25 00:00:02 | Epoch 11/50 | Loss 0.3097 | Acc 92.66% | Val Loss 0.2551 | Val Acc 93.21% | 3.6s
2026-06-25 00:00:02 |   --> saved best to C:\Users\Admin\Desktop\hai\ConViTX\code ViT_8 block CNN\HybridModel_PlantPathology_Ablation\results\CNN-Only_se-secbam_fold4_best.pth
2026-06-25 00:00:06 | Epoch 12/50 | Loss 0.2735 | Acc 93.44% | Val Loss 0.2354 | Val Acc 93.70% | 3.6s
2026-06-25 00:00:06 |   --> saved best to C:\Users\Admin\Desktop\hai\ConViTX\code ViT_8 block CNN\HybridModel_PlantPathology_Ablation\results\CNN-Only_se-secbam_fold4_best.pth
2026-06-25 00:00:09 | Epoch 13/50 | Loss 0.2579 | Acc 93.32% | Val Loss 0.2174 | Val Acc 94.10% | 3.6s
2026-06-25 00:00:09 |   --> saved best to C:\Users\Admin\Desktop\hai\ConViTX\code ViT_8 block CNN\HybridModel_PlantPathology_Ablation\results\CNN-Only_se-secbam_fold4_best.pth
2026-06-25 00:00:13 | Epoch 14/50 | Loss 0.2349 | Acc 94.00% | Val Loss 0.1980 | Val Acc 94.35% | 3.6s
2026-06-25 00:00:13 |   --> saved best to C:\Users\Admin\Desktop\hai\ConViTX\code ViT_8 block CNN\HybridModel_PlantPathology_Ablation\results\CNN-Only_se-secbam_fold4_best.pth
2026-06-25 00:00:17 | Epoch 15/50 | Loss 0.2250 | Acc 94.24% | Val Loss 0.1852 | Val Acc 94.75% | 3.6s
2026-06-25 00:00:17 |   --> saved best to C:\Users\Admin\Desktop\hai\ConViTX\code ViT_8 block CNN\HybridModel_PlantPathology_Ablation\results\CNN-Only_se-secbam_fold4_best.pth
2026-06-25 00:00:20 | Epoch 16/50 | Loss 0.2067 | Acc 94.51% | Val Loss 0.1791 | Val Acc 94.43% | 3.6s
2026-06-25 00:00:20 |   --> saved best to C:\Users\Admin\Desktop\hai\ConViTX\code ViT_8 block CNN\HybridModel_PlantPathology_Ablation\results\CNN-Only_se-secbam_fold4_best.pth
2026-06-25 00:00:24 | Epoch 17/50 | Loss 0.1974 | Acc 94.55% | Val Loss 0.1703 | Val Acc 94.83% | 3.6s
2026-06-25 00:00:24 |   --> saved best to C:\Users\Admin\Desktop\hai\ConViTX\code ViT_8 block CNN\HybridModel_PlantPathology_Ablation\results\CNN-Only_se-secbam_fold4_best.pth
2026-06-25 00:00:28 | Epoch 18/50 | Loss 0.1885 | Acc 94.59% | Val Loss 0.1717 | Val Acc 94.83% | 3.6s
2026-06-25 00:00:31 | Epoch 19/50 | Loss 0.1707 | Acc 95.00% | Val Loss 0.1578 | Val Acc 95.15% | 3.7s
2026-06-25 00:00:31 |   --> saved best to C:\Users\Admin\Desktop\hai\ConViTX\code ViT_8 block CNN\HybridModel_PlantPathology_Ablation\results\CNN-Only_se-secbam_fold4_best.pth
2026-06-25 00:00:35 | Epoch 20/50 | Loss 0.1678 | Acc 95.07% | Val Loss 0.1599 | Val Acc 94.91% | 3.5s
2026-06-25 00:00:39 | Epoch 21/50 | Loss 0.1623 | Acc 95.17% | Val Loss 0.1531 | Val Acc 95.23% | 3.6s
2026-06-25 00:00:39 |   --> saved best to C:\Users\Admin\Desktop\hai\ConViTX\code ViT_8 block CNN\HybridModel_PlantPathology_Ablation\results\CNN-Only_se-secbam_fold4_best.pth
2026-06-25 00:00:42 | Epoch 22/50 | Loss 0.1567 | Acc 95.11% | Val Loss 0.1487 | Val Acc 95.56% | 3.6s
2026-06-25 00:00:42 |   --> saved best to C:\Users\Admin\Desktop\hai\ConViTX\code ViT_8 block CNN\HybridModel_PlantPathology_Ablation\results\CNN-Only_se-secbam_fold4_best.pth
2026-06-25 00:00:46 | Epoch 23/50 | Loss 0.1439 | Acc 95.48% | Val Loss 0.1442 | Val Acc 95.40% | 3.6s
2026-06-25 00:00:46 |   --> saved best to C:\Users\Admin\Desktop\hai\ConViTX\code ViT_8 block CNN\HybridModel_PlantPathology_Ablation\results\CNN-Only_se-secbam_fold4_best.pth
2026-06-25 00:00:50 | Epoch 24/50 | Loss 0.1373 | Acc 95.97% | Val Loss 0.1428 | Val Acc 95.23% | 3.6s
2026-06-25 00:00:50 |   --> saved best to C:\Users\Admin\Desktop\hai\ConViTX\code ViT_8 block CNN\HybridModel_PlantPathology_Ablation\results\CNN-Only_se-secbam_fold4_best.pth
2026-06-25 00:00:53 | Epoch 25/50 | Loss 0.1354 | Acc 95.68% | Val Loss 0.1446 | Val Acc 95.15% | 3.6s
2026-06-25 00:00:57 | Epoch 26/50 | Loss 0.1279 | Acc 96.07% | Val Loss 0.1377 | Val Acc 95.64% | 3.7s
2026-06-25 00:00:57 |   --> saved best to C:\Users\Admin\Desktop\hai\ConViTX\code ViT_8 block CNN\HybridModel_PlantPathology_Ablation\results\CNN-Only_se-secbam_fold4_best.pth
2026-06-25 00:01:01 | Epoch 27/50 | Loss 0.1233 | Acc 96.07% | Val Loss 0.1355 | Val Acc 95.64% | 3.6s
2026-06-25 00:01:01 |   --> saved best to C:\Users\Admin\Desktop\hai\ConViTX\code ViT_8 block CNN\HybridModel_PlantPathology_Ablation\results\CNN-Only_se-secbam_fold4_best.pth
2026-06-25 00:01:04 | Epoch 28/50 | Loss 0.1227 | Acc 95.87% | Val Loss 0.1316 | Val Acc 95.56% | 3.7s
2026-06-25 00:01:04 |   --> saved best to C:\Users\Admin\Desktop\hai\ConViTX\code ViT_8 block CNN\HybridModel_PlantPathology_Ablation\results\CNN-Only_se-secbam_fold4_best.pth
2026-06-25 00:01:08 | Epoch 29/50 | Loss 0.1141 | Acc 96.63% | Val Loss 0.1345 | Val Acc 95.40% | 3.6s
2026-06-25 00:01:12 | Epoch 30/50 | Loss 0.1130 | Acc 96.46% | Val Loss 0.1341 | Val Acc 95.56% | 3.6s
2026-06-25 00:01:15 | Epoch 31/50 | Loss 0.1119 | Acc 96.42% | Val Loss 0.1292 | Val Acc 95.88% | 3.6s
2026-06-25 00:01:15 |   --> saved best to C:\Users\Admin\Desktop\hai\ConViTX\code ViT_8 block CNN\HybridModel_PlantPathology_Ablation\results\CNN-Only_se-secbam_fold4_best.pth
2026-06-25 00:01:19 | Epoch 32/50 | Loss 0.1067 | Acc 96.71% | Val Loss 0.1241 | Val Acc 95.88% | 3.6s
2026-06-25 00:01:19 |   --> saved best to C:\Users\Admin\Desktop\hai\ConViTX\code ViT_8 block CNN\HybridModel_PlantPathology_Ablation\results\CNN-Only_se-secbam_fold4_best.pth
2026-06-25 00:01:22 | Epoch 33/50 | Loss 0.1034 | Acc 96.69% | Val Loss 0.1247 | Val Acc 96.04% | 3.6s
2026-06-25 00:01:26 | Epoch 34/50 | Loss 0.1048 | Acc 96.90% | Val Loss 0.1281 | Val Acc 95.88% | 3.6s
2026-06-25 00:01:30 | Epoch 35/50 | Loss 0.1014 | Acc 96.71% | Val Loss 0.1273 | Val Acc 95.72% | 3.7s
2026-06-25 00:01:33 | Epoch 36/50 | Loss 0.0983 | Acc 96.67% | Val Loss 0.1253 | Val Acc 95.56% | 3.6s
2026-06-25 00:01:37 | Epoch 37/50 | Loss 0.0926 | Acc 97.22% | Val Loss 0.1283 | Val Acc 95.56% | 3.6s
2026-06-25 00:01:41 | Epoch 38/50 | Loss 0.0909 | Acc 97.04% | Val Loss 0.1182 | Val Acc 95.88% | 3.6s
2026-06-25 00:01:41 |   --> saved best to C:\Users\Admin\Desktop\hai\ConViTX\code ViT_8 block CNN\HybridModel_PlantPathology_Ablation\results\CNN-Only_se-secbam_fold4_best.pth
2026-06-25 00:01:44 | Epoch 39/50 | Loss 0.0871 | Acc 97.06% | Val Loss 0.1152 | Val Acc 96.04% | 3.6s
2026-06-25 00:01:44 |   --> saved best to C:\Users\Admin\Desktop\hai\ConViTX\code ViT_8 block CNN\HybridModel_PlantPathology_Ablation\results\CNN-Only_se-secbam_fold4_best.pth
2026-06-25 00:01:48 | Epoch 40/50 | Loss 0.0839 | Acc 97.27% | Val Loss 0.1187 | Val Acc 96.04% | 3.7s
2026-06-25 00:01:52 | Epoch 41/50 | Loss 0.0822 | Acc 97.20% | Val Loss 0.1172 | Val Acc 96.04% | 3.6s
2026-06-25 00:01:55 | Epoch 42/50 | Loss 0.0861 | Acc 97.35% | Val Loss 0.1162 | Val Acc 96.12% | 3.6s
2026-06-25 00:01:59 | Epoch 43/50 | Loss 0.0777 | Acc 97.59% | Val Loss 0.1150 | Val Acc 96.12% | 3.6s
2026-06-25 00:01:59 |   --> saved best to C:\Users\Admin\Desktop\hai\ConViTX\code ViT_8 block CNN\HybridModel_PlantPathology_Ablation\results\CNN-Only_se-secbam_fold4_best.pth
2026-06-25 00:02:03 | Epoch 44/50 | Loss 0.0782 | Acc 97.53% | Val Loss 0.1139 | Val Acc 95.96% | 3.7s
2026-06-25 00:02:03 |   --> saved best to C:\Users\Admin\Desktop\hai\ConViTX\code ViT_8 block CNN\HybridModel_PlantPathology_Ablation\results\CNN-Only_se-secbam_fold4_best.pth
2026-06-25 00:02:06 | Epoch 45/50 | Loss 0.0761 | Acc 97.51% | Val Loss 0.1143 | Val Acc 96.12% | 3.6s
2026-06-25 00:02:10 | Epoch 46/50 | Loss 0.0791 | Acc 97.49% | Val Loss 0.1183 | Val Acc 95.88% | 3.6s
2026-06-25 00:02:14 | Epoch 47/50 | Loss 0.0714 | Acc 97.53% | Val Loss 0.1131 | Val Acc 95.96% | 3.7s
2026-06-25 00:02:14 |   --> saved best to C:\Users\Admin\Desktop\hai\ConViTX\code ViT_8 block CNN\HybridModel_PlantPathology_Ablation\results\CNN-Only_se-secbam_fold4_best.pth
2026-06-25 00:02:17 | Epoch 48/50 | Loss 0.0711 | Acc 97.59% | Val Loss 0.1148 | Val Acc 96.28% | 3.7s
2026-06-25 00:02:21 | Epoch 49/50 | Loss 0.0699 | Acc 97.33% | Val Loss 0.1116 | Val Acc 96.37% | 3.6s
2026-06-25 00:02:21 |   --> saved best to C:\Users\Admin\Desktop\hai\ConViTX\code ViT_8 block CNN\HybridModel_PlantPathology_Ablation\results\CNN-Only_se-secbam_fold4_best.pth
2026-06-25 00:02:25 | Epoch 50/50 | Loss 0.0666 | Acc 98.05% | Val Loss 0.1145 | Val Acc 96.28% | 3.7s
2026-06-25 00:02:25 | Finished CNN-Only_se-secbam fold 4 in 3.52 min.
2026-06-25 00:02:27 | 
================================================================================
2026-06-25 00:02:27 | TRAINING: CNN-Only_se-secbam | FOLD 5/5
2026-06-25 00:02:27 | ================================================================================
2026-06-25 00:02:59 | Epoch 01/50 | Loss 1.3268 | Acc 47.94% | Val Loss 1.3019 | Val Acc 52.42% | 32.3s
2026-06-25 00:02:59 |   --> saved best to C:\Users\Admin\Desktop\hai\ConViTX\code ViT_8 block CNN\HybridModel_PlantPathology_Ablation\results\CNN-Only_se-secbam_fold5_best.pth
2026-06-25 00:03:03 | Epoch 02/50 | Loss 1.2201 | Acc 52.30% | Val Loss 1.1217 | Val Acc 55.25% | 3.7s
2026-06-25 00:03:03 |   --> saved best to C:\Users\Admin\Desktop\hai\ConViTX\code ViT_8 block CNN\HybridModel_PlantPathology_Ablation\results\CNN-Only_se-secbam_fold5_best.pth
2026-06-25 00:03:07 | Epoch 03/50 | Loss 1.0760 | Acc 62.50% | Val Loss 0.9653 | Val Acc 71.24% | 3.6s
2026-06-25 00:03:07 |   --> saved best to C:\Users\Admin\Desktop\hai\ConViTX\code ViT_8 block CNN\HybridModel_PlantPathology_Ablation\results\CNN-Only_se-secbam_fold5_best.pth
2026-06-25 00:03:10 | Epoch 04/50 | Loss 0.9122 | Acc 76.52% | Val Loss 0.8064 | Val Acc 82.63% | 3.6s
2026-06-25 00:03:10 |   --> saved best to C:\Users\Admin\Desktop\hai\ConViTX\code ViT_8 block CNN\HybridModel_PlantPathology_Ablation\results\CNN-Only_se-secbam_fold5_best.pth
2026-06-25 00:03:14 | Epoch 05/50 | Loss 0.7448 | Acc 82.98% | Val Loss 0.6233 | Val Acc 86.11% | 3.7s
2026-06-25 00:03:14 |   --> saved best to C:\Users\Admin\Desktop\hai\ConViTX\code ViT_8 block CNN\HybridModel_PlantPathology_Ablation\results\CNN-Only_se-secbam_fold5_best.pth
2026-06-25 00:03:18 | Epoch 06/50 | Loss 0.6058 | Acc 85.96% | Val Loss 0.5260 | Val Acc 87.80% | 3.6s
2026-06-25 00:03:18 |   --> saved best to C:\Users\Admin\Desktop\hai\ConViTX\code ViT_8 block CNN\HybridModel_PlantPathology_Ablation\results\CNN-Only_se-secbam_fold5_best.pth
2026-06-25 00:03:21 | Epoch 07/50 | Loss 0.5002 | Acc 88.51% | Val Loss 0.4523 | Val Acc 89.74% | 3.7s
2026-06-25 00:03:22 |   --> saved best to C:\Users\Admin\Desktop\hai\ConViTX\code ViT_8 block CNN\HybridModel_PlantPathology_Ablation\results\CNN-Only_se-secbam_fold5_best.pth
2026-06-25 00:03:25 | Epoch 08/50 | Loss 0.4274 | Acc 90.30% | Val Loss 0.3772 | Val Acc 91.03% | 3.7s
2026-06-25 00:03:25 |   --> saved best to C:\Users\Admin\Desktop\hai\ConViTX\code ViT_8 block CNN\HybridModel_PlantPathology_Ablation\results\CNN-Only_se-secbam_fold5_best.pth
2026-06-25 00:03:29 | Epoch 09/50 | Loss 0.3707 | Acc 91.59% | Val Loss 0.3368 | Val Acc 92.65% | 3.6s
2026-06-25 00:03:29 |   --> saved best to C:\Users\Admin\Desktop\hai\ConViTX\code ViT_8 block CNN\HybridModel_PlantPathology_Ablation\results\CNN-Only_se-secbam_fold5_best.pth
2026-06-25 00:03:32 | Epoch 10/50 | Loss 0.3310 | Acc 92.35% | Val Loss 0.3035 | Val Acc 92.73% | 3.6s
2026-06-25 00:03:33 |   --> saved best to C:\Users\Admin\Desktop\hai\ConViTX\code ViT_8 block CNN\HybridModel_PlantPathology_Ablation\results\CNN-Only_se-secbam_fold5_best.pth
2026-06-25 00:03:36 | Epoch 11/50 | Loss 0.2929 | Acc 92.74% | Val Loss 0.2638 | Val Acc 93.86% | 3.7s
2026-06-25 00:03:36 |   --> saved best to C:\Users\Admin\Desktop\hai\ConViTX\code ViT_8 block CNN\HybridModel_PlantPathology_Ablation\results\CNN-Only_se-secbam_fold5_best.pth
2026-06-25 00:03:40 | Epoch 12/50 | Loss 0.2661 | Acc 93.44% | Val Loss 0.2570 | Val Acc 93.05% | 3.6s
2026-06-25 00:03:40 |   --> saved best to C:\Users\Admin\Desktop\hai\ConViTX\code ViT_8 block CNN\HybridModel_PlantPathology_Ablation\results\CNN-Only_se-secbam_fold5_best.pth
2026-06-25 00:03:44 | Epoch 13/50 | Loss 0.2462 | Acc 93.61% | Val Loss 0.2369 | Val Acc 93.62% | 3.6s
2026-06-25 00:03:44 |   --> saved best to C:\Users\Admin\Desktop\hai\ConViTX\code ViT_8 block CNN\HybridModel_PlantPathology_Ablation\results\CNN-Only_se-secbam_fold5_best.pth
2026-06-25 00:03:47 | Epoch 14/50 | Loss 0.2217 | Acc 94.26% | Val Loss 0.2141 | Val Acc 94.59% | 3.6s
2026-06-25 00:03:47 |   --> saved best to C:\Users\Admin\Desktop\hai\ConViTX\code ViT_8 block CNN\HybridModel_PlantPathology_Ablation\results\CNN-Only_se-secbam_fold5_best.pth
2026-06-25 00:03:51 | Epoch 15/50 | Loss 0.2108 | Acc 94.41% | Val Loss 0.1976 | Val Acc 94.67% | 3.6s
2026-06-25 00:03:51 |   --> saved best to C:\Users\Admin\Desktop\hai\ConViTX\code ViT_8 block CNN\HybridModel_PlantPathology_Ablation\results\CNN-Only_se-secbam_fold5_best.pth
2026-06-25 00:03:54 | Epoch 16/50 | Loss 0.1911 | Acc 94.78% | Val Loss 0.1850 | Val Acc 95.07% | 3.6s
2026-06-25 00:03:54 |   --> saved best to C:\Users\Admin\Desktop\hai\ConViTX\code ViT_8 block CNN\HybridModel_PlantPathology_Ablation\results\CNN-Only_se-secbam_fold5_best.pth
2026-06-25 00:03:58 | Epoch 17/50 | Loss 0.1802 | Acc 94.88% | Val Loss 0.1717 | Val Acc 95.40% | 3.7s
2026-06-25 00:03:58 |   --> saved best to C:\Users\Admin\Desktop\hai\ConViTX\code ViT_8 block CNN\HybridModel_PlantPathology_Ablation\results\CNN-Only_se-secbam_fold5_best.pth
2026-06-25 00:04:02 | Epoch 18/50 | Loss 0.1699 | Acc 95.05% | Val Loss 0.1722 | Val Acc 94.99% | 3.6s
2026-06-25 00:04:05 | Epoch 19/50 | Loss 0.1671 | Acc 94.70% | Val Loss 0.1616 | Val Acc 95.64% | 3.6s
2026-06-25 00:04:05 |   --> saved best to C:\Users\Admin\Desktop\hai\ConViTX\code ViT_8 block CNN\HybridModel_PlantPathology_Ablation\results\CNN-Only_se-secbam_fold5_best.pth
2026-06-25 00:04:09 | Epoch 20/50 | Loss 0.1603 | Acc 95.00% | Val Loss 0.1523 | Val Acc 95.80% | 3.6s
2026-06-25 00:04:09 |   --> saved best to C:\Users\Admin\Desktop\hai\ConViTX\code ViT_8 block CNN\HybridModel_PlantPathology_Ablation\results\CNN-Only_se-secbam_fold5_best.pth
2026-06-25 00:04:13 | Epoch 21/50 | Loss 0.1493 | Acc 95.46% | Val Loss 0.1439 | Val Acc 96.04% | 3.6s
2026-06-25 00:04:13 |   --> saved best to C:\Users\Admin\Desktop\hai\ConViTX\code ViT_8 block CNN\HybridModel_PlantPathology_Ablation\results\CNN-Only_se-secbam_fold5_best.pth
2026-06-25 00:04:16 | Epoch 22/50 | Loss 0.1449 | Acc 95.42% | Val Loss 0.1515 | Val Acc 95.23% | 3.6s
2026-06-25 00:04:20 | Epoch 23/50 | Loss 0.1379 | Acc 95.83% | Val Loss 0.1366 | Val Acc 96.04% | 3.6s
2026-06-25 00:04:20 |   --> saved best to C:\Users\Admin\Desktop\hai\ConViTX\code ViT_8 block CNN\HybridModel_PlantPathology_Ablation\results\CNN-Only_se-secbam_fold5_best.pth
2026-06-25 00:04:24 | Epoch 24/50 | Loss 0.1308 | Acc 95.68% | Val Loss 0.1429 | Val Acc 95.32% | 3.6s
2026-06-25 00:04:27 | Epoch 25/50 | Loss 0.1251 | Acc 96.11% | Val Loss 0.1410 | Val Acc 95.48% | 3.5s
2026-06-25 00:04:31 | Epoch 26/50 | Loss 0.1233 | Acc 96.05% | Val Loss 0.1303 | Val Acc 95.80% | 3.5s
2026-06-25 00:04:31 |   --> saved best to C:\Users\Admin\Desktop\hai\ConViTX\code ViT_8 block CNN\HybridModel_PlantPathology_Ablation\results\CNN-Only_se-secbam_fold5_best.pth
2026-06-25 00:04:34 | Epoch 27/50 | Loss 0.1234 | Acc 96.28% | Val Loss 0.1306 | Val Acc 95.96% | 3.6s
2026-06-25 00:04:38 | Epoch 28/50 | Loss 0.1165 | Acc 96.59% | Val Loss 0.1205 | Val Acc 95.96% | 3.5s
2026-06-25 00:04:38 |   --> saved best to C:\Users\Admin\Desktop\hai\ConViTX\code ViT_8 block CNN\HybridModel_PlantPathology_Ablation\results\CNN-Only_se-secbam_fold5_best.pth
2026-06-25 00:04:41 | Epoch 29/50 | Loss 0.1098 | Acc 96.79% | Val Loss 0.1215 | Val Acc 96.04% | 3.6s
2026-06-25 00:04:45 | Epoch 30/50 | Loss 0.1089 | Acc 96.53% | Val Loss 0.1211 | Val Acc 95.88% | 3.6s
2026-06-25 00:04:49 | Epoch 31/50 | Loss 0.1107 | Acc 96.61% | Val Loss 0.1202 | Val Acc 95.88% | 3.6s
2026-06-25 00:04:49 |   --> saved best to C:\Users\Admin\Desktop\hai\ConViTX\code ViT_8 block CNN\HybridModel_PlantPathology_Ablation\results\CNN-Only_se-secbam_fold5_best.pth
2026-06-25 00:04:52 | Epoch 32/50 | Loss 0.1024 | Acc 96.77% | Val Loss 0.1188 | Val Acc 95.88% | 3.6s
2026-06-25 00:04:52 |   --> saved best to C:\Users\Admin\Desktop\hai\ConViTX\code ViT_8 block CNN\HybridModel_PlantPathology_Ablation\results\CNN-Only_se-secbam_fold5_best.pth
2026-06-25 00:04:56 | Epoch 33/50 | Loss 0.1025 | Acc 96.77% | Val Loss 0.1241 | Val Acc 95.96% | 3.5s
2026-06-25 00:05:00 | Epoch 34/50 | Loss 0.0965 | Acc 96.98% | Val Loss 0.1096 | Val Acc 96.28% | 3.6s
2026-06-25 00:05:00 |   --> saved best to C:\Users\Admin\Desktop\hai\ConViTX\code ViT_8 block CNN\HybridModel_PlantPathology_Ablation\results\CNN-Only_se-secbam_fold5_best.pth
2026-06-25 00:05:03 | Epoch 35/50 | Loss 0.0922 | Acc 97.29% | Val Loss 0.1130 | Val Acc 96.12% | 3.6s
2026-06-25 00:05:07 | Epoch 36/50 | Loss 0.0947 | Acc 96.92% | Val Loss 0.1107 | Val Acc 96.45% | 3.6s
2026-06-25 00:05:10 | Epoch 37/50 | Loss 0.0989 | Acc 96.88% | Val Loss 0.1143 | Val Acc 96.69% | 3.6s
2026-06-25 00:05:14 | Epoch 38/50 | Loss 0.0866 | Acc 97.39% | Val Loss 0.1082 | Val Acc 96.61% | 3.5s
2026-06-25 00:05:14 |   --> saved best to C:\Users\Admin\Desktop\hai\ConViTX\code ViT_8 block CNN\HybridModel_PlantPathology_Ablation\results\CNN-Only_se-secbam_fold5_best.pth
2026-06-25 00:05:18 | Epoch 39/50 | Loss 0.0935 | Acc 96.90% | Val Loss 0.1084 | Val Acc 96.12% | 3.7s
2026-06-25 00:05:21 | Epoch 40/50 | Loss 0.0836 | Acc 97.29% | Val Loss 0.1081 | Val Acc 96.61% | 3.6s
2026-06-25 00:05:21 |   --> saved best to C:\Users\Admin\Desktop\hai\ConViTX\code ViT_8 block CNN\HybridModel_PlantPathology_Ablation\results\CNN-Only_se-secbam_fold5_best.pth
2026-06-25 00:05:25 | Epoch 41/50 | Loss 0.0876 | Acc 97.20% | Val Loss 0.1074 | Val Acc 96.53% | 3.6s
2026-06-25 00:05:25 |   --> saved best to C:\Users\Admin\Desktop\hai\ConViTX\code ViT_8 block CNN\HybridModel_PlantPathology_Ablation\results\CNN-Only_se-secbam_fold5_best.pth
2026-06-25 00:05:29 | Epoch 42/50 | Loss 0.0867 | Acc 97.22% | Val Loss 0.1061 | Val Acc 96.37% | 3.6s
2026-06-25 00:05:29 |   --> saved best to C:\Users\Admin\Desktop\hai\ConViTX\code ViT_8 block CNN\HybridModel_PlantPathology_Ablation\results\CNN-Only_se-secbam_fold5_best.pth
2026-06-25 00:05:32 | Epoch 43/50 | Loss 0.0836 | Acc 97.41% | Val Loss 0.1052 | Val Acc 96.12% | 3.6s
2026-06-25 00:05:32 |   --> saved best to C:\Users\Admin\Desktop\hai\ConViTX\code ViT_8 block CNN\HybridModel_PlantPathology_Ablation\results\CNN-Only_se-secbam_fold5_best.pth
2026-06-25 00:05:36 | Epoch 44/50 | Loss 0.0833 | Acc 97.35% | Val Loss 0.1159 | Val Acc 95.96% | 3.6s
2026-06-25 00:05:40 | Epoch 45/50 | Loss 0.0792 | Acc 97.49% | Val Loss 0.1023 | Val Acc 96.53% | 3.6s
2026-06-25 00:05:40 |   --> saved best to C:\Users\Admin\Desktop\hai\ConViTX\code ViT_8 block CNN\HybridModel_PlantPathology_Ablation\results\CNN-Only_se-secbam_fold5_best.pth
2026-06-25 00:05:43 | Epoch 46/50 | Loss 0.0763 | Acc 97.43% | Val Loss 0.1067 | Val Acc 96.28% | 3.6s
2026-06-25 00:05:47 | Epoch 47/50 | Loss 0.0768 | Acc 97.41% | Val Loss 0.1037 | Val Acc 96.53% | 3.6s
2026-06-25 00:05:50 | Epoch 48/50 | Loss 0.0755 | Acc 97.59% | Val Loss 0.1094 | Val Acc 96.45% | 3.6s
2026-06-25 00:05:54 | Epoch 49/50 | Loss 0.0753 | Acc 97.53% | Val Loss 0.1018 | Val Acc 96.37% | 3.7s
2026-06-25 00:05:54 |   --> saved best to C:\Users\Admin\Desktop\hai\ConViTX\code ViT_8 block CNN\HybridModel_PlantPathology_Ablation\results\CNN-Only_se-secbam_fold5_best.pth
2026-06-25 00:05:58 | Epoch 50/50 | Loss 0.0714 | Acc 97.68% | Val Loss 0.1009 | Val Acc 96.61% | 3.7s
2026-06-25 00:05:58 |   --> saved best to C:\Users\Admin\Desktop\hai\ConViTX\code ViT_8 block CNN\HybridModel_PlantPathology_Ablation\results\CNN-Only_se-secbam_fold5_best.pth
2026-06-25 00:05:58 | Finished CNN-Only_se-secbam fold 5 in 3.51 min.
2026-06-25 00:06:00 | 
================================================================================
2026-06-25 00:06:00 | TRAINING: ViT-Only_se-secbam | FOLD 1/5
2026-06-25 00:06:00 | ================================================================================
2026-06-25 00:06:00 | [INFO] reduced batch_size=64 for vit model to avoid OOM.
2026-06-25 00:06:45 | Epoch 01/50 | Loss 1.3168 | Acc 37.44% | Val Loss 1.2030 | Val Acc 50.36% | 44.7s
2026-06-25 00:06:45 |   --> saved best to C:\Users\Admin\Desktop\hai\ConViTX\code ViT_8 block CNN\HybridModel_PlantPathology_Ablation\results\ViT-Only_se-secbam_fold1_best.pth
2026-06-25 00:06:58 | Epoch 02/50 | Loss 1.1336 | Acc 52.21% | Val Loss 1.1237 | Val Acc 50.20% | 13.4s
2026-06-25 00:06:58 |   --> saved best to C:\Users\Admin\Desktop\hai\ConViTX\code ViT_8 block CNN\HybridModel_PlantPathology_Ablation\results\ViT-Only_se-secbam_fold1_best.pth
2026-06-25 00:07:12 | Epoch 03/50 | Loss 1.0396 | Acc 54.34% | Val Loss 1.0155 | Val Acc 53.51% | 13.4s
2026-06-25 00:07:12 |   --> saved best to C:\Users\Admin\Desktop\hai\ConViTX\code ViT_8 block CNN\HybridModel_PlantPathology_Ablation\results\ViT-Only_se-secbam_fold1_best.pth
2026-06-25 00:07:25 | Epoch 04/50 | Loss 0.9530 | Acc 57.45% | Val Loss 0.9326 | Val Acc 56.90% | 13.3s
2026-06-25 00:07:25 |   --> saved best to C:\Users\Admin\Desktop\hai\ConViTX\code ViT_8 block CNN\HybridModel_PlantPathology_Ablation\results\ViT-Only_se-secbam_fold1_best.pth
2026-06-25 00:07:39 | Epoch 05/50 | Loss 0.9024 | Acc 59.33% | Val Loss 0.8898 | Val Acc 57.87% | 13.4s
2026-06-25 00:07:39 |   --> saved best to C:\Users\Admin\Desktop\hai\ConViTX\code ViT_8 block CNN\HybridModel_PlantPathology_Ablation\results\ViT-Only_se-secbam_fold1_best.pth
2026-06-25 00:07:52 | Epoch 06/50 | Loss 0.8637 | Acc 61.00% | Val Loss 0.8697 | Val Acc 56.98% | 13.4s
2026-06-25 00:07:52 |   --> saved best to C:\Users\Admin\Desktop\hai\ConViTX\code ViT_8 block CNN\HybridModel_PlantPathology_Ablation\results\ViT-Only_se-secbam_fold1_best.pth
2026-06-25 00:08:06 | Epoch 07/50 | Loss 0.8341 | Acc 60.55% | Val Loss 0.8536 | Val Acc 57.14% | 13.4s
2026-06-25 00:08:06 |   --> saved best to C:\Users\Admin\Desktop\hai\ConViTX\code ViT_8 block CNN\HybridModel_PlantPathology_Ablation\results\ViT-Only_se-secbam_fold1_best.pth
2026-06-25 00:08:19 | Epoch 08/50 | Loss 0.8251 | Acc 61.32% | Val Loss 0.8510 | Val Acc 56.82% | 13.4s
2026-06-25 00:08:19 |   --> saved best to C:\Users\Admin\Desktop\hai\ConViTX\code ViT_8 block CNN\HybridModel_PlantPathology_Ablation\results\ViT-Only_se-secbam_fold1_best.pth
2026-06-25 00:08:32 | Epoch 09/50 | Loss 0.8166 | Acc 61.93% | Val Loss 0.8313 | Val Acc 58.51% | 13.4s
2026-06-25 00:08:32 |   --> saved best to C:\Users\Admin\Desktop\hai\ConViTX\code ViT_8 block CNN\HybridModel_PlantPathology_Ablation\results\ViT-Only_se-secbam_fold1_best.pth
2026-06-25 00:08:46 | Epoch 10/50 | Loss 0.8020 | Acc 63.05% | Val Loss 0.8271 | Val Acc 58.84% | 13.4s
2026-06-25 00:08:46 |   --> saved best to C:\Users\Admin\Desktop\hai\ConViTX\code ViT_8 block CNN\HybridModel_PlantPathology_Ablation\results\ViT-Only_se-secbam_fold1_best.pth
2026-06-25 00:08:59 | Epoch 11/50 | Loss 0.8015 | Acc 62.91% | Val Loss 0.8363 | Val Acc 57.95% | 13.4s
2026-06-25 00:09:13 | Epoch 12/50 | Loss 0.7929 | Acc 63.19% | Val Loss 0.8177 | Val Acc 59.00% | 13.4s
2026-06-25 00:09:13 |   --> saved best to C:\Users\Admin\Desktop\hai\ConViTX\code ViT_8 block CNN\HybridModel_PlantPathology_Ablation\results\ViT-Only_se-secbam_fold1_best.pth
2026-06-25 00:09:26 | Epoch 13/50 | Loss 0.7890 | Acc 63.45% | Val Loss 0.8029 | Val Acc 62.55% | 13.4s
2026-06-25 00:09:26 |   --> saved best to C:\Users\Admin\Desktop\hai\ConViTX\code ViT_8 block CNN\HybridModel_PlantPathology_Ablation\results\ViT-Only_se-secbam_fold1_best.pth
2026-06-25 00:09:39 | Epoch 14/50 | Loss 0.7789 | Acc 64.61% | Val Loss 0.8188 | Val Acc 58.84% | 13.4s
2026-06-25 00:09:53 | Epoch 15/50 | Loss 0.7811 | Acc 63.72% | Val Loss 0.7847 | Val Acc 63.92% | 13.5s
2026-06-25 00:09:53 |   --> saved best to C:\Users\Admin\Desktop\hai\ConViTX\code ViT_8 block CNN\HybridModel_PlantPathology_Ablation\results\ViT-Only_se-secbam_fold1_best.pth
2026-06-25 00:10:06 | Epoch 16/50 | Loss 0.7658 | Acc 65.06% | Val Loss 0.7853 | Val Acc 64.16% | 13.4s
2026-06-25 00:10:20 | Epoch 17/50 | Loss 0.7649 | Acc 64.98% | Val Loss 0.7876 | Val Acc 62.47% | 13.4s
2026-06-25 00:10:33 | Epoch 18/50 | Loss 0.7561 | Acc 65.67% | Val Loss 0.7710 | Val Acc 65.21% | 13.4s
2026-06-25 00:10:33 |   --> saved best to C:\Users\Admin\Desktop\hai\ConViTX\code ViT_8 block CNN\HybridModel_PlantPathology_Ablation\results\ViT-Only_se-secbam_fold1_best.pth
2026-06-25 00:10:47 | Epoch 19/50 | Loss 0.7465 | Acc 67.17% | Val Loss 0.7488 | Val Acc 67.31% | 13.4s
2026-06-25 00:10:47 |   --> saved best to C:\Users\Admin\Desktop\hai\ConViTX\code ViT_8 block CNN\HybridModel_PlantPathology_Ablation\results\ViT-Only_se-secbam_fold1_best.pth
2026-06-25 00:11:00 | Epoch 20/50 | Loss 0.7343 | Acc 67.51% | Val Loss 0.7338 | Val Acc 68.28% | 13.4s
2026-06-25 00:11:00 |   --> saved best to C:\Users\Admin\Desktop\hai\ConViTX\code ViT_8 block CNN\HybridModel_PlantPathology_Ablation\results\ViT-Only_se-secbam_fold1_best.pth
2026-06-25 00:11:13 | Epoch 21/50 | Loss 0.7172 | Acc 69.50% | Val Loss 0.7383 | Val Acc 66.59% | 13.4s
2026-06-25 00:11:27 | Epoch 22/50 | Loss 0.6897 | Acc 70.84% | Val Loss 0.7040 | Val Acc 69.65% | 13.4s
2026-06-25 00:11:27 |   --> saved best to C:\Users\Admin\Desktop\hai\ConViTX\code ViT_8 block CNN\HybridModel_PlantPathology_Ablation\results\ViT-Only_se-secbam_fold1_best.pth
2026-06-25 00:11:40 | Epoch 23/50 | Loss 0.6802 | Acc 71.85% | Val Loss 0.7087 | Val Acc 71.11% | 13.4s
2026-06-25 00:11:54 | Epoch 24/50 | Loss 0.6568 | Acc 72.67% | Val Loss 0.7041 | Val Acc 68.77% | 13.4s
2026-06-25 00:12:07 | Epoch 25/50 | Loss 0.6477 | Acc 73.56% | Val Loss 0.6830 | Val Acc 71.43% | 13.4s
2026-06-25 00:12:07 |   --> saved best to C:\Users\Admin\Desktop\hai\ConViTX\code ViT_8 block CNN\HybridModel_PlantPathology_Ablation\results\ViT-Only_se-secbam_fold1_best.pth
2026-06-25 00:12:21 | Epoch 26/50 | Loss 0.6442 | Acc 73.30% | Val Loss 0.6944 | Val Acc 69.49% | 13.4s
2026-06-25 00:12:34 | Epoch 27/50 | Loss 0.6324 | Acc 73.90% | Val Loss 0.6717 | Val Acc 71.83% | 13.4s
2026-06-25 00:12:34 |   --> saved best to C:\Users\Admin\Desktop\hai\ConViTX\code ViT_8 block CNN\HybridModel_PlantPathology_Ablation\results\ViT-Only_se-secbam_fold1_best.pth
2026-06-25 00:12:48 | Epoch 28/50 | Loss 0.6341 | Acc 74.35% | Val Loss 0.6700 | Val Acc 71.67% | 13.4s
2026-06-25 00:12:48 |   --> saved best to C:\Users\Admin\Desktop\hai\ConViTX\code ViT_8 block CNN\HybridModel_PlantPathology_Ablation\results\ViT-Only_se-secbam_fold1_best.pth
2026-06-25 00:13:01 | Epoch 29/50 | Loss 0.6317 | Acc 73.46% | Val Loss 0.6648 | Val Acc 72.32% | 13.4s
2026-06-25 00:13:01 |   --> saved best to C:\Users\Admin\Desktop\hai\ConViTX\code ViT_8 block CNN\HybridModel_PlantPathology_Ablation\results\ViT-Only_se-secbam_fold1_best.pth
2026-06-25 00:13:14 | Epoch 30/50 | Loss 0.6240 | Acc 74.13% | Val Loss 0.6625 | Val Acc 72.07% | 13.4s
2026-06-25 00:13:14 |   --> saved best to C:\Users\Admin\Desktop\hai\ConViTX\code ViT_8 block CNN\HybridModel_PlantPathology_Ablation\results\ViT-Only_se-secbam_fold1_best.pth
2026-06-25 00:13:28 | Epoch 31/50 | Loss 0.6137 | Acc 74.96% | Val Loss 0.6578 | Val Acc 73.04% | 13.4s
2026-06-25 00:13:28 |   --> saved best to C:\Users\Admin\Desktop\hai\ConViTX\code ViT_8 block CNN\HybridModel_PlantPathology_Ablation\results\ViT-Only_se-secbam_fold1_best.pth
2026-06-25 00:13:41 | Epoch 32/50 | Loss 0.6145 | Acc 74.88% | Val Loss 0.6594 | Val Acc 71.99% | 13.4s
2026-06-25 00:13:55 | Epoch 33/50 | Loss 0.6034 | Acc 75.22% | Val Loss 0.6525 | Val Acc 73.85% | 13.4s
2026-06-25 00:13:55 |   --> saved best to C:\Users\Admin\Desktop\hai\ConViTX\code ViT_8 block CNN\HybridModel_PlantPathology_Ablation\results\ViT-Only_se-secbam_fold1_best.pth
2026-06-25 00:14:08 | Epoch 34/50 | Loss 0.5985 | Acc 75.43% | Val Loss 0.6603 | Val Acc 72.32% | 13.4s
2026-06-25 00:14:22 | Epoch 35/50 | Loss 0.5978 | Acc 75.28% | Val Loss 0.6514 | Val Acc 72.80% | 13.4s
2026-06-25 00:14:22 |   --> saved best to C:\Users\Admin\Desktop\hai\ConViTX\code ViT_8 block CNN\HybridModel_PlantPathology_Ablation\results\ViT-Only_se-secbam_fold1_best.pth
2026-06-25 00:14:35 | Epoch 36/50 | Loss 0.5841 | Acc 76.40% | Val Loss 0.6450 | Val Acc 73.20% | 13.4s
2026-06-25 00:14:35 |   --> saved best to C:\Users\Admin\Desktop\hai\ConViTX\code ViT_8 block CNN\HybridModel_PlantPathology_Ablation\results\ViT-Only_se-secbam_fold1_best.pth
2026-06-25 00:14:48 | Epoch 37/50 | Loss 0.5832 | Acc 76.36% | Val Loss 0.6599 | Val Acc 73.28% | 13.3s
2026-06-25 00:15:02 | Epoch 38/50 | Loss 0.5818 | Acc 76.22% | Val Loss 0.6506 | Val Acc 73.45% | 13.3s
2026-06-25 00:15:15 | Epoch 39/50 | Loss 0.5744 | Acc 77.39% | Val Loss 0.6405 | Val Acc 73.45% | 13.4s
2026-06-25 00:15:15 |   --> saved best to C:\Users\Admin\Desktop\hai\ConViTX\code ViT_8 block CNN\HybridModel_PlantPathology_Ablation\results\ViT-Only_se-secbam_fold1_best.pth
2026-06-25 00:15:29 | Epoch 40/50 | Loss 0.5656 | Acc 77.09% | Val Loss 0.6449 | Val Acc 73.77% | 13.4s
2026-06-25 00:15:42 | Epoch 41/50 | Loss 0.5700 | Acc 76.50% | Val Loss 0.6436 | Val Acc 73.12% | 13.4s
2026-06-25 00:15:56 | Epoch 42/50 | Loss 0.5656 | Acc 77.19% | Val Loss 0.6404 | Val Acc 74.41% | 13.5s
2026-06-25 00:15:56 |   --> saved best to C:\Users\Admin\Desktop\hai\ConViTX\code ViT_8 block CNN\HybridModel_PlantPathology_Ablation\results\ViT-Only_se-secbam_fold1_best.pth
2026-06-25 00:16:09 | Epoch 43/50 | Loss 0.5587 | Acc 77.64% | Val Loss 0.6360 | Val Acc 73.77% | 13.4s
2026-06-25 00:16:09 |   --> saved best to C:\Users\Admin\Desktop\hai\ConViTX\code ViT_8 block CNN\HybridModel_PlantPathology_Ablation\results\ViT-Only_se-secbam_fold1_best.pth
2026-06-25 00:16:22 | Epoch 44/50 | Loss 0.5538 | Acc 77.44% | Val Loss 0.6437 | Val Acc 73.53% | 13.4s
2026-06-25 00:16:36 | Epoch 45/50 | Loss 0.5573 | Acc 77.29% | Val Loss 0.6340 | Val Acc 73.28% | 13.4s
2026-06-25 00:16:36 |   --> saved best to C:\Users\Admin\Desktop\hai\ConViTX\code ViT_8 block CNN\HybridModel_PlantPathology_Ablation\results\ViT-Only_se-secbam_fold1_best.pth
2026-06-25 00:16:49 | Epoch 46/50 | Loss 0.5527 | Acc 77.39% | Val Loss 0.6325 | Val Acc 73.37% | 13.4s
2026-06-25 00:16:49 |   --> saved best to C:\Users\Admin\Desktop\hai\ConViTX\code ViT_8 block CNN\HybridModel_PlantPathology_Ablation\results\ViT-Only_se-secbam_fold1_best.pth
2026-06-25 00:17:03 | Epoch 47/50 | Loss 0.5506 | Acc 78.43% | Val Loss 0.6367 | Val Acc 74.09% | 13.4s
2026-06-25 00:17:16 | Epoch 48/50 | Loss 0.5477 | Acc 77.70% | Val Loss 0.6235 | Val Acc 74.33% | 13.4s
2026-06-25 00:17:16 |   --> saved best to C:\Users\Admin\Desktop\hai\ConViTX\code ViT_8 block CNN\HybridModel_PlantPathology_Ablation\results\ViT-Only_se-secbam_fold1_best.pth
2026-06-25 00:17:30 | Epoch 49/50 | Loss 0.5411 | Acc 78.27% | Val Loss 0.6197 | Val Acc 74.01% | 13.4s
2026-06-25 00:17:30 |   --> saved best to C:\Users\Admin\Desktop\hai\ConViTX\code ViT_8 block CNN\HybridModel_PlantPathology_Ablation\results\ViT-Only_se-secbam_fold1_best.pth
2026-06-25 00:17:43 | Epoch 50/50 | Loss 0.5403 | Acc 78.33% | Val Loss 0.6251 | Val Acc 74.82% | 13.3s
2026-06-25 00:17:43 | Finished ViT-Only_se-secbam fold 1 in 11.71 min.
2026-06-25 00:17:46 | 
================================================================================
2026-06-25 00:17:46 | TRAINING: ViT-Only_se-secbam | FOLD 2/5
2026-06-25 00:17:46 | ================================================================================
2026-06-25 00:17:46 | [INFO] reduced batch_size=64 for vit model to avoid OOM.
2026-06-25 00:18:29 | Epoch 01/50 | Loss 1.3059 | Acc 47.00% | Val Loss 1.2047 | Val Acc 51.41% | 42.8s
2026-06-25 00:18:29 |   --> saved best to C:\Users\Admin\Desktop\hai\ConViTX\code ViT_8 block CNN\HybridModel_PlantPathology_Ablation\results\ViT-Only_se-secbam_fold2_best.pth
2026-06-25 00:18:42 | Epoch 02/50 | Loss 1.1389 | Acc 52.33% | Val Loss 1.0704 | Val Acc 52.54% | 13.4s
2026-06-25 00:18:42 |   --> saved best to C:\Users\Admin\Desktop\hai\ConViTX\code ViT_8 block CNN\HybridModel_PlantPathology_Ablation\results\ViT-Only_se-secbam_fold2_best.pth
2026-06-25 00:18:56 | Epoch 03/50 | Loss 1.0481 | Acc 53.43% | Val Loss 1.0036 | Val Acc 54.08% | 13.4s
2026-06-25 00:18:56 |   --> saved best to C:\Users\Admin\Desktop\hai\ConViTX\code ViT_8 block CNN\HybridModel_PlantPathology_Ablation\results\ViT-Only_se-secbam_fold2_best.pth
2026-06-25 00:19:09 | Epoch 04/50 | Loss 0.9812 | Acc 55.62% | Val Loss 0.9558 | Val Acc 55.69% | 13.4s
2026-06-25 00:19:09 |   --> saved best to C:\Users\Admin\Desktop\hai\ConViTX\code ViT_8 block CNN\HybridModel_PlantPathology_Ablation\results\ViT-Only_se-secbam_fold2_best.pth
2026-06-25 00:19:22 | Epoch 05/50 | Loss 0.9376 | Acc 57.65% | Val Loss 0.9422 | Val Acc 57.06% | 13.4s
2026-06-25 00:19:22 |   --> saved best to C:\Users\Admin\Desktop\hai\ConViTX\code ViT_8 block CNN\HybridModel_PlantPathology_Ablation\results\ViT-Only_se-secbam_fold2_best.pth
2026-06-25 00:19:36 | Epoch 06/50 | Loss 0.9058 | Acc 57.95% | Val Loss 0.8963 | Val Acc 58.27% | 13.4s
2026-06-25 00:19:36 |   --> saved best to C:\Users\Admin\Desktop\hai\ConViTX\code ViT_8 block CNN\HybridModel_PlantPathology_Ablation\results\ViT-Only_se-secbam_fold2_best.pth
2026-06-25 00:19:49 | Epoch 07/50 | Loss 0.8803 | Acc 59.38% | Val Loss 0.8523 | Val Acc 61.02% | 13.3s
2026-06-25 00:19:49 |   --> saved best to C:\Users\Admin\Desktop\hai\ConViTX\code ViT_8 block CNN\HybridModel_PlantPathology_Ablation\results\ViT-Only_se-secbam_fold2_best.pth
2026-06-25 00:20:03 | Epoch 08/50 | Loss 0.8556 | Acc 60.45% | Val Loss 0.8174 | Val Acc 62.87% | 13.4s
2026-06-25 00:20:03 |   --> saved best to C:\Users\Admin\Desktop\hai\ConViTX\code ViT_8 block CNN\HybridModel_PlantPathology_Ablation\results\ViT-Only_se-secbam_fold2_best.pth
2026-06-25 00:20:16 | Epoch 09/50 | Loss 0.8400 | Acc 61.71% | Val Loss 0.8076 | Val Acc 63.84% | 13.3s
2026-06-25 00:20:16 |   --> saved best to C:\Users\Admin\Desktop\hai\ConViTX\code ViT_8 block CNN\HybridModel_PlantPathology_Ablation\results\ViT-Only_se-secbam_fold2_best.pth
2026-06-25 00:20:30 | Epoch 10/50 | Loss 0.8217 | Acc 62.18% | Val Loss 0.7848 | Val Acc 64.81% | 13.4s
2026-06-25 00:20:30 |   --> saved best to C:\Users\Admin\Desktop\hai\ConViTX\code ViT_8 block CNN\HybridModel_PlantPathology_Ablation\results\ViT-Only_se-secbam_fold2_best.pth
2026-06-25 00:20:43 | Epoch 11/50 | Loss 0.8094 | Acc 63.58% | Val Loss 0.7728 | Val Acc 64.49% | 13.4s
2026-06-25 00:20:43 |   --> saved best to C:\Users\Admin\Desktop\hai\ConViTX\code ViT_8 block CNN\HybridModel_PlantPathology_Ablation\results\ViT-Only_se-secbam_fold2_best.pth
2026-06-25 00:20:56 | Epoch 12/50 | Loss 0.7986 | Acc 63.78% | Val Loss 0.7708 | Val Acc 65.78% | 13.4s
2026-06-25 00:20:56 |   --> saved best to C:\Users\Admin\Desktop\hai\ConViTX\code ViT_8 block CNN\HybridModel_PlantPathology_Ablation\results\ViT-Only_se-secbam_fold2_best.pth
2026-06-25 00:21:10 | Epoch 13/50 | Loss 0.7918 | Acc 63.92% | Val Loss 0.7630 | Val Acc 64.97% | 13.4s
2026-06-25 00:21:10 |   --> saved best to C:\Users\Admin\Desktop\hai\ConViTX\code ViT_8 block CNN\HybridModel_PlantPathology_Ablation\results\ViT-Only_se-secbam_fold2_best.pth
2026-06-25 00:21:23 | Epoch 14/50 | Loss 0.7877 | Acc 64.31% | Val Loss 0.7648 | Val Acc 65.38% | 13.3s
2026-06-25 00:21:37 | Epoch 15/50 | Loss 0.7654 | Acc 66.21% | Val Loss 0.7557 | Val Acc 66.42% | 13.4s
2026-06-25 00:21:37 |   --> saved best to C:\Users\Admin\Desktop\hai\ConViTX\code ViT_8 block CNN\HybridModel_PlantPathology_Ablation\results\ViT-Only_se-secbam_fold2_best.pth
2026-06-25 00:21:50 | Epoch 16/50 | Loss 0.7573 | Acc 66.80% | Val Loss 0.7454 | Val Acc 67.39% | 13.4s
2026-06-25 00:21:50 |   --> saved best to C:\Users\Admin\Desktop\hai\ConViTX\code ViT_8 block CNN\HybridModel_PlantPathology_Ablation\results\ViT-Only_se-secbam_fold2_best.pth
2026-06-25 00:22:04 | Epoch 17/50 | Loss 0.7427 | Acc 67.15% | Val Loss 0.7240 | Val Acc 68.68% | 13.4s
2026-06-25 00:22:04 |   --> saved best to C:\Users\Admin\Desktop\hai\ConViTX\code ViT_8 block CNN\HybridModel_PlantPathology_Ablation\results\ViT-Only_se-secbam_fold2_best.pth
2026-06-25 00:22:17 | Epoch 18/50 | Loss 0.7333 | Acc 68.18% | Val Loss 0.7058 | Val Acc 69.65% | 13.4s
2026-06-25 00:22:17 |   --> saved best to C:\Users\Admin\Desktop\hai\ConViTX\code ViT_8 block CNN\HybridModel_PlantPathology_Ablation\results\ViT-Only_se-secbam_fold2_best.pth
2026-06-25 00:22:30 | Epoch 19/50 | Loss 0.7110 | Acc 69.93% | Val Loss 0.7043 | Val Acc 70.70% | 13.3s
2026-06-25 00:22:30 |   --> saved best to C:\Users\Admin\Desktop\hai\ConViTX\code ViT_8 block CNN\HybridModel_PlantPathology_Ablation\results\ViT-Only_se-secbam_fold2_best.pth
2026-06-25 00:22:44 | Epoch 20/50 | Loss 0.7126 | Acc 69.38% | Val Loss 0.6926 | Val Acc 70.38% | 13.4s
2026-06-25 00:22:44 |   --> saved best to C:\Users\Admin\Desktop\hai\ConViTX\code ViT_8 block CNN\HybridModel_PlantPathology_Ablation\results\ViT-Only_se-secbam_fold2_best.pth
2026-06-25 00:22:57 | Epoch 21/50 | Loss 0.6892 | Acc 70.96% | Val Loss 0.6784 | Val Acc 70.94% | 13.4s
2026-06-25 00:22:57 |   --> saved best to C:\Users\Admin\Desktop\hai\ConViTX\code ViT_8 block CNN\HybridModel_PlantPathology_Ablation\results\ViT-Only_se-secbam_fold2_best.pth
2026-06-25 00:23:11 | Epoch 22/50 | Loss 0.6782 | Acc 71.77% | Val Loss 0.6767 | Val Acc 70.62% | 13.3s
2026-06-25 00:23:11 |   --> saved best to C:\Users\Admin\Desktop\hai\ConViTX\code ViT_8 block CNN\HybridModel_PlantPathology_Ablation\results\ViT-Only_se-secbam_fold2_best.pth
2026-06-25 00:23:24 | Epoch 23/50 | Loss 0.6772 | Acc 72.12% | Val Loss 0.6723 | Val Acc 72.40% | 13.4s
2026-06-25 00:23:24 |   --> saved best to C:\Users\Admin\Desktop\hai\ConViTX\code ViT_8 block CNN\HybridModel_PlantPathology_Ablation\results\ViT-Only_se-secbam_fold2_best.pth
2026-06-25 00:23:37 | Epoch 24/50 | Loss 0.6678 | Acc 72.77% | Val Loss 0.6649 | Val Acc 72.88% | 13.4s
2026-06-25 00:23:37 |   --> saved best to C:\Users\Admin\Desktop\hai\ConViTX\code ViT_8 block CNN\HybridModel_PlantPathology_Ablation\results\ViT-Only_se-secbam_fold2_best.pth
2026-06-25 00:23:51 | Epoch 25/50 | Loss 0.6572 | Acc 73.54% | Val Loss 0.6639 | Val Acc 71.27% | 13.4s
2026-06-25 00:23:51 |   --> saved best to C:\Users\Admin\Desktop\hai\ConViTX\code ViT_8 block CNN\HybridModel_PlantPathology_Ablation\results\ViT-Only_se-secbam_fold2_best.pth
2026-06-25 00:24:04 | Epoch 26/50 | Loss 0.6636 | Acc 72.93% | Val Loss 0.6471 | Val Acc 74.01% | 13.4s
2026-06-25 00:24:04 |   --> saved best to C:\Users\Admin\Desktop\hai\ConViTX\code ViT_8 block CNN\HybridModel_PlantPathology_Ablation\results\ViT-Only_se-secbam_fold2_best.pth
2026-06-25 00:24:18 | Epoch 27/50 | Loss 0.6441 | Acc 73.88% | Val Loss 0.6510 | Val Acc 72.64% | 13.4s
2026-06-25 00:24:31 | Epoch 28/50 | Loss 0.6404 | Acc 74.09% | Val Loss 0.6599 | Val Acc 73.77% | 13.4s
2026-06-25 00:24:45 | Epoch 29/50 | Loss 0.6291 | Acc 74.29% | Val Loss 0.6347 | Val Acc 73.85% | 13.3s
2026-06-25 00:24:45 |   --> saved best to C:\Users\Admin\Desktop\hai\ConViTX\code ViT_8 block CNN\HybridModel_PlantPathology_Ablation\results\ViT-Only_se-secbam_fold2_best.pth
2026-06-25 00:24:58 | Epoch 30/50 | Loss 0.6410 | Acc 73.94% | Val Loss 0.6718 | Val Acc 71.43% | 13.4s
2026-06-25 00:25:11 | Epoch 31/50 | Loss 0.6187 | Acc 75.02% | Val Loss 0.6440 | Val Acc 72.07% | 13.4s
2026-06-25 00:25:25 | Epoch 32/50 | Loss 0.6166 | Acc 75.12% | Val Loss 0.6367 | Val Acc 73.28% | 13.4s
2026-06-25 00:25:38 | Epoch 33/50 | Loss 0.6110 | Acc 75.55% | Val Loss 0.6354 | Val Acc 73.45% | 13.4s
2026-06-25 00:25:52 | Epoch 34/50 | Loss 0.6091 | Acc 74.96% | Val Loss 0.6198 | Val Acc 73.85% | 13.3s
2026-06-25 00:25:52 |   --> saved best to C:\Users\Admin\Desktop\hai\ConViTX\code ViT_8 block CNN\HybridModel_PlantPathology_Ablation\results\ViT-Only_se-secbam_fold2_best.pth
2026-06-25 00:26:05 | Epoch 35/50 | Loss 0.6069 | Acc 75.41% | Val Loss 0.6208 | Val Acc 74.17% | 13.4s
2026-06-25 00:26:18 | Epoch 36/50 | Loss 0.6001 | Acc 76.12% | Val Loss 0.6280 | Val Acc 73.37% | 13.4s
2026-06-25 00:26:32 | Epoch 37/50 | Loss 0.5993 | Acc 75.47% | Val Loss 0.6193 | Val Acc 74.25% | 13.4s
2026-06-25 00:26:32 |   --> saved best to C:\Users\Admin\Desktop\hai\ConViTX\code ViT_8 block CNN\HybridModel_PlantPathology_Ablation\results\ViT-Only_se-secbam_fold2_best.pth
2026-06-25 00:26:45 | Epoch 38/50 | Loss 0.5998 | Acc 75.69% | Val Loss 0.6652 | Val Acc 71.99% | 13.4s
2026-06-25 00:26:59 | Epoch 39/50 | Loss 0.5881 | Acc 76.54% | Val Loss 0.6107 | Val Acc 74.17% | 13.4s
2026-06-25 00:26:59 |   --> saved best to C:\Users\Admin\Desktop\hai\ConViTX\code ViT_8 block CNN\HybridModel_PlantPathology_Ablation\results\ViT-Only_se-secbam_fold2_best.pth
2026-06-25 00:27:12 | Epoch 40/50 | Loss 0.5843 | Acc 76.32% | Val Loss 0.5907 | Val Acc 76.43% | 13.4s
2026-06-25 00:27:12 |   --> saved best to C:\Users\Admin\Desktop\hai\ConViTX\code ViT_8 block CNN\HybridModel_PlantPathology_Ablation\results\ViT-Only_se-secbam_fold2_best.pth
2026-06-25 00:27:26 | Epoch 41/50 | Loss 0.5725 | Acc 76.72% | Val Loss 0.6035 | Val Acc 74.66% | 13.4s
2026-06-25 00:27:39 | Epoch 42/50 | Loss 0.5761 | Acc 76.52% | Val Loss 0.5796 | Val Acc 75.22% | 13.4s
2026-06-25 00:27:39 |   --> saved best to C:\Users\Admin\Desktop\hai\ConViTX\code ViT_8 block CNN\HybridModel_PlantPathology_Ablation\results\ViT-Only_se-secbam_fold2_best.pth
2026-06-25 00:27:53 | Epoch 43/50 | Loss 0.5762 | Acc 76.66% | Val Loss 0.6015 | Val Acc 75.95% | 13.4s
2026-06-25 00:28:06 | Epoch 44/50 | Loss 0.5609 | Acc 77.92% | Val Loss 0.5775 | Val Acc 75.63% | 13.4s
2026-06-25 00:28:06 |   --> saved best to C:\Users\Admin\Desktop\hai\ConViTX\code ViT_8 block CNN\HybridModel_PlantPathology_Ablation\results\ViT-Only_se-secbam_fold2_best.pth
2026-06-25 00:28:19 | Epoch 45/50 | Loss 0.5662 | Acc 77.58% | Val Loss 0.5712 | Val Acc 76.35% | 13.4s
2026-06-25 00:28:19 |   --> saved best to C:\Users\Admin\Desktop\hai\ConViTX\code ViT_8 block CNN\HybridModel_PlantPathology_Ablation\results\ViT-Only_se-secbam_fold2_best.pth
2026-06-25 00:28:33 | Epoch 46/50 | Loss 0.5576 | Acc 77.94% | Val Loss 0.5772 | Val Acc 76.43% | 13.4s
2026-06-25 00:28:46 | Epoch 47/50 | Loss 0.5565 | Acc 78.39% | Val Loss 0.5876 | Val Acc 76.19% | 13.4s
2026-06-25 00:29:00 | Epoch 48/50 | Loss 0.5619 | Acc 77.03% | Val Loss 0.5929 | Val Acc 74.58% | 13.4s
2026-06-25 00:29:13 | Epoch 49/50 | Loss 0.5559 | Acc 77.60% | Val Loss 0.5709 | Val Acc 75.79% | 13.4s
2026-06-25 00:29:13 |   --> saved best to C:\Users\Admin\Desktop\hai\ConViTX\code ViT_8 block CNN\HybridModel_PlantPathology_Ablation\results\ViT-Only_se-secbam_fold2_best.pth
2026-06-25 00:29:27 | Epoch 50/50 | Loss 0.5481 | Acc 78.41% | Val Loss 0.5773 | Val Acc 75.95% | 13.4s
2026-06-25 00:29:27 | Finished ViT-Only_se-secbam fold 2 in 11.68 min.
2026-06-25 00:29:30 | 
================================================================================
2026-06-25 00:29:30 | TRAINING: ViT-Only_se-secbam | FOLD 3/5
2026-06-25 00:29:30 | ================================================================================
2026-06-25 00:29:30 | [INFO] reduced batch_size=64 for vit model to avoid OOM.
2026-06-25 00:30:14 | Epoch 01/50 | Loss 1.2966 | Acc 45.72% | Val Loss 1.1784 | Val Acc 50.00% | 44.2s
2026-06-25 00:30:14 |   --> saved best to C:\Users\Admin\Desktop\hai\ConViTX\code ViT_8 block CNN\HybridModel_PlantPathology_Ablation\results\ViT-Only_se-secbam_fold3_best.pth
2026-06-25 00:30:28 | Epoch 02/50 | Loss 1.1182 | Acc 52.07% | Val Loss 1.0927 | Val Acc 51.13% | 13.4s
2026-06-25 00:30:28 |   --> saved best to C:\Users\Admin\Desktop\hai\ConViTX\code ViT_8 block CNN\HybridModel_PlantPathology_Ablation\results\ViT-Only_se-secbam_fold3_best.pth
2026-06-25 00:30:41 | Epoch 03/50 | Loss 1.0491 | Acc 52.56% | Val Loss 1.0244 | Val Acc 53.88% | 13.4s
2026-06-25 00:30:41 |   --> saved best to C:\Users\Admin\Desktop\hai\ConViTX\code ViT_8 block CNN\HybridModel_PlantPathology_Ablation\results\ViT-Only_se-secbam_fold3_best.pth
2026-06-25 00:30:55 | Epoch 04/50 | Loss 0.9968 | Acc 54.59% | Val Loss 0.9853 | Val Acc 56.30% | 13.4s
2026-06-25 00:30:55 |   --> saved best to C:\Users\Admin\Desktop\hai\ConViTX\code ViT_8 block CNN\HybridModel_PlantPathology_Ablation\results\ViT-Only_se-secbam_fold3_best.pth
2026-06-25 00:31:08 | Epoch 05/50 | Loss 0.9528 | Acc 56.35% | Val Loss 0.9426 | Val Acc 57.35% | 13.4s
2026-06-25 00:31:08 |   --> saved best to C:\Users\Admin\Desktop\hai\ConViTX\code ViT_8 block CNN\HybridModel_PlantPathology_Ablation\results\ViT-Only_se-secbam_fold3_best.pth
2026-06-25 00:31:21 | Epoch 06/50 | Loss 0.9194 | Acc 57.49% | Val Loss 0.9081 | Val Acc 57.67% | 13.4s
2026-06-25 00:31:21 |   --> saved best to C:\Users\Admin\Desktop\hai\ConViTX\code ViT_8 block CNN\HybridModel_PlantPathology_Ablation\results\ViT-Only_se-secbam_fold3_best.pth
2026-06-25 00:31:35 | Epoch 07/50 | Loss 0.8940 | Acc 57.97% | Val Loss 0.9001 | Val Acc 58.72% | 13.4s
2026-06-25 00:31:35 |   --> saved best to C:\Users\Admin\Desktop\hai\ConViTX\code ViT_8 block CNN\HybridModel_PlantPathology_Ablation\results\ViT-Only_se-secbam_fold3_best.pth
2026-06-25 00:31:48 | Epoch 08/50 | Loss 0.8703 | Acc 59.01% | Val Loss 0.8645 | Val Acc 59.53% | 13.3s
2026-06-25 00:31:48 |   --> saved best to C:\Users\Admin\Desktop\hai\ConViTX\code ViT_8 block CNN\HybridModel_PlantPathology_Ablation\results\ViT-Only_se-secbam_fold3_best.pth
2026-06-25 00:32:02 | Epoch 09/50 | Loss 0.8595 | Acc 59.13% | Val Loss 0.8469 | Val Acc 59.53% | 13.4s
2026-06-25 00:32:02 |   --> saved best to C:\Users\Admin\Desktop\hai\ConViTX\code ViT_8 block CNN\HybridModel_PlantPathology_Ablation\results\ViT-Only_se-secbam_fold3_best.pth
2026-06-25 00:32:15 | Epoch 10/50 | Loss 0.8485 | Acc 60.27% | Val Loss 0.8271 | Val Acc 61.71% | 13.4s
2026-06-25 00:32:15 |   --> saved best to C:\Users\Admin\Desktop\hai\ConViTX\code ViT_8 block CNN\HybridModel_PlantPathology_Ablation\results\ViT-Only_se-secbam_fold3_best.pth
2026-06-25 00:32:28 | Epoch 11/50 | Loss 0.8360 | Acc 59.66% | Val Loss 0.8053 | Val Acc 62.04% | 13.3s
2026-06-25 00:32:28 |   --> saved best to C:\Users\Admin\Desktop\hai\ConViTX\code ViT_8 block CNN\HybridModel_PlantPathology_Ablation\results\ViT-Only_se-secbam_fold3_best.pth
2026-06-25 00:32:42 | Epoch 12/50 | Loss 0.8192 | Acc 61.26% | Val Loss 0.8098 | Val Acc 61.63% | 13.4s
2026-06-25 00:32:55 | Epoch 13/50 | Loss 0.8107 | Acc 61.63% | Val Loss 0.7881 | Val Acc 62.60% | 13.4s
2026-06-25 00:32:55 |   --> saved best to C:\Users\Admin\Desktop\hai\ConViTX\code ViT_8 block CNN\HybridModel_PlantPathology_Ablation\results\ViT-Only_se-secbam_fold3_best.pth
2026-06-25 00:33:09 | Epoch 14/50 | Loss 0.8062 | Acc 62.07% | Val Loss 0.7733 | Val Acc 62.84% | 13.3s
2026-06-25 00:33:09 |   --> saved best to C:\Users\Admin\Desktop\hai\ConViTX\code ViT_8 block CNN\HybridModel_PlantPathology_Ablation\results\ViT-Only_se-secbam_fold3_best.pth
2026-06-25 00:33:22 | Epoch 15/50 | Loss 0.8009 | Acc 62.70% | Val Loss 0.7616 | Val Acc 63.65% | 13.4s
2026-06-25 00:33:22 |   --> saved best to C:\Users\Admin\Desktop\hai\ConViTX\code ViT_8 block CNN\HybridModel_PlantPathology_Ablation\results\ViT-Only_se-secbam_fold3_best.pth
2026-06-25 00:33:35 | Epoch 16/50 | Loss 0.7901 | Acc 63.07% | Val Loss 0.7658 | Val Acc 62.76% | 13.3s
2026-06-25 00:33:49 | Epoch 17/50 | Loss 0.7939 | Acc 62.24% | Val Loss 0.7569 | Val Acc 63.49% | 13.4s
2026-06-25 00:33:49 |   --> saved best to C:\Users\Admin\Desktop\hai\ConViTX\code ViT_8 block CNN\HybridModel_PlantPathology_Ablation\results\ViT-Only_se-secbam_fold3_best.pth
2026-06-25 00:34:02 | Epoch 18/50 | Loss 0.7869 | Acc 63.13% | Val Loss 0.7523 | Val Acc 64.05% | 13.4s
2026-06-25 00:34:02 |   --> saved best to C:\Users\Admin\Desktop\hai\ConViTX\code ViT_8 block CNN\HybridModel_PlantPathology_Ablation\results\ViT-Only_se-secbam_fold3_best.pth
2026-06-25 00:34:16 | Epoch 19/50 | Loss 0.7800 | Acc 63.43% | Val Loss 0.7443 | Val Acc 65.19% | 13.3s
2026-06-25 00:34:16 |   --> saved best to C:\Users\Admin\Desktop\hai\ConViTX\code ViT_8 block CNN\HybridModel_PlantPathology_Ablation\results\ViT-Only_se-secbam_fold3_best.pth
2026-06-25 00:34:29 | Epoch 20/50 | Loss 0.7769 | Acc 63.98% | Val Loss 0.7515 | Val Acc 63.57% | 13.4s
2026-06-25 00:34:43 | Epoch 21/50 | Loss 0.7732 | Acc 64.49% | Val Loss 0.7393 | Val Acc 65.19% | 13.4s
2026-06-25 00:34:43 |   --> saved best to C:\Users\Admin\Desktop\hai\ConViTX\code ViT_8 block CNN\HybridModel_PlantPathology_Ablation\results\ViT-Only_se-secbam_fold3_best.pth
2026-06-25 00:34:56 | Epoch 22/50 | Loss 0.7711 | Acc 63.92% | Val Loss 0.7397 | Val Acc 64.78% | 13.4s
2026-06-25 00:35:09 | Epoch 23/50 | Loss 0.7651 | Acc 64.10% | Val Loss 0.7327 | Val Acc 65.99% | 13.4s
2026-06-25 00:35:09 |   --> saved best to C:\Users\Admin\Desktop\hai\ConViTX\code ViT_8 block CNN\HybridModel_PlantPathology_Ablation\results\ViT-Only_se-secbam_fold3_best.pth
2026-06-25 00:35:23 | Epoch 24/50 | Loss 0.7585 | Acc 65.20% | Val Loss 0.7241 | Val Acc 66.48% | 13.4s
2026-06-25 00:35:23 |   --> saved best to C:\Users\Admin\Desktop\hai\ConViTX\code ViT_8 block CNN\HybridModel_PlantPathology_Ablation\results\ViT-Only_se-secbam_fold3_best.pth
2026-06-25 00:35:36 | Epoch 25/50 | Loss 0.7559 | Acc 65.56% | Val Loss 0.7228 | Val Acc 65.35% | 13.4s
2026-06-25 00:35:36 |   --> saved best to C:\Users\Admin\Desktop\hai\ConViTX\code ViT_8 block CNN\HybridModel_PlantPathology_Ablation\results\ViT-Only_se-secbam_fold3_best.pth
2026-06-25 00:35:50 | Epoch 26/50 | Loss 0.7560 | Acc 65.30% | Val Loss 0.7253 | Val Acc 65.67% | 13.4s
2026-06-25 00:36:03 | Epoch 27/50 | Loss 0.7439 | Acc 65.44% | Val Loss 0.7297 | Val Acc 65.99% | 13.4s
2026-06-25 00:36:17 | Epoch 28/50 | Loss 0.7486 | Acc 65.36% | Val Loss 0.7209 | Val Acc 65.19% | 13.4s
2026-06-25 00:36:17 |   --> saved best to C:\Users\Admin\Desktop\hai\ConViTX\code ViT_8 block CNN\HybridModel_PlantPathology_Ablation\results\ViT-Only_se-secbam_fold3_best.pth
2026-06-25 00:36:30 | Epoch 29/50 | Loss 0.7460 | Acc 66.58% | Val Loss 0.7119 | Val Acc 67.04% | 13.4s
2026-06-25 00:36:30 |   --> saved best to C:\Users\Admin\Desktop\hai\ConViTX\code ViT_8 block CNN\HybridModel_PlantPathology_Ablation\results\ViT-Only_se-secbam_fold3_best.pth
2026-06-25 00:36:43 | Epoch 30/50 | Loss 0.7431 | Acc 66.44% | Val Loss 0.7081 | Val Acc 67.04% | 13.4s
2026-06-25 00:36:43 |   --> saved best to C:\Users\Admin\Desktop\hai\ConViTX\code ViT_8 block CNN\HybridModel_PlantPathology_Ablation\results\ViT-Only_se-secbam_fold3_best.pth
2026-06-25 00:36:57 | Epoch 31/50 | Loss 0.7290 | Acc 66.40% | Val Loss 0.7048 | Val Acc 67.45% | 13.4s
2026-06-25 00:36:57 |   --> saved best to C:\Users\Admin\Desktop\hai\ConViTX\code ViT_8 block CNN\HybridModel_PlantPathology_Ablation\results\ViT-Only_se-secbam_fold3_best.pth
2026-06-25 00:37:10 | Epoch 32/50 | Loss 0.7338 | Acc 67.05% | Val Loss 0.7211 | Val Acc 66.16% | 13.4s
2026-06-25 00:37:24 | Epoch 33/50 | Loss 0.7273 | Acc 67.86% | Val Loss 0.7102 | Val Acc 67.69% | 13.4s
2026-06-25 00:37:37 | Epoch 34/50 | Loss 0.7169 | Acc 67.23% | Val Loss 0.7003 | Val Acc 67.69% | 13.4s
2026-06-25 00:37:37 |   --> saved best to C:\Users\Admin\Desktop\hai\ConViTX\code ViT_8 block CNN\HybridModel_PlantPathology_Ablation\results\ViT-Only_se-secbam_fold3_best.pth
2026-06-25 00:37:50 | Epoch 35/50 | Loss 0.7174 | Acc 68.20% | Val Loss 0.6802 | Val Acc 69.55% | 13.4s
2026-06-25 00:37:50 |   --> saved best to C:\Users\Admin\Desktop\hai\ConViTX\code ViT_8 block CNN\HybridModel_PlantPathology_Ablation\results\ViT-Only_se-secbam_fold3_best.pth
2026-06-25 00:38:04 | Epoch 36/50 | Loss 0.7034 | Acc 69.05% | Val Loss 0.6897 | Val Acc 68.74% | 13.4s
2026-06-25 00:38:17 | Epoch 37/50 | Loss 0.6982 | Acc 69.07% | Val Loss 0.6657 | Val Acc 69.95% | 13.3s
2026-06-25 00:38:17 |   --> saved best to C:\Users\Admin\Desktop\hai\ConViTX\code ViT_8 block CNN\HybridModel_PlantPathology_Ablation\results\ViT-Only_se-secbam_fold3_best.pth
2026-06-25 00:38:31 | Epoch 38/50 | Loss 0.6840 | Acc 70.13% | Val Loss 0.6569 | Val Acc 70.52% | 13.4s
2026-06-25 00:38:31 |   --> saved best to C:\Users\Admin\Desktop\hai\ConViTX\code ViT_8 block CNN\HybridModel_PlantPathology_Ablation\results\ViT-Only_se-secbam_fold3_best.pth
2026-06-25 00:38:44 | Epoch 39/50 | Loss 0.6760 | Acc 71.43% | Val Loss 0.6532 | Val Acc 71.32% | 13.4s
2026-06-25 00:38:44 |   --> saved best to C:\Users\Admin\Desktop\hai\ConViTX\code ViT_8 block CNN\HybridModel_PlantPathology_Ablation\results\ViT-Only_se-secbam_fold3_best.pth
2026-06-25 00:38:57 | Epoch 40/50 | Loss 0.6661 | Acc 72.69% | Val Loss 0.6393 | Val Acc 73.18% | 13.4s
2026-06-25 00:38:57 |   --> saved best to C:\Users\Admin\Desktop\hai\ConViTX\code ViT_8 block CNN\HybridModel_PlantPathology_Ablation\results\ViT-Only_se-secbam_fold3_best.pth
2026-06-25 00:39:11 | Epoch 41/50 | Loss 0.6532 | Acc 72.50% | Val Loss 0.6344 | Val Acc 72.62% | 13.3s
2026-06-25 00:39:11 |   --> saved best to C:\Users\Admin\Desktop\hai\ConViTX\code ViT_8 block CNN\HybridModel_PlantPathology_Ablation\results\ViT-Only_se-secbam_fold3_best.pth
2026-06-25 00:39:24 | Epoch 42/50 | Loss 0.6323 | Acc 73.74% | Val Loss 0.6134 | Val Acc 73.83% | 13.4s
2026-06-25 00:39:24 |   --> saved best to C:\Users\Admin\Desktop\hai\ConViTX\code ViT_8 block CNN\HybridModel_PlantPathology_Ablation\results\ViT-Only_se-secbam_fold3_best.pth
2026-06-25 00:39:38 | Epoch 43/50 | Loss 0.6274 | Acc 74.15% | Val Loss 0.6127 | Val Acc 74.39% | 13.3s
2026-06-25 00:39:38 |   --> saved best to C:\Users\Admin\Desktop\hai\ConViTX\code ViT_8 block CNN\HybridModel_PlantPathology_Ablation\results\ViT-Only_se-secbam_fold3_best.pth
2026-06-25 00:39:51 | Epoch 44/50 | Loss 0.6230 | Acc 74.70% | Val Loss 0.6106 | Val Acc 73.59% | 13.3s
2026-06-25 00:39:51 |   --> saved best to C:\Users\Admin\Desktop\hai\ConViTX\code ViT_8 block CNN\HybridModel_PlantPathology_Ablation\results\ViT-Only_se-secbam_fold3_best.pth
2026-06-25 00:40:04 | Epoch 45/50 | Loss 0.6219 | Acc 75.00% | Val Loss 0.5920 | Val Acc 75.20% | 13.4s
2026-06-25 00:40:04 |   --> saved best to C:\Users\Admin\Desktop\hai\ConViTX\code ViT_8 block CNN\HybridModel_PlantPathology_Ablation\results\ViT-Only_se-secbam_fold3_best.pth
2026-06-25 00:40:18 | Epoch 46/50 | Loss 0.6065 | Acc 74.90% | Val Loss 0.5884 | Val Acc 75.36% | 13.4s
2026-06-25 00:40:18 |   --> saved best to C:\Users\Admin\Desktop\hai\ConViTX\code ViT_8 block CNN\HybridModel_PlantPathology_Ablation\results\ViT-Only_se-secbam_fold3_best.pth
2026-06-25 00:40:31 | Epoch 47/50 | Loss 0.5964 | Acc 75.85% | Val Loss 0.5871 | Val Acc 75.69% | 13.4s
2026-06-25 00:40:31 |   --> saved best to C:\Users\Admin\Desktop\hai\ConViTX\code ViT_8 block CNN\HybridModel_PlantPathology_Ablation\results\ViT-Only_se-secbam_fold3_best.pth
2026-06-25 00:40:45 | Epoch 48/50 | Loss 0.5949 | Acc 75.71% | Val Loss 0.5700 | Val Acc 76.58% | 13.3s
2026-06-25 00:40:45 |   --> saved best to C:\Users\Admin\Desktop\hai\ConViTX\code ViT_8 block CNN\HybridModel_PlantPathology_Ablation\results\ViT-Only_se-secbam_fold3_best.pth
2026-06-25 00:40:58 | Epoch 49/50 | Loss 0.5918 | Acc 76.03% | Val Loss 0.5705 | Val Acc 76.41% | 13.4s
2026-06-25 00:41:11 | Epoch 50/50 | Loss 0.5878 | Acc 75.99% | Val Loss 0.5710 | Val Acc 76.49% | 13.4s
2026-06-25 00:41:12 | Finished ViT-Only_se-secbam fold 3 in 11.69 min.
2026-06-25 00:41:15 | 
================================================================================
2026-06-25 00:41:15 | TRAINING: ViT-Only_se-secbam | FOLD 4/5
2026-06-25 00:41:15 | ================================================================================
2026-06-25 00:41:15 | [INFO] reduced batch_size=64 for vit model to avoid OOM.
2026-06-25 00:41:57 | Epoch 01/50 | Loss 1.3330 | Acc 33.00% | Val Loss 1.1639 | Val Acc 52.67% | 42.8s
2026-06-25 00:41:57 |   --> saved best to C:\Users\Admin\Desktop\hai\ConViTX\code ViT_8 block CNN\HybridModel_PlantPathology_Ablation\results\ViT-Only_se-secbam_fold4_best.pth
2026-06-25 00:42:11 | Epoch 02/50 | Loss 1.1458 | Acc 51.62% | Val Loss 1.0674 | Val Acc 53.80% | 13.4s
2026-06-25 00:42:11 |   --> saved best to C:\Users\Admin\Desktop\hai\ConViTX\code ViT_8 block CNN\HybridModel_PlantPathology_Ablation\results\ViT-Only_se-secbam_fold4_best.pth
2026-06-25 00:42:24 | Epoch 03/50 | Loss 1.0636 | Acc 52.31% | Val Loss 0.9863 | Val Acc 55.01% | 13.4s
2026-06-25 00:42:24 |   --> saved best to C:\Users\Admin\Desktop\hai\ConViTX\code ViT_8 block CNN\HybridModel_PlantPathology_Ablation\results\ViT-Only_se-secbam_fold4_best.pth
2026-06-25 00:42:38 | Epoch 04/50 | Loss 0.9933 | Acc 53.67% | Val Loss 0.9138 | Val Acc 57.84% | 13.4s
2026-06-25 00:42:38 |   --> saved best to C:\Users\Admin\Desktop\hai\ConViTX\code ViT_8 block CNN\HybridModel_PlantPathology_Ablation\results\ViT-Only_se-secbam_fold4_best.pth
2026-06-25 00:42:51 | Epoch 05/50 | Loss 0.9332 | Acc 55.99% | Val Loss 0.8636 | Val Acc 61.23% | 13.3s
2026-06-25 00:42:51 |   --> saved best to C:\Users\Admin\Desktop\hai\ConViTX\code ViT_8 block CNN\HybridModel_PlantPathology_Ablation\results\ViT-Only_se-secbam_fold4_best.pth
2026-06-25 00:43:05 | Epoch 06/50 | Loss 0.9022 | Acc 57.61% | Val Loss 0.8472 | Val Acc 61.71% | 13.4s
2026-06-25 00:43:05 |   --> saved best to C:\Users\Admin\Desktop\hai\ConViTX\code ViT_8 block CNN\HybridModel_PlantPathology_Ablation\results\ViT-Only_se-secbam_fold4_best.pth
2026-06-25 00:43:18 | Epoch 07/50 | Loss 0.8838 | Acc 58.48% | Val Loss 0.8136 | Val Acc 63.57% | 13.4s
2026-06-25 00:43:18 |   --> saved best to C:\Users\Admin\Desktop\hai\ConViTX\code ViT_8 block CNN\HybridModel_PlantPathology_Ablation\results\ViT-Only_se-secbam_fold4_best.pth
2026-06-25 00:43:31 | Epoch 08/50 | Loss 0.8621 | Acc 59.68% | Val Loss 0.7912 | Val Acc 63.73% | 13.4s
2026-06-25 00:43:31 |   --> saved best to C:\Users\Admin\Desktop\hai\ConViTX\code ViT_8 block CNN\HybridModel_PlantPathology_Ablation\results\ViT-Only_se-secbam_fold4_best.pth
2026-06-25 00:43:45 | Epoch 09/50 | Loss 0.8514 | Acc 60.31% | Val Loss 0.7812 | Val Acc 64.38% | 13.4s
2026-06-25 00:43:45 |   --> saved best to C:\Users\Admin\Desktop\hai\ConViTX\code ViT_8 block CNN\HybridModel_PlantPathology_Ablation\results\ViT-Only_se-secbam_fold4_best.pth
2026-06-25 00:43:58 | Epoch 10/50 | Loss 0.8399 | Acc 60.88% | Val Loss 0.7673 | Val Acc 65.02% | 13.5s
2026-06-25 00:43:58 |   --> saved best to C:\Users\Admin\Desktop\hai\ConViTX\code ViT_8 block CNN\HybridModel_PlantPathology_Ablation\results\ViT-Only_se-secbam_fold4_best.pth
2026-06-25 00:44:12 | Epoch 11/50 | Loss 0.8243 | Acc 61.53% | Val Loss 0.7554 | Val Acc 65.27% | 13.4s
2026-06-25 00:44:12 |   --> saved best to C:\Users\Admin\Desktop\hai\ConViTX\code ViT_8 block CNN\HybridModel_PlantPathology_Ablation\results\ViT-Only_se-secbam_fold4_best.pth
2026-06-25 00:44:25 | Epoch 12/50 | Loss 0.8164 | Acc 61.63% | Val Loss 0.7553 | Val Acc 64.70% | 13.4s
2026-06-25 00:44:25 |   --> saved best to C:\Users\Admin\Desktop\hai\ConViTX\code ViT_8 block CNN\HybridModel_PlantPathology_Ablation\results\ViT-Only_se-secbam_fold4_best.pth
2026-06-25 00:44:39 | Epoch 13/50 | Loss 0.8106 | Acc 63.33% | Val Loss 0.7414 | Val Acc 65.02% | 13.3s
2026-06-25 00:44:39 |   --> saved best to C:\Users\Admin\Desktop\hai\ConViTX\code ViT_8 block CNN\HybridModel_PlantPathology_Ablation\results\ViT-Only_se-secbam_fold4_best.pth
2026-06-25 00:44:52 | Epoch 14/50 | Loss 0.8049 | Acc 62.95% | Val Loss 0.7326 | Val Acc 66.32% | 13.4s
2026-06-25 00:44:52 |   --> saved best to C:\Users\Admin\Desktop\hai\ConViTX\code ViT_8 block CNN\HybridModel_PlantPathology_Ablation\results\ViT-Only_se-secbam_fold4_best.pth
2026-06-25 00:45:05 | Epoch 15/50 | Loss 0.7892 | Acc 64.16% | Val Loss 0.7247 | Val Acc 67.21% | 13.4s
2026-06-25 00:45:05 |   --> saved best to C:\Users\Admin\Desktop\hai\ConViTX\code ViT_8 block CNN\HybridModel_PlantPathology_Ablation\results\ViT-Only_se-secbam_fold4_best.pth
2026-06-25 00:45:19 | Epoch 16/50 | Loss 0.7774 | Acc 65.16% | Val Loss 0.7273 | Val Acc 67.04% | 13.4s
2026-06-25 00:45:32 | Epoch 17/50 | Loss 0.7661 | Acc 66.11% | Val Loss 0.6946 | Val Acc 68.82% | 13.4s
2026-06-25 00:45:32 |   --> saved best to C:\Users\Admin\Desktop\hai\ConViTX\code ViT_8 block CNN\HybridModel_PlantPathology_Ablation\results\ViT-Only_se-secbam_fold4_best.pth
2026-06-25 00:45:46 | Epoch 18/50 | Loss 0.7479 | Acc 66.90% | Val Loss 0.6986 | Val Acc 68.09% | 13.4s
2026-06-25 00:45:59 | Epoch 19/50 | Loss 0.7399 | Acc 67.63% | Val Loss 0.6808 | Val Acc 70.03% | 13.4s
2026-06-25 00:45:59 |   --> saved best to C:\Users\Admin\Desktop\hai\ConViTX\code ViT_8 block CNN\HybridModel_PlantPathology_Ablation\results\ViT-Only_se-secbam_fold4_best.pth
2026-06-25 00:46:13 | Epoch 20/50 | Loss 0.7249 | Acc 69.30% | Val Loss 0.6623 | Val Acc 70.52% | 13.4s
2026-06-25 00:46:13 |   --> saved best to C:\Users\Admin\Desktop\hai\ConViTX\code ViT_8 block CNN\HybridModel_PlantPathology_Ablation\results\ViT-Only_se-secbam_fold4_best.pth
2026-06-25 00:46:26 | Epoch 21/50 | Loss 0.7189 | Acc 69.16% | Val Loss 0.6548 | Val Acc 72.21% | 13.4s
2026-06-25 00:46:26 |   --> saved best to C:\Users\Admin\Desktop\hai\ConViTX\code ViT_8 block CNN\HybridModel_PlantPathology_Ablation\results\ViT-Only_se-secbam_fold4_best.pth
2026-06-25 00:46:39 | Epoch 22/50 | Loss 0.7016 | Acc 69.64% | Val Loss 0.6561 | Val Acc 71.41% | 13.4s
2026-06-25 00:46:53 | Epoch 23/50 | Loss 0.7013 | Acc 70.25% | Val Loss 0.6479 | Val Acc 72.62% | 13.4s
2026-06-25 00:46:53 |   --> saved best to C:\Users\Admin\Desktop\hai\ConViTX\code ViT_8 block CNN\HybridModel_PlantPathology_Ablation\results\ViT-Only_se-secbam_fold4_best.pth
2026-06-25 00:47:06 | Epoch 24/50 | Loss 0.6885 | Acc 70.82% | Val Loss 0.6366 | Val Acc 73.67% | 13.3s
2026-06-25 00:47:06 |   --> saved best to C:\Users\Admin\Desktop\hai\ConViTX\code ViT_8 block CNN\HybridModel_PlantPathology_Ablation\results\ViT-Only_se-secbam_fold4_best.pth
2026-06-25 00:47:20 | Epoch 25/50 | Loss 0.6827 | Acc 71.53% | Val Loss 0.6440 | Val Acc 72.62% | 13.4s
2026-06-25 00:47:33 | Epoch 26/50 | Loss 0.6807 | Acc 72.02% | Val Loss 0.6206 | Val Acc 74.64% | 13.4s
2026-06-25 00:47:33 |   --> saved best to C:\Users\Admin\Desktop\hai\ConViTX\code ViT_8 block CNN\HybridModel_PlantPathology_Ablation\results\ViT-Only_se-secbam_fold4_best.pth
2026-06-25 00:47:46 | Epoch 27/50 | Loss 0.6671 | Acc 72.26% | Val Loss 0.6236 | Val Acc 74.80% | 13.3s
2026-06-25 00:48:00 | Epoch 28/50 | Loss 0.6603 | Acc 73.19% | Val Loss 0.6139 | Val Acc 75.53% | 13.4s
2026-06-25 00:48:00 |   --> saved best to C:\Users\Admin\Desktop\hai\ConViTX\code ViT_8 block CNN\HybridModel_PlantPathology_Ablation\results\ViT-Only_se-secbam_fold4_best.pth
2026-06-25 00:48:13 | Epoch 29/50 | Loss 0.6550 | Acc 73.09% | Val Loss 0.6130 | Val Acc 75.20% | 13.4s
2026-06-25 00:48:13 |   --> saved best to C:\Users\Admin\Desktop\hai\ConViTX\code ViT_8 block CNN\HybridModel_PlantPathology_Ablation\results\ViT-Only_se-secbam_fold4_best.pth
2026-06-25 00:48:27 | Epoch 30/50 | Loss 0.6539 | Acc 73.82% | Val Loss 0.6128 | Val Acc 75.53% | 13.4s
2026-06-25 00:48:27 |   --> saved best to C:\Users\Admin\Desktop\hai\ConViTX\code ViT_8 block CNN\HybridModel_PlantPathology_Ablation\results\ViT-Only_se-secbam_fold4_best.pth
2026-06-25 00:48:40 | Epoch 31/50 | Loss 0.6354 | Acc 74.03% | Val Loss 0.5876 | Val Acc 76.98% | 13.4s
2026-06-25 00:48:40 |   --> saved best to C:\Users\Admin\Desktop\hai\ConViTX\code ViT_8 block CNN\HybridModel_PlantPathology_Ablation\results\ViT-Only_se-secbam_fold4_best.pth
2026-06-25 00:48:54 | Epoch 32/50 | Loss 0.6374 | Acc 74.11% | Val Loss 0.6052 | Val Acc 75.04% | 13.4s
2026-06-25 00:49:07 | Epoch 33/50 | Loss 0.6355 | Acc 74.49% | Val Loss 0.5890 | Val Acc 76.09% | 13.4s
2026-06-25 00:49:20 | Epoch 34/50 | Loss 0.6263 | Acc 74.39% | Val Loss 0.5911 | Val Acc 76.33% | 13.4s
2026-06-25 00:49:34 | Epoch 35/50 | Loss 0.6221 | Acc 74.23% | Val Loss 0.5767 | Val Acc 76.98% | 13.4s
2026-06-25 00:49:34 |   --> saved best to C:\Users\Admin\Desktop\hai\ConViTX\code ViT_8 block CNN\HybridModel_PlantPathology_Ablation\results\ViT-Only_se-secbam_fold4_best.pth
2026-06-25 00:49:47 | Epoch 36/50 | Loss 0.6243 | Acc 74.86% | Val Loss 0.5750 | Val Acc 76.90% | 13.5s
2026-06-25 00:49:47 |   --> saved best to C:\Users\Admin\Desktop\hai\ConViTX\code ViT_8 block CNN\HybridModel_PlantPathology_Ablation\results\ViT-Only_se-secbam_fold4_best.pth
2026-06-25 00:50:01 | Epoch 37/50 | Loss 0.6126 | Acc 75.08% | Val Loss 0.5753 | Val Acc 76.41% | 13.4s
2026-06-25 00:50:14 | Epoch 38/50 | Loss 0.6121 | Acc 75.53% | Val Loss 0.5633 | Val Acc 77.14% | 13.4s
2026-06-25 00:50:14 |   --> saved best to C:\Users\Admin\Desktop\hai\ConViTX\code ViT_8 block CNN\HybridModel_PlantPathology_Ablation\results\ViT-Only_se-secbam_fold4_best.pth
2026-06-25 00:50:28 | Epoch 39/50 | Loss 0.5929 | Acc 76.56% | Val Loss 0.5719 | Val Acc 77.14% | 13.4s
2026-06-25 00:50:41 | Epoch 40/50 | Loss 0.5964 | Acc 75.32% | Val Loss 0.5663 | Val Acc 77.87% | 13.4s
2026-06-25 00:50:54 | Epoch 41/50 | Loss 0.5858 | Acc 76.91% | Val Loss 0.5753 | Val Acc 77.30% | 13.3s
2026-06-25 00:51:08 | Epoch 42/50 | Loss 0.5861 | Acc 76.24% | Val Loss 0.5731 | Val Acc 76.98% | 13.4s
2026-06-25 00:51:21 | Epoch 43/50 | Loss 0.5790 | Acc 76.24% | Val Loss 0.5593 | Val Acc 77.95% | 13.3s
2026-06-25 00:51:21 |   --> saved best to C:\Users\Admin\Desktop\hai\ConViTX\code ViT_8 block CNN\HybridModel_PlantPathology_Ablation\results\ViT-Only_se-secbam_fold4_best.pth
2026-06-25 00:51:35 | Epoch 44/50 | Loss 0.5739 | Acc 76.97% | Val Loss 0.5463 | Val Acc 78.76% | 13.4s
2026-06-25 00:51:35 |   --> saved best to C:\Users\Admin\Desktop\hai\ConViTX\code ViT_8 block CNN\HybridModel_PlantPathology_Ablation\results\ViT-Only_se-secbam_fold4_best.pth
2026-06-25 00:51:48 | Epoch 45/50 | Loss 0.5617 | Acc 77.72% | Val Loss 0.5507 | Val Acc 78.11% | 13.4s
2026-06-25 00:52:01 | Epoch 46/50 | Loss 0.5668 | Acc 77.31% | Val Loss 0.5510 | Val Acc 79.40% | 13.4s
2026-06-25 00:52:15 | Epoch 47/50 | Loss 0.5604 | Acc 77.90% | Val Loss 0.5502 | Val Acc 78.27% | 13.4s
2026-06-25 00:52:28 | Epoch 48/50 | Loss 0.5589 | Acc 77.62% | Val Loss 0.5413 | Val Acc 78.59% | 13.4s
2026-06-25 00:52:28 |   --> saved best to C:\Users\Admin\Desktop\hai\ConViTX\code ViT_8 block CNN\HybridModel_PlantPathology_Ablation\results\ViT-Only_se-secbam_fold4_best.pth
2026-06-25 00:52:42 | Epoch 49/50 | Loss 0.5477 | Acc 78.06% | Val Loss 0.5710 | Val Acc 77.46% | 13.3s
2026-06-25 00:52:55 | Epoch 50/50 | Loss 0.5511 | Acc 78.12% | Val Loss 0.5509 | Val Acc 79.24% | 13.4s
2026-06-25 00:52:55 | Finished ViT-Only_se-secbam fold 4 in 11.68 min.
2026-06-25 00:52:58 | 
================================================================================
2026-06-25 00:52:58 | TRAINING: ViT-Only_se-secbam | FOLD 5/5
2026-06-25 00:52:58 | ================================================================================
2026-06-25 00:52:58 | [INFO] reduced batch_size=64 for vit model to avoid OOM.
2026-06-25 00:53:41 | Epoch 01/50 | Loss 1.2890 | Acc 40.93% | Val Loss 1.1437 | Val Acc 52.18% | 42.7s
2026-06-25 00:53:41 |   --> saved best to C:\Users\Admin\Desktop\hai\ConViTX\code ViT_8 block CNN\HybridModel_PlantPathology_Ablation\results\ViT-Only_se-secbam_fold5_best.pth
2026-06-25 00:53:54 | Epoch 02/50 | Loss 1.1306 | Acc 51.70% | Val Loss 1.0619 | Val Acc 53.72% | 13.4s
2026-06-25 00:53:54 |   --> saved best to C:\Users\Admin\Desktop\hai\ConViTX\code ViT_8 block CNN\HybridModel_PlantPathology_Ablation\results\ViT-Only_se-secbam_fold5_best.pth
2026-06-25 00:54:08 | Epoch 03/50 | Loss 1.0514 | Acc 52.76% | Val Loss 0.9930 | Val Acc 57.11% | 13.4s
2026-06-25 00:54:08 |   --> saved best to C:\Users\Admin\Desktop\hai\ConViTX\code ViT_8 block CNN\HybridModel_PlantPathology_Ablation\results\ViT-Only_se-secbam_fold5_best.pth
2026-06-25 00:54:21 | Epoch 04/50 | Loss 0.9757 | Acc 55.60% | Val Loss 0.8958 | Val Acc 58.97% | 13.4s
2026-06-25 00:54:21 |   --> saved best to C:\Users\Admin\Desktop\hai\ConViTX\code ViT_8 block CNN\HybridModel_PlantPathology_Ablation\results\ViT-Only_se-secbam_fold5_best.pth
2026-06-25 00:54:35 | Epoch 05/50 | Loss 0.9133 | Acc 57.93% | Val Loss 0.8415 | Val Acc 60.99% | 13.4s
2026-06-25 00:54:35 |   --> saved best to C:\Users\Admin\Desktop\hai\ConViTX\code ViT_8 block CNN\HybridModel_PlantPathology_Ablation\results\ViT-Only_se-secbam_fold5_best.pth
2026-06-25 00:54:48 | Epoch 06/50 | Loss 0.8807 | Acc 59.33% | Val Loss 0.8212 | Val Acc 61.71% | 13.4s
2026-06-25 00:54:48 |   --> saved best to C:\Users\Admin\Desktop\hai\ConViTX\code ViT_8 block CNN\HybridModel_PlantPathology_Ablation\results\ViT-Only_se-secbam_fold5_best.pth
2026-06-25 00:55:02 | Epoch 07/50 | Loss 0.8541 | Acc 60.02% | Val Loss 0.7955 | Val Acc 62.20% | 13.4s
2026-06-25 00:55:02 |   --> saved best to C:\Users\Admin\Desktop\hai\ConViTX\code ViT_8 block CNN\HybridModel_PlantPathology_Ablation\results\ViT-Only_se-secbam_fold5_best.pth
2026-06-25 00:55:15 | Epoch 08/50 | Loss 0.8473 | Acc 59.82% | Val Loss 0.7839 | Val Acc 61.47% | 13.4s
2026-06-25 00:55:15 |   --> saved best to C:\Users\Admin\Desktop\hai\ConViTX\code ViT_8 block CNN\HybridModel_PlantPathology_Ablation\results\ViT-Only_se-secbam_fold5_best.pth
2026-06-25 00:55:28 | Epoch 09/50 | Loss 0.8350 | Acc 60.73% | Val Loss 0.7805 | Val Acc 62.60% | 13.4s
2026-06-25 00:55:29 |   --> saved best to C:\Users\Admin\Desktop\hai\ConViTX\code ViT_8 block CNN\HybridModel_PlantPathology_Ablation\results\ViT-Only_se-secbam_fold5_best.pth
2026-06-25 00:55:42 | Epoch 10/50 | Loss 0.8264 | Acc 60.35% | Val Loss 0.7674 | Val Acc 62.60% | 13.4s
2026-06-25 00:55:42 |   --> saved best to C:\Users\Admin\Desktop\hai\ConViTX\code ViT_8 block CNN\HybridModel_PlantPathology_Ablation\results\ViT-Only_se-secbam_fold5_best.pth
2026-06-25 00:55:55 | Epoch 11/50 | Loss 0.8143 | Acc 61.14% | Val Loss 0.7584 | Val Acc 63.00% | 13.4s
2026-06-25 00:55:55 |   --> saved best to C:\Users\Admin\Desktop\hai\ConViTX\code ViT_8 block CNN\HybridModel_PlantPathology_Ablation\results\ViT-Only_se-secbam_fold5_best.pth
2026-06-25 00:56:09 | Epoch 12/50 | Loss 0.8086 | Acc 61.63% | Val Loss 0.7652 | Val Acc 63.57% | 13.4s
2026-06-25 00:56:22 | Epoch 13/50 | Loss 0.8055 | Acc 61.47% | Val Loss 0.7507 | Val Acc 64.46% | 13.4s
2026-06-25 00:56:22 |   --> saved best to C:\Users\Admin\Desktop\hai\ConViTX\code ViT_8 block CNN\HybridModel_PlantPathology_Ablation\results\ViT-Only_se-secbam_fold5_best.pth
2026-06-25 00:56:36 | Epoch 14/50 | Loss 0.7942 | Acc 61.83% | Val Loss 0.7476 | Val Acc 63.97% | 13.4s
2026-06-25 00:56:36 |   --> saved best to C:\Users\Admin\Desktop\hai\ConViTX\code ViT_8 block CNN\HybridModel_PlantPathology_Ablation\results\ViT-Only_se-secbam_fold5_best.pth
2026-06-25 00:56:49 | Epoch 15/50 | Loss 0.7951 | Acc 62.16% | Val Loss 0.7378 | Val Acc 64.05% | 13.4s
2026-06-25 00:56:49 |   --> saved best to C:\Users\Admin\Desktop\hai\ConViTX\code ViT_8 block CNN\HybridModel_PlantPathology_Ablation\results\ViT-Only_se-secbam_fold5_best.pth
2026-06-25 00:57:03 | Epoch 16/50 | Loss 0.7879 | Acc 62.24% | Val Loss 0.7364 | Val Acc 65.27% | 13.4s
2026-06-25 00:57:03 |   --> saved best to C:\Users\Admin\Desktop\hai\ConViTX\code ViT_8 block CNN\HybridModel_PlantPathology_Ablation\results\ViT-Only_se-secbam_fold5_best.pth
2026-06-25 00:57:16 | Epoch 17/50 | Loss 0.7832 | Acc 63.25% | Val Loss 0.7379 | Val Acc 65.27% | 13.4s
2026-06-25 00:57:29 | Epoch 18/50 | Loss 0.7802 | Acc 64.10% | Val Loss 0.7279 | Val Acc 65.43% | 13.4s
2026-06-25 00:57:29 |   --> saved best to C:\Users\Admin\Desktop\hai\ConViTX\code ViT_8 block CNN\HybridModel_PlantPathology_Ablation\results\ViT-Only_se-secbam_fold5_best.pth
2026-06-25 00:57:43 | Epoch 19/50 | Loss 0.7745 | Acc 64.10% | Val Loss 0.7142 | Val Acc 66.07% | 13.4s
2026-06-25 00:57:43 |   --> saved best to C:\Users\Admin\Desktop\hai\ConViTX\code ViT_8 block CNN\HybridModel_PlantPathology_Ablation\results\ViT-Only_se-secbam_fold5_best.pth
2026-06-25 00:57:56 | Epoch 20/50 | Loss 0.7681 | Acc 63.90% | Val Loss 0.7214 | Val Acc 66.64% | 13.5s
2026-06-25 00:58:10 | Epoch 21/50 | Loss 0.7593 | Acc 65.00% | Val Loss 0.7239 | Val Acc 66.16% | 13.4s
2026-06-25 00:58:23 | Epoch 22/50 | Loss 0.7571 | Acc 65.36% | Val Loss 0.7149 | Val Acc 67.53% | 13.4s
2026-06-25 00:58:37 | Epoch 23/50 | Loss 0.7488 | Acc 65.85% | Val Loss 0.7045 | Val Acc 69.06% | 13.3s
2026-06-25 00:58:37 |   --> saved best to C:\Users\Admin\Desktop\hai\ConViTX\code ViT_8 block CNN\HybridModel_PlantPathology_Ablation\results\ViT-Only_se-secbam_fold5_best.pth
2026-06-25 00:58:50 | Epoch 24/50 | Loss 0.7371 | Acc 66.52% | Val Loss 0.6809 | Val Acc 68.26% | 13.4s
2026-06-25 00:58:50 |   --> saved best to C:\Users\Admin\Desktop\hai\ConViTX\code ViT_8 block CNN\HybridModel_PlantPathology_Ablation\results\ViT-Only_se-secbam_fold5_best.pth
2026-06-25 00:59:04 | Epoch 25/50 | Loss 0.7278 | Acc 67.17% | Val Loss 0.6857 | Val Acc 69.22% | 13.4s
2026-06-25 00:59:17 | Epoch 26/50 | Loss 0.7114 | Acc 68.69% | Val Loss 0.6692 | Val Acc 71.49% | 13.4s
2026-06-25 00:59:17 |   --> saved best to C:\Users\Admin\Desktop\hai\ConViTX\code ViT_8 block CNN\HybridModel_PlantPathology_Ablation\results\ViT-Only_se-secbam_fold5_best.pth
2026-06-25 00:59:30 | Epoch 27/50 | Loss 0.7028 | Acc 69.30% | Val Loss 0.6585 | Val Acc 71.97% | 13.4s
2026-06-25 00:59:30 |   --> saved best to C:\Users\Admin\Desktop\hai\ConViTX\code ViT_8 block CNN\HybridModel_PlantPathology_Ablation\results\ViT-Only_se-secbam_fold5_best.pth
2026-06-25 00:59:44 | Epoch 28/50 | Loss 0.6811 | Acc 71.10% | Val Loss 0.6364 | Val Acc 72.94% | 13.4s
2026-06-25 00:59:44 |   --> saved best to C:\Users\Admin\Desktop\hai\ConViTX\code ViT_8 block CNN\HybridModel_PlantPathology_Ablation\results\ViT-Only_se-secbam_fold5_best.pth
2026-06-25 00:59:57 | Epoch 29/50 | Loss 0.6757 | Acc 71.79% | Val Loss 0.6388 | Val Acc 73.10% | 13.5s
2026-06-25 01:00:11 | Epoch 30/50 | Loss 0.6609 | Acc 72.81% | Val Loss 0.6275 | Val Acc 73.75% | 13.5s
2026-06-25 01:00:11 |   --> saved best to C:\Users\Admin\Desktop\hai\ConViTX\code ViT_8 block CNN\HybridModel_PlantPathology_Ablation\results\ViT-Only_se-secbam_fold5_best.pth
2026-06-25 01:00:24 | Epoch 31/50 | Loss 0.6593 | Acc 72.67% | Val Loss 0.6221 | Val Acc 74.15% | 13.4s
2026-06-25 01:00:24 |   --> saved best to C:\Users\Admin\Desktop\hai\ConViTX\code ViT_8 block CNN\HybridModel_PlantPathology_Ablation\results\ViT-Only_se-secbam_fold5_best.pth
2026-06-25 01:00:38 | Epoch 32/50 | Loss 0.6534 | Acc 72.28% | Val Loss 0.6163 | Val Acc 74.96% | 13.4s
2026-06-25 01:00:38 |   --> saved best to C:\Users\Admin\Desktop\hai\ConViTX\code ViT_8 block CNN\HybridModel_PlantPathology_Ablation\results\ViT-Only_se-secbam_fold5_best.pth
2026-06-25 01:00:51 | Epoch 33/50 | Loss 0.6419 | Acc 73.17% | Val Loss 0.6022 | Val Acc 75.44% | 13.4s
2026-06-25 01:00:51 |   --> saved best to C:\Users\Admin\Desktop\hai\ConViTX\code ViT_8 block CNN\HybridModel_PlantPathology_Ablation\results\ViT-Only_se-secbam_fold5_best.pth
2026-06-25 01:01:05 | Epoch 34/50 | Loss 0.6329 | Acc 74.61% | Val Loss 0.6186 | Val Acc 75.44% | 13.4s
2026-06-25 01:01:18 | Epoch 35/50 | Loss 0.6271 | Acc 74.25% | Val Loss 0.5946 | Val Acc 76.41% | 13.4s
2026-06-25 01:01:18 |   --> saved best to C:\Users\Admin\Desktop\hai\ConViTX\code ViT_8 block CNN\HybridModel_PlantPathology_Ablation\results\ViT-Only_se-secbam_fold5_best.pth
2026-06-25 01:01:31 | Epoch 36/50 | Loss 0.6292 | Acc 74.66% | Val Loss 0.6419 | Val Acc 73.75% | 13.5s
2026-06-25 01:01:45 | Epoch 37/50 | Loss 0.6221 | Acc 74.88% | Val Loss 0.6041 | Val Acc 75.77% | 13.4s
2026-06-25 01:01:58 | Epoch 38/50 | Loss 0.6091 | Acc 75.45% | Val Loss 0.5954 | Val Acc 76.41% | 13.4s
2026-06-25 01:02:12 | Epoch 39/50 | Loss 0.6100 | Acc 74.61% | Val Loss 0.6143 | Val Acc 75.04% | 13.4s
2026-06-25 01:02:25 | Epoch 40/50 | Loss 0.5958 | Acc 75.97% | Val Loss 0.5826 | Val Acc 76.74% | 13.4s
2026-06-25 01:02:25 |   --> saved best to C:\Users\Admin\Desktop\hai\ConViTX\code ViT_8 block CNN\HybridModel_PlantPathology_Ablation\results\ViT-Only_se-secbam_fold5_best.pth
2026-06-25 01:02:39 | Epoch 41/50 | Loss 0.6060 | Acc 75.16% | Val Loss 0.5784 | Val Acc 77.06% | 13.4s
2026-06-25 01:02:39 |   --> saved best to C:\Users\Admin\Desktop\hai\ConViTX\code ViT_8 block CNN\HybridModel_PlantPathology_Ablation\results\ViT-Only_se-secbam_fold5_best.pth
2026-06-25 01:02:52 | Epoch 42/50 | Loss 0.5959 | Acc 75.57% | Val Loss 0.5833 | Val Acc 75.85% | 13.4s
2026-06-25 01:03:05 | Epoch 43/50 | Loss 0.5927 | Acc 75.95% | Val Loss 0.6014 | Val Acc 76.33% | 13.4s
2026-06-25 01:03:19 | Epoch 44/50 | Loss 0.5947 | Acc 75.95% | Val Loss 0.5797 | Val Acc 76.66% | 13.4s
2026-06-25 01:03:32 | Epoch 45/50 | Loss 0.5862 | Acc 76.40% | Val Loss 0.5576 | Val Acc 77.06% | 13.4s
2026-06-25 01:03:32 |   --> saved best to C:\Users\Admin\Desktop\hai\ConViTX\code ViT_8 block CNN\HybridModel_PlantPathology_Ablation\results\ViT-Only_se-secbam_fold5_best.pth
2026-06-25 01:03:46 | Epoch 46/50 | Loss 0.5769 | Acc 76.99% | Val Loss 0.5574 | Val Acc 78.19% | 13.4s
2026-06-25 01:03:46 |   --> saved best to C:\Users\Admin\Desktop\hai\ConViTX\code ViT_8 block CNN\HybridModel_PlantPathology_Ablation\results\ViT-Only_se-secbam_fold5_best.pth
2026-06-25 01:03:59 | Epoch 47/50 | Loss 0.5763 | Acc 76.56% | Val Loss 0.5610 | Val Acc 76.17% | 13.5s
2026-06-25 01:04:13 | Epoch 48/50 | Loss 0.5706 | Acc 77.03% | Val Loss 0.5394 | Val Acc 79.16% | 13.4s
2026-06-25 01:04:13 |   --> saved best to C:\Users\Admin\Desktop\hai\ConViTX\code ViT_8 block CNN\HybridModel_PlantPathology_Ablation\results\ViT-Only_se-secbam_fold5_best.pth
2026-06-25 01:04:26 | Epoch 49/50 | Loss 0.5676 | Acc 77.48% | Val Loss 0.5465 | Val Acc 78.59% | 13.4s
2026-06-25 01:04:39 | Epoch 50/50 | Loss 0.5649 | Acc 76.77% | Val Loss 0.5429 | Val Acc 78.68% | 13.4s
2026-06-25 01:04:40 | Finished ViT-Only_se-secbam fold 5 in 11.69 min.
2026-06-25 01:04:43 | [RESUME] Hybrid_se-se-secbam_fold1 đã train xong trong chiến dịch này -> bỏ qua. (dùng --force để train lại)
2026-06-25 01:04:43 | [RESUME] Hybrid_se-se-secbam_fold2 đã train xong trong chiến dịch này -> bỏ qua. (dùng --force để train lại)
2026-06-25 01:04:43 | [RESUME] Hybrid_se-se-secbam_fold3 đã train xong trong chiến dịch này -> bỏ qua. (dùng --force để train lại)
2026-06-25 01:04:43 | [RESUME] Hybrid_se-se-secbam_fold4 đã train xong trong chiến dịch này -> bỏ qua. (dùng --force để train lại)
2026-06-25 01:04:43 | [RESUME] Hybrid_se-se-secbam_fold5 đã train xong trong chiến dịch này -> bỏ qua. (dùng --force để train lại)
2026-06-25 01:04:43 | 
================================================================================
2026-06-25 01:04:43 | ABLATION SUMMARY (AXIS 2) — folds run: [1, 2, 3, 4, 5]
2026-06-25 01:04:43 | ================================================================================
2026-06-25 01:04:43 | 
|                       |   Params (M) |   n_folds | Accuracy       | Precision      | Recall         | F1-Score       | Kappa           | AUC             | Train Time (min)   |
|:----------------------|-------------:|----------:|:---------------|:---------------|:---------------|:---------------|:----------------|:----------------|:-------------------|
| CNN-Only_none-none    |        0.113 |         5 | 95.82% ± 0.45% | 87.76% ± 2.45% | 83.24% ± 2.05% | 84.80% ± 2.03% | 0.9378 ± 0.0066 | 0.9854 ± 0.0039 | 4.03 ± 0.48        |
| ViT-Only_none-none    |        0.189 |         5 | 77.02% ± 0.52% | 60.92% ± 5.12% | 59.61% ± 0.39% | 59.09% ± 0.92% | 0.6547 ± 0.0073 | 0.9054 ± 0.0113 | 12.15 ± 0.31       |
| Hybrid_none-none-none |        0.319 |         5 | 96.64% ± 0.54% | 90.07% ± 2.53% | 86.09% ± 2.28% | 87.60% ± 2.29% | 0.9501 ± 0.0079 | 0.9884 ± 0.0022 | 33.96 ± 5.07       |
| CNN-Only_se-secbam    |        0.123 |         5 | 96.16% ± 0.43% | 89.07% ± 1.90% | 82.91% ± 2.33% | 84.82% ± 2.39% | 0.9428 ± 0.0065 | 0.9859 ± 0.0041 | 3.54 ± 0.04        |
| ViT-Only_se-secbam    |        0.2   |         5 | 76.83% ± 1.88% | 65.96% ± 6.08% | 59.79% ± 1.28% | 59.40% ± 1.26% | 0.6523 ± 0.0276 | 0.9023 ± 0.0133 | 11.69 ± 0.01       |
| Hybrid_se-se-secbam   |        0.331 |         5 | 96.79% ± 0.30% | 90.67% ± 1.72% | 86.23% ± 2.26% | 87.95% ± 2.17% | 0.9523 ± 0.0045 | 0.9901 ± 0.0036 | 26.68 ± 7.43       |

2026-06-25 01:04:43 | Saved summary JSON to: C:\Users\Admin\Desktop\hai\ConViTX\code ViT_8 block CNN\HybridModel_PlantPathology_Ablation\results\ablation_kfold_results.json
2026-06-25 06:34:28 | Log file initialized at: C:\Users\Admin\Desktop\hai\ConViTX\code ViT_8 block CNN\HybridModel_PlantPathology_Ablation\results\ablation_training.log
2026-06-25 06:34:28 | AXIS=1 | Folds to run: [1, 2, 3, 4, 5] (of 5) | Seed=42
2026-06-25 06:34:28 | Configs (9): Hybrid_none-none-none, Hybrid_se-se-se, Hybrid_se-se-secbam, Hybrid_secbam-secbam-secbam, Hybrid_none-none-se, Hybrid_none-none-secbam, Hybrid_se-se-none, Hybrid_secbam-se-secbam, Hybrid_se-secbam-secbam
2026-06-25 06:34:28 | Hyperparams: epochs=50, batch=128, lr=0.0001, patience=15, AMP/FP16
2026-06-25 06:34:28 | Resume: tìm thấy progress C:\Users\Admin\Desktop\hai\ConViTX\code ViT_8 block CNN\HybridModel_PlantPathology_Ablation\results\ablation_kfold_progress.json | 37 run đã xong trong chiến dịch này
2026-06-25 06:34:28 | Using device: cuda
2026-06-25 06:34:29 | Dataset loaded. 6192 samples, 4 classes: ['healthy', 'multiple_diseases', 'rust', 'scab']
2026-06-25 06:34:29 |   [params] Hybrid_none-none-none              = 0.319 M
2026-06-25 06:34:29 |   [params] Hybrid_se-se-se                    = 0.329 M
2026-06-25 06:34:29 |   [params] Hybrid_se-se-secbam                = 0.331 M
2026-06-25 06:34:29 |   [params] Hybrid_secbam-secbam-secbam        = 0.332 M
2026-06-25 06:34:29 |   [params] Hybrid_none-none-se                = 0.327 M
2026-06-25 06:34:29 |   [params] Hybrid_none-none-secbam            = 0.33 M
2026-06-25 06:34:29 |   [params] Hybrid_se-se-none                  = 0.321 M
2026-06-25 06:34:29 |   [params] Hybrid_secbam-se-secbam            = 0.332 M
2026-06-25 06:34:29 |   [params] Hybrid_se-secbam-secbam            = 0.332 M
2026-06-25 06:34:29 | [RESUME] Hybrid_none-none-none_fold1 đã train xong trong chiến dịch này -> bỏ qua. (dùng --force để train lại)
2026-06-25 06:34:29 | [RESUME] Hybrid_none-none-none_fold2 đã train xong trong chiến dịch này -> bỏ qua. (dùng --force để train lại)
2026-06-25 06:34:29 | [RESUME] Hybrid_none-none-none_fold3 đã train xong trong chiến dịch này -> bỏ qua. (dùng --force để train lại)
2026-06-25 06:34:29 | [RESUME] Hybrid_none-none-none_fold4 đã train xong trong chiến dịch này -> bỏ qua. (dùng --force để train lại)
2026-06-25 06:34:29 | [RESUME] Hybrid_none-none-none_fold5 đã train xong trong chiến dịch này -> bỏ qua. (dùng --force để train lại)
2026-06-25 06:34:29 | 
================================================================================
2026-06-25 06:34:29 | TRAINING: Hybrid_se-se-se | FOLD 1/5
2026-06-25 06:34:29 | ================================================================================
2026-06-25 06:34:29 | [INFO] reduced batch_size=64 for hybrid model to avoid OOM.
2026-06-25 06:35:43 | Epoch 01/50 | Loss 1.1463 | Acc 52.15% | Val Loss 0.9439 | Val Acc 62.31% | 73.6s
2026-06-25 06:35:43 |   --> saved best to C:\Users\Admin\Desktop\hai\ConViTX\code ViT_8 block CNN\HybridModel_PlantPathology_Ablation\results\Hybrid_se-se-se_fold1_best.pth
2026-06-25 06:36:00 | Epoch 02/50 | Loss 0.7443 | Acc 78.55% | Val Loss 0.5389 | Val Acc 85.96% | 16.3s
2026-06-25 06:36:00 |   --> saved best to C:\Users\Admin\Desktop\hai\ConViTX\code ViT_8 block CNN\HybridModel_PlantPathology_Ablation\results\Hybrid_se-se-se_fold1_best.pth
2026-06-25 06:36:16 | Epoch 03/50 | Loss 0.4972 | Acc 88.39% | Val Loss 0.4060 | Val Acc 89.75% | 16.6s
2026-06-25 06:36:16 |   --> saved best to C:\Users\Admin\Desktop\hai\ConViTX\code ViT_8 block CNN\HybridModel_PlantPathology_Ablation\results\Hybrid_se-se-se_fold1_best.pth
2026-06-25 06:36:33 | Epoch 04/50 | Loss 0.3889 | Acc 90.75% | Val Loss 0.3322 | Val Acc 91.04% | 16.6s
2026-06-25 06:36:33 |   --> saved best to C:\Users\Admin\Desktop\hai\ConViTX\code ViT_8 block CNN\HybridModel_PlantPathology_Ablation\results\Hybrid_se-se-se_fold1_best.pth
2026-06-25 06:36:50 | Epoch 05/50 | Loss 0.3288 | Acc 91.72% | Val Loss 0.2764 | Val Acc 92.33% | 16.8s
2026-06-25 06:36:50 |   --> saved best to C:\Users\Admin\Desktop\hai\ConViTX\code ViT_8 block CNN\HybridModel_PlantPathology_Ablation\results\Hybrid_se-se-se_fold1_best.pth
2026-06-25 06:37:06 | Epoch 06/50 | Loss 0.2936 | Acc 92.15% | Val Loss 0.2603 | Val Acc 92.33% | 16.3s
2026-06-25 06:37:07 |   --> saved best to C:\Users\Admin\Desktop\hai\ConViTX\code ViT_8 block CNN\HybridModel_PlantPathology_Ablation\results\Hybrid_se-se-se_fold1_best.pth
2026-06-25 06:37:23 | Epoch 07/50 | Loss 0.2550 | Acc 93.22% | Val Loss 0.2368 | Val Acc 92.57% | 16.5s
2026-06-25 06:37:23 |   --> saved best to C:\Users\Admin\Desktop\hai\ConViTX\code ViT_8 block CNN\HybridModel_PlantPathology_Ablation\results\Hybrid_se-se-se_fold1_best.pth
2026-06-25 06:37:39 | Epoch 08/50 | Loss 0.2191 | Acc 93.91% | Val Loss 0.2168 | Val Acc 92.98% | 16.0s
2026-06-25 06:37:39 |   --> saved best to C:\Users\Admin\Desktop\hai\ConViTX\code ViT_8 block CNN\HybridModel_PlantPathology_Ablation\results\Hybrid_se-se-se_fold1_best.pth
2026-06-25 06:37:56 | Epoch 09/50 | Loss 0.2024 | Acc 94.18% | Val Loss 0.2078 | Val Acc 92.90% | 16.3s
2026-06-25 06:37:56 |   --> saved best to C:\Users\Admin\Desktop\hai\ConViTX\code ViT_8 block CNN\HybridModel_PlantPathology_Ablation\results\Hybrid_se-se-se_fold1_best.pth
2026-06-25 06:38:12 | Epoch 10/50 | Loss 0.1859 | Acc 94.40% | Val Loss 0.1957 | Val Acc 93.54% | 16.3s
2026-06-25 06:38:12 |   --> saved best to C:\Users\Admin\Desktop\hai\ConViTX\code ViT_8 block CNN\HybridModel_PlantPathology_Ablation\results\Hybrid_se-se-se_fold1_best.pth
2026-06-25 06:38:29 | Epoch 11/50 | Loss 0.1683 | Acc 94.78% | Val Loss 0.1906 | Val Acc 93.38% | 16.3s
2026-06-25 06:38:29 |   --> saved best to C:\Users\Admin\Desktop\hai\ConViTX\code ViT_8 block CNN\HybridModel_PlantPathology_Ablation\results\Hybrid_se-se-se_fold1_best.pth
2026-06-25 06:38:45 | Epoch 12/50 | Loss 0.1638 | Acc 95.17% | Val Loss 0.1745 | Val Acc 94.03% | 16.4s
2026-06-25 06:38:45 |   --> saved best to C:\Users\Admin\Desktop\hai\ConViTX\code ViT_8 block CNN\HybridModel_PlantPathology_Ablation\results\Hybrid_se-se-se_fold1_best.pth
2026-06-25 06:39:02 | Epoch 13/50 | Loss 0.1505 | Acc 95.33% | Val Loss 0.1861 | Val Acc 93.95% | 16.5s
2026-06-25 06:39:18 | Epoch 14/50 | Loss 0.1475 | Acc 95.29% | Val Loss 0.1695 | Val Acc 94.27% | 16.3s
2026-06-25 06:39:18 |   --> saved best to C:\Users\Admin\Desktop\hai\ConViTX\code ViT_8 block CNN\HybridModel_PlantPathology_Ablation\results\Hybrid_se-se-se_fold1_best.pth
2026-06-25 06:39:35 | Epoch 15/50 | Loss 0.1350 | Acc 95.86% | Val Loss 0.1632 | Val Acc 94.83% | 16.5s
2026-06-25 06:39:35 |   --> saved best to C:\Users\Admin\Desktop\hai\ConViTX\code ViT_8 block CNN\HybridModel_PlantPathology_Ablation\results\Hybrid_se-se-se_fold1_best.pth
2026-06-25 06:39:51 | Epoch 16/50 | Loss 0.1309 | Acc 95.76% | Val Loss 0.1572 | Val Acc 94.67% | 16.3s
2026-06-25 06:39:51 |   --> saved best to C:\Users\Admin\Desktop\hai\ConViTX\code ViT_8 block CNN\HybridModel_PlantPathology_Ablation\results\Hybrid_se-se-se_fold1_best.pth
2026-06-25 06:40:07 | Epoch 17/50 | Loss 0.1220 | Acc 96.21% | Val Loss 0.1574 | Val Acc 94.75% | 16.3s
2026-06-25 06:40:24 | Epoch 18/50 | Loss 0.1205 | Acc 96.00% | Val Loss 0.1588 | Val Acc 94.35% | 16.0s
2026-06-25 06:40:39 | Epoch 19/50 | Loss 0.1120 | Acc 96.35% | Val Loss 0.1477 | Val Acc 95.32% | 15.5s
2026-06-25 06:40:39 |   --> saved best to C:\Users\Admin\Desktop\hai\ConViTX\code ViT_8 block CNN\HybridModel_PlantPathology_Ablation\results\Hybrid_se-se-se_fold1_best.pth
2026-06-25 06:40:55 | Epoch 20/50 | Loss 0.1151 | Acc 96.43% | Val Loss 0.1576 | Val Acc 94.43% | 15.9s
2026-06-25 06:41:11 | Epoch 21/50 | Loss 0.1030 | Acc 96.59% | Val Loss 0.1414 | Val Acc 95.40% | 16.2s
2026-06-25 06:41:11 |   --> saved best to C:\Users\Admin\Desktop\hai\ConViTX\code ViT_8 block CNN\HybridModel_PlantPathology_Ablation\results\Hybrid_se-se-se_fold1_best.pth
2026-06-25 06:41:28 | Epoch 22/50 | Loss 0.0984 | Acc 96.88% | Val Loss 0.1459 | Val Acc 95.16% | 16.3s
2026-06-25 06:41:44 | Epoch 23/50 | Loss 0.1010 | Acc 96.75% | Val Loss 0.1447 | Val Acc 94.75% | 16.2s
2026-06-25 06:42:01 | Epoch 24/50 | Loss 0.0909 | Acc 97.10% | Val Loss 0.1403 | Val Acc 94.83% | 16.4s
2026-06-25 06:42:01 |   --> saved best to C:\Users\Admin\Desktop\hai\ConViTX\code ViT_8 block CNN\HybridModel_PlantPathology_Ablation\results\Hybrid_se-se-se_fold1_best.pth
2026-06-25 06:42:17 | Epoch 25/50 | Loss 0.0897 | Acc 97.12% | Val Loss 0.1279 | Val Acc 95.88% | 16.3s
2026-06-25 06:42:17 |   --> saved best to C:\Users\Admin\Desktop\hai\ConViTX\code ViT_8 block CNN\HybridModel_PlantPathology_Ablation\results\Hybrid_se-se-se_fold1_best.pth
2026-06-25 06:42:34 | Epoch 26/50 | Loss 0.0839 | Acc 97.28% | Val Loss 0.1341 | Val Acc 95.72% | 16.4s
2026-06-25 06:42:50 | Epoch 27/50 | Loss 0.0857 | Acc 97.32% | Val Loss 0.1428 | Val Acc 95.00% | 16.3s
2026-06-25 06:43:06 | Epoch 28/50 | Loss 0.0829 | Acc 97.26% | Val Loss 0.1254 | Val Acc 95.88% | 16.3s
2026-06-25 06:43:06 |   --> saved best to C:\Users\Admin\Desktop\hai\ConViTX\code ViT_8 block CNN\HybridModel_PlantPathology_Ablation\results\Hybrid_se-se-se_fold1_best.pth
2026-06-25 06:43:23 | Epoch 29/50 | Loss 0.0812 | Acc 97.30% | Val Loss 0.1265 | Val Acc 96.05% | 16.3s
2026-06-25 06:43:39 | Epoch 30/50 | Loss 0.0786 | Acc 97.38% | Val Loss 0.1207 | Val Acc 96.13% | 16.4s
2026-06-25 06:43:39 |   --> saved best to C:\Users\Admin\Desktop\hai\ConViTX\code ViT_8 block CNN\HybridModel_PlantPathology_Ablation\results\Hybrid_se-se-se_fold1_best.pth
2026-06-25 06:43:56 | Epoch 31/50 | Loss 0.0749 | Acc 97.26% | Val Loss 0.1374 | Val Acc 95.24% | 16.3s
2026-06-25 06:44:12 | Epoch 32/50 | Loss 0.0692 | Acc 97.79% | Val Loss 0.1255 | Val Acc 95.56% | 16.2s
2026-06-25 06:44:28 | Epoch 33/50 | Loss 0.0691 | Acc 97.83% | Val Loss 0.1270 | Val Acc 95.48% | 16.2s
2026-06-25 06:44:45 | Epoch 34/50 | Loss 0.0655 | Acc 97.79% | Val Loss 0.1309 | Val Acc 95.24% | 16.3s
2026-06-25 06:45:01 | Epoch 35/50 | Loss 0.0646 | Acc 97.97% | Val Loss 0.1210 | Val Acc 95.96% | 16.3s
2026-06-25 06:45:17 | Epoch 36/50 | Loss 0.0634 | Acc 97.89% | Val Loss 0.1354 | Val Acc 95.16% | 16.3s
2026-06-25 06:45:34 | Epoch 37/50 | Loss 0.0576 | Acc 98.19% | Val Loss 0.1279 | Val Acc 96.05% | 16.2s
2026-06-25 06:45:50 | Epoch 38/50 | Loss 0.0629 | Acc 97.95% | Val Loss 0.1321 | Val Acc 95.80% | 16.3s
2026-06-25 06:46:06 | Epoch 39/50 | Loss 0.0586 | Acc 98.11% | Val Loss 0.1216 | Val Acc 95.96% | 16.2s
2026-06-25 06:46:23 | Epoch 40/50 | Loss 0.0548 | Acc 98.19% | Val Loss 0.1424 | Val Acc 95.40% | 16.2s
2026-06-25 06:46:39 | Epoch 41/50 | Loss 0.0549 | Acc 98.23% | Val Loss 0.1134 | Val Acc 96.29% | 16.4s
2026-06-25 06:46:39 |   --> saved best to C:\Users\Admin\Desktop\hai\ConViTX\code ViT_8 block CNN\HybridModel_PlantPathology_Ablation\results\Hybrid_se-se-se_fold1_best.pth
2026-06-25 06:46:56 | Epoch 42/50 | Loss 0.0490 | Acc 98.46% | Val Loss 0.1258 | Val Acc 95.40% | 16.3s
2026-06-25 06:47:12 | Epoch 43/50 | Loss 0.0466 | Acc 98.50% | Val Loss 0.1289 | Val Acc 95.96% | 16.3s
2026-06-25 06:47:28 | Epoch 44/50 | Loss 0.0511 | Acc 98.30% | Val Loss 0.1281 | Val Acc 95.56% | 16.2s
2026-06-25 06:47:45 | Epoch 45/50 | Loss 0.0526 | Acc 98.19% | Val Loss 0.1200 | Val Acc 96.05% | 16.3s
2026-06-25 06:48:01 | Epoch 46/50 | Loss 0.0461 | Acc 98.54% | Val Loss 0.1196 | Val Acc 95.88% | 16.2s
2026-06-25 06:48:18 | Epoch 47/50 | Loss 0.0411 | Acc 98.76% | Val Loss 0.1246 | Val Acc 96.21% | 16.3s
2026-06-25 06:48:34 | Epoch 48/50 | Loss 0.0577 | Acc 98.13% | Val Loss 0.1100 | Val Acc 96.45% | 16.3s
2026-06-25 06:48:34 |   --> saved best to C:\Users\Admin\Desktop\hai\ConViTX\code ViT_8 block CNN\HybridModel_PlantPathology_Ablation\results\Hybrid_se-se-se_fold1_best.pth
2026-06-25 06:48:50 | Epoch 49/50 | Loss 0.0408 | Acc 98.56% | Val Loss 0.1205 | Val Acc 96.21% | 16.3s
2026-06-25 06:49:07 | Epoch 50/50 | Loss 0.0440 | Acc 98.50% | Val Loss 0.1343 | Val Acc 95.40% | 16.5s
2026-06-25 06:49:07 | Finished Hybrid_se-se-se fold 1 in 14.62 min.
2026-06-25 06:49:12 | 
================================================================================
2026-06-25 06:49:12 | TRAINING: Hybrid_se-se-se | FOLD 2/5
2026-06-25 06:49:12 | ================================================================================
2026-06-25 06:49:12 | [INFO] reduced batch_size=64 for hybrid model to avoid OOM.
2026-06-25 06:50:03 | Epoch 01/50 | Loss 1.1082 | Acc 58.20% | Val Loss 0.8421 | Val Acc 71.59% | 50.4s
2026-06-25 06:50:03 |   --> saved best to C:\Users\Admin\Desktop\hai\ConViTX\code ViT_8 block CNN\HybridModel_PlantPathology_Ablation\results\Hybrid_se-se-se_fold2_best.pth
2026-06-25 06:50:19 | Epoch 02/50 | Loss 0.6772 | Acc 82.43% | Val Loss 0.4913 | Val Acc 86.68% | 16.6s
2026-06-25 06:50:19 |   --> saved best to C:\Users\Admin\Desktop\hai\ConViTX\code ViT_8 block CNN\HybridModel_PlantPathology_Ablation\results\Hybrid_se-se-se_fold2_best.pth
2026-06-25 06:50:36 | Epoch 03/50 | Loss 0.4866 | Acc 87.66% | Val Loss 0.3788 | Val Acc 91.04% | 16.7s
2026-06-25 06:50:36 |   --> saved best to C:\Users\Admin\Desktop\hai\ConViTX\code ViT_8 block CNN\HybridModel_PlantPathology_Ablation\results\Hybrid_se-se-se_fold2_best.pth
2026-06-25 06:50:53 | Epoch 04/50 | Loss 0.3886 | Acc 90.42% | Val Loss 0.3074 | Val Acc 92.25% | 16.5s
2026-06-25 06:50:53 |   --> saved best to C:\Users\Admin\Desktop\hai\ConViTX\code ViT_8 block CNN\HybridModel_PlantPathology_Ablation\results\Hybrid_se-se-se_fold2_best.pth
2026-06-25 06:51:10 | Epoch 05/50 | Loss 0.3285 | Acc 91.64% | Val Loss 0.2819 | Val Acc 92.90% | 16.6s
2026-06-25 06:51:10 |   --> saved best to C:\Users\Admin\Desktop\hai\ConViTX\code ViT_8 block CNN\HybridModel_PlantPathology_Ablation\results\Hybrid_se-se-se_fold2_best.pth
2026-06-25 06:51:26 | Epoch 06/50 | Loss 0.2883 | Acc 92.35% | Val Loss 0.2357 | Val Acc 93.38% | 16.6s
2026-06-25 06:51:26 |   --> saved best to C:\Users\Admin\Desktop\hai\ConViTX\code ViT_8 block CNN\HybridModel_PlantPathology_Ablation\results\Hybrid_se-se-se_fold2_best.pth
2026-06-25 06:51:43 | Epoch 07/50 | Loss 0.2607 | Acc 92.72% | Val Loss 0.2134 | Val Acc 94.03% | 16.8s
2026-06-25 06:51:43 |   --> saved best to C:\Users\Admin\Desktop\hai\ConViTX\code ViT_8 block CNN\HybridModel_PlantPathology_Ablation\results\Hybrid_se-se-se_fold2_best.pth
2026-06-25 06:52:00 | Epoch 08/50 | Loss 0.2360 | Acc 93.36% | Val Loss 0.1964 | Val Acc 94.11% | 16.7s
2026-06-25 06:52:00 |   --> saved best to C:\Users\Admin\Desktop\hai\ConViTX\code ViT_8 block CNN\HybridModel_PlantPathology_Ablation\results\Hybrid_se-se-se_fold2_best.pth
2026-06-25 06:52:17 | Epoch 09/50 | Loss 0.2139 | Acc 93.89% | Val Loss 0.1750 | Val Acc 94.92% | 16.6s
2026-06-25 06:52:17 |   --> saved best to C:\Users\Admin\Desktop\hai\ConViTX\code ViT_8 block CNN\HybridModel_PlantPathology_Ablation\results\Hybrid_se-se-se_fold2_best.pth
2026-06-25 06:52:34 | Epoch 10/50 | Loss 0.1970 | Acc 94.05% | Val Loss 0.1650 | Val Acc 94.83% | 16.6s
2026-06-25 06:52:34 |   --> saved best to C:\Users\Admin\Desktop\hai\ConViTX\code ViT_8 block CNN\HybridModel_PlantPathology_Ablation\results\Hybrid_se-se-se_fold2_best.pth
2026-06-25 06:52:50 | Epoch 11/50 | Loss 0.1778 | Acc 94.62% | Val Loss 0.1516 | Val Acc 94.92% | 16.6s
2026-06-25 06:52:50 |   --> saved best to C:\Users\Admin\Desktop\hai\ConViTX\code ViT_8 block CNN\HybridModel_PlantPathology_Ablation\results\Hybrid_se-se-se_fold2_best.pth
2026-06-25 06:53:07 | Epoch 12/50 | Loss 0.1719 | Acc 95.07% | Val Loss 0.1369 | Val Acc 95.72% | 16.7s
2026-06-25 06:53:07 |   --> saved best to C:\Users\Admin\Desktop\hai\ConViTX\code ViT_8 block CNN\HybridModel_PlantPathology_Ablation\results\Hybrid_se-se-se_fold2_best.pth
2026-06-25 06:53:24 | Epoch 13/50 | Loss 0.1606 | Acc 95.17% | Val Loss 0.1347 | Val Acc 95.96% | 16.5s
2026-06-25 06:53:24 |   --> saved best to C:\Users\Admin\Desktop\hai\ConViTX\code ViT_8 block CNN\HybridModel_PlantPathology_Ablation\results\Hybrid_se-se-se_fold2_best.pth
2026-06-25 06:53:40 | Epoch 14/50 | Loss 0.1503 | Acc 95.15% | Val Loss 0.1351 | Val Acc 95.88% | 16.6s
2026-06-25 06:53:57 | Epoch 15/50 | Loss 0.1422 | Acc 95.68% | Val Loss 0.1218 | Val Acc 96.53% | 16.7s
2026-06-25 06:53:57 |   --> saved best to C:\Users\Admin\Desktop\hai\ConViTX\code ViT_8 block CNN\HybridModel_PlantPathology_Ablation\results\Hybrid_se-se-se_fold2_best.pth
2026-06-25 06:54:14 | Epoch 16/50 | Loss 0.1362 | Acc 95.80% | Val Loss 0.1250 | Val Acc 95.80% | 16.6s
2026-06-25 06:54:31 | Epoch 17/50 | Loss 0.1301 | Acc 96.00% | Val Loss 0.1108 | Val Acc 96.77% | 16.6s
2026-06-25 06:54:31 |   --> saved best to C:\Users\Admin\Desktop\hai\ConViTX\code ViT_8 block CNN\HybridModel_PlantPathology_Ablation\results\Hybrid_se-se-se_fold2_best.pth
2026-06-25 06:54:47 | Epoch 18/50 | Loss 0.1318 | Acc 95.90% | Val Loss 0.1162 | Val Acc 96.61% | 16.6s
2026-06-25 06:55:04 | Epoch 19/50 | Loss 0.1203 | Acc 96.14% | Val Loss 0.1059 | Val Acc 96.69% | 16.6s
2026-06-25 06:55:04 |   --> saved best to C:\Users\Admin\Desktop\hai\ConViTX\code ViT_8 block CNN\HybridModel_PlantPathology_Ablation\results\Hybrid_se-se-se_fold2_best.pth
2026-06-25 06:55:21 | Epoch 20/50 | Loss 0.1227 | Acc 96.00% | Val Loss 0.1088 | Val Acc 96.77% | 16.5s
2026-06-25 06:55:37 | Epoch 21/50 | Loss 0.1095 | Acc 96.47% | Val Loss 0.1042 | Val Acc 96.85% | 16.6s
2026-06-25 06:55:37 |   --> saved best to C:\Users\Admin\Desktop\hai\ConViTX\code ViT_8 block CNN\HybridModel_PlantPathology_Ablation\results\Hybrid_se-se-se_fold2_best.pth
2026-06-25 06:55:54 | Epoch 22/50 | Loss 0.1047 | Acc 96.49% | Val Loss 0.0993 | Val Acc 96.69% | 16.5s
2026-06-25 06:55:54 |   --> saved best to C:\Users\Admin\Desktop\hai\ConViTX\code ViT_8 block CNN\HybridModel_PlantPathology_Ablation\results\Hybrid_se-se-se_fold2_best.pth
2026-06-25 06:56:11 | Epoch 23/50 | Loss 0.1082 | Acc 96.35% | Val Loss 0.0972 | Val Acc 96.93% | 16.5s
2026-06-25 06:56:11 |   --> saved best to C:\Users\Admin\Desktop\hai\ConViTX\code ViT_8 block CNN\HybridModel_PlantPathology_Ablation\results\Hybrid_se-se-se_fold2_best.pth
2026-06-25 06:56:27 | Epoch 24/50 | Loss 0.1011 | Acc 96.69% | Val Loss 0.0939 | Val Acc 96.85% | 16.5s
2026-06-25 06:56:27 |   --> saved best to C:\Users\Admin\Desktop\hai\ConViTX\code ViT_8 block CNN\HybridModel_PlantPathology_Ablation\results\Hybrid_se-se-se_fold2_best.pth
2026-06-25 06:56:44 | Epoch 25/50 | Loss 0.1006 | Acc 96.83% | Val Loss 0.0980 | Val Acc 96.69% | 16.6s
2026-06-25 06:57:01 | Epoch 26/50 | Loss 0.0907 | Acc 97.16% | Val Loss 0.0966 | Val Acc 96.69% | 16.5s
2026-06-25 06:57:17 | Epoch 27/50 | Loss 0.0898 | Acc 97.08% | Val Loss 0.0945 | Val Acc 97.01% | 16.6s
2026-06-25 06:57:34 | Epoch 28/50 | Loss 0.0900 | Acc 97.20% | Val Loss 0.0974 | Val Acc 96.77% | 16.6s
2026-06-25 06:57:51 | Epoch 29/50 | Loss 0.0907 | Acc 97.00% | Val Loss 0.0948 | Val Acc 97.26% | 16.5s
2026-06-25 06:58:07 | Epoch 30/50 | Loss 0.0841 | Acc 97.00% | Val Loss 0.0908 | Val Acc 96.69% | 16.6s
2026-06-25 06:58:07 |   --> saved best to C:\Users\Admin\Desktop\hai\ConViTX\code ViT_8 block CNN\HybridModel_PlantPathology_Ablation\results\Hybrid_se-se-se_fold2_best.pth
2026-06-25 06:58:24 | Epoch 31/50 | Loss 0.0806 | Acc 97.38% | Val Loss 0.0933 | Val Acc 96.61% | 16.5s
2026-06-25 06:58:41 | Epoch 32/50 | Loss 0.0772 | Acc 97.26% | Val Loss 0.0899 | Val Acc 97.01% | 16.6s
2026-06-25 06:58:41 |   --> saved best to C:\Users\Admin\Desktop\hai\ConViTX\code ViT_8 block CNN\HybridModel_PlantPathology_Ablation\results\Hybrid_se-se-se_fold2_best.pth
2026-06-25 06:58:57 | Epoch 33/50 | Loss 0.0770 | Acc 97.54% | Val Loss 0.0941 | Val Acc 96.53% | 16.6s
2026-06-25 06:59:14 | Epoch 34/50 | Loss 0.0739 | Acc 97.54% | Val Loss 0.0858 | Val Acc 97.09% | 16.7s
2026-06-25 06:59:14 |   --> saved best to C:\Users\Admin\Desktop\hai\ConViTX\code ViT_8 block CNN\HybridModel_PlantPathology_Ablation\results\Hybrid_se-se-se_fold2_best.pth
2026-06-25 06:59:31 | Epoch 35/50 | Loss 0.0719 | Acc 97.65% | Val Loss 0.0948 | Val Acc 96.29% | 16.6s
2026-06-25 06:59:48 | Epoch 36/50 | Loss 0.0709 | Acc 97.79% | Val Loss 0.0832 | Val Acc 97.42% | 16.7s
2026-06-25 06:59:48 |   --> saved best to C:\Users\Admin\Desktop\hai\ConViTX\code ViT_8 block CNN\HybridModel_PlantPathology_Ablation\results\Hybrid_se-se-se_fold2_best.pth
2026-06-25 07:00:04 | Epoch 37/50 | Loss 0.0687 | Acc 97.73% | Val Loss 0.0886 | Val Acc 96.93% | 16.6s
2026-06-25 07:00:21 | Epoch 38/50 | Loss 0.0679 | Acc 97.85% | Val Loss 0.0906 | Val Acc 96.85% | 16.6s
2026-06-25 07:00:38 | Epoch 39/50 | Loss 0.0635 | Acc 98.09% | Val Loss 0.0877 | Val Acc 96.69% | 16.7s
2026-06-25 07:00:54 | Epoch 40/50 | Loss 0.0641 | Acc 97.75% | Val Loss 0.0888 | Val Acc 97.01% | 16.6s
2026-06-25 07:01:11 | Epoch 41/50 | Loss 0.0559 | Acc 98.13% | Val Loss 0.0861 | Val Acc 96.93% | 16.7s
2026-06-25 07:01:28 | Epoch 42/50 | Loss 0.0546 | Acc 98.32% | Val Loss 0.0849 | Val Acc 97.09% | 16.5s
2026-06-25 07:01:44 | Epoch 43/50 | Loss 0.0615 | Acc 97.85% | Val Loss 0.0885 | Val Acc 97.09% | 16.6s
2026-06-25 07:02:01 | Epoch 44/50 | Loss 0.0584 | Acc 98.17% | Val Loss 0.0849 | Val Acc 96.85% | 16.7s
2026-06-25 07:02:18 | Epoch 45/50 | Loss 0.0587 | Acc 97.99% | Val Loss 0.0906 | Val Acc 96.61% | 16.6s
2026-06-25 07:02:34 | Epoch 46/50 | Loss 0.0508 | Acc 98.38% | Val Loss 0.0862 | Val Acc 96.93% | 16.5s
2026-06-25 07:02:51 | Epoch 47/50 | Loss 0.0560 | Acc 98.13% | Val Loss 0.0918 | Val Acc 97.18% | 16.6s
2026-06-25 07:03:08 | Epoch 48/50 | Loss 0.0528 | Acc 98.34% | Val Loss 0.0915 | Val Acc 96.85% | 16.5s
2026-06-25 07:03:24 | Epoch 49/50 | Loss 0.0517 | Acc 98.25% | Val Loss 0.0864 | Val Acc 96.93% | 16.5s
2026-06-25 07:03:41 | Epoch 50/50 | Loss 0.0471 | Acc 98.48% | Val Loss 0.0865 | Val Acc 96.69% | 16.6s
2026-06-25 07:03:41 | Finished Hybrid_se-se-se fold 2 in 14.48 min.
2026-06-25 07:03:46 | [RESUME] Hybrid_se-se-se_fold3 đã train xong trong chiến dịch này -> bỏ qua. (dùng --force để train lại)
2026-06-25 07:03:46 | 
================================================================================
2026-06-25 07:03:46 | TRAINING: Hybrid_se-se-se | FOLD 4/5
2026-06-25 07:03:46 | ================================================================================
2026-06-25 07:03:46 | [INFO] reduced batch_size=64 for hybrid model to avoid OOM.
2026-06-25 07:04:59 | Epoch 01/50 | Loss 1.1437 | Acc 53.25% | Val Loss 0.8907 | Val Acc 66.48% | 73.4s
2026-06-25 07:04:59 |   --> saved best to C:\Users\Admin\Desktop\hai\ConViTX\code ViT_8 block CNN\HybridModel_PlantPathology_Ablation\results\Hybrid_se-se-se_fold4_best.pth
2026-06-25 07:05:27 | Epoch 02/50 | Loss 0.7635 | Acc 76.18% | Val Loss 0.5384 | Val Acc 86.59% | 27.5s
2026-06-25 07:05:27 |   --> saved best to C:\Users\Admin\Desktop\hai\ConViTX\code ViT_8 block CNN\HybridModel_PlantPathology_Ablation\results\Hybrid_se-se-se_fold4_best.pth
2026-06-25 07:05:54 | Epoch 03/50 | Loss 0.5081 | Acc 87.32% | Val Loss 0.3963 | Val Acc 90.15% | 27.4s
2026-06-25 07:05:54 |   --> saved best to C:\Users\Admin\Desktop\hai\ConViTX\code ViT_8 block CNN\HybridModel_PlantPathology_Ablation\results\Hybrid_se-se-se_fold4_best.pth
2026-06-25 07:06:22 | Epoch 04/50 | Loss 0.3961 | Acc 90.22% | Val Loss 0.3087 | Val Acc 92.16% | 27.7s
2026-06-25 07:06:22 |   --> saved best to C:\Users\Admin\Desktop\hai\ConViTX\code ViT_8 block CNN\HybridModel_PlantPathology_Ablation\results\Hybrid_se-se-se_fold4_best.pth
2026-06-25 07:06:50 | Epoch 05/50 | Loss 0.3281 | Acc 91.62% | Val Loss 0.2606 | Val Acc 93.13% | 27.9s
2026-06-25 07:06:50 |   --> saved best to C:\Users\Admin\Desktop\hai\ConViTX\code ViT_8 block CNN\HybridModel_PlantPathology_Ablation\results\Hybrid_se-se-se_fold4_best.pth
2026-06-25 07:07:18 | Epoch 06/50 | Loss 0.2810 | Acc 92.49% | Val Loss 0.2314 | Val Acc 92.89% | 27.5s
2026-06-25 07:07:18 |   --> saved best to C:\Users\Admin\Desktop\hai\ConViTX\code ViT_8 block CNN\HybridModel_PlantPathology_Ablation\results\Hybrid_se-se-se_fold4_best.pth
2026-06-25 07:07:46 | Epoch 07/50 | Loss 0.2468 | Acc 93.24% | Val Loss 0.2045 | Val Acc 94.02% | 27.5s
2026-06-25 07:07:46 |   --> saved best to C:\Users\Admin\Desktop\hai\ConViTX\code ViT_8 block CNN\HybridModel_PlantPathology_Ablation\results\Hybrid_se-se-se_fold4_best.pth
2026-06-25 07:08:13 | Epoch 08/50 | Loss 0.2154 | Acc 93.97% | Val Loss 0.1904 | Val Acc 93.46% | 27.7s
2026-06-25 07:08:13 |   --> saved best to C:\Users\Admin\Desktop\hai\ConViTX\code ViT_8 block CNN\HybridModel_PlantPathology_Ablation\results\Hybrid_se-se-se_fold4_best.pth
2026-06-25 07:08:41 | Epoch 09/50 | Loss 0.2077 | Acc 93.51% | Val Loss 0.1732 | Val Acc 94.67% | 27.5s
2026-06-25 07:08:41 |   --> saved best to C:\Users\Admin\Desktop\hai\ConViTX\code ViT_8 block CNN\HybridModel_PlantPathology_Ablation\results\Hybrid_se-se-se_fold4_best.pth
2026-06-25 07:09:09 | Epoch 10/50 | Loss 0.1890 | Acc 94.56% | Val Loss 0.1689 | Val Acc 94.83% | 27.5s
2026-06-25 07:09:09 |   --> saved best to C:\Users\Admin\Desktop\hai\ConViTX\code ViT_8 block CNN\HybridModel_PlantPathology_Ablation\results\Hybrid_se-se-se_fold4_best.pth
2026-06-25 07:09:36 | Epoch 11/50 | Loss 0.1748 | Acc 94.56% | Val Loss 0.1584 | Val Acc 94.67% | 27.4s
2026-06-25 07:09:36 |   --> saved best to C:\Users\Admin\Desktop\hai\ConViTX\code ViT_8 block CNN\HybridModel_PlantPathology_Ablation\results\Hybrid_se-se-se_fold4_best.pth
2026-06-25 07:10:04 | Epoch 12/50 | Loss 0.1605 | Acc 94.97% | Val Loss 0.1561 | Val Acc 94.67% | 27.4s
2026-06-25 07:10:04 |   --> saved best to C:\Users\Admin\Desktop\hai\ConViTX\code ViT_8 block CNN\HybridModel_PlantPathology_Ablation\results\Hybrid_se-se-se_fold4_best.pth
2026-06-25 07:10:31 | Epoch 13/50 | Loss 0.1541 | Acc 94.93% | Val Loss 0.1396 | Val Acc 95.23% | 27.5s
2026-06-25 07:10:31 |   --> saved best to C:\Users\Admin\Desktop\hai\ConViTX\code ViT_8 block CNN\HybridModel_PlantPathology_Ablation\results\Hybrid_se-se-se_fold4_best.pth
2026-06-25 07:10:59 | Epoch 14/50 | Loss 0.1440 | Acc 95.31% | Val Loss 0.1433 | Val Acc 95.15% | 27.9s
2026-06-25 07:11:27 | Epoch 15/50 | Loss 0.1378 | Acc 95.33% | Val Loss 0.1331 | Val Acc 95.07% | 27.5s
2026-06-25 07:11:27 |   --> saved best to C:\Users\Admin\Desktop\hai\ConViTX\code ViT_8 block CNN\HybridModel_PlantPathology_Ablation\results\Hybrid_se-se-se_fold4_best.pth
2026-06-25 07:11:55 | Epoch 16/50 | Loss 0.1289 | Acc 96.04% | Val Loss 0.1316 | Val Acc 95.32% | 27.4s
2026-06-25 07:11:55 |   --> saved best to C:\Users\Admin\Desktop\hai\ConViTX\code ViT_8 block CNN\HybridModel_PlantPathology_Ablation\results\Hybrid_se-se-se_fold4_best.pth
2026-06-25 07:12:22 | Epoch 17/50 | Loss 0.1270 | Acc 95.80% | Val Loss 0.1312 | Val Acc 94.75% | 27.0s
2026-06-25 07:12:22 |   --> saved best to C:\Users\Admin\Desktop\hai\ConViTX\code ViT_8 block CNN\HybridModel_PlantPathology_Ablation\results\Hybrid_se-se-se_fold4_best.pth
2026-06-25 07:12:49 | Epoch 18/50 | Loss 0.1219 | Acc 95.84% | Val Loss 0.1301 | Val Acc 95.64% | 27.3s
2026-06-25 07:12:49 |   --> saved best to C:\Users\Admin\Desktop\hai\ConViTX\code ViT_8 block CNN\HybridModel_PlantPathology_Ablation\results\Hybrid_se-se-se_fold4_best.pth
2026-06-25 07:13:18 | Epoch 19/50 | Loss 0.1146 | Acc 96.41% | Val Loss 0.1305 | Val Acc 95.32% | 28.4s
2026-06-25 07:13:46 | Epoch 20/50 | Loss 0.1131 | Acc 96.51% | Val Loss 0.1288 | Val Acc 95.32% | 28.1s
2026-06-25 07:13:46 |   --> saved best to C:\Users\Admin\Desktop\hai\ConViTX\code ViT_8 block CNN\HybridModel_PlantPathology_Ablation\results\Hybrid_se-se-se_fold4_best.pth
2026-06-25 07:14:15 | Epoch 21/50 | Loss 0.1082 | Acc 96.37% | Val Loss 0.1169 | Val Acc 95.56% | 28.5s
2026-06-25 07:14:15 |   --> saved best to C:\Users\Admin\Desktop\hai\ConViTX\code ViT_8 block CNN\HybridModel_PlantPathology_Ablation\results\Hybrid_se-se-se_fold4_best.pth
2026-06-25 07:14:42 | Epoch 22/50 | Loss 0.1027 | Acc 96.59% | Val Loss 0.1150 | Val Acc 96.04% | 27.7s
2026-06-25 07:14:42 |   --> saved best to C:\Users\Admin\Desktop\hai\ConViTX\code ViT_8 block CNN\HybridModel_PlantPathology_Ablation\results\Hybrid_se-se-se_fold4_best.pth
2026-06-25 07:15:10 | Epoch 23/50 | Loss 0.0979 | Acc 96.83% | Val Loss 0.1161 | Val Acc 95.88% | 27.2s
2026-06-25 07:15:38 | Epoch 24/50 | Loss 0.0931 | Acc 96.85% | Val Loss 0.1143 | Val Acc 95.96% | 27.9s
2026-06-25 07:15:38 |   --> saved best to C:\Users\Admin\Desktop\hai\ConViTX\code ViT_8 block CNN\HybridModel_PlantPathology_Ablation\results\Hybrid_se-se-se_fold4_best.pth
2026-06-25 07:16:05 | Epoch 25/50 | Loss 0.0916 | Acc 97.00% | Val Loss 0.1231 | Val Acc 95.32% | 27.6s
2026-06-25 07:16:33 | Epoch 26/50 | Loss 0.0882 | Acc 97.12% | Val Loss 0.1199 | Val Acc 95.48% | 27.8s
2026-06-25 07:17:01 | Epoch 27/50 | Loss 0.0897 | Acc 97.12% | Val Loss 0.1172 | Val Acc 96.12% | 27.5s
2026-06-25 07:17:28 | Epoch 28/50 | Loss 0.0835 | Acc 97.40% | Val Loss 0.1082 | Val Acc 96.04% | 26.9s
2026-06-25 07:17:28 |   --> saved best to C:\Users\Admin\Desktop\hai\ConViTX\code ViT_8 block CNN\HybridModel_PlantPathology_Ablation\results\Hybrid_se-se-se_fold4_best.pth
2026-06-25 07:17:55 | Epoch 29/50 | Loss 0.0798 | Acc 97.56% | Val Loss 0.1117 | Val Acc 95.80% | 26.8s
2026-06-25 07:18:22 | Epoch 30/50 | Loss 0.0762 | Acc 97.54% | Val Loss 0.1062 | Val Acc 96.12% | 27.0s
2026-06-25 07:18:22 |   --> saved best to C:\Users\Admin\Desktop\hai\ConViTX\code ViT_8 block CNN\HybridModel_PlantPathology_Ablation\results\Hybrid_se-se-se_fold4_best.pth
2026-06-25 07:18:49 | Epoch 31/50 | Loss 0.0758 | Acc 97.38% | Val Loss 0.1069 | Val Acc 96.04% | 27.2s
2026-06-25 07:19:17 | Epoch 32/50 | Loss 0.0738 | Acc 97.75% | Val Loss 0.1048 | Val Acc 96.37% | 27.8s
2026-06-25 07:19:17 |   --> saved best to C:\Users\Admin\Desktop\hai\ConViTX\code ViT_8 block CNN\HybridModel_PlantPathology_Ablation\results\Hybrid_se-se-se_fold4_best.pth
2026-06-25 07:19:45 | Epoch 33/50 | Loss 0.0738 | Acc 97.65% | Val Loss 0.1011 | Val Acc 96.37% | 27.5s
2026-06-25 07:19:45 |   --> saved best to C:\Users\Admin\Desktop\hai\ConViTX\code ViT_8 block CNN\HybridModel_PlantPathology_Ablation\results\Hybrid_se-se-se_fold4_best.pth
2026-06-25 07:20:13 | Epoch 34/50 | Loss 0.0696 | Acc 97.61% | Val Loss 0.1061 | Val Acc 96.04% | 27.9s
2026-06-25 07:20:40 | Epoch 35/50 | Loss 0.0709 | Acc 97.50% | Val Loss 0.1164 | Val Acc 95.48% | 27.1s
2026-06-25 07:21:07 | Epoch 36/50 | Loss 0.0724 | Acc 97.30% | Val Loss 0.1045 | Val Acc 96.20% | 26.8s
2026-06-25 07:21:33 | Epoch 37/50 | Loss 0.0687 | Acc 97.87% | Val Loss 0.1046 | Val Acc 96.37% | 26.7s
2026-06-25 07:22:01 | Epoch 38/50 | Loss 0.0625 | Acc 97.83% | Val Loss 0.0973 | Val Acc 96.69% | 27.2s
2026-06-25 07:22:01 |   --> saved best to C:\Users\Admin\Desktop\hai\ConViTX\code ViT_8 block CNN\HybridModel_PlantPathology_Ablation\results\Hybrid_se-se-se_fold4_best.pth
2026-06-25 07:22:28 | Epoch 39/50 | Loss 0.0583 | Acc 97.83% | Val Loss 0.0930 | Val Acc 96.85% | 26.7s
2026-06-25 07:22:28 |   --> saved best to C:\Users\Admin\Desktop\hai\ConViTX\code ViT_8 block CNN\HybridModel_PlantPathology_Ablation\results\Hybrid_se-se-se_fold4_best.pth
2026-06-25 07:22:55 | Epoch 40/50 | Loss 0.0591 | Acc 98.23% | Val Loss 0.0978 | Val Acc 96.77% | 26.9s
2026-06-25 07:23:22 | Epoch 41/50 | Loss 0.0508 | Acc 98.40% | Val Loss 0.0998 | Val Acc 96.77% | 27.3s
2026-06-25 07:23:49 | Epoch 42/50 | Loss 0.0573 | Acc 98.09% | Val Loss 0.1022 | Val Acc 96.37% | 26.8s
2026-06-25 07:24:16 | Epoch 43/50 | Loss 0.0551 | Acc 98.15% | Val Loss 0.1035 | Val Acc 96.28% | 27.1s
2026-06-25 07:24:43 | Epoch 44/50 | Loss 0.0552 | Acc 97.93% | Val Loss 0.1081 | Val Acc 96.37% | 27.0s
2026-06-25 07:25:11 | Epoch 45/50 | Loss 0.0475 | Acc 98.46% | Val Loss 0.1032 | Val Acc 96.28% | 27.7s
2026-06-25 07:25:38 | Epoch 46/50 | Loss 0.0515 | Acc 98.25% | Val Loss 0.1026 | Val Acc 96.12% | 26.9s
2026-06-25 07:26:04 | Epoch 47/50 | Loss 0.0453 | Acc 98.58% | Val Loss 0.0948 | Val Acc 97.01% | 26.7s
2026-06-25 07:26:31 | Epoch 48/50 | Loss 0.0503 | Acc 98.23% | Val Loss 0.0960 | Val Acc 96.53% | 26.5s
2026-06-25 07:26:57 | Epoch 49/50 | Loss 0.0452 | Acc 98.56% | Val Loss 0.1018 | Val Acc 96.04% | 26.6s
2026-06-25 07:27:24 | Epoch 50/50 | Loss 0.0446 | Acc 98.44% | Val Loss 0.1029 | Val Acc 96.53% | 26.6s
2026-06-25 07:27:24 | Finished Hybrid_se-se-se fold 4 in 23.64 min.
2026-06-25 07:27:28 | 
================================================================================
2026-06-25 07:27:28 | TRAINING: Hybrid_se-se-se | FOLD 5/5
2026-06-25 07:27:28 | ================================================================================
2026-06-25 07:27:28 | [INFO] reduced batch_size=64 for hybrid model to avoid OOM.
2026-06-25 07:28:24 | Epoch 01/50 | Loss 1.1516 | Acc 54.71% | Val Loss 0.8738 | Val Acc 71.49% | 55.8s
2026-06-25 07:28:24 |   --> saved best to C:\Users\Admin\Desktop\hai\ConViTX\code ViT_8 block CNN\HybridModel_PlantPathology_Ablation\results\Hybrid_se-se-se_fold5_best.pth
2026-06-25 07:28:40 | Epoch 02/50 | Loss 0.7297 | Acc 78.57% | Val Loss 0.5337 | Val Acc 87.32% | 15.6s
2026-06-25 07:28:40 |   --> saved best to C:\Users\Admin\Desktop\hai\ConViTX\code ViT_8 block CNN\HybridModel_PlantPathology_Ablation\results\Hybrid_se-se-se_fold5_best.pth
2026-06-25 07:28:55 | Epoch 03/50 | Loss 0.4923 | Acc 87.64% | Val Loss 0.3975 | Val Acc 90.06% | 15.5s
2026-06-25 07:28:55 |   --> saved best to C:\Users\Admin\Desktop\hai\ConViTX\code ViT_8 block CNN\HybridModel_PlantPathology_Ablation\results\Hybrid_se-se-se_fold5_best.pth
2026-06-25 07:29:11 | Epoch 04/50 | Loss 0.3828 | Acc 90.69% | Val Loss 0.3280 | Val Acc 92.08% | 15.6s
2026-06-25 07:29:11 |   --> saved best to C:\Users\Admin\Desktop\hai\ConViTX\code ViT_8 block CNN\HybridModel_PlantPathology_Ablation\results\Hybrid_se-se-se_fold5_best.pth
2026-06-25 07:29:27 | Epoch 05/50 | Loss 0.3220 | Acc 91.76% | Val Loss 0.2708 | Val Acc 92.73% | 15.6s
2026-06-25 07:29:27 |   --> saved best to C:\Users\Admin\Desktop\hai\ConViTX\code ViT_8 block CNN\HybridModel_PlantPathology_Ablation\results\Hybrid_se-se-se_fold5_best.pth
2026-06-25 07:29:42 | Epoch 06/50 | Loss 0.2814 | Acc 92.43% | Val Loss 0.2432 | Val Acc 93.38% | 15.7s
2026-06-25 07:29:42 |   --> saved best to C:\Users\Admin\Desktop\hai\ConViTX\code ViT_8 block CNN\HybridModel_PlantPathology_Ablation\results\Hybrid_se-se-se_fold5_best.pth
2026-06-25 07:29:58 | Epoch 07/50 | Loss 0.2435 | Acc 93.38% | Val Loss 0.2204 | Val Acc 93.86% | 15.6s
2026-06-25 07:29:58 |   --> saved best to C:\Users\Admin\Desktop\hai\ConViTX\code ViT_8 block CNN\HybridModel_PlantPathology_Ablation\results\Hybrid_se-se-se_fold5_best.pth
2026-06-25 07:30:14 | Epoch 08/50 | Loss 0.2225 | Acc 93.51% | Val Loss 0.2090 | Val Acc 94.02% | 15.6s
2026-06-25 07:30:14 |   --> saved best to C:\Users\Admin\Desktop\hai\ConViTX\code ViT_8 block CNN\HybridModel_PlantPathology_Ablation\results\Hybrid_se-se-se_fold5_best.pth
2026-06-25 07:30:29 | Epoch 09/50 | Loss 0.2019 | Acc 94.07% | Val Loss 0.1890 | Val Acc 94.18% | 15.7s
2026-06-25 07:30:29 |   --> saved best to C:\Users\Admin\Desktop\hai\ConViTX\code ViT_8 block CNN\HybridModel_PlantPathology_Ablation\results\Hybrid_se-se-se_fold5_best.pth
2026-06-25 07:30:45 | Epoch 10/50 | Loss 0.1933 | Acc 94.38% | Val Loss 0.1706 | Val Acc 94.35% | 15.7s
2026-06-25 07:30:45 |   --> saved best to C:\Users\Admin\Desktop\hai\ConViTX\code ViT_8 block CNN\HybridModel_PlantPathology_Ablation\results\Hybrid_se-se-se_fold5_best.pth
2026-06-25 07:31:01 | Epoch 11/50 | Loss 0.1781 | Acc 94.72% | Val Loss 0.1663 | Val Acc 94.59% | 15.6s
2026-06-25 07:31:01 |   --> saved best to C:\Users\Admin\Desktop\hai\ConViTX\code ViT_8 block CNN\HybridModel_PlantPathology_Ablation\results\Hybrid_se-se-se_fold5_best.pth
2026-06-25 07:31:16 | Epoch 12/50 | Loss 0.1681 | Acc 94.91% | Val Loss 0.1623 | Val Acc 94.99% | 15.5s
2026-06-25 07:31:16 |   --> saved best to C:\Users\Admin\Desktop\hai\ConViTX\code ViT_8 block CNN\HybridModel_PlantPathology_Ablation\results\Hybrid_se-se-se_fold5_best.pth
2026-06-25 07:31:32 | Epoch 13/50 | Loss 0.1595 | Acc 95.23% | Val Loss 0.1644 | Val Acc 94.99% | 15.6s
2026-06-25 07:31:48 | Epoch 14/50 | Loss 0.1484 | Acc 95.47% | Val Loss 0.1345 | Val Acc 95.88% | 15.6s
2026-06-25 07:31:48 |   --> saved best to C:\Users\Admin\Desktop\hai\ConViTX\code ViT_8 block CNN\HybridModel_PlantPathology_Ablation\results\Hybrid_se-se-se_fold5_best.pth
2026-06-25 07:32:03 | Epoch 15/50 | Loss 0.1400 | Acc 95.68% | Val Loss 0.1343 | Val Acc 95.40% | 15.6s
2026-06-25 07:32:03 |   --> saved best to C:\Users\Admin\Desktop\hai\ConViTX\code ViT_8 block CNN\HybridModel_PlantPathology_Ablation\results\Hybrid_se-se-se_fold5_best.pth
2026-06-25 07:32:19 | Epoch 16/50 | Loss 0.1338 | Acc 96.02% | Val Loss 0.1284 | Val Acc 95.40% | 15.6s
2026-06-25 07:32:19 |   --> saved best to C:\Users\Admin\Desktop\hai\ConViTX\code ViT_8 block CNN\HybridModel_PlantPathology_Ablation\results\Hybrid_se-se-se_fold5_best.pth
2026-06-25 07:32:35 | Epoch 17/50 | Loss 0.1288 | Acc 95.96% | Val Loss 0.1222 | Val Acc 95.88% | 15.6s
2026-06-25 07:32:35 |   --> saved best to C:\Users\Admin\Desktop\hai\ConViTX\code ViT_8 block CNN\HybridModel_PlantPathology_Ablation\results\Hybrid_se-se-se_fold5_best.pth
2026-06-25 07:32:50 | Epoch 18/50 | Loss 0.1170 | Acc 96.55% | Val Loss 0.1262 | Val Acc 95.64% | 15.6s
2026-06-25 07:33:06 | Epoch 19/50 | Loss 0.1198 | Acc 96.43% | Val Loss 0.1174 | Val Acc 96.12% | 15.6s
2026-06-25 07:33:06 |   --> saved best to C:\Users\Admin\Desktop\hai\ConViTX\code ViT_8 block CNN\HybridModel_PlantPathology_Ablation\results\Hybrid_se-se-se_fold5_best.pth
2026-06-25 07:33:21 | Epoch 20/50 | Loss 0.1185 | Acc 96.21% | Val Loss 0.1144 | Val Acc 96.12% | 15.6s
2026-06-25 07:33:22 |   --> saved best to C:\Users\Admin\Desktop\hai\ConViTX\code ViT_8 block CNN\HybridModel_PlantPathology_Ablation\results\Hybrid_se-se-se_fold5_best.pth
2026-06-25 07:33:37 | Epoch 21/50 | Loss 0.1153 | Acc 96.27% | Val Loss 0.1108 | Val Acc 95.72% | 15.5s
2026-06-25 07:33:37 |   --> saved best to C:\Users\Admin\Desktop\hai\ConViTX\code ViT_8 block CNN\HybridModel_PlantPathology_Ablation\results\Hybrid_se-se-se_fold5_best.pth
2026-06-25 07:33:53 | Epoch 22/50 | Loss 0.1087 | Acc 96.65% | Val Loss 0.1135 | Val Acc 95.64% | 15.6s
2026-06-25 07:34:08 | Epoch 23/50 | Loss 0.0955 | Acc 96.90% | Val Loss 0.1028 | Val Acc 96.37% | 15.6s
2026-06-25 07:34:08 |   --> saved best to C:\Users\Admin\Desktop\hai\ConViTX\code ViT_8 block CNN\HybridModel_PlantPathology_Ablation\results\Hybrid_se-se-se_fold5_best.pth
2026-06-25 07:34:24 | Epoch 24/50 | Loss 0.0939 | Acc 96.94% | Val Loss 0.0993 | Val Acc 96.28% | 15.6s
2026-06-25 07:34:24 |   --> saved best to C:\Users\Admin\Desktop\hai\ConViTX\code ViT_8 block CNN\HybridModel_PlantPathology_Ablation\results\Hybrid_se-se-se_fold5_best.pth
2026-06-25 07:34:40 | Epoch 25/50 | Loss 0.0917 | Acc 97.16% | Val Loss 0.1107 | Val Acc 95.72% | 15.5s
2026-06-25 07:34:55 | Epoch 26/50 | Loss 0.0935 | Acc 96.69% | Val Loss 0.1028 | Val Acc 95.96% | 15.5s
2026-06-25 07:35:11 | Epoch 27/50 | Loss 0.0935 | Acc 96.92% | Val Loss 0.1052 | Val Acc 95.80% | 15.5s
2026-06-25 07:35:26 | Epoch 28/50 | Loss 0.0875 | Acc 96.96% | Val Loss 0.1037 | Val Acc 95.88% | 15.6s
2026-06-25 07:35:42 | Epoch 29/50 | Loss 0.0816 | Acc 97.48% | Val Loss 0.0990 | Val Acc 96.28% | 15.7s
2026-06-25 07:35:42 |   --> saved best to C:\Users\Admin\Desktop\hai\ConViTX\code ViT_8 block CNN\HybridModel_PlantPathology_Ablation\results\Hybrid_se-se-se_fold5_best.pth
2026-06-25 07:35:58 | Epoch 30/50 | Loss 0.0738 | Acc 97.71% | Val Loss 0.0978 | Val Acc 96.37% | 15.7s
2026-06-25 07:35:58 |   --> saved best to C:\Users\Admin\Desktop\hai\ConViTX\code ViT_8 block CNN\HybridModel_PlantPathology_Ablation\results\Hybrid_se-se-se_fold5_best.pth
2026-06-25 07:36:14 | Epoch 31/50 | Loss 0.0821 | Acc 97.24% | Val Loss 0.0950 | Val Acc 96.37% | 15.7s
2026-06-25 07:36:14 |   --> saved best to C:\Users\Admin\Desktop\hai\ConViTX\code ViT_8 block CNN\HybridModel_PlantPathology_Ablation\results\Hybrid_se-se-se_fold5_best.pth
2026-06-25 07:36:29 | Epoch 32/50 | Loss 0.0737 | Acc 97.52% | Val Loss 0.0946 | Val Acc 96.61% | 15.6s
2026-06-25 07:36:29 |   --> saved best to C:\Users\Admin\Desktop\hai\ConViTX\code ViT_8 block CNN\HybridModel_PlantPathology_Ablation\results\Hybrid_se-se-se_fold5_best.pth
2026-06-25 07:36:45 | Epoch 33/50 | Loss 0.0731 | Acc 97.79% | Val Loss 0.0928 | Val Acc 96.37% | 15.5s
2026-06-25 07:36:45 |   --> saved best to C:\Users\Admin\Desktop\hai\ConViTX\code ViT_8 block CNN\HybridModel_PlantPathology_Ablation\results\Hybrid_se-se-se_fold5_best.pth
2026-06-25 07:37:00 | Epoch 34/50 | Loss 0.0749 | Acc 97.63% | Val Loss 0.0863 | Val Acc 97.01% | 15.5s
2026-06-25 07:37:00 |   --> saved best to C:\Users\Admin\Desktop\hai\ConViTX\code ViT_8 block CNN\HybridModel_PlantPathology_Ablation\results\Hybrid_se-se-se_fold5_best.pth
2026-06-25 07:37:16 | Epoch 35/50 | Loss 0.0691 | Acc 97.85% | Val Loss 0.0907 | Val Acc 96.93% | 15.5s
2026-06-25 07:37:31 | Epoch 36/50 | Loss 0.0718 | Acc 97.42% | Val Loss 0.0928 | Val Acc 96.93% | 15.5s
2026-06-25 07:37:47 | Epoch 37/50 | Loss 0.0690 | Acc 97.83% | Val Loss 0.0914 | Val Acc 96.61% | 15.5s
2026-06-25 07:38:03 | Epoch 38/50 | Loss 0.0631 | Acc 97.79% | Val Loss 0.0904 | Val Acc 96.85% | 15.6s
2026-06-25 07:38:18 | Epoch 39/50 | Loss 0.0597 | Acc 98.07% | Val Loss 0.0895 | Val Acc 96.69% | 15.6s
2026-06-25 07:38:34 | Epoch 40/50 | Loss 0.0551 | Acc 98.40% | Val Loss 0.0973 | Val Acc 96.37% | 15.6s
2026-06-25 07:38:50 | Epoch 41/50 | Loss 0.0615 | Acc 97.85% | Val Loss 0.0919 | Val Acc 97.42% | 15.6s
2026-06-25 07:39:05 | Epoch 42/50 | Loss 0.0637 | Acc 97.97% | Val Loss 0.0944 | Val Acc 96.61% | 15.6s
2026-06-25 07:39:21 | Epoch 43/50 | Loss 0.0564 | Acc 98.17% | Val Loss 0.0858 | Val Acc 97.09% | 15.5s
2026-06-25 07:39:21 |   --> saved best to C:\Users\Admin\Desktop\hai\ConViTX\code ViT_8 block CNN\HybridModel_PlantPathology_Ablation\results\Hybrid_se-se-se_fold5_best.pth
2026-06-25 07:39:36 | Epoch 44/50 | Loss 0.0522 | Acc 98.38% | Val Loss 0.1072 | Val Acc 96.45% | 15.5s
2026-06-25 07:39:52 | Epoch 45/50 | Loss 0.0523 | Acc 98.46% | Val Loss 0.0836 | Val Acc 97.33% | 15.7s
2026-06-25 07:39:52 |   --> saved best to C:\Users\Admin\Desktop\hai\ConViTX\code ViT_8 block CNN\HybridModel_PlantPathology_Ablation\results\Hybrid_se-se-se_fold5_best.pth
2026-06-25 07:40:08 | Epoch 46/50 | Loss 0.0440 | Acc 98.52% | Val Loss 0.0857 | Val Acc 97.17% | 16.1s
2026-06-25 07:40:25 | Epoch 47/50 | Loss 0.0500 | Acc 98.23% | Val Loss 0.0870 | Val Acc 97.01% | 16.8s
2026-06-25 07:40:42 | Epoch 48/50 | Loss 0.0456 | Acc 98.40% | Val Loss 0.0880 | Val Acc 96.93% | 16.7s
2026-06-25 07:40:59 | Epoch 49/50 | Loss 0.0499 | Acc 98.30% | Val Loss 0.1124 | Val Acc 96.12% | 16.6s
2026-06-25 07:41:15 | Epoch 50/50 | Loss 0.0448 | Acc 98.46% | Val Loss 0.0821 | Val Acc 97.74% | 16.6s
2026-06-25 07:41:15 |   --> saved best to C:\Users\Admin\Desktop\hai\ConViTX\code ViT_8 block CNN\HybridModel_PlantPathology_Ablation\results\Hybrid_se-se-se_fold5_best.pth
2026-06-25 07:41:15 | Finished Hybrid_se-se-se fold 5 in 13.78 min.
2026-06-25 07:41:20 | [RESUME] Hybrid_se-se-secbam_fold1 đã train xong trong chiến dịch này -> bỏ qua. (dùng --force để train lại)
2026-06-25 07:41:20 | [RESUME] Hybrid_se-se-secbam_fold2 đã train xong trong chiến dịch này -> bỏ qua. (dùng --force để train lại)
2026-06-25 07:41:20 | [RESUME] Hybrid_se-se-secbam_fold3 đã train xong trong chiến dịch này -> bỏ qua. (dùng --force để train lại)
2026-06-25 07:41:20 | [RESUME] Hybrid_se-se-secbam_fold4 đã train xong trong chiến dịch này -> bỏ qua. (dùng --force để train lại)
2026-06-25 07:41:20 | [RESUME] Hybrid_se-se-secbam_fold5 đã train xong trong chiến dịch này -> bỏ qua. (dùng --force để train lại)
2026-06-25 07:41:20 | 
================================================================================
2026-06-25 07:41:20 | TRAINING: Hybrid_secbam-secbam-secbam | FOLD 1/5
2026-06-25 07:41:20 | ================================================================================
2026-06-25 07:41:20 | [INFO] reduced batch_size=64 for hybrid model to avoid OOM.
2026-06-25 07:42:40 | Epoch 01/50 | Loss 1.2256 | Acc 55.70% | Val Loss 1.0377 | Val Acc 63.28% | 80.2s
2026-06-25 07:42:40 |   --> saved best to C:\Users\Admin\Desktop\hai\ConViTX\code ViT_8 block CNN\HybridModel_PlantPathology_Ablation\results\Hybrid_secbam-secbam-secbam_fold1_best.pth
2026-06-25 07:42:56 | Epoch 02/50 | Loss 0.8610 | Acc 81.33% | Val Loss 0.6822 | Val Acc 86.12% | 15.9s
2026-06-25 07:42:56 |   --> saved best to C:\Users\Admin\Desktop\hai\ConViTX\code ViT_8 block CNN\HybridModel_PlantPathology_Ablation\results\Hybrid_secbam-secbam-secbam_fold1_best.pth
2026-06-25 07:43:12 | Epoch 03/50 | Loss 0.5481 | Acc 89.12% | Val Loss 0.4084 | Val Acc 90.72% | 15.8s
2026-06-25 07:43:12 |   --> saved best to C:\Users\Admin\Desktop\hai\ConViTX\code ViT_8 block CNN\HybridModel_PlantPathology_Ablation\results\Hybrid_secbam-secbam-secbam_fold1_best.pth
2026-06-25 07:43:28 | Epoch 04/50 | Loss 0.3384 | Acc 91.72% | Val Loss 0.2724 | Val Acc 92.09% | 15.9s
2026-06-25 07:43:28 |   --> saved best to C:\Users\Admin\Desktop\hai\ConViTX\code ViT_8 block CNN\HybridModel_PlantPathology_Ablation\results\Hybrid_secbam-secbam-secbam_fold1_best.pth
2026-06-25 07:43:44 | Epoch 05/50 | Loss 0.2553 | Acc 92.84% | Val Loss 0.2220 | Val Acc 92.66% | 15.8s
2026-06-25 07:43:44 |   --> saved best to C:\Users\Admin\Desktop\hai\ConViTX\code ViT_8 block CNN\HybridModel_PlantPathology_Ablation\results\Hybrid_secbam-secbam-secbam_fold1_best.pth
2026-06-25 07:44:00 | Epoch 06/50 | Loss 0.2253 | Acc 93.30% | Val Loss 0.2012 | Val Acc 93.22% | 15.8s
2026-06-25 07:44:00 |   --> saved best to C:\Users\Admin\Desktop\hai\ConViTX\code ViT_8 block CNN\HybridModel_PlantPathology_Ablation\results\Hybrid_secbam-secbam-secbam_fold1_best.pth
2026-06-25 07:44:15 | Epoch 07/50 | Loss 0.1958 | Acc 94.03% | Val Loss 0.1863 | Val Acc 93.87% | 15.7s
2026-06-25 07:44:15 |   --> saved best to C:\Users\Admin\Desktop\hai\ConViTX\code ViT_8 block CNN\HybridModel_PlantPathology_Ablation\results\Hybrid_secbam-secbam-secbam_fold1_best.pth
2026-06-25 07:44:31 | Epoch 08/50 | Loss 0.1699 | Acc 94.68% | Val Loss 0.1753 | Val Acc 94.19% | 15.7s
2026-06-25 07:44:31 |   --> saved best to C:\Users\Admin\Desktop\hai\ConViTX\code ViT_8 block CNN\HybridModel_PlantPathology_Ablation\results\Hybrid_secbam-secbam-secbam_fold1_best.pth
2026-06-25 07:44:47 | Epoch 09/50 | Loss 0.1615 | Acc 94.74% | Val Loss 0.1656 | Val Acc 94.51% | 15.6s
2026-06-25 07:44:47 |   --> saved best to C:\Users\Admin\Desktop\hai\ConViTX\code ViT_8 block CNN\HybridModel_PlantPathology_Ablation\results\Hybrid_secbam-secbam-secbam_fold1_best.pth
2026-06-25 07:45:03 | Epoch 10/50 | Loss 0.1487 | Acc 95.39% | Val Loss 0.1630 | Val Acc 94.43% | 16.0s
2026-06-25 07:45:03 |   --> saved best to C:\Users\Admin\Desktop\hai\ConViTX\code ViT_8 block CNN\HybridModel_PlantPathology_Ablation\results\Hybrid_secbam-secbam-secbam_fold1_best.pth
2026-06-25 07:45:20 | Epoch 11/50 | Loss 0.1347 | Acc 95.33% | Val Loss 0.1599 | Val Acc 94.43% | 16.5s
2026-06-25 07:45:20 |   --> saved best to C:\Users\Admin\Desktop\hai\ConViTX\code ViT_8 block CNN\HybridModel_PlantPathology_Ablation\results\Hybrid_secbam-secbam-secbam_fold1_best.pth
2026-06-25 07:45:36 | Epoch 12/50 | Loss 0.1310 | Acc 95.76% | Val Loss 0.1471 | Val Acc 95.00% | 16.6s
2026-06-25 07:45:36 |   --> saved best to C:\Users\Admin\Desktop\hai\ConViTX\code ViT_8 block CNN\HybridModel_PlantPathology_Ablation\results\Hybrid_secbam-secbam-secbam_fold1_best.pth
2026-06-25 07:45:53 | Epoch 13/50 | Loss 0.1217 | Acc 95.88% | Val Loss 0.1510 | Val Acc 95.00% | 16.5s
2026-06-25 07:46:10 | Epoch 14/50 | Loss 0.1253 | Acc 95.68% | Val Loss 0.1452 | Val Acc 94.92% | 16.7s
2026-06-25 07:46:10 |   --> saved best to C:\Users\Admin\Desktop\hai\ConViTX\code ViT_8 block CNN\HybridModel_PlantPathology_Ablation\results\Hybrid_secbam-secbam-secbam_fold1_best.pth
2026-06-25 07:46:26 | Epoch 15/50 | Loss 0.1132 | Acc 96.47% | Val Loss 0.1367 | Val Acc 95.16% | 16.0s
2026-06-25 07:46:26 |   --> saved best to C:\Users\Admin\Desktop\hai\ConViTX\code ViT_8 block CNN\HybridModel_PlantPathology_Ablation\results\Hybrid_secbam-secbam-secbam_fold1_best.pth
2026-06-25 07:46:42 | Epoch 16/50 | Loss 0.1121 | Acc 96.12% | Val Loss 0.1365 | Val Acc 95.08% | 15.8s
2026-06-25 07:46:42 |   --> saved best to C:\Users\Admin\Desktop\hai\ConViTX\code ViT_8 block CNN\HybridModel_PlantPathology_Ablation\results\Hybrid_secbam-secbam-secbam_fold1_best.pth
2026-06-25 07:46:58 | Epoch 17/50 | Loss 0.1040 | Acc 96.29% | Val Loss 0.1364 | Val Acc 95.80% | 16.3s
2026-06-25 07:46:58 |   --> saved best to C:\Users\Admin\Desktop\hai\ConViTX\code ViT_8 block CNN\HybridModel_PlantPathology_Ablation\results\Hybrid_secbam-secbam-secbam_fold1_best.pth
2026-06-25 07:47:15 | Epoch 18/50 | Loss 0.1052 | Acc 96.39% | Val Loss 0.1498 | Val Acc 95.64% | 16.7s
2026-06-25 07:47:31 | Epoch 19/50 | Loss 0.0991 | Acc 96.69% | Val Loss 0.1307 | Val Acc 95.32% | 16.4s
2026-06-25 07:47:31 |   --> saved best to C:\Users\Admin\Desktop\hai\ConViTX\code ViT_8 block CNN\HybridModel_PlantPathology_Ablation\results\Hybrid_secbam-secbam-secbam_fold1_best.pth
2026-06-25 07:47:48 | Epoch 20/50 | Loss 0.1001 | Acc 96.55% | Val Loss 0.1387 | Val Acc 95.40% | 16.5s
2026-06-25 07:48:05 | Epoch 21/50 | Loss 0.0905 | Acc 96.83% | Val Loss 0.1312 | Val Acc 95.32% | 16.6s
2026-06-25 07:48:21 | Epoch 22/50 | Loss 0.0832 | Acc 97.26% | Val Loss 0.1291 | Val Acc 95.80% | 16.4s
2026-06-25 07:48:21 |   --> saved best to C:\Users\Admin\Desktop\hai\ConViTX\code ViT_8 block CNN\HybridModel_PlantPathology_Ablation\results\Hybrid_secbam-secbam-secbam_fold1_best.pth
2026-06-25 07:48:38 | Epoch 23/50 | Loss 0.0862 | Acc 96.96% | Val Loss 0.1245 | Val Acc 95.32% | 16.4s
2026-06-25 07:48:38 |   --> saved best to C:\Users\Admin\Desktop\hai\ConViTX\code ViT_8 block CNN\HybridModel_PlantPathology_Ablation\results\Hybrid_secbam-secbam-secbam_fold1_best.pth
2026-06-25 07:48:55 | Epoch 24/50 | Loss 0.0796 | Acc 97.40% | Val Loss 0.1358 | Val Acc 95.16% | 16.6s
2026-06-25 07:49:11 | Epoch 25/50 | Loss 0.0793 | Acc 97.34% | Val Loss 0.1234 | Val Acc 95.96% | 16.5s
2026-06-25 07:49:11 |   --> saved best to C:\Users\Admin\Desktop\hai\ConViTX\code ViT_8 block CNN\HybridModel_PlantPathology_Ablation\results\Hybrid_secbam-secbam-secbam_fold1_best.pth
2026-06-25 07:49:28 | Epoch 26/50 | Loss 0.0787 | Acc 97.28% | Val Loss 0.1231 | Val Acc 95.48% | 16.5s
2026-06-25 07:49:28 |   --> saved best to C:\Users\Admin\Desktop\hai\ConViTX\code ViT_8 block CNN\HybridModel_PlantPathology_Ablation\results\Hybrid_secbam-secbam-secbam_fold1_best.pth
2026-06-25 07:49:44 | Epoch 27/50 | Loss 0.0737 | Acc 97.65% | Val Loss 0.1271 | Val Acc 95.56% | 16.5s
2026-06-25 07:50:01 | Epoch 28/50 | Loss 0.0698 | Acc 97.54% | Val Loss 0.1212 | Val Acc 95.48% | 16.5s
2026-06-25 07:50:01 |   --> saved best to C:\Users\Admin\Desktop\hai\ConViTX\code ViT_8 block CNN\HybridModel_PlantPathology_Ablation\results\Hybrid_secbam-secbam-secbam_fold1_best.pth
2026-06-25 07:50:18 | Epoch 29/50 | Loss 0.0728 | Acc 97.56% | Val Loss 0.1180 | Val Acc 95.80% | 16.5s
2026-06-25 07:50:18 |   --> saved best to C:\Users\Admin\Desktop\hai\ConViTX\code ViT_8 block CNN\HybridModel_PlantPathology_Ablation\results\Hybrid_secbam-secbam-secbam_fold1_best.pth
2026-06-25 07:50:34 | Epoch 30/50 | Loss 0.0717 | Acc 97.63% | Val Loss 0.1071 | Val Acc 96.13% | 16.5s
2026-06-25 07:50:34 |   --> saved best to C:\Users\Admin\Desktop\hai\ConViTX\code ViT_8 block CNN\HybridModel_PlantPathology_Ablation\results\Hybrid_secbam-secbam-secbam_fold1_best.pth
2026-06-25 07:50:51 | Epoch 31/50 | Loss 0.0718 | Acc 97.59% | Val Loss 0.1269 | Val Acc 95.72% | 16.5s
2026-06-25 07:51:07 | Epoch 32/50 | Loss 0.0625 | Acc 98.13% | Val Loss 0.1141 | Val Acc 96.13% | 16.6s
2026-06-25 07:51:24 | Epoch 33/50 | Loss 0.0616 | Acc 97.81% | Val Loss 0.1216 | Val Acc 95.72% | 16.6s
2026-06-25 07:51:41 | Epoch 34/50 | Loss 0.0560 | Acc 98.03% | Val Loss 0.1297 | Val Acc 95.32% | 16.5s
2026-06-25 07:51:57 | Epoch 35/50 | Loss 0.0603 | Acc 98.01% | Val Loss 0.1212 | Val Acc 95.88% | 16.5s
2026-06-25 07:52:14 | Epoch 36/50 | Loss 0.0567 | Acc 98.11% | Val Loss 0.1223 | Val Acc 95.96% | 16.3s
2026-06-25 07:52:30 | Epoch 37/50 | Loss 0.0525 | Acc 98.09% | Val Loss 0.1170 | Val Acc 96.37% | 16.4s
2026-06-25 07:52:47 | Epoch 38/50 | Loss 0.0533 | Acc 98.07% | Val Loss 0.1143 | Val Acc 96.05% | 16.6s
2026-06-25 07:53:04 | Epoch 39/50 | Loss 0.0462 | Acc 98.44% | Val Loss 0.1263 | Val Acc 95.56% | 16.7s
2026-06-25 07:53:20 | Epoch 40/50 | Loss 0.0498 | Acc 98.34% | Val Loss 0.1213 | Val Acc 96.13% | 16.5s
2026-06-25 07:53:37 | Epoch 41/50 | Loss 0.0479 | Acc 98.30% | Val Loss 0.1124 | Val Acc 96.45% | 16.5s
2026-06-25 07:53:54 | Epoch 42/50 | Loss 0.0500 | Acc 98.28% | Val Loss 0.1373 | Val Acc 95.00% | 16.5s
2026-06-25 07:54:10 | Epoch 43/50 | Loss 0.0413 | Acc 98.80% | Val Loss 0.1243 | Val Acc 95.96% | 16.6s
2026-06-25 07:54:27 | Epoch 44/50 | Loss 0.0438 | Acc 98.38% | Val Loss 0.1184 | Val Acc 95.64% | 16.5s
2026-06-25 07:54:43 | Epoch 45/50 | Loss 0.0498 | Acc 98.38% | Val Loss 0.1159 | Val Acc 95.88% | 16.6s
2026-06-25 07:54:44 | Early stopping at epoch 45.
2026-06-25 07:54:44 | Finished Hybrid_secbam-secbam-secbam fold 1 in 13.39 min.
2026-06-25 07:54:48 | 
================================================================================
2026-06-25 07:54:48 | TRAINING: Hybrid_secbam-secbam-secbam | FOLD 2/5
2026-06-25 07:54:48 | ================================================================================
2026-06-25 07:54:48 | [INFO] reduced batch_size=64 for hybrid model to avoid OOM.
2026-06-25 07:55:38 | Epoch 01/50 | Loss 1.2764 | Acc 39.04% | Val Loss 1.1161 | Val Acc 52.87% | 50.4s
2026-06-25 07:55:38 |   --> saved best to C:\Users\Admin\Desktop\hai\ConViTX\code ViT_8 block CNN\HybridModel_PlantPathology_Ablation\results\Hybrid_secbam-secbam-secbam_fold2_best.pth
2026-06-25 07:55:55 | Epoch 02/50 | Loss 0.9826 | Acc 70.31% | Val Loss 0.7641 | Val Acc 80.55% | 16.5s
2026-06-25 07:55:55 |   --> saved best to C:\Users\Admin\Desktop\hai\ConViTX\code ViT_8 block CNN\HybridModel_PlantPathology_Ablation\results\Hybrid_secbam-secbam-secbam_fold2_best.pth
2026-06-25 07:56:12 | Epoch 03/50 | Loss 0.7014 | Acc 83.71% | Val Loss 0.5473 | Val Acc 87.17% | 16.6s
2026-06-25 07:56:12 |   --> saved best to C:\Users\Admin\Desktop\hai\ConViTX\code ViT_8 block CNN\HybridModel_PlantPathology_Ablation\results\Hybrid_secbam-secbam-secbam_fold2_best.pth
2026-06-25 07:56:28 | Epoch 04/50 | Loss 0.4925 | Acc 89.04% | Val Loss 0.3739 | Val Acc 91.61% | 16.5s
2026-06-25 07:56:28 |   --> saved best to C:\Users\Admin\Desktop\hai\ConViTX\code ViT_8 block CNN\HybridModel_PlantPathology_Ablation\results\Hybrid_secbam-secbam-secbam_fold2_best.pth
2026-06-25 07:56:45 | Epoch 05/50 | Loss 0.3452 | Acc 91.96% | Val Loss 0.2609 | Val Acc 93.54% | 16.6s
2026-06-25 07:56:45 |   --> saved best to C:\Users\Admin\Desktop\hai\ConViTX\code ViT_8 block CNN\HybridModel_PlantPathology_Ablation\results\Hybrid_secbam-secbam-secbam_fold2_best.pth
2026-06-25 07:57:02 | Epoch 06/50 | Loss 0.2440 | Acc 93.26% | Val Loss 0.1889 | Val Acc 94.43% | 16.5s
2026-06-25 07:57:02 |   --> saved best to C:\Users\Admin\Desktop\hai\ConViTX\code ViT_8 block CNN\HybridModel_PlantPathology_Ablation\results\Hybrid_secbam-secbam-secbam_fold2_best.pth
2026-06-25 07:57:18 | Epoch 07/50 | Loss 0.2066 | Acc 93.61% | Val Loss 0.1529 | Val Acc 95.24% | 16.5s
2026-06-25 07:57:18 |   --> saved best to C:\Users\Admin\Desktop\hai\ConViTX\code ViT_8 block CNN\HybridModel_PlantPathology_Ablation\results\Hybrid_secbam-secbam-secbam_fold2_best.pth
2026-06-25 07:57:35 | Epoch 08/50 | Loss 0.1821 | Acc 94.32% | Val Loss 0.1452 | Val Acc 95.32% | 16.5s
2026-06-25 07:57:35 |   --> saved best to C:\Users\Admin\Desktop\hai\ConViTX\code ViT_8 block CNN\HybridModel_PlantPathology_Ablation\results\Hybrid_secbam-secbam-secbam_fold2_best.pth
2026-06-25 07:57:51 | Epoch 09/50 | Loss 0.1621 | Acc 94.87% | Val Loss 0.1321 | Val Acc 95.24% | 15.9s
2026-06-25 07:57:51 |   --> saved best to C:\Users\Admin\Desktop\hai\ConViTX\code ViT_8 block CNN\HybridModel_PlantPathology_Ablation\results\Hybrid_secbam-secbam-secbam_fold2_best.pth
2026-06-25 07:58:07 | Epoch 10/50 | Loss 0.1533 | Acc 94.99% | Val Loss 0.1174 | Val Acc 96.13% | 15.8s
2026-06-25 07:58:07 |   --> saved best to C:\Users\Admin\Desktop\hai\ConViTX\code ViT_8 block CNN\HybridModel_PlantPathology_Ablation\results\Hybrid_secbam-secbam-secbam_fold2_best.pth
2026-06-25 07:58:23 | Epoch 11/50 | Loss 0.1395 | Acc 95.62% | Val Loss 0.1122 | Val Acc 96.13% | 15.7s
2026-06-25 07:58:23 |   --> saved best to C:\Users\Admin\Desktop\hai\ConViTX\code ViT_8 block CNN\HybridModel_PlantPathology_Ablation\results\Hybrid_secbam-secbam-secbam_fold2_best.pth
2026-06-25 07:58:38 | Epoch 12/50 | Loss 0.1338 | Acc 95.66% | Val Loss 0.1101 | Val Acc 96.05% | 15.7s
2026-06-25 07:58:38 |   --> saved best to C:\Users\Admin\Desktop\hai\ConViTX\code ViT_8 block CNN\HybridModel_PlantPathology_Ablation\results\Hybrid_secbam-secbam-secbam_fold2_best.pth
2026-06-25 07:58:54 | Epoch 13/50 | Loss 0.1242 | Acc 96.23% | Val Loss 0.1084 | Val Acc 96.21% | 15.8s
2026-06-25 07:58:54 |   --> saved best to C:\Users\Admin\Desktop\hai\ConViTX\code ViT_8 block CNN\HybridModel_PlantPathology_Ablation\results\Hybrid_secbam-secbam-secbam_fold2_best.pth
2026-06-25 07:59:10 | Epoch 14/50 | Loss 0.1171 | Acc 96.00% | Val Loss 0.1080 | Val Acc 96.61% | 15.8s
2026-06-25 07:59:10 |   --> saved best to C:\Users\Admin\Desktop\hai\ConViTX\code ViT_8 block CNN\HybridModel_PlantPathology_Ablation\results\Hybrid_secbam-secbam-secbam_fold2_best.pth
2026-06-25 07:59:26 | Epoch 15/50 | Loss 0.1091 | Acc 96.39% | Val Loss 0.1001 | Val Acc 96.45% | 15.7s
2026-06-25 07:59:26 |   --> saved best to C:\Users\Admin\Desktop\hai\ConViTX\code ViT_8 block CNN\HybridModel_PlantPathology_Ablation\results\Hybrid_secbam-secbam-secbam_fold2_best.pth
2026-06-25 07:59:42 | Epoch 16/50 | Loss 0.1105 | Acc 96.37% | Val Loss 0.1008 | Val Acc 96.61% | 15.7s
2026-06-25 07:59:58 | Epoch 17/50 | Loss 0.1056 | Acc 96.27% | Val Loss 0.0947 | Val Acc 96.77% | 15.7s
2026-06-25 07:59:58 |   --> saved best to C:\Users\Admin\Desktop\hai\ConViTX\code ViT_8 block CNN\HybridModel_PlantPathology_Ablation\results\Hybrid_secbam-secbam-secbam_fold2_best.pth
2026-06-25 08:00:13 | Epoch 18/50 | Loss 0.1077 | Acc 96.69% | Val Loss 0.1073 | Val Acc 96.69% | 15.8s
2026-06-25 08:00:29 | Epoch 19/50 | Loss 0.0989 | Acc 96.59% | Val Loss 0.0970 | Val Acc 97.01% | 15.7s
2026-06-25 08:00:45 | Epoch 20/50 | Loss 0.0992 | Acc 96.85% | Val Loss 0.0945 | Val Acc 96.93% | 15.8s
2026-06-25 08:00:45 |   --> saved best to C:\Users\Admin\Desktop\hai\ConViTX\code ViT_8 block CNN\HybridModel_PlantPathology_Ablation\results\Hybrid_secbam-secbam-secbam_fold2_best.pth
2026-06-25 08:01:01 | Epoch 21/50 | Loss 0.0893 | Acc 97.02% | Val Loss 0.1010 | Val Acc 96.69% | 15.7s
2026-06-25 08:01:17 | Epoch 22/50 | Loss 0.0878 | Acc 97.00% | Val Loss 0.0949 | Val Acc 96.85% | 15.8s
2026-06-25 08:01:33 | Epoch 23/50 | Loss 0.0855 | Acc 97.18% | Val Loss 0.0949 | Val Acc 97.01% | 15.9s
2026-06-25 08:01:48 | Epoch 24/50 | Loss 0.0819 | Acc 97.36% | Val Loss 0.0910 | Val Acc 96.93% | 15.9s
2026-06-25 08:01:48 |   --> saved best to C:\Users\Admin\Desktop\hai\ConViTX\code ViT_8 block CNN\HybridModel_PlantPathology_Ablation\results\Hybrid_secbam-secbam-secbam_fold2_best.pth
2026-06-25 08:02:04 | Epoch 25/50 | Loss 0.0813 | Acc 97.12% | Val Loss 0.0900 | Val Acc 96.93% | 15.9s
2026-06-25 08:02:04 |   --> saved best to C:\Users\Admin\Desktop\hai\ConViTX\code ViT_8 block CNN\HybridModel_PlantPathology_Ablation\results\Hybrid_secbam-secbam-secbam_fold2_best.pth
2026-06-25 08:02:25 | Epoch 26/50 | Loss 0.0742 | Acc 97.52% | Val Loss 0.0926 | Val Acc 96.93% | 20.1s
2026-06-25 08:02:57 | Epoch 27/50 | Loss 0.0716 | Acc 97.75% | Val Loss 0.0991 | Val Acc 96.77% | 32.0s
2026-06-25 13:37:42 | Log file initialized at: C:\Users\Admin\Desktop\hai\ConViTX\code ViT_8 block CNN\HybridModel_PlantPathology_Ablation\results\ablation_training.log
2026-06-25 13:37:42 | AXIS=1 | Folds to run: [1, 2, 3, 4, 5] (of 5) | Seed=42
2026-06-25 13:37:42 | Configs (9): Hybrid_none-none-none, Hybrid_se-se-se, Hybrid_se-se-secbam, Hybrid_secbam-secbam-secbam, Hybrid_none-none-se, Hybrid_none-none-secbam, Hybrid_se-se-none, Hybrid_secbam-se-secbam, Hybrid_se-secbam-secbam
2026-06-25 13:37:42 | Hyperparams: epochs=50, batch=128, lr=0.0001, patience=15, AMP/FP16
2026-06-25 13:37:42 | Resume: tìm thấy progress C:\Users\Admin\Desktop\hai\ConViTX\code ViT_8 block CNN\HybridModel_PlantPathology_Ablation\results\ablation_kfold_progress.json | 42 run đã xong trong chiến dịch này
2026-06-25 13:37:42 | Using device: cuda
2026-06-25 13:37:42 | Dataset loaded. 6192 samples, 4 classes: ['healthy', 'multiple_diseases', 'rust', 'scab']
2026-06-25 13:37:42 |   [params] Hybrid_none-none-none              = 0.319 M
2026-06-25 13:37:42 |   [params] Hybrid_se-se-se                    = 0.329 M
2026-06-25 13:37:42 |   [params] Hybrid_se-se-secbam                = 0.331 M
2026-06-25 13:37:42 |   [params] Hybrid_secbam-secbam-secbam        = 0.332 M
2026-06-25 13:37:42 |   [params] Hybrid_none-none-se                = 0.327 M
2026-06-25 13:37:43 |   [params] Hybrid_none-none-secbam            = 0.33 M
2026-06-25 13:37:43 |   [params] Hybrid_se-se-none                  = 0.321 M
2026-06-25 13:37:43 |   [params] Hybrid_secbam-se-secbam            = 0.332 M
2026-06-25 13:37:43 |   [params] Hybrid_se-secbam-secbam            = 0.332 M
2026-06-25 13:37:43 | [RESUME] Hybrid_none-none-none_fold1 đã train xong trong chiến dịch này -> bỏ qua. (dùng --force để train lại)
2026-06-25 13:37:43 | [RESUME] Hybrid_none-none-none_fold2 đã train xong trong chiến dịch này -> bỏ qua. (dùng --force để train lại)
2026-06-25 13:37:43 | [RESUME] Hybrid_none-none-none_fold3 đã train xong trong chiến dịch này -> bỏ qua. (dùng --force để train lại)
2026-06-25 13:37:43 | [RESUME] Hybrid_none-none-none_fold4 đã train xong trong chiến dịch này -> bỏ qua. (dùng --force để train lại)
2026-06-25 13:37:43 | [RESUME] Hybrid_none-none-none_fold5 đã train xong trong chiến dịch này -> bỏ qua. (dùng --force để train lại)
2026-06-25 13:37:43 | [RESUME] Hybrid_se-se-se_fold1 đã train xong trong chiến dịch này -> bỏ qua. (dùng --force để train lại)
2026-06-25 13:37:43 | [RESUME] Hybrid_se-se-se_fold2 đã train xong trong chiến dịch này -> bỏ qua. (dùng --force để train lại)
2026-06-25 13:37:43 | [RESUME] Hybrid_se-se-se_fold3 đã train xong trong chiến dịch này -> bỏ qua. (dùng --force để train lại)
2026-06-25 13:37:43 | [RESUME] Hybrid_se-se-se_fold4 đã train xong trong chiến dịch này -> bỏ qua. (dùng --force để train lại)
2026-06-25 13:37:43 | [RESUME] Hybrid_se-se-se_fold5 đã train xong trong chiến dịch này -> bỏ qua. (dùng --force để train lại)
2026-06-25 13:37:43 | [RESUME] Hybrid_se-se-secbam_fold1 đã train xong trong chiến dịch này -> bỏ qua. (dùng --force để train lại)
2026-06-25 13:37:43 | [RESUME] Hybrid_se-se-secbam_fold2 đã train xong trong chiến dịch này -> bỏ qua. (dùng --force để train lại)
2026-06-25 13:37:43 | [RESUME] Hybrid_se-se-secbam_fold3 đã train xong trong chiến dịch này -> bỏ qua. (dùng --force để train lại)
2026-06-25 13:37:43 | [RESUME] Hybrid_se-se-secbam_fold4 đã train xong trong chiến dịch này -> bỏ qua. (dùng --force để train lại)
2026-06-25 13:37:43 | [RESUME] Hybrid_se-se-secbam_fold5 đã train xong trong chiến dịch này -> bỏ qua. (dùng --force để train lại)
2026-06-25 13:37:43 | [RESUME] Hybrid_secbam-secbam-secbam_fold1 đã train xong trong chiến dịch này -> bỏ qua. (dùng --force để train lại)
2026-06-25 13:37:43 | 
================================================================================
2026-06-25 13:37:43 | TRAINING: Hybrid_secbam-secbam-secbam | FOLD 2/5
2026-06-25 13:37:43 | ================================================================================
2026-06-25 13:37:43 | [INFO] reduced batch_size=64 for hybrid model to avoid OOM.
2026-06-25 13:37:43 |   [RESUME] Found partial checkpoint C:\Users\Admin\Desktop\hai\ConViTX\code ViT_8 block CNN\HybridModel_PlantPathology_Ablation\results\Hybrid_secbam-secbam-secbam_fold2_latest.pth.
2026-06-25 13:37:43 |   Resuming from Epoch 28 (Best Val Loss 0.0900)
2026-06-25 14:59:28 | Log file initialized at: C:\Users\Admin\Desktop\hai\ConViTX\code ViT_8 block CNN\HybridModel_PlantPathology_Ablation\results\ablation_training.log
2026-06-25 14:59:28 | AXIS=1 | Folds to run: [1, 2, 3, 4, 5] (of 5) | Seed=42
2026-06-25 14:59:28 | Configs (9): Hybrid_none-none-none, Hybrid_se-se-se, Hybrid_se-se-secbam, Hybrid_secbam-secbam-secbam, Hybrid_none-none-se, Hybrid_none-none-secbam, Hybrid_se-se-none, Hybrid_secbam-se-secbam, Hybrid_se-secbam-secbam
2026-06-25 14:59:28 | Hyperparams: epochs=50, batch=128, lr=0.0001, patience=15, AMP/FP16
2026-06-25 14:59:28 | Resume: tìm thấy progress C:\Users\Admin\Desktop\hai\ConViTX\code ViT_8 block CNN\HybridModel_PlantPathology_Ablation\results\ablation_kfold_progress.json | 42 run đã xong trong chiến dịch này
2026-06-25 14:59:29 | Using device: cuda
2026-06-25 14:59:29 | Dataset loaded. 6192 samples, 4 classes: ['healthy', 'multiple_diseases', 'rust', 'scab']
2026-06-25 14:59:29 |   [params] Hybrid_none-none-none              = 0.319 M
2026-06-25 14:59:29 |   [params] Hybrid_se-se-se                    = 0.329 M
2026-06-25 14:59:29 |   [params] Hybrid_se-se-secbam                = 0.331 M
2026-06-25 14:59:29 |   [params] Hybrid_secbam-secbam-secbam        = 0.332 M
2026-06-25 14:59:29 |   [params] Hybrid_none-none-se                = 0.327 M
2026-06-25 14:59:29 |   [params] Hybrid_none-none-secbam            = 0.33 M
2026-06-25 14:59:30 |   [params] Hybrid_se-se-none                  = 0.321 M
2026-06-25 14:59:30 |   [params] Hybrid_secbam-se-secbam            = 0.332 M
2026-06-25 14:59:30 |   [params] Hybrid_se-secbam-secbam            = 0.332 M
2026-06-25 14:59:30 | [RESUME] Hybrid_none-none-none_fold1 đã train xong trong chiến dịch này -> bỏ qua. (dùng --force để train lại)
2026-06-25 14:59:30 | [RESUME] Hybrid_none-none-none_fold2 đã train xong trong chiến dịch này -> bỏ qua. (dùng --force để train lại)
2026-06-25 14:59:30 | [RESUME] Hybrid_none-none-none_fold3 đã train xong trong chiến dịch này -> bỏ qua. (dùng --force để train lại)
2026-06-25 14:59:30 | [RESUME] Hybrid_none-none-none_fold4 đã train xong trong chiến dịch này -> bỏ qua. (dùng --force để train lại)
2026-06-25 14:59:30 | [RESUME] Hybrid_none-none-none_fold5 đã train xong trong chiến dịch này -> bỏ qua. (dùng --force để train lại)
2026-06-25 14:59:30 | [RESUME] Hybrid_se-se-se_fold1 đã train xong trong chiến dịch này -> bỏ qua. (dùng --force để train lại)
2026-06-25 14:59:30 | [RESUME] Hybrid_se-se-se_fold2 đã train xong trong chiến dịch này -> bỏ qua. (dùng --force để train lại)
2026-06-25 14:59:30 | [RESUME] Hybrid_se-se-se_fold3 đã train xong trong chiến dịch này -> bỏ qua. (dùng --force để train lại)
2026-06-25 14:59:30 | [RESUME] Hybrid_se-se-se_fold4 đã train xong trong chiến dịch này -> bỏ qua. (dùng --force để train lại)
2026-06-25 14:59:30 | [RESUME] Hybrid_se-se-se_fold5 đã train xong trong chiến dịch này -> bỏ qua. (dùng --force để train lại)
2026-06-25 14:59:30 | [RESUME] Hybrid_se-se-secbam_fold1 đã train xong trong chiến dịch này -> bỏ qua. (dùng --force để train lại)
2026-06-25 14:59:30 | [RESUME] Hybrid_se-se-secbam_fold2 đã train xong trong chiến dịch này -> bỏ qua. (dùng --force để train lại)
2026-06-25 14:59:30 | [RESUME] Hybrid_se-se-secbam_fold3 đã train xong trong chiến dịch này -> bỏ qua. (dùng --force để train lại)
2026-06-25 14:59:30 | [RESUME] Hybrid_se-se-secbam_fold4 đã train xong trong chiến dịch này -> bỏ qua. (dùng --force để train lại)
2026-06-25 14:59:30 | [RESUME] Hybrid_se-se-secbam_fold5 đã train xong trong chiến dịch này -> bỏ qua. (dùng --force để train lại)
2026-06-25 14:59:30 | [RESUME] Hybrid_secbam-secbam-secbam_fold1 đã train xong trong chiến dịch này -> bỏ qua. (dùng --force để train lại)
2026-06-25 14:59:30 | 
================================================================================
2026-06-25 14:59:30 | TRAINING: Hybrid_secbam-secbam-secbam | FOLD 2/5
2026-06-25 14:59:30 | ================================================================================
2026-06-25 14:59:30 | [INFO] reduced batch_size=64 for hybrid model to avoid OOM.
2026-06-25 14:59:30 |   [RESUME] Found partial checkpoint C:\Users\Admin\Desktop\hai\ConViTX\code ViT_8 block CNN\HybridModel_PlantPathology_Ablation\results\Hybrid_secbam-secbam-secbam_fold2_latest.pth.
2026-06-25 14:59:30 |   Resuming from Epoch 28 (Best Val Loss 0.0900)
2026-06-25 15:01:32 | Epoch 28/50 | Loss 0.0804 | Acc 97.40% | Val Loss 0.0889 | Val Acc 97.01% | 121.4s
2026-06-25 15:01:32 |   --> saved best to C:\Users\Admin\Desktop\hai\ConViTX\code ViT_8 block CNN\HybridModel_PlantPathology_Ablation\results\Hybrid_secbam-secbam-secbam_fold2_best.pth
2026-06-25 15:01:53 | Epoch 29/50 | Loss 0.0685 | Acc 97.56% | Val Loss 0.0903 | Val Acc 96.93% | 21.3s
2026-06-25 15:02:15 | Epoch 30/50 | Loss 0.0707 | Acc 97.75% | Val Loss 0.0975 | Val Acc 96.93% | 21.5s
2026-06-25 15:02:36 | Epoch 31/50 | Loss 0.0706 | Acc 97.56% | Val Loss 0.0923 | Val Acc 97.26% | 21.0s
2026-06-25 15:02:57 | Epoch 32/50 | Loss 0.0641 | Acc 97.73% | Val Loss 0.1026 | Val Acc 96.77% | 21.3s
2026-06-25 15:03:18 | Epoch 33/50 | Loss 0.0651 | Acc 97.75% | Val Loss 0.0889 | Val Acc 96.77% | 21.2s
2026-06-25 15:03:18 |   --> saved best to C:\Users\Admin\Desktop\hai\ConViTX\code ViT_8 block CNN\HybridModel_PlantPathology_Ablation\results\Hybrid_secbam-secbam-secbam_fold2_best.pth
2026-06-25 15:03:39 | Epoch 34/50 | Loss 0.0572 | Acc 98.21% | Val Loss 0.0917 | Val Acc 96.77% | 21.1s
2026-06-25 15:04:01 | Epoch 35/50 | Loss 0.0619 | Acc 97.73% | Val Loss 0.1133 | Val Acc 96.53% | 21.2s
2026-06-25 15:04:22 | Epoch 36/50 | Loss 0.0597 | Acc 98.03% | Val Loss 0.1012 | Val Acc 96.37% | 21.1s
2026-06-25 15:04:43 | Epoch 37/50 | Loss 0.0565 | Acc 97.97% | Val Loss 0.0877 | Val Acc 97.26% | 21.0s
2026-06-25 15:04:43 |   --> saved best to C:\Users\Admin\Desktop\hai\ConViTX\code ViT_8 block CNN\HybridModel_PlantPathology_Ablation\results\Hybrid_secbam-secbam-secbam_fold2_best.pth
2026-06-25 15:05:04 | Epoch 38/50 | Loss 0.0578 | Acc 98.03% | Val Loss 0.0915 | Val Acc 97.18% | 21.2s
2026-06-25 15:05:25 | Epoch 39/50 | Loss 0.0596 | Acc 97.83% | Val Loss 0.0839 | Val Acc 96.85% | 21.2s
2026-06-25 15:05:25 |   --> saved best to C:\Users\Admin\Desktop\hai\ConViTX\code ViT_8 block CNN\HybridModel_PlantPathology_Ablation\results\Hybrid_secbam-secbam-secbam_fold2_best.pth
2026-06-25 15:05:46 | Epoch 40/50 | Loss 0.0486 | Acc 98.58% | Val Loss 0.0973 | Val Acc 96.77% | 21.0s
2026-06-25 15:06:07 | Epoch 41/50 | Loss 0.0521 | Acc 98.21% | Val Loss 0.0926 | Val Acc 96.93% | 20.9s
2026-06-25 15:06:29 | Epoch 42/50 | Loss 0.0507 | Acc 98.23% | Val Loss 0.0874 | Val Acc 96.93% | 21.1s
2026-06-25 15:06:50 | Epoch 43/50 | Loss 0.0494 | Acc 98.38% | Val Loss 0.0889 | Val Acc 96.85% | 21.3s
2026-06-25 15:07:11 | Epoch 44/50 | Loss 0.0467 | Acc 98.36% | Val Loss 0.0829 | Val Acc 97.26% | 21.5s
2026-06-25 15:07:12 |   --> saved best to C:\Users\Admin\Desktop\hai\ConViTX\code ViT_8 block CNN\HybridModel_PlantPathology_Ablation\results\Hybrid_secbam-secbam-secbam_fold2_best.pth
2026-06-25 15:07:33 | Epoch 45/50 | Loss 0.0511 | Acc 98.21% | Val Loss 0.0924 | Val Acc 97.01% | 21.1s
2026-06-25 15:07:55 | Epoch 46/50 | Loss 0.0448 | Acc 98.50% | Val Loss 0.0958 | Val Acc 96.53% | 21.9s
2026-06-25 15:08:20 | Epoch 47/50 | Loss 0.0480 | Acc 98.42% | Val Loss 0.0856 | Val Acc 97.18% | 24.8s
2026-06-25 15:08:41 | Epoch 48/50 | Loss 0.0453 | Acc 98.34% | Val Loss 0.0886 | Val Acc 97.09% | 21.3s
2026-06-25 15:09:02 | Epoch 49/50 | Loss 0.0442 | Acc 98.60% | Val Loss 0.0843 | Val Acc 97.01% | 21.0s
2026-06-25 15:09:23 | Epoch 50/50 | Loss 0.0404 | Acc 98.68% | Val Loss 0.0941 | Val Acc 97.09% | 21.2s
2026-06-25 15:09:23 | Finished Hybrid_secbam-secbam-secbam fold 2 in 18.03 min.
2026-06-25 15:09:32 | [RESUME] Hybrid_secbam-secbam-secbam_fold3 đã train xong trong chiến dịch này -> bỏ qua. (dùng --force để train lại)
2026-06-25 15:09:32 | 
================================================================================
2026-06-25 15:09:32 | TRAINING: Hybrid_secbam-secbam-secbam | FOLD 4/5
2026-06-25 15:09:32 | ================================================================================
2026-06-25 15:09:32 | [INFO] reduced batch_size=64 for hybrid model to avoid OOM.
2026-06-25 15:11:13 | Epoch 01/50 | Loss 1.2411 | Acc 52.37% | Val Loss 1.0310 | Val Acc 59.77% | 101.4s
2026-06-25 15:11:13 |   --> saved best to C:\Users\Admin\Desktop\hai\ConViTX\code ViT_8 block CNN\HybridModel_PlantPathology_Ablation\results\Hybrid_secbam-secbam-secbam_fold4_best.pth
2026-06-25 15:11:34 | Epoch 02/50 | Loss 0.9216 | Acc 70.11% | Val Loss 0.6933 | Val Acc 82.88% | 20.7s
2026-06-25 15:11:34 |   --> saved best to C:\Users\Admin\Desktop\hai\ConViTX\code ViT_8 block CNN\HybridModel_PlantPathology_Ablation\results\Hybrid_secbam-secbam-secbam_fold4_best.pth
2026-06-25 15:11:54 | Epoch 03/50 | Loss 0.6419 | Acc 83.16% | Val Loss 0.4942 | Val Acc 88.85% | 20.5s
2026-06-25 15:11:54 |   --> saved best to C:\Users\Admin\Desktop\hai\ConViTX\code ViT_8 block CNN\HybridModel_PlantPathology_Ablation\results\Hybrid_secbam-secbam-secbam_fold4_best.pth
2026-06-25 15:12:15 | Epoch 04/50 | Loss 0.4624 | Acc 88.90% | Val Loss 0.3335 | Val Acc 91.76% | 20.3s
2026-06-25 15:12:15 |   --> saved best to C:\Users\Admin\Desktop\hai\ConViTX\code ViT_8 block CNN\HybridModel_PlantPathology_Ablation\results\Hybrid_secbam-secbam-secbam_fold4_best.pth
2026-06-25 15:12:35 | Epoch 05/50 | Loss 0.3481 | Acc 91.60% | Val Loss 0.2666 | Val Acc 92.81% | 20.3s
2026-06-25 15:12:35 |   --> saved best to C:\Users\Admin\Desktop\hai\ConViTX\code ViT_8 block CNN\HybridModel_PlantPathology_Ablation\results\Hybrid_secbam-secbam-secbam_fold4_best.pth
2026-06-25 15:12:56 | Epoch 06/50 | Loss 0.2780 | Acc 93.10% | Val Loss 0.2120 | Val Acc 93.30% | 20.4s
2026-06-25 15:12:56 |   --> saved best to C:\Users\Admin\Desktop\hai\ConViTX\code ViT_8 block CNN\HybridModel_PlantPathology_Ablation\results\Hybrid_secbam-secbam-secbam_fold4_best.pth
2026-06-25 15:13:16 | Epoch 07/50 | Loss 0.2201 | Acc 94.05% | Val Loss 0.1794 | Val Acc 94.43% | 20.4s
2026-06-25 15:13:16 |   --> saved best to C:\Users\Admin\Desktop\hai\ConViTX\code ViT_8 block CNN\HybridModel_PlantPathology_Ablation\results\Hybrid_secbam-secbam-secbam_fold4_best.pth
2026-06-25 15:13:36 | Epoch 08/50 | Loss 0.1840 | Acc 94.56% | Val Loss 0.1614 | Val Acc 94.75% | 20.4s
2026-06-25 15:13:36 |   --> saved best to C:\Users\Admin\Desktop\hai\ConViTX\code ViT_8 block CNN\HybridModel_PlantPathology_Ablation\results\Hybrid_secbam-secbam-secbam_fold4_best.pth
2026-06-25 15:13:57 | Epoch 09/50 | Loss 0.1656 | Acc 94.83% | Val Loss 0.1510 | Val Acc 94.83% | 20.4s
2026-06-25 15:13:57 |   --> saved best to C:\Users\Admin\Desktop\hai\ConViTX\code ViT_8 block CNN\HybridModel_PlantPathology_Ablation\results\Hybrid_secbam-secbam-secbam_fold4_best.pth
2026-06-25 15:14:17 | Epoch 10/50 | Loss 0.1568 | Acc 95.09% | Val Loss 0.1427 | Val Acc 95.23% | 20.5s
2026-06-25 15:14:18 |   --> saved best to C:\Users\Admin\Desktop\hai\ConViTX\code ViT_8 block CNN\HybridModel_PlantPathology_Ablation\results\Hybrid_secbam-secbam-secbam_fold4_best.pth
2026-06-25 15:14:38 | Epoch 11/50 | Loss 0.1449 | Acc 95.64% | Val Loss 0.1336 | Val Acc 95.48% | 20.4s
2026-06-25 15:14:38 |   --> saved best to C:\Users\Admin\Desktop\hai\ConViTX\code ViT_8 block CNN\HybridModel_PlantPathology_Ablation\results\Hybrid_secbam-secbam-secbam_fold4_best.pth
2026-06-25 15:14:58 | Epoch 12/50 | Loss 0.1297 | Acc 95.88% | Val Loss 0.1300 | Val Acc 95.40% | 20.4s
2026-06-25 15:14:58 |   --> saved best to C:\Users\Admin\Desktop\hai\ConViTX\code ViT_8 block CNN\HybridModel_PlantPathology_Ablation\results\Hybrid_secbam-secbam-secbam_fold4_best.pth
2026-06-25 15:15:19 | Epoch 13/50 | Loss 0.1273 | Acc 95.82% | Val Loss 0.1219 | Val Acc 95.64% | 20.6s
2026-06-25 15:15:19 |   --> saved best to C:\Users\Admin\Desktop\hai\ConViTX\code ViT_8 block CNN\HybridModel_PlantPathology_Ablation\results\Hybrid_secbam-secbam-secbam_fold4_best.pth
2026-06-25 15:15:40 | Epoch 14/50 | Loss 0.1209 | Acc 95.92% | Val Loss 0.1229 | Val Acc 95.56% | 20.5s
2026-06-25 15:16:01 | Epoch 15/50 | Loss 0.1162 | Acc 96.23% | Val Loss 0.1187 | Val Acc 96.04% | 20.9s
2026-06-25 15:16:01 |   --> saved best to C:\Users\Admin\Desktop\hai\ConViTX\code ViT_8 block CNN\HybridModel_PlantPathology_Ablation\results\Hybrid_secbam-secbam-secbam_fold4_best.pth
2026-06-25 15:16:21 | Epoch 16/50 | Loss 0.1089 | Acc 96.23% | Val Loss 0.1238 | Val Acc 95.80% | 20.3s
2026-06-25 15:16:42 | Epoch 17/50 | Loss 0.1062 | Acc 96.41% | Val Loss 0.1137 | Val Acc 96.12% | 20.5s
2026-06-25 15:16:42 |   --> saved best to C:\Users\Admin\Desktop\hai\ConViTX\code ViT_8 block CNN\HybridModel_PlantPathology_Ablation\results\Hybrid_secbam-secbam-secbam_fold4_best.pth
2026-06-25 15:17:02 | Epoch 18/50 | Loss 0.0998 | Acc 96.71% | Val Loss 0.1168 | Val Acc 95.72% | 20.4s
2026-06-25 15:17:22 | Epoch 19/50 | Loss 0.0975 | Acc 96.79% | Val Loss 0.1186 | Val Acc 95.96% | 20.3s
2026-06-25 15:17:43 | Epoch 20/50 | Loss 0.0938 | Acc 96.92% | Val Loss 0.1133 | Val Acc 96.20% | 20.4s
2026-06-25 15:17:43 |   --> saved best to C:\Users\Admin\Desktop\hai\ConViTX\code ViT_8 block CNN\HybridModel_PlantPathology_Ablation\results\Hybrid_secbam-secbam-secbam_fold4_best.pth
2026-06-25 15:18:03 | Epoch 21/50 | Loss 0.0901 | Acc 97.02% | Val Loss 0.1073 | Val Acc 96.20% | 20.6s
2026-06-25 15:18:04 |   --> saved best to C:\Users\Admin\Desktop\hai\ConViTX\code ViT_8 block CNN\HybridModel_PlantPathology_Ablation\results\Hybrid_secbam-secbam-secbam_fold4_best.pth
2026-06-25 15:18:24 | Epoch 22/50 | Loss 0.0866 | Acc 96.94% | Val Loss 0.1098 | Val Acc 95.88% | 20.4s
2026-06-25 15:18:44 | Epoch 23/50 | Loss 0.0835 | Acc 97.40% | Val Loss 0.1101 | Val Acc 95.88% | 20.4s
2026-06-25 15:19:05 | Epoch 24/50 | Loss 0.0819 | Acc 97.06% | Val Loss 0.1049 | Val Acc 96.45% | 20.5s
2026-06-25 15:19:05 |   --> saved best to C:\Users\Admin\Desktop\hai\ConViTX\code ViT_8 block CNN\HybridModel_PlantPathology_Ablation\results\Hybrid_secbam-secbam-secbam_fold4_best.pth
2026-06-25 15:19:25 | Epoch 25/50 | Loss 0.0772 | Acc 97.26% | Val Loss 0.1098 | Val Acc 96.28% | 20.4s
2026-06-25 15:19:46 | Epoch 26/50 | Loss 0.0767 | Acc 97.44% | Val Loss 0.1191 | Val Acc 95.96% | 20.3s
2026-06-25 15:20:06 | Epoch 27/50 | Loss 0.0737 | Acc 97.54% | Val Loss 0.1229 | Val Acc 95.88% | 20.3s
2026-06-25 15:20:27 | Epoch 28/50 | Loss 0.0720 | Acc 97.63% | Val Loss 0.1088 | Val Acc 96.28% | 20.4s
2026-06-25 15:20:47 | Epoch 29/50 | Loss 0.0643 | Acc 97.93% | Val Loss 0.1125 | Val Acc 96.04% | 20.6s
2026-06-25 15:21:08 | Epoch 30/50 | Loss 0.0689 | Acc 97.77% | Val Loss 0.1111 | Val Acc 96.37% | 20.6s
2026-06-25 15:21:28 | Epoch 31/50 | Loss 0.0638 | Acc 97.52% | Val Loss 0.1148 | Val Acc 96.20% | 20.5s
2026-06-25 15:21:49 | Epoch 32/50 | Loss 0.0606 | Acc 97.85% | Val Loss 0.1082 | Val Acc 96.61% | 20.4s
2026-06-25 15:22:09 | Epoch 33/50 | Loss 0.0631 | Acc 97.48% | Val Loss 0.1127 | Val Acc 96.61% | 20.4s
2026-06-25 15:22:30 | Epoch 34/50 | Loss 0.0589 | Acc 97.99% | Val Loss 0.1086 | Val Acc 96.69% | 20.5s
2026-06-25 15:22:50 | Epoch 35/50 | Loss 0.0632 | Acc 97.81% | Val Loss 0.1085 | Val Acc 96.69% | 20.5s
2026-06-25 15:23:11 | Epoch 36/50 | Loss 0.0610 | Acc 97.99% | Val Loss 0.1103 | Val Acc 96.53% | 20.5s
2026-06-25 15:23:32 | Epoch 37/50 | Loss 0.0582 | Acc 97.95% | Val Loss 0.1051 | Val Acc 96.69% | 20.6s
2026-06-25 15:23:52 | Epoch 38/50 | Loss 0.0536 | Acc 98.05% | Val Loss 0.1081 | Val Acc 96.69% | 20.6s
2026-06-25 15:24:13 | Epoch 39/50 | Loss 0.0489 | Acc 98.25% | Val Loss 0.1085 | Val Acc 96.53% | 20.5s
2026-06-25 15:24:13 | Early stopping at epoch 39.
2026-06-25 15:24:13 | Finished Hybrid_secbam-secbam-secbam fold 4 in 14.69 min.
2026-06-25 15:24:20 | 
================================================================================
2026-06-25 15:24:20 | TRAINING: Hybrid_secbam-secbam-secbam | FOLD 5/5
2026-06-25 15:24:20 | ================================================================================
2026-06-25 15:24:20 | [INFO] reduced batch_size=64 for hybrid model to avoid OOM.
2026-06-25 15:25:45 | Epoch 01/50 | Loss 1.2598 | Acc 47.99% | Val Loss 1.0781 | Val Acc 55.25% | 84.7s
2026-06-25 15:25:45 |   --> saved best to C:\Users\Admin\Desktop\hai\ConViTX\code ViT_8 block CNN\HybridModel_PlantPathology_Ablation\results\Hybrid_secbam-secbam-secbam_fold5_best.pth
2026-06-25 15:26:06 | Epoch 02/50 | Loss 0.9591 | Acc 69.12% | Val Loss 0.7525 | Val Acc 82.31% | 20.7s
2026-06-25 15:26:06 |   --> saved best to C:\Users\Admin\Desktop\hai\ConViTX\code ViT_8 block CNN\HybridModel_PlantPathology_Ablation\results\Hybrid_secbam-secbam-secbam_fold5_best.pth
2026-06-25 15:26:27 | Epoch 03/50 | Loss 0.6630 | Acc 84.48% | Val Loss 0.4916 | Val Acc 89.01% | 21.0s
2026-06-25 15:26:27 |   --> saved best to C:\Users\Admin\Desktop\hai\ConViTX\code ViT_8 block CNN\HybridModel_PlantPathology_Ablation\results\Hybrid_secbam-secbam-secbam_fold5_best.pth
2026-06-25 15:26:48 | Epoch 04/50 | Loss 0.4173 | Acc 91.17% | Val Loss 0.2902 | Val Acc 93.05% | 20.7s
2026-06-25 15:26:48 |   --> saved best to C:\Users\Admin\Desktop\hai\ConViTX\code ViT_8 block CNN\HybridModel_PlantPathology_Ablation\results\Hybrid_secbam-secbam-secbam_fold5_best.pth
2026-06-25 15:27:09 | Epoch 05/50 | Loss 0.2558 | Acc 93.04% | Val Loss 0.2042 | Val Acc 94.10% | 20.9s
2026-06-25 15:27:09 |   --> saved best to C:\Users\Admin\Desktop\hai\ConViTX\code ViT_8 block CNN\HybridModel_PlantPathology_Ablation\results\Hybrid_secbam-secbam-secbam_fold5_best.pth
2026-06-25 15:27:29 | Epoch 06/50 | Loss 0.2049 | Acc 93.87% | Val Loss 0.1724 | Val Acc 94.91% | 20.6s
2026-06-25 15:27:29 |   --> saved best to C:\Users\Admin\Desktop\hai\ConViTX\code ViT_8 block CNN\HybridModel_PlantPathology_Ablation\results\Hybrid_secbam-secbam-secbam_fold5_best.pth
2026-06-25 15:27:50 | Epoch 07/50 | Loss 0.1706 | Acc 94.70% | Val Loss 0.1573 | Val Acc 94.83% | 20.8s
2026-06-25 15:27:50 |   --> saved best to C:\Users\Admin\Desktop\hai\ConViTX\code ViT_8 block CNN\HybridModel_PlantPathology_Ablation\results\Hybrid_secbam-secbam-secbam_fold5_best.pth
2026-06-25 15:28:11 | Epoch 08/50 | Loss 0.1562 | Acc 95.03% | Val Loss 0.1446 | Val Acc 95.32% | 20.8s
2026-06-25 15:28:11 |   --> saved best to C:\Users\Admin\Desktop\hai\ConViTX\code ViT_8 block CNN\HybridModel_PlantPathology_Ablation\results\Hybrid_secbam-secbam-secbam_fold5_best.pth
2026-06-25 15:28:32 | Epoch 09/50 | Loss 0.1423 | Acc 95.39% | Val Loss 0.1334 | Val Acc 95.32% | 20.7s
2026-06-25 15:28:32 |   --> saved best to C:\Users\Admin\Desktop\hai\ConViTX\code ViT_8 block CNN\HybridModel_PlantPathology_Ablation\results\Hybrid_secbam-secbam-secbam_fold5_best.pth
2026-06-25 15:28:52 | Epoch 10/50 | Loss 0.1341 | Acc 95.80% | Val Loss 0.1333 | Val Acc 95.40% | 20.6s
2026-06-25 15:28:52 |   --> saved best to C:\Users\Admin\Desktop\hai\ConViTX\code ViT_8 block CNN\HybridModel_PlantPathology_Ablation\results\Hybrid_secbam-secbam-secbam_fold5_best.pth
2026-06-25 15:29:13 | Epoch 11/50 | Loss 0.1278 | Acc 95.64% | Val Loss 0.1233 | Val Acc 95.64% | 20.5s
2026-06-25 15:29:13 |   --> saved best to C:\Users\Admin\Desktop\hai\ConViTX\code ViT_8 block CNN\HybridModel_PlantPathology_Ablation\results\Hybrid_secbam-secbam-secbam_fold5_best.pth
2026-06-25 15:29:34 | Epoch 12/50 | Loss 0.1170 | Acc 96.23% | Val Loss 0.1272 | Val Acc 95.40% | 20.9s
2026-06-25 15:29:55 | Epoch 13/50 | Loss 0.1182 | Acc 96.16% | Val Loss 0.1386 | Val Acc 94.99% | 20.7s
2026-06-25 15:30:15 | Epoch 14/50 | Loss 0.1102 | Acc 96.67% | Val Loss 0.1170 | Val Acc 95.72% | 20.7s
2026-06-25 15:30:15 |   --> saved best to C:\Users\Admin\Desktop\hai\ConViTX\code ViT_8 block CNN\HybridModel_PlantPathology_Ablation\results\Hybrid_secbam-secbam-secbam_fold5_best.pth
2026-06-25 15:30:36 | Epoch 15/50 | Loss 0.1144 | Acc 96.23% | Val Loss 0.1093 | Val Acc 96.28% | 20.8s
2026-06-25 15:30:36 |   --> saved best to C:\Users\Admin\Desktop\hai\ConViTX\code ViT_8 block CNN\HybridModel_PlantPathology_Ablation\results\Hybrid_secbam-secbam-secbam_fold5_best.pth
2026-06-25 15:30:57 | Epoch 16/50 | Loss 0.1076 | Acc 96.14% | Val Loss 0.1102 | Val Acc 96.20% | 20.9s
2026-06-25 15:31:18 | Epoch 17/50 | Loss 0.0991 | Acc 96.47% | Val Loss 0.1052 | Val Acc 96.45% | 20.6s
2026-06-25 15:31:18 |   --> saved best to C:\Users\Admin\Desktop\hai\ConViTX\code ViT_8 block CNN\HybridModel_PlantPathology_Ablation\results\Hybrid_secbam-secbam-secbam_fold5_best.pth
2026-06-25 15:31:39 | Epoch 18/50 | Loss 0.0907 | Acc 96.94% | Val Loss 0.1128 | Val Acc 96.04% | 20.7s
2026-06-25 15:32:00 | Epoch 19/50 | Loss 0.0945 | Acc 96.79% | Val Loss 0.1107 | Val Acc 95.96% | 20.9s
2026-06-25 15:32:20 | Epoch 20/50 | Loss 0.0981 | Acc 96.75% | Val Loss 0.1089 | Val Acc 95.88% | 20.6s
2026-06-25 15:32:41 | Epoch 21/50 | Loss 0.0942 | Acc 96.65% | Val Loss 0.1013 | Val Acc 96.04% | 20.7s
2026-06-25 15:32:41 |   --> saved best to C:\Users\Admin\Desktop\hai\ConViTX\code ViT_8 block CNN\HybridModel_PlantPathology_Ablation\results\Hybrid_secbam-secbam-secbam_fold5_best.pth
2026-06-25 15:33:02 | Epoch 22/50 | Loss 0.0898 | Acc 96.96% | Val Loss 0.1104 | Val Acc 96.12% | 20.6s
2026-06-25 15:33:22 | Epoch 23/50 | Loss 0.0786 | Acc 97.30% | Val Loss 0.1027 | Val Acc 96.45% | 20.7s
2026-06-25 15:33:43 | Epoch 24/50 | Loss 0.0787 | Acc 97.30% | Val Loss 0.1000 | Val Acc 96.53% | 20.6s
2026-06-25 15:33:43 |   --> saved best to C:\Users\Admin\Desktop\hai\ConViTX\code ViT_8 block CNN\HybridModel_PlantPathology_Ablation\results\Hybrid_secbam-secbam-secbam_fold5_best.pth
2026-06-25 15:34:04 | Epoch 25/50 | Loss 0.0743 | Acc 97.42% | Val Loss 0.0979 | Val Acc 96.37% | 20.5s
2026-06-25 15:34:04 |   --> saved best to C:\Users\Admin\Desktop\hai\ConViTX\code ViT_8 block CNN\HybridModel_PlantPathology_Ablation\results\Hybrid_secbam-secbam-secbam_fold5_best.pth
2026-06-25 15:34:24 | Epoch 26/50 | Loss 0.0790 | Acc 97.16% | Val Loss 0.1056 | Val Acc 95.88% | 20.6s
2026-06-25 15:34:45 | Epoch 27/50 | Loss 0.0761 | Acc 97.24% | Val Loss 0.1062 | Val Acc 95.96% | 20.8s
2026-06-25 15:35:06 | Epoch 28/50 | Loss 0.0735 | Acc 97.42% | Val Loss 0.1030 | Val Acc 96.12% | 20.9s
2026-06-25 15:35:27 | Epoch 29/50 | Loss 0.0735 | Acc 97.42% | Val Loss 0.1092 | Val Acc 96.45% | 21.0s
2026-06-25 15:35:49 | Epoch 30/50 | Loss 0.0621 | Acc 97.75% | Val Loss 0.0989 | Val Acc 96.28% | 21.8s
2026-06-25 15:36:09 | Epoch 31/50 | Loss 0.0739 | Acc 97.46% | Val Loss 0.1028 | Val Acc 96.37% | 20.6s
2026-06-25 15:36:30 | Epoch 32/50 | Loss 0.0708 | Acc 97.50% | Val Loss 0.1067 | Val Acc 95.96% | 20.6s
2026-06-25 15:36:51 | Epoch 33/50 | Loss 0.0659 | Acc 97.81% | Val Loss 0.1019 | Val Acc 97.09% | 20.4s
2026-06-25 15:37:11 | Epoch 34/50 | Loss 0.0661 | Acc 97.87% | Val Loss 0.0936 | Val Acc 96.69% | 20.8s
2026-06-25 15:37:11 |   --> saved best to C:\Users\Admin\Desktop\hai\ConViTX\code ViT_8 block CNN\HybridModel_PlantPathology_Ablation\results\Hybrid_secbam-secbam-secbam_fold5_best.pth
2026-06-25 15:37:32 | Epoch 35/50 | Loss 0.0576 | Acc 97.97% | Val Loss 0.0937 | Val Acc 96.77% | 20.5s
2026-06-25 15:37:53 | Epoch 36/50 | Loss 0.0647 | Acc 97.50% | Val Loss 0.0979 | Val Acc 96.61% | 20.5s
2026-06-25 15:38:13 | Epoch 37/50 | Loss 0.0664 | Acc 97.71% | Val Loss 0.0973 | Val Acc 97.09% | 20.7s
2026-06-25 15:38:34 | Epoch 38/50 | Loss 0.0543 | Acc 98.15% | Val Loss 0.0930 | Val Acc 96.61% | 20.6s
2026-06-25 15:38:34 |   --> saved best to C:\Users\Admin\Desktop\hai\ConViTX\code ViT_8 block CNN\HybridModel_PlantPathology_Ablation\results\Hybrid_secbam-secbam-secbam_fold5_best.pth
2026-06-25 15:38:54 | Epoch 39/50 | Loss 0.0541 | Acc 98.15% | Val Loss 0.0945 | Val Acc 96.45% | 20.6s
2026-06-25 15:39:15 | Epoch 40/50 | Loss 0.0508 | Acc 98.21% | Val Loss 0.0991 | Val Acc 96.85% | 20.5s
2026-06-25 15:39:36 | Epoch 41/50 | Loss 0.0548 | Acc 98.19% | Val Loss 0.1063 | Val Acc 96.37% | 20.6s
2026-06-25 15:39:56 | Epoch 42/50 | Loss 0.0564 | Acc 97.99% | Val Loss 0.1097 | Val Acc 96.69% | 20.5s
2026-06-25 15:40:17 | Epoch 43/50 | Loss 0.0491 | Acc 98.46% | Val Loss 0.0964 | Val Acc 97.09% | 20.6s
2026-06-25 15:40:38 | Epoch 44/50 | Loss 0.0511 | Acc 98.21% | Val Loss 0.1028 | Val Acc 96.93% | 20.7s
2026-06-25 15:40:58 | Epoch 45/50 | Loss 0.0464 | Acc 98.36% | Val Loss 0.1036 | Val Acc 96.53% | 20.6s
2026-06-25 15:41:19 | Epoch 46/50 | Loss 0.0458 | Acc 98.50% | Val Loss 0.0923 | Val Acc 97.01% | 20.6s
2026-06-25 15:41:19 |   --> saved best to C:\Users\Admin\Desktop\hai\ConViTX\code ViT_8 block CNN\HybridModel_PlantPathology_Ablation\results\Hybrid_secbam-secbam-secbam_fold5_best.pth
2026-06-25 15:41:40 | Epoch 47/50 | Loss 0.0419 | Acc 98.68% | Val Loss 0.0945 | Val Acc 97.09% | 20.7s
2026-06-25 15:42:00 | Epoch 48/50 | Loss 0.0388 | Acc 98.72% | Val Loss 0.1068 | Val Acc 96.85% | 20.6s
2026-06-25 15:42:21 | Epoch 49/50 | Loss 0.0410 | Acc 98.56% | Val Loss 0.1065 | Val Acc 96.69% | 20.5s
2026-06-25 15:42:42 | Epoch 50/50 | Loss 0.0385 | Acc 98.60% | Val Loss 0.0937 | Val Acc 97.01% | 20.6s
2026-06-25 15:42:42 | Finished Hybrid_secbam-secbam-secbam fold 5 in 18.35 min.
2026-06-25 15:42:49 | 
================================================================================
2026-06-25 15:42:49 | TRAINING: Hybrid_none-none-se | FOLD 1/5
2026-06-25 15:42:49 | ================================================================================
2026-06-25 15:42:49 | [INFO] reduced batch_size=64 for hybrid model to avoid OOM.
2026-06-25 15:44:14 | Epoch 01/50 | Loss 1.1319 | Acc 53.59% | Val Loss 0.9241 | Val Acc 60.45% | 85.0s
2026-06-25 15:44:14 |   --> saved best to C:\Users\Admin\Desktop\hai\ConViTX\code ViT_8 block CNN\HybridModel_PlantPathology_Ablation\results\Hybrid_none-none-se_fold1_best.pth
2026-06-25 15:44:34 | Epoch 02/50 | Loss 0.7356 | Acc 80.60% | Val Loss 0.5442 | Val Acc 86.36% | 20.5s
2026-06-25 15:44:34 |   --> saved best to C:\Users\Admin\Desktop\hai\ConViTX\code ViT_8 block CNN\HybridModel_PlantPathology_Ablation\results\Hybrid_none-none-se_fold1_best.pth
2026-06-25 15:44:55 | Epoch 03/50 | Loss 0.4976 | Acc 88.33% | Val Loss 0.4079 | Val Acc 89.67% | 20.7s
2026-06-25 15:44:55 |   --> saved best to C:\Users\Admin\Desktop\hai\ConViTX\code ViT_8 block CNN\HybridModel_PlantPathology_Ablation\results\Hybrid_none-none-se_fold1_best.pth
2026-06-25 15:45:37 | Epoch 04/50 | Loss 0.3883 | Acc 90.40% | Val Loss 0.3344 | Val Acc 90.80% | 41.7s
2026-06-25 15:45:37 |   --> saved best to C:\Users\Admin\Desktop\hai\ConViTX\code ViT_8 block CNN\HybridModel_PlantPathology_Ablation\results\Hybrid_none-none-se_fold1_best.pth
2026-06-25 15:46:18 | Epoch 05/50 | Loss 0.3235 | Acc 91.82% | Val Loss 0.2845 | Val Acc 91.77% | 40.9s
2026-06-25 15:46:18 |   --> saved best to C:\Users\Admin\Desktop\hai\ConViTX\code ViT_8 block CNN\HybridModel_PlantPathology_Ablation\results\Hybrid_none-none-se_fold1_best.pth
2026-06-25 15:46:58 | Epoch 06/50 | Loss 0.2950 | Acc 92.53% | Val Loss 0.2609 | Val Acc 92.74% | 39.8s
2026-06-25 15:46:58 |   --> saved best to C:\Users\Admin\Desktop\hai\ConViTX\code ViT_8 block CNN\HybridModel_PlantPathology_Ablation\results\Hybrid_none-none-se_fold1_best.pth
2026-06-25 15:47:38 | Epoch 07/50 | Loss 0.2562 | Acc 92.74% | Val Loss 0.2396 | Val Acc 92.33% | 39.7s
2026-06-25 15:47:38 |   --> saved best to C:\Users\Admin\Desktop\hai\ConViTX\code ViT_8 block CNN\HybridModel_PlantPathology_Ablation\results\Hybrid_none-none-se_fold1_best.pth
2026-06-25 15:48:18 | Epoch 08/50 | Loss 0.2189 | Acc 93.87% | Val Loss 0.2264 | Val Acc 93.14% | 39.6s
2026-06-25 15:48:18 |   --> saved best to C:\Users\Admin\Desktop\hai\ConViTX\code ViT_8 block CNN\HybridModel_PlantPathology_Ablation\results\Hybrid_none-none-se_fold1_best.pth
2026-06-25 15:48:58 | Epoch 09/50 | Loss 0.2028 | Acc 94.28% | Val Loss 0.2050 | Val Acc 93.38% | 39.8s
2026-06-25 15:48:58 |   --> saved best to C:\Users\Admin\Desktop\hai\ConViTX\code ViT_8 block CNN\HybridModel_PlantPathology_Ablation\results\Hybrid_none-none-se_fold1_best.pth
2026-06-25 15:49:39 | Epoch 10/50 | Loss 0.1868 | Acc 94.60% | Val Loss 0.1916 | Val Acc 93.54% | 41.2s
2026-06-25 15:49:39 |   --> saved best to C:\Users\Admin\Desktop\hai\ConViTX\code ViT_8 block CNN\HybridModel_PlantPathology_Ablation\results\Hybrid_none-none-se_fold1_best.pth
2026-06-25 15:50:19 | Epoch 11/50 | Loss 0.1734 | Acc 94.60% | Val Loss 0.1944 | Val Acc 93.14% | 40.4s
2026-06-25 15:51:00 | Epoch 12/50 | Loss 0.1648 | Acc 95.27% | Val Loss 0.1773 | Val Acc 93.14% | 40.3s
2026-06-25 15:51:00 |   --> saved best to C:\Users\Admin\Desktop\hai\ConViTX\code ViT_8 block CNN\HybridModel_PlantPathology_Ablation\results\Hybrid_none-none-se_fold1_best.pth
2026-06-25 15:51:40 | Epoch 13/50 | Loss 0.1500 | Acc 95.47% | Val Loss 0.1934 | Val Acc 93.22% | 40.0s
2026-06-25 15:52:20 | Epoch 14/50 | Loss 0.1531 | Acc 95.15% | Val Loss 0.1742 | Val Acc 93.30% | 40.4s
2026-06-25 15:52:20 |   --> saved best to C:\Users\Admin\Desktop\hai\ConViTX\code ViT_8 block CNN\HybridModel_PlantPathology_Ablation\results\Hybrid_none-none-se_fold1_best.pth
2026-06-25 15:53:00 | Epoch 15/50 | Loss 0.1379 | Acc 95.78% | Val Loss 0.1601 | Val Acc 94.11% | 39.8s
2026-06-25 15:53:00 |   --> saved best to C:\Users\Admin\Desktop\hai\ConViTX\code ViT_8 block CNN\HybridModel_PlantPathology_Ablation\results\Hybrid_none-none-se_fold1_best.pth
2026-06-25 15:53:41 | Epoch 16/50 | Loss 0.1298 | Acc 96.16% | Val Loss 0.1522 | Val Acc 94.51% | 40.3s
2026-06-25 15:53:41 |   --> saved best to C:\Users\Admin\Desktop\hai\ConViTX\code ViT_8 block CNN\HybridModel_PlantPathology_Ablation\results\Hybrid_none-none-se_fold1_best.pth
2026-06-25 15:54:21 | Epoch 17/50 | Loss 0.1241 | Acc 95.84% | Val Loss 0.1583 | Val Acc 94.19% | 39.8s
2026-06-25 15:55:01 | Epoch 18/50 | Loss 0.1240 | Acc 96.02% | Val Loss 0.1516 | Val Acc 94.59% | 39.9s
2026-06-25 15:55:01 |   --> saved best to C:\Users\Admin\Desktop\hai\ConViTX\code ViT_8 block CNN\HybridModel_PlantPathology_Ablation\results\Hybrid_none-none-se_fold1_best.pth
2026-06-25 15:55:40 | Epoch 19/50 | Loss 0.1183 | Acc 96.19% | Val Loss 0.1473 | Val Acc 94.43% | 39.5s
2026-06-25 15:55:40 |   --> saved best to C:\Users\Admin\Desktop\hai\ConViTX\code ViT_8 block CNN\HybridModel_PlantPathology_Ablation\results\Hybrid_none-none-se_fold1_best.pth
2026-06-25 15:56:20 | Epoch 20/50 | Loss 0.1157 | Acc 96.25% | Val Loss 0.1478 | Val Acc 94.67% | 39.3s
2026-06-25 15:57:00 | Epoch 21/50 | Loss 0.1059 | Acc 96.92% | Val Loss 0.1408 | Val Acc 95.24% | 39.8s
2026-06-25 15:57:00 |   --> saved best to C:\Users\Admin\Desktop\hai\ConViTX\code ViT_8 block CNN\HybridModel_PlantPathology_Ablation\results\Hybrid_none-none-se_fold1_best.pth
2026-06-25 15:57:39 | Epoch 22/50 | Loss 0.0992 | Acc 96.88% | Val Loss 0.1409 | Val Acc 95.08% | 39.3s
2026-06-25 15:58:19 | Epoch 23/50 | Loss 0.0985 | Acc 96.81% | Val Loss 0.1411 | Val Acc 94.43% | 39.5s
2026-06-25 15:58:58 | Epoch 24/50 | Loss 0.0964 | Acc 96.71% | Val Loss 0.1396 | Val Acc 95.24% | 39.8s
2026-06-25 15:58:58 |   --> saved best to C:\Users\Admin\Desktop\hai\ConViTX\code ViT_8 block CNN\HybridModel_PlantPathology_Ablation\results\Hybrid_none-none-se_fold1_best.pth
2026-06-25 15:59:37 | Epoch 25/50 | Loss 0.0945 | Acc 96.94% | Val Loss 0.1320 | Val Acc 95.48% | 38.4s
2026-06-25 15:59:37 |   --> saved best to C:\Users\Admin\Desktop\hai\ConViTX\code ViT_8 block CNN\HybridModel_PlantPathology_Ablation\results\Hybrid_none-none-se_fold1_best.pth
2026-06-25 16:00:18 | Epoch 26/50 | Loss 0.0915 | Acc 97.48% | Val Loss 0.1317 | Val Acc 95.32% | 40.5s
2026-06-25 16:00:18 |   --> saved best to C:\Users\Admin\Desktop\hai\ConViTX\code ViT_8 block CNN\HybridModel_PlantPathology_Ablation\results\Hybrid_none-none-se_fold1_best.pth
2026-06-25 16:00:58 | Epoch 27/50 | Loss 0.0836 | Acc 97.50% | Val Loss 0.1376 | Val Acc 95.08% | 40.1s
2026-06-25 16:01:38 | Epoch 28/50 | Loss 0.0847 | Acc 97.30% | Val Loss 0.1257 | Val Acc 95.24% | 40.2s
2026-06-25 16:01:38 |   --> saved best to C:\Users\Admin\Desktop\hai\ConViTX\code ViT_8 block CNN\HybridModel_PlantPathology_Ablation\results\Hybrid_none-none-se_fold1_best.pth
2026-06-25 16:02:18 | Epoch 29/50 | Loss 0.0848 | Acc 97.12% | Val Loss 0.1276 | Val Acc 95.64% | 40.1s
2026-06-25 16:02:58 | Epoch 30/50 | Loss 0.0788 | Acc 97.54% | Val Loss 0.1198 | Val Acc 95.72% | 39.8s
2026-06-25 16:02:58 |   --> saved best to C:\Users\Admin\Desktop\hai\ConViTX\code ViT_8 block CNN\HybridModel_PlantPathology_Ablation\results\Hybrid_none-none-se_fold1_best.pth
2026-06-25 16:03:38 | Epoch 31/50 | Loss 0.0746 | Acc 97.52% | Val Loss 0.1314 | Val Acc 95.96% | 40.2s
2026-06-25 16:04:19 | Epoch 32/50 | Loss 0.0707 | Acc 97.81% | Val Loss 0.1196 | Val Acc 95.64% | 40.0s
2026-06-25 16:04:19 |   --> saved best to C:\Users\Admin\Desktop\hai\ConViTX\code ViT_8 block CNN\HybridModel_PlantPathology_Ablation\results\Hybrid_none-none-se_fold1_best.pth
2026-06-25 16:04:59 | Epoch 33/50 | Loss 0.0723 | Acc 97.77% | Val Loss 0.1273 | Val Acc 95.08% | 40.0s
2026-06-25 16:05:39 | Epoch 34/50 | Loss 0.0673 | Acc 97.93% | Val Loss 0.1220 | Val Acc 95.56% | 39.8s
2026-06-25 16:06:18 | Epoch 35/50 | Loss 0.0666 | Acc 97.73% | Val Loss 0.1160 | Val Acc 95.88% | 39.6s
2026-06-25 16:06:18 |   --> saved best to C:\Users\Admin\Desktop\hai\ConViTX\code ViT_8 block CNN\HybridModel_PlantPathology_Ablation\results\Hybrid_none-none-se_fold1_best.pth
2026-06-25 16:06:58 | Epoch 36/50 | Loss 0.0670 | Acc 97.87% | Val Loss 0.1277 | Val Acc 95.32% | 39.7s
2026-06-25 16:07:39 | Epoch 37/50 | Loss 0.0632 | Acc 97.99% | Val Loss 0.1243 | Val Acc 95.40% | 40.6s
2026-06-25 16:08:19 | Epoch 38/50 | Loss 0.0658 | Acc 97.59% | Val Loss 0.1270 | Val Acc 95.72% | 39.9s
2026-06-25 16:08:59 | Epoch 39/50 | Loss 0.0544 | Acc 98.23% | Val Loss 0.1199 | Val Acc 95.72% | 39.8s
2026-06-25 16:09:38 | Epoch 40/50 | Loss 0.0586 | Acc 98.21% | Val Loss 0.1303 | Val Acc 95.64% | 39.8s
2026-06-25 16:10:18 | Epoch 41/50 | Loss 0.0538 | Acc 98.30% | Val Loss 0.1203 | Val Acc 95.88% | 39.5s
2026-06-25 16:10:58 | Epoch 42/50 | Loss 0.0558 | Acc 98.17% | Val Loss 0.1328 | Val Acc 95.00% | 39.9s
2026-06-25 16:11:38 | Epoch 43/50 | Loss 0.0534 | Acc 98.34% | Val Loss 0.1192 | Val Acc 96.05% | 40.2s
2026-06-25 16:12:18 | Epoch 44/50 | Loss 0.0519 | Acc 98.36% | Val Loss 0.1284 | Val Acc 95.00% | 40.1s
2026-06-25 16:12:58 | Epoch 45/50 | Loss 0.0542 | Acc 98.23% | Val Loss 0.1186 | Val Acc 95.48% | 39.9s
2026-06-25 16:13:39 | Epoch 46/50 | Loss 0.0498 | Acc 98.58% | Val Loss 0.1187 | Val Acc 95.64% | 40.1s
2026-06-25 16:14:19 | Epoch 47/50 | Loss 0.0495 | Acc 98.48% | Val Loss 0.1138 | Val Acc 95.96% | 40.0s
2026-06-25 16:14:19 |   --> saved best to C:\Users\Admin\Desktop\hai\ConViTX\code ViT_8 block CNN\HybridModel_PlantPathology_Ablation\results\Hybrid_none-none-se_fold1_best.pth
2026-06-25 16:14:59 | Epoch 48/50 | Loss 0.0548 | Acc 98.01% | Val Loss 0.1117 | Val Acc 95.96% | 40.2s
2026-06-25 16:14:59 |   --> saved best to C:\Users\Admin\Desktop\hai\ConViTX\code ViT_8 block CNN\HybridModel_PlantPathology_Ablation\results\Hybrid_none-none-se_fold1_best.pth
2026-06-25 16:15:39 | Epoch 49/50 | Loss 0.0461 | Acc 98.64% | Val Loss 0.1118 | Val Acc 96.21% | 40.1s
2026-06-25 16:16:19 | Epoch 50/50 | Loss 0.0483 | Acc 98.42% | Val Loss 0.1142 | Val Acc 96.21% | 40.0s
2026-06-25 16:16:19 | Finished Hybrid_none-none-se fold 1 in 33.51 min.
2026-06-25 16:16:34 | 
================================================================================
2026-06-25 16:16:34 | TRAINING: Hybrid_none-none-se | FOLD 2/5
2026-06-25 16:16:34 | ================================================================================
2026-06-25 16:16:34 | [INFO] reduced batch_size=64 for hybrid model to avoid OOM.
2026-06-25 16:18:20 | Epoch 01/50 | Loss 1.1230 | Acc 55.93% | Val Loss 0.8708 | Val Acc 73.53% | 105.6s
2026-06-25 16:18:20 |   --> saved best to C:\Users\Admin\Desktop\hai\ConViTX\code ViT_8 block CNN\HybridModel_PlantPathology_Ablation\results\Hybrid_none-none-se_fold2_best.pth
2026-06-25 16:19:03 | Epoch 02/50 | Loss 0.7228 | Acc 80.32% | Val Loss 0.5290 | Val Acc 85.71% | 43.5s
2026-06-25 16:19:03 |   --> saved best to C:\Users\Admin\Desktop\hai\ConViTX\code ViT_8 block CNN\HybridModel_PlantPathology_Ablation\results\Hybrid_none-none-se_fold2_best.pth
2026-06-25 16:19:46 | Epoch 03/50 | Loss 0.5123 | Acc 87.11% | Val Loss 0.3955 | Val Acc 90.23% | 42.6s
2026-06-25 16:19:46 |   --> saved best to C:\Users\Admin\Desktop\hai\ConViTX\code ViT_8 block CNN\HybridModel_PlantPathology_Ablation\results\Hybrid_none-none-se_fold2_best.pth
2026-06-25 16:20:29 | Epoch 04/50 | Loss 0.4019 | Acc 90.20% | Val Loss 0.3188 | Val Acc 91.85% | 42.9s
2026-06-25 16:20:29 |   --> saved best to C:\Users\Admin\Desktop\hai\ConViTX\code ViT_8 block CNN\HybridModel_PlantPathology_Ablation\results\Hybrid_none-none-se_fold2_best.pth
2026-06-25 16:21:12 | Epoch 05/50 | Loss 0.3358 | Acc 91.13% | Val Loss 0.2764 | Val Acc 92.90% | 42.6s
2026-06-25 16:21:12 |   --> saved best to C:\Users\Admin\Desktop\hai\ConViTX\code ViT_8 block CNN\HybridModel_PlantPathology_Ablation\results\Hybrid_none-none-se_fold2_best.pth
2026-06-25 16:21:57 | Epoch 06/50 | Loss 0.2939 | Acc 92.19% | Val Loss 0.2459 | Val Acc 93.14% | 45.1s
2026-06-25 16:21:57 |   --> saved best to C:\Users\Admin\Desktop\hai\ConViTX\code ViT_8 block CNN\HybridModel_PlantPathology_Ablation\results\Hybrid_none-none-se_fold2_best.pth
2026-06-25 16:22:39 | Epoch 07/50 | Loss 0.2570 | Acc 92.57% | Val Loss 0.2085 | Val Acc 93.95% | 41.5s
2026-06-25 16:22:39 |   --> saved best to C:\Users\Admin\Desktop\hai\ConViTX\code ViT_8 block CNN\HybridModel_PlantPathology_Ablation\results\Hybrid_none-none-se_fold2_best.pth
2026-06-25 16:23:20 | Epoch 08/50 | Loss 0.2394 | Acc 93.30% | Val Loss 0.2015 | Val Acc 94.27% | 40.8s
2026-06-25 16:23:20 |   --> saved best to C:\Users\Admin\Desktop\hai\ConViTX\code ViT_8 block CNN\HybridModel_PlantPathology_Ablation\results\Hybrid_none-none-se_fold2_best.pth
2026-06-25 16:24:00 | Epoch 09/50 | Loss 0.2142 | Acc 93.79% | Val Loss 0.1759 | Val Acc 94.83% | 40.5s
2026-06-25 16:24:00 |   --> saved best to C:\Users\Admin\Desktop\hai\ConViTX\code ViT_8 block CNN\HybridModel_PlantPathology_Ablation\results\Hybrid_none-none-se_fold2_best.pth
2026-06-25 16:24:41 | Epoch 10/50 | Loss 0.1987 | Acc 93.95% | Val Loss 0.1611 | Val Acc 95.40% | 41.0s
2026-06-25 16:24:41 |   --> saved best to C:\Users\Admin\Desktop\hai\ConViTX\code ViT_8 block CNN\HybridModel_PlantPathology_Ablation\results\Hybrid_none-none-se_fold2_best.pth
2026-06-25 16:25:22 | Epoch 11/50 | Loss 0.1806 | Acc 94.50% | Val Loss 0.1498 | Val Acc 95.48% | 40.6s
2026-06-25 16:25:22 |   --> saved best to C:\Users\Admin\Desktop\hai\ConViTX\code ViT_8 block CNN\HybridModel_PlantPathology_Ablation\results\Hybrid_none-none-se_fold2_best.pth
2026-06-25 16:26:03 | Epoch 12/50 | Loss 0.1680 | Acc 95.03% | Val Loss 0.1420 | Val Acc 95.96% | 41.0s
2026-06-25 16:26:03 |   --> saved best to C:\Users\Admin\Desktop\hai\ConViTX\code ViT_8 block CNN\HybridModel_PlantPathology_Ablation\results\Hybrid_none-none-se_fold2_best.pth
2026-06-25 16:26:44 | Epoch 13/50 | Loss 0.1595 | Acc 95.21% | Val Loss 0.1397 | Val Acc 95.88% | 40.7s
2026-06-25 16:26:44 |   --> saved best to C:\Users\Admin\Desktop\hai\ConViTX\code ViT_8 block CNN\HybridModel_PlantPathology_Ablation\results\Hybrid_none-none-se_fold2_best.pth
2026-06-25 16:27:25 | Epoch 14/50 | Loss 0.1506 | Acc 95.17% | Val Loss 0.1370 | Val Acc 96.13% | 40.6s
2026-06-25 16:27:25 |   --> saved best to C:\Users\Admin\Desktop\hai\ConViTX\code ViT_8 block CNN\HybridModel_PlantPathology_Ablation\results\Hybrid_none-none-se_fold2_best.pth
2026-06-25 16:28:05 | Epoch 15/50 | Loss 0.1405 | Acc 95.52% | Val Loss 0.1205 | Val Acc 96.53% | 40.6s
2026-06-25 16:28:05 |   --> saved best to C:\Users\Admin\Desktop\hai\ConViTX\code ViT_8 block CNN\HybridModel_PlantPathology_Ablation\results\Hybrid_none-none-se_fold2_best.pth
2026-06-25 16:28:46 | Epoch 16/50 | Loss 0.1366 | Acc 95.72% | Val Loss 0.1185 | Val Acc 96.69% | 40.9s
2026-06-25 16:28:46 |   --> saved best to C:\Users\Admin\Desktop\hai\ConViTX\code ViT_8 block CNN\HybridModel_PlantPathology_Ablation\results\Hybrid_none-none-se_fold2_best.pth
2026-06-25 16:29:27 | Epoch 17/50 | Loss 0.1301 | Acc 95.74% | Val Loss 0.1110 | Val Acc 96.69% | 40.7s
2026-06-25 16:29:27 |   --> saved best to C:\Users\Admin\Desktop\hai\ConViTX\code ViT_8 block CNN\HybridModel_PlantPathology_Ablation\results\Hybrid_none-none-se_fold2_best.pth
2026-06-25 16:30:09 | Epoch 18/50 | Loss 0.1297 | Acc 95.92% | Val Loss 0.1199 | Val Acc 96.61% | 41.4s
2026-06-25 16:30:49 | Epoch 19/50 | Loss 0.1233 | Acc 96.06% | Val Loss 0.1079 | Val Acc 97.01% | 40.6s
2026-06-25 16:30:49 |   --> saved best to C:\Users\Admin\Desktop\hai\ConViTX\code ViT_8 block CNN\HybridModel_PlantPathology_Ablation\results\Hybrid_none-none-se_fold2_best.pth
2026-06-25 16:31:30 | Epoch 20/50 | Loss 0.1250 | Acc 95.74% | Val Loss 0.1037 | Val Acc 97.09% | 40.5s
2026-06-25 16:31:30 |   --> saved best to C:\Users\Admin\Desktop\hai\ConViTX\code ViT_8 block CNN\HybridModel_PlantPathology_Ablation\results\Hybrid_none-none-se_fold2_best.pth
2026-06-25 16:32:11 | Epoch 21/50 | Loss 0.1133 | Acc 96.35% | Val Loss 0.1064 | Val Acc 96.69% | 40.7s
2026-06-25 16:32:51 | Epoch 22/50 | Loss 0.1079 | Acc 96.37% | Val Loss 0.1013 | Val Acc 96.93% | 40.3s
2026-06-25 16:32:51 |   --> saved best to C:\Users\Admin\Desktop\hai\ConViTX\code ViT_8 block CNN\HybridModel_PlantPathology_Ablation\results\Hybrid_none-none-se_fold2_best.pth
2026-06-25 16:33:32 | Epoch 23/50 | Loss 0.1055 | Acc 96.69% | Val Loss 0.1025 | Val Acc 97.01% | 40.6s
2026-06-25 16:34:13 | Epoch 24/50 | Loss 0.1028 | Acc 96.69% | Val Loss 0.1008 | Val Acc 96.85% | 40.8s
2026-06-25 16:34:13 |   --> saved best to C:\Users\Admin\Desktop\hai\ConViTX\code ViT_8 block CNN\HybridModel_PlantPathology_Ablation\results\Hybrid_none-none-se_fold2_best.pth
2026-06-25 16:34:53 | Epoch 25/50 | Loss 0.1004 | Acc 96.65% | Val Loss 0.0979 | Val Acc 97.26% | 40.5s
2026-06-25 16:34:53 |   --> saved best to C:\Users\Admin\Desktop\hai\ConViTX\code ViT_8 block CNN\HybridModel_PlantPathology_Ablation\results\Hybrid_none-none-se_fold2_best.pth
2026-06-25 16:35:33 | Epoch 26/50 | Loss 0.0976 | Acc 97.02% | Val Loss 0.0992 | Val Acc 97.09% | 40.1s
2026-06-25 16:36:14 | Epoch 27/50 | Loss 0.0918 | Acc 97.12% | Val Loss 0.0929 | Val Acc 97.42% | 40.4s
2026-06-25 16:36:14 |   --> saved best to C:\Users\Admin\Desktop\hai\ConViTX\code ViT_8 block CNN\HybridModel_PlantPathology_Ablation\results\Hybrid_none-none-se_fold2_best.pth
2026-06-25 16:36:55 | Epoch 28/50 | Loss 0.0939 | Acc 97.14% | Val Loss 0.0990 | Val Acc 97.01% | 40.5s
2026-06-25 16:37:37 | Epoch 29/50 | Loss 0.0856 | Acc 97.20% | Val Loss 0.0934 | Val Acc 97.50% | 42.2s
2026-06-25 16:38:18 | Epoch 30/50 | Loss 0.0889 | Acc 97.10% | Val Loss 0.0916 | Val Acc 97.09% | 40.7s
2026-06-25 16:38:18 |   --> saved best to C:\Users\Admin\Desktop\hai\ConViTX\code ViT_8 block CNN\HybridModel_PlantPathology_Ablation\results\Hybrid_none-none-se_fold2_best.pth
2026-06-25 16:38:59 | Epoch 31/50 | Loss 0.0846 | Acc 97.16% | Val Loss 0.0950 | Val Acc 97.18% | 41.2s
2026-06-25 16:39:40 | Epoch 32/50 | Loss 0.0810 | Acc 97.36% | Val Loss 0.0886 | Val Acc 97.50% | 41.0s
2026-06-25 16:39:40 |   --> saved best to C:\Users\Admin\Desktop\hai\ConViTX\code ViT_8 block CNN\HybridModel_PlantPathology_Ablation\results\Hybrid_none-none-se_fold2_best.pth
2026-06-25 16:40:21 | Epoch 33/50 | Loss 0.0726 | Acc 97.67% | Val Loss 0.0943 | Val Acc 97.09% | 41.1s
2026-06-25 16:41:02 | Epoch 34/50 | Loss 0.0797 | Acc 97.56% | Val Loss 0.0876 | Val Acc 97.34% | 40.9s
2026-06-25 16:41:02 |   --> saved best to C:\Users\Admin\Desktop\hai\ConViTX\code ViT_8 block CNN\HybridModel_PlantPathology_Ablation\results\Hybrid_none-none-se_fold2_best.pth
2026-06-25 16:41:43 | Epoch 35/50 | Loss 0.0748 | Acc 97.65% | Val Loss 0.0878 | Val Acc 97.01% | 41.0s
2026-06-25 16:42:24 | Epoch 36/50 | Loss 0.0678 | Acc 98.23% | Val Loss 0.0855 | Val Acc 97.42% | 40.7s
2026-06-25 16:42:24 |   --> saved best to C:\Users\Admin\Desktop\hai\ConViTX\code ViT_8 block CNN\HybridModel_PlantPathology_Ablation\results\Hybrid_none-none-se_fold2_best.pth
2026-06-25 16:43:05 | Epoch 37/50 | Loss 0.0752 | Acc 97.36% | Val Loss 0.0931 | Val Acc 97.26% | 41.1s
2026-06-25 16:43:47 | Epoch 38/50 | Loss 0.0721 | Acc 97.65% | Val Loss 0.0852 | Val Acc 97.18% | 41.2s
2026-06-25 16:43:47 |   --> saved best to C:\Users\Admin\Desktop\hai\ConViTX\code ViT_8 block CNN\HybridModel_PlantPathology_Ablation\results\Hybrid_none-none-se_fold2_best.pth
2026-06-25 16:44:28 | Epoch 39/50 | Loss 0.0690 | Acc 97.69% | Val Loss 0.0888 | Val Acc 97.01% | 41.0s
2026-06-25 16:45:07 | Epoch 40/50 | Loss 0.0701 | Acc 97.73% | Val Loss 0.0931 | Val Acc 96.93% | 39.5s
2026-06-25 16:45:47 | Epoch 41/50 | Loss 0.0585 | Acc 98.30% | Val Loss 0.0846 | Val Acc 97.50% | 39.2s
2026-06-25 16:45:47 |   --> saved best to C:\Users\Admin\Desktop\hai\ConViTX\code ViT_8 block CNN\HybridModel_PlantPathology_Ablation\results\Hybrid_none-none-se_fold2_best.pth
2026-06-25 16:46:28 | Epoch 42/50 | Loss 0.0595 | Acc 98.07% | Val Loss 0.0781 | Val Acc 97.50% | 41.1s
2026-06-25 16:46:28 |   --> saved best to C:\Users\Admin\Desktop\hai\ConViTX\code ViT_8 block CNN\HybridModel_PlantPathology_Ablation\results\Hybrid_none-none-se_fold2_best.pth
2026-06-25 16:47:09 | Epoch 43/50 | Loss 0.0622 | Acc 97.99% | Val Loss 0.0898 | Val Acc 97.09% | 40.8s
2026-06-25 16:47:49 | Epoch 44/50 | Loss 0.0625 | Acc 97.95% | Val Loss 0.0877 | Val Acc 97.09% | 40.5s
2026-06-25 16:48:30 | Epoch 45/50 | Loss 0.0609 | Acc 97.97% | Val Loss 0.0864 | Val Acc 97.42% | 40.6s
2026-06-25 16:49:11 | Epoch 46/50 | Loss 0.0568 | Acc 98.28% | Val Loss 0.0807 | Val Acc 97.26% | 41.0s
2026-06-25 16:49:52 | Epoch 47/50 | Loss 0.0581 | Acc 98.11% | Val Loss 0.0835 | Val Acc 97.09% | 40.9s
2026-06-25 16:50:33 | Epoch 48/50 | Loss 0.0523 | Acc 98.11% | Val Loss 0.0908 | Val Acc 97.18% | 40.6s
2026-06-25 16:51:14 | Epoch 49/50 | Loss 0.0537 | Acc 98.21% | Val Loss 0.0843 | Val Acc 97.50% | 40.6s
2026-06-25 16:51:55 | Epoch 50/50 | Loss 0.0488 | Acc 98.50% | Val Loss 0.0871 | Val Acc 96.93% | 40.9s
2026-06-25 16:51:55 | Finished Hybrid_none-none-se fold 2 in 35.35 min.
2026-06-25 16:52:08 | [RESUME] Hybrid_none-none-se_fold3 đã train xong trong chiến dịch này -> bỏ qua. (dùng --force để train lại)
2026-06-25 16:52:08 | 
================================================================================
2026-06-25 16:52:08 | TRAINING: Hybrid_none-none-se | FOLD 4/5
2026-06-25 16:52:08 | ================================================================================
2026-06-25 16:52:08 | [INFO] reduced batch_size=64 for hybrid model to avoid OOM.
2026-06-25 16:53:55 | Epoch 01/50 | Loss 1.1538 | Acc 55.56% | Val Loss 0.8490 | Val Acc 70.19% | 106.2s
2026-06-25 16:53:55 |   --> saved best to C:\Users\Admin\Desktop\hai\ConViTX\code ViT_8 block CNN\HybridModel_PlantPathology_Ablation\results\Hybrid_none-none-se_fold4_best.pth
2026-06-25 16:54:39 | Epoch 02/50 | Loss 0.7191 | Acc 81.07% | Val Loss 0.4994 | Val Acc 88.37% | 44.2s
2026-06-25 16:54:39 |   --> saved best to C:\Users\Admin\Desktop\hai\ConViTX\code ViT_8 block CNN\HybridModel_PlantPathology_Ablation\results\Hybrid_none-none-se_fold4_best.pth
2026-06-25 16:55:23 | Epoch 03/50 | Loss 0.4933 | Acc 88.33% | Val Loss 0.3812 | Val Acc 90.71% | 44.1s
2026-06-25 16:55:23 |   --> saved best to C:\Users\Admin\Desktop\hai\ConViTX\code ViT_8 block CNN\HybridModel_PlantPathology_Ablation\results\Hybrid_none-none-se_fold4_best.pth
2026-06-25 16:56:07 | Epoch 04/50 | Loss 0.3868 | Acc 90.77% | Val Loss 0.2926 | Val Acc 92.57% | 44.2s
2026-06-25 16:56:08 |   --> saved best to C:\Users\Admin\Desktop\hai\ConViTX\code ViT_8 block CNN\HybridModel_PlantPathology_Ablation\results\Hybrid_none-none-se_fold4_best.pth
2026-06-25 16:56:51 | Epoch 05/50 | Loss 0.3217 | Acc 91.68% | Val Loss 0.2571 | Val Acc 92.73% | 43.3s
2026-06-25 16:56:51 |   --> saved best to C:\Users\Admin\Desktop\hai\ConViTX\code ViT_8 block CNN\HybridModel_PlantPathology_Ablation\results\Hybrid_none-none-se_fold4_best.pth
2026-06-25 16:57:32 | Epoch 06/50 | Loss 0.2809 | Acc 92.45% | Val Loss 0.2192 | Val Acc 92.73% | 40.8s
2026-06-25 16:57:32 |   --> saved best to C:\Users\Admin\Desktop\hai\ConViTX\code ViT_8 block CNN\HybridModel_PlantPathology_Ablation\results\Hybrid_none-none-se_fold4_best.pth
2026-06-25 16:58:13 | Epoch 07/50 | Loss 0.2466 | Acc 93.12% | Val Loss 0.2012 | Val Acc 93.94% | 40.9s
2026-06-25 16:58:13 |   --> saved best to C:\Users\Admin\Desktop\hai\ConViTX\code ViT_8 block CNN\HybridModel_PlantPathology_Ablation\results\Hybrid_none-none-se_fold4_best.pth
2026-06-25 16:58:54 | Epoch 08/50 | Loss 0.2189 | Acc 93.85% | Val Loss 0.1851 | Val Acc 94.43% | 41.0s
2026-06-25 16:58:54 |   --> saved best to C:\Users\Admin\Desktop\hai\ConViTX\code ViT_8 block CNN\HybridModel_PlantPathology_Ablation\results\Hybrid_none-none-se_fold4_best.pth
2026-06-25 16:59:35 | Epoch 09/50 | Loss 0.2004 | Acc 94.01% | Val Loss 0.1663 | Val Acc 94.99% | 40.9s
2026-06-25 16:59:35 |   --> saved best to C:\Users\Admin\Desktop\hai\ConViTX\code ViT_8 block CNN\HybridModel_PlantPathology_Ablation\results\Hybrid_none-none-se_fold4_best.pth
2026-06-25 17:00:16 | Epoch 10/50 | Loss 0.1893 | Acc 94.38% | Val Loss 0.1554 | Val Acc 95.32% | 40.9s
2026-06-25 17:00:16 |   --> saved best to C:\Users\Admin\Desktop\hai\ConViTX\code ViT_8 block CNN\HybridModel_PlantPathology_Ablation\results\Hybrid_none-none-se_fold4_best.pth
2026-06-25 17:00:57 | Epoch 11/50 | Loss 0.1732 | Acc 94.72% | Val Loss 0.1516 | Val Acc 94.99% | 41.3s
2026-06-25 17:00:58 |   --> saved best to C:\Users\Admin\Desktop\hai\ConViTX\code ViT_8 block CNN\HybridModel_PlantPathology_Ablation\results\Hybrid_none-none-se_fold4_best.pth
2026-06-25 17:01:38 | Epoch 12/50 | Loss 0.1608 | Acc 95.05% | Val Loss 0.1466 | Val Acc 94.99% | 40.6s
2026-06-25 17:01:38 |   --> saved best to C:\Users\Admin\Desktop\hai\ConViTX\code ViT_8 block CNN\HybridModel_PlantPathology_Ablation\results\Hybrid_none-none-se_fold4_best.pth
2026-06-25 17:02:19 | Epoch 13/50 | Loss 0.1556 | Acc 94.97% | Val Loss 0.1334 | Val Acc 95.64% | 41.1s
2026-06-25 17:02:19 |   --> saved best to C:\Users\Admin\Desktop\hai\ConViTX\code ViT_8 block CNN\HybridModel_PlantPathology_Ablation\results\Hybrid_none-none-se_fold4_best.pth
2026-06-25 17:03:00 | Epoch 14/50 | Loss 0.1436 | Acc 95.29% | Val Loss 0.1360 | Val Acc 95.64% | 40.9s
2026-06-25 17:03:42 | Epoch 15/50 | Loss 0.1367 | Acc 95.70% | Val Loss 0.1271 | Val Acc 95.40% | 41.5s
2026-06-25 17:03:42 |   --> saved best to C:\Users\Admin\Desktop\hai\ConViTX\code ViT_8 block CNN\HybridModel_PlantPathology_Ablation\results\Hybrid_none-none-se_fold4_best.pth
2026-06-25 17:04:23 | Epoch 16/50 | Loss 0.1309 | Acc 95.86% | Val Loss 0.1343 | Val Acc 95.32% | 40.7s
2026-06-25 17:05:04 | Epoch 17/50 | Loss 0.1270 | Acc 95.96% | Val Loss 0.1210 | Val Acc 95.72% | 40.8s
2026-06-25 17:05:04 |   --> saved best to C:\Users\Admin\Desktop\hai\ConViTX\code ViT_8 block CNN\HybridModel_PlantPathology_Ablation\results\Hybrid_none-none-se_fold4_best.pth
2026-06-25 17:05:45 | Epoch 18/50 | Loss 0.1181 | Acc 96.12% | Val Loss 0.1296 | Val Acc 95.80% | 40.8s
2026-06-25 17:06:25 | Epoch 19/50 | Loss 0.1131 | Acc 96.25% | Val Loss 0.1264 | Val Acc 95.72% | 40.7s
2026-06-25 17:07:06 | Epoch 20/50 | Loss 0.1130 | Acc 96.41% | Val Loss 0.1175 | Val Acc 95.72% | 40.6s
2026-06-25 17:07:06 |   --> saved best to C:\Users\Admin\Desktop\hai\ConViTX\code ViT_8 block CNN\HybridModel_PlantPathology_Ablation\results\Hybrid_none-none-se_fold4_best.pth
2026-06-25 17:07:47 | Epoch 21/50 | Loss 0.1050 | Acc 96.57% | Val Loss 0.1144 | Val Acc 95.72% | 40.8s
2026-06-25 17:07:47 |   --> saved best to C:\Users\Admin\Desktop\hai\ConViTX\code ViT_8 block CNN\HybridModel_PlantPathology_Ablation\results\Hybrid_none-none-se_fold4_best.pth
2026-06-25 17:08:28 | Epoch 22/50 | Loss 0.0989 | Acc 97.02% | Val Loss 0.1111 | Val Acc 96.12% | 40.7s
2026-06-25 17:08:28 |   --> saved best to C:\Users\Admin\Desktop\hai\ConViTX\code ViT_8 block CNN\HybridModel_PlantPathology_Ablation\results\Hybrid_none-none-se_fold4_best.pth
2026-06-25 17:09:09 | Epoch 23/50 | Loss 0.1001 | Acc 96.77% | Val Loss 0.1179 | Val Acc 95.80% | 40.9s
2026-06-25 17:09:50 | Epoch 24/50 | Loss 0.0979 | Acc 96.63% | Val Loss 0.1109 | Val Acc 96.04% | 40.7s
2026-06-25 17:09:50 |   --> saved best to C:\Users\Admin\Desktop\hai\ConViTX\code ViT_8 block CNN\HybridModel_PlantPathology_Ablation\results\Hybrid_none-none-se_fold4_best.pth
2026-06-25 17:10:31 | Epoch 25/50 | Loss 0.0900 | Acc 97.16% | Val Loss 0.1120 | Val Acc 95.88% | 41.2s
2026-06-25 17:11:12 | Epoch 26/50 | Loss 0.0868 | Acc 97.22% | Val Loss 0.1194 | Val Acc 96.12% | 40.7s
2026-06-25 17:11:53 | Epoch 27/50 | Loss 0.0900 | Acc 97.28% | Val Loss 0.1123 | Val Acc 96.12% | 40.9s
2026-06-25 17:12:34 | Epoch 28/50 | Loss 0.0829 | Acc 97.16% | Val Loss 0.1057 | Val Acc 96.53% | 40.9s
2026-06-25 17:12:34 |   --> saved best to C:\Users\Admin\Desktop\hai\ConViTX\code ViT_8 block CNN\HybridModel_PlantPathology_Ablation\results\Hybrid_none-none-se_fold4_best.pth
2026-06-25 17:13:15 | Epoch 29/50 | Loss 0.0799 | Acc 97.52% | Val Loss 0.1091 | Val Acc 96.04% | 41.2s
2026-06-25 17:13:56 | Epoch 30/50 | Loss 0.0784 | Acc 97.36% | Val Loss 0.1096 | Val Acc 96.28% | 41.1s
2026-06-25 17:14:37 | Epoch 31/50 | Loss 0.0750 | Acc 97.59% | Val Loss 0.1107 | Val Acc 96.20% | 40.9s
2026-06-25 17:15:18 | Epoch 32/50 | Loss 0.0780 | Acc 97.32% | Val Loss 0.1063 | Val Acc 96.20% | 40.5s
2026-06-25 17:16:00 | Epoch 33/50 | Loss 0.0740 | Acc 97.42% | Val Loss 0.1054 | Val Acc 96.20% | 41.7s
2026-06-25 17:16:00 |   --> saved best to C:\Users\Admin\Desktop\hai\ConViTX\code ViT_8 block CNN\HybridModel_PlantPathology_Ablation\results\Hybrid_none-none-se_fold4_best.pth
2026-06-25 17:16:41 | Epoch 34/50 | Loss 0.0675 | Acc 97.63% | Val Loss 0.1090 | Val Acc 95.80% | 40.9s
2026-06-25 17:17:22 | Epoch 35/50 | Loss 0.0719 | Acc 97.67% | Val Loss 0.1144 | Val Acc 96.20% | 40.9s
2026-06-25 17:18:03 | Epoch 36/50 | Loss 0.0730 | Acc 97.48% | Val Loss 0.1145 | Val Acc 95.88% | 41.1s
2026-06-25 17:18:43 | Epoch 37/50 | Loss 0.0689 | Acc 97.75% | Val Loss 0.1009 | Val Acc 96.20% | 40.5s
2026-06-25 17:18:43 |   --> saved best to C:\Users\Admin\Desktop\hai\ConViTX\code ViT_8 block CNN\HybridModel_PlantPathology_Ablation\results\Hybrid_none-none-se_fold4_best.pth
2026-06-25 17:19:24 | Epoch 38/50 | Loss 0.0639 | Acc 98.05% | Val Loss 0.0976 | Val Acc 96.61% | 40.9s
2026-06-25 17:19:24 |   --> saved best to C:\Users\Admin\Desktop\hai\ConViTX\code ViT_8 block CNN\HybridModel_PlantPathology_Ablation\results\Hybrid_none-none-se_fold4_best.pth
2026-06-25 17:20:05 | Epoch 39/50 | Loss 0.0625 | Acc 97.77% | Val Loss 0.1013 | Val Acc 96.45% | 41.0s
2026-06-25 17:20:46 | Epoch 40/50 | Loss 0.0552 | Acc 98.34% | Val Loss 0.1052 | Val Acc 96.45% | 40.8s
2026-06-25 17:21:27 | Epoch 41/50 | Loss 0.0532 | Acc 98.46% | Val Loss 0.1020 | Val Acc 96.12% | 40.9s
2026-06-25 17:22:09 | Epoch 42/50 | Loss 0.0591 | Acc 98.11% | Val Loss 0.1078 | Val Acc 96.04% | 41.1s
2026-06-25 17:22:49 | Epoch 43/50 | Loss 0.0592 | Acc 97.99% | Val Loss 0.1049 | Val Acc 95.96% | 40.5s
2026-06-25 17:23:30 | Epoch 44/50 | Loss 0.0552 | Acc 98.19% | Val Loss 0.0998 | Val Acc 96.53% | 40.7s
2026-06-25 17:24:11 | Epoch 45/50 | Loss 0.0468 | Acc 98.40% | Val Loss 0.0976 | Val Acc 96.20% | 40.7s
2026-06-25 17:24:51 | Epoch 46/50 | Loss 0.0478 | Acc 98.48% | Val Loss 0.1081 | Val Acc 96.28% | 40.4s
2026-06-25 17:25:32 | Epoch 47/50 | Loss 0.0437 | Acc 98.60% | Val Loss 0.1054 | Val Acc 96.37% | 40.8s
2026-06-25 17:26:13 | Epoch 48/50 | Loss 0.0483 | Acc 98.48% | Val Loss 0.1007 | Val Acc 96.77% | 40.6s
2026-06-25 17:26:54 | Epoch 49/50 | Loss 0.0450 | Acc 98.66% | Val Loss 0.1077 | Val Acc 95.72% | 41.0s
2026-06-25 17:27:35 | Epoch 50/50 | Loss 0.0464 | Acc 98.54% | Val Loss 0.1020 | Val Acc 96.53% | 40.7s
2026-06-25 17:27:35 | Finished Hybrid_none-none-se fold 4 in 35.44 min.
2026-06-25 17:27:48 | 
================================================================================
2026-06-25 17:27:48 | TRAINING: Hybrid_none-none-se | FOLD 5/5
2026-06-25 17:27:48 | ================================================================================
2026-06-25 17:27:48 | [INFO] reduced batch_size=64 for hybrid model to avoid OOM.
2026-06-25 17:29:33 | Epoch 01/50 | Loss 1.1414 | Acc 55.40% | Val Loss 0.8892 | Val Acc 71.49% | 104.7s
2026-06-25 17:29:33 |   --> saved best to C:\Users\Admin\Desktop\hai\ConViTX\code ViT_8 block CNN\HybridModel_PlantPathology_Ablation\results\Hybrid_none-none-se_fold5_best.pth
2026-06-25 17:30:13 | Epoch 02/50 | Loss 0.7318 | Acc 78.92% | Val Loss 0.5220 | Val Acc 88.29% | 40.5s
2026-06-25 17:30:13 |   --> saved best to C:\Users\Admin\Desktop\hai\ConViTX\code ViT_8 block CNN\HybridModel_PlantPathology_Ablation\results\Hybrid_none-none-se_fold5_best.pth
2026-06-25 17:30:55 | Epoch 03/50 | Loss 0.4913 | Acc 87.80% | Val Loss 0.3971 | Val Acc 89.82% | 41.2s
2026-06-25 17:30:55 |   --> saved best to C:\Users\Admin\Desktop\hai\ConViTX\code ViT_8 block CNN\HybridModel_PlantPathology_Ablation\results\Hybrid_none-none-se_fold5_best.pth
2026-06-25 17:31:36 | Epoch 04/50 | Loss 0.3878 | Acc 90.08% | Val Loss 0.3279 | Val Acc 92.00% | 40.6s
2026-06-25 17:31:36 |   --> saved best to C:\Users\Admin\Desktop\hai\ConViTX\code ViT_8 block CNN\HybridModel_PlantPathology_Ablation\results\Hybrid_none-none-se_fold5_best.pth
2026-06-25 17:32:16 | Epoch 05/50 | Loss 0.3236 | Acc 91.44% | Val Loss 0.2775 | Val Acc 92.25% | 40.6s
2026-06-25 17:32:16 |   --> saved best to C:\Users\Admin\Desktop\hai\ConViTX\code ViT_8 block CNN\HybridModel_PlantPathology_Ablation\results\Hybrid_none-none-se_fold5_best.pth
2026-06-25 17:32:57 | Epoch 06/50 | Loss 0.2891 | Acc 92.11% | Val Loss 0.2549 | Val Acc 92.89% | 40.5s
2026-06-25 17:32:57 |   --> saved best to C:\Users\Admin\Desktop\hai\ConViTX\code ViT_8 block CNN\HybridModel_PlantPathology_Ablation\results\Hybrid_none-none-se_fold5_best.pth
2026-06-25 17:33:38 | Epoch 07/50 | Loss 0.2536 | Acc 92.86% | Val Loss 0.2242 | Val Acc 93.21% | 40.5s
2026-06-25 17:33:38 |   --> saved best to C:\Users\Admin\Desktop\hai\ConViTX\code ViT_8 block CNN\HybridModel_PlantPathology_Ablation\results\Hybrid_none-none-se_fold5_best.pth
2026-06-25 17:34:18 | Epoch 08/50 | Loss 0.2314 | Acc 93.45% | Val Loss 0.2118 | Val Acc 93.94% | 40.4s
2026-06-25 17:34:18 |   --> saved best to C:\Users\Admin\Desktop\hai\ConViTX\code ViT_8 block CNN\HybridModel_PlantPathology_Ablation\results\Hybrid_none-none-se_fold5_best.pth
2026-06-25 17:34:59 | Epoch 09/50 | Loss 0.2093 | Acc 93.85% | Val Loss 0.1944 | Val Acc 93.86% | 40.3s
2026-06-25 17:34:59 |   --> saved best to C:\Users\Admin\Desktop\hai\ConViTX\code ViT_8 block CNN\HybridModel_PlantPathology_Ablation\results\Hybrid_none-none-se_fold5_best.pth
2026-06-25 17:35:39 | Epoch 10/50 | Loss 0.1926 | Acc 94.36% | Val Loss 0.1737 | Val Acc 94.67% | 40.4s
2026-06-25 17:35:39 |   --> saved best to C:\Users\Admin\Desktop\hai\ConViTX\code ViT_8 block CNN\HybridModel_PlantPathology_Ablation\results\Hybrid_none-none-se_fold5_best.pth
2026-06-25 17:36:20 | Epoch 11/50 | Loss 0.1834 | Acc 94.52% | Val Loss 0.1642 | Val Acc 95.07% | 40.5s
2026-06-25 17:36:20 |   --> saved best to C:\Users\Admin\Desktop\hai\ConViTX\code ViT_8 block CNN\HybridModel_PlantPathology_Ablation\results\Hybrid_none-none-se_fold5_best.pth
2026-06-25 17:37:01 | Epoch 12/50 | Loss 0.1678 | Acc 95.01% | Val Loss 0.1636 | Val Acc 94.83% | 40.8s
2026-06-25 17:37:01 |   --> saved best to C:\Users\Admin\Desktop\hai\ConViTX\code ViT_8 block CNN\HybridModel_PlantPathology_Ablation\results\Hybrid_none-none-se_fold5_best.pth
2026-06-25 17:37:41 | Epoch 13/50 | Loss 0.1631 | Acc 95.01% | Val Loss 0.1631 | Val Acc 95.23% | 40.5s
2026-06-25 17:37:41 |   --> saved best to C:\Users\Admin\Desktop\hai\ConViTX\code ViT_8 block CNN\HybridModel_PlantPathology_Ablation\results\Hybrid_none-none-se_fold5_best.pth
2026-06-25 17:38:22 | Epoch 14/50 | Loss 0.1549 | Acc 95.43% | Val Loss 0.1408 | Val Acc 95.96% | 40.4s
2026-06-25 17:38:22 |   --> saved best to C:\Users\Admin\Desktop\hai\ConViTX\code ViT_8 block CNN\HybridModel_PlantPathology_Ablation\results\Hybrid_none-none-se_fold5_best.pth
2026-06-25 17:39:02 | Epoch 15/50 | Loss 0.1463 | Acc 95.15% | Val Loss 0.1410 | Val Acc 95.88% | 40.5s
2026-06-25 17:39:44 | Epoch 16/50 | Loss 0.1458 | Acc 95.56% | Val Loss 0.1382 | Val Acc 95.88% | 41.5s
2026-06-25 17:39:44 |   --> saved best to C:\Users\Admin\Desktop\hai\ConViTX\code ViT_8 block CNN\HybridModel_PlantPathology_Ablation\results\Hybrid_none-none-se_fold5_best.pth
2026-06-25 17:40:25 | Epoch 17/50 | Loss 0.1372 | Acc 95.54% | Val Loss 0.1289 | Val Acc 95.72% | 40.9s
2026-06-25 17:40:25 |   --> saved best to C:\Users\Admin\Desktop\hai\ConViTX\code ViT_8 block CNN\HybridModel_PlantPathology_Ablation\results\Hybrid_none-none-se_fold5_best.pth
2026-06-25 17:41:06 | Epoch 18/50 | Loss 0.1231 | Acc 96.10% | Val Loss 0.1270 | Val Acc 95.88% | 41.0s
2026-06-25 17:41:06 |   --> saved best to C:\Users\Admin\Desktop\hai\ConViTX\code ViT_8 block CNN\HybridModel_PlantPathology_Ablation\results\Hybrid_none-none-se_fold5_best.pth
2026-06-25 17:41:47 | Epoch 19/50 | Loss 0.1284 | Acc 95.94% | Val Loss 0.1238 | Val Acc 96.04% | 40.7s
2026-06-25 17:41:47 |   --> saved best to C:\Users\Admin\Desktop\hai\ConViTX\code ViT_8 block CNN\HybridModel_PlantPathology_Ablation\results\Hybrid_none-none-se_fold5_best.pth
2026-06-25 17:42:28 | Epoch 20/50 | Loss 0.1245 | Acc 95.86% | Val Loss 0.1245 | Val Acc 95.48% | 40.5s
2026-06-25 17:43:08 | Epoch 21/50 | Loss 0.1221 | Acc 95.96% | Val Loss 0.1160 | Val Acc 95.40% | 40.7s
2026-06-25 17:43:09 |   --> saved best to C:\Users\Admin\Desktop\hai\ConViTX\code ViT_8 block CNN\HybridModel_PlantPathology_Ablation\results\Hybrid_none-none-se_fold5_best.pth
2026-06-25 17:43:49 | Epoch 22/50 | Loss 0.1135 | Acc 96.29% | Val Loss 0.1167 | Val Acc 95.88% | 41.0s
2026-06-25 17:44:30 | Epoch 23/50 | Loss 0.1034 | Acc 96.73% | Val Loss 0.1150 | Val Acc 96.04% | 40.7s
2026-06-25 17:44:30 |   --> saved best to C:\Users\Admin\Desktop\hai\ConViTX\code ViT_8 block CNN\HybridModel_PlantPathology_Ablation\results\Hybrid_none-none-se_fold5_best.pth
2026-06-25 17:45:12 | Epoch 24/50 | Loss 0.1019 | Acc 96.77% | Val Loss 0.1088 | Val Acc 96.20% | 41.6s
2026-06-25 17:45:12 |   --> saved best to C:\Users\Admin\Desktop\hai\ConViTX\code ViT_8 block CNN\HybridModel_PlantPathology_Ablation\results\Hybrid_none-none-se_fold5_best.pth
2026-06-25 17:45:53 | Epoch 25/50 | Loss 0.0966 | Acc 96.83% | Val Loss 0.1206 | Val Acc 95.80% | 40.8s
2026-06-25 17:46:34 | Epoch 26/50 | Loss 0.1015 | Acc 96.57% | Val Loss 0.1136 | Val Acc 96.20% | 40.8s
2026-06-25 17:47:15 | Epoch 27/50 | Loss 0.1000 | Acc 96.92% | Val Loss 0.1045 | Val Acc 96.45% | 40.8s
2026-06-25 17:47:15 |   --> saved best to C:\Users\Admin\Desktop\hai\ConViTX\code ViT_8 block CNN\HybridModel_PlantPathology_Ablation\results\Hybrid_none-none-se_fold5_best.pth
2026-06-25 17:47:56 | Epoch 28/50 | Loss 0.0947 | Acc 96.83% | Val Loss 0.1037 | Val Acc 96.28% | 40.7s
2026-06-25 17:47:56 |   --> saved best to C:\Users\Admin\Desktop\hai\ConViTX\code ViT_8 block CNN\HybridModel_PlantPathology_Ablation\results\Hybrid_none-none-se_fold5_best.pth
2026-06-25 17:48:37 | Epoch 29/50 | Loss 0.0909 | Acc 97.18% | Val Loss 0.1111 | Val Acc 96.37% | 40.9s
2026-06-25 17:49:18 | Epoch 30/50 | Loss 0.0817 | Acc 97.65% | Val Loss 0.0981 | Val Acc 96.93% | 41.1s
2026-06-25 17:49:18 |   --> saved best to C:\Users\Admin\Desktop\hai\ConViTX\code ViT_8 block CNN\HybridModel_PlantPathology_Ablation\results\Hybrid_none-none-se_fold5_best.pth
2026-06-25 17:49:59 | Epoch 31/50 | Loss 0.0902 | Acc 97.20% | Val Loss 0.1021 | Val Acc 96.45% | 41.1s
2026-06-25 17:50:20 | Epoch 32/50 | Loss 0.0820 | Acc 97.40% | Val Loss 0.0995 | Val Acc 96.77% | 21.5s
2026-06-25 17:50:41 | Epoch 33/50 | Loss 0.0833 | Acc 97.30% | Val Loss 0.0957 | Val Acc 96.53% | 20.3s
2026-06-25 17:50:41 |   --> saved best to C:\Users\Admin\Desktop\hai\ConViTX\code ViT_8 block CNN\HybridModel_PlantPathology_Ablation\results\Hybrid_none-none-se_fold5_best.pth
2026-06-25 17:51:01 | Epoch 34/50 | Loss 0.0791 | Acc 97.44% | Val Loss 0.0948 | Val Acc 97.09% | 20.5s
2026-06-25 17:51:01 |   --> saved best to C:\Users\Admin\Desktop\hai\ConViTX\code ViT_8 block CNN\HybridModel_PlantPathology_Ablation\results\Hybrid_none-none-se_fold5_best.pth
2026-06-25 17:51:21 | Epoch 35/50 | Loss 0.0725 | Acc 97.63% | Val Loss 0.0944 | Val Acc 96.85% | 20.1s
2026-06-25 17:51:21 |   --> saved best to C:\Users\Admin\Desktop\hai\ConViTX\code ViT_8 block CNN\HybridModel_PlantPathology_Ablation\results\Hybrid_none-none-se_fold5_best.pth
2026-06-25 17:51:42 | Epoch 36/50 | Loss 0.0761 | Acc 97.28% | Val Loss 0.0891 | Val Acc 96.61% | 20.2s
2026-06-25 17:51:42 |   --> saved best to C:\Users\Admin\Desktop\hai\ConViTX\code ViT_8 block CNN\HybridModel_PlantPathology_Ablation\results\Hybrid_none-none-se_fold5_best.pth
2026-06-25 17:52:02 | Epoch 37/50 | Loss 0.0782 | Acc 97.46% | Val Loss 0.0912 | Val Acc 96.77% | 20.3s
2026-06-25 17:52:22 | Epoch 38/50 | Loss 0.0717 | Acc 97.50% | Val Loss 0.0878 | Val Acc 96.93% | 20.1s
2026-06-25 17:52:22 |   --> saved best to C:\Users\Admin\Desktop\hai\ConViTX\code ViT_8 block CNN\HybridModel_PlantPathology_Ablation\results\Hybrid_none-none-se_fold5_best.pth
2026-06-25 17:52:43 | Epoch 39/50 | Loss 0.0692 | Acc 97.71% | Val Loss 0.0946 | Val Acc 96.77% | 20.6s
2026-06-25 17:53:25 | Epoch 40/50 | Loss 0.0626 | Acc 98.03% | Val Loss 0.0988 | Val Acc 96.77% | 42.1s
2026-06-25 17:54:07 | Epoch 41/50 | Loss 0.0708 | Acc 97.65% | Val Loss 0.0977 | Val Acc 96.45% | 41.9s
2026-06-25 17:54:49 | Epoch 42/50 | Loss 0.0723 | Acc 97.71% | Val Loss 0.0945 | Val Acc 96.61% | 41.8s
2026-06-25 17:55:28 | Epoch 43/50 | Loss 0.0635 | Acc 97.85% | Val Loss 0.0891 | Val Acc 96.85% | 38.5s
2026-06-25 17:55:49 | Epoch 44/50 | Loss 0.0607 | Acc 97.99% | Val Loss 0.0863 | Val Acc 97.33% | 21.7s
2026-06-25 17:55:49 |   --> saved best to C:\Users\Admin\Desktop\hai\ConViTX\code ViT_8 block CNN\HybridModel_PlantPathology_Ablation\results\Hybrid_none-none-se_fold5_best.pth
2026-06-25 17:56:30 | Epoch 45/50 | Loss 0.0584 | Acc 98.28% | Val Loss 0.0934 | Val Acc 96.77% | 41.0s
2026-06-25 17:57:12 | Epoch 46/50 | Loss 0.0512 | Acc 98.48% | Val Loss 0.0842 | Val Acc 97.33% | 41.5s
2026-06-25 17:57:12 |   --> saved best to C:\Users\Admin\Desktop\hai\ConViTX\code ViT_8 block CNN\HybridModel_PlantPathology_Ablation\results\Hybrid_none-none-se_fold5_best.pth
2026-06-25 17:57:53 | Epoch 47/50 | Loss 0.0537 | Acc 98.32% | Val Loss 0.0889 | Val Acc 97.17% | 40.7s
2026-06-25 17:58:34 | Epoch 48/50 | Loss 0.0485 | Acc 98.46% | Val Loss 0.0943 | Val Acc 96.93% | 41.5s
2026-06-25 17:59:18 | Epoch 49/50 | Loss 0.0532 | Acc 98.52% | Val Loss 0.0936 | Val Acc 96.85% | 43.5s
2026-06-25 17:59:49 | Epoch 50/50 | Loss 0.0517 | Acc 98.56% | Val Loss 0.0862 | Val Acc 96.77% | 31.2s
2026-06-25 17:59:49 | Finished Hybrid_none-none-se fold 5 in 32.02 min.
2026-06-25 17:59:57 | 
================================================================================
2026-06-25 17:59:57 | TRAINING: Hybrid_none-none-secbam | FOLD 1/5
2026-06-25 17:59:57 | ================================================================================
2026-06-25 17:59:57 | [INFO] reduced batch_size=64 for hybrid model to avoid OOM.
2026-06-25 18:01:23 | Epoch 01/50 | Loss 1.2644 | Acc 52.21% | Val Loss 1.1208 | Val Acc 58.03% | 86.2s
2026-06-25 18:01:23 |   --> saved best to C:\Users\Admin\Desktop\hai\ConViTX\code ViT_8 block CNN\HybridModel_PlantPathology_Ablation\results\Hybrid_none-none-secbam_fold1_best.pth
2026-06-25 18:01:44 | Epoch 02/50 | Loss 0.9620 | Acc 75.73% | Val Loss 0.7674 | Val Acc 81.92% | 21.0s
2026-06-25 18:01:44 |   --> saved best to C:\Users\Admin\Desktop\hai\ConViTX\code ViT_8 block CNN\HybridModel_PlantPathology_Ablation\results\Hybrid_none-none-secbam_fold1_best.pth
2026-06-25 18:02:05 | Epoch 03/50 | Loss 0.6556 | Acc 85.55% | Val Loss 0.5221 | Val Acc 86.60% | 20.9s
2026-06-25 18:02:05 |   --> saved best to C:\Users\Admin\Desktop\hai\ConViTX\code ViT_8 block CNN\HybridModel_PlantPathology_Ablation\results\Hybrid_none-none-secbam_fold1_best.pth
2026-06-25 18:02:26 | Epoch 04/50 | Loss 0.4584 | Acc 89.10% | Val Loss 0.3779 | Val Acc 90.56% | 20.7s
2026-06-25 18:02:26 |   --> saved best to C:\Users\Admin\Desktop\hai\ConViTX\code ViT_8 block CNN\HybridModel_PlantPathology_Ablation\results\Hybrid_none-none-secbam_fold1_best.pth
2026-06-25 18:02:46 | Epoch 05/50 | Loss 0.3505 | Acc 91.84% | Val Loss 0.2971 | Val Acc 91.93% | 20.6s
2026-06-25 18:02:46 |   --> saved best to C:\Users\Admin\Desktop\hai\ConViTX\code ViT_8 block CNN\HybridModel_PlantPathology_Ablation\results\Hybrid_none-none-secbam_fold1_best.pth
2026-06-25 18:03:07 | Epoch 06/50 | Loss 0.3022 | Acc 92.47% | Val Loss 0.2706 | Val Acc 92.66% | 20.6s
2026-06-25 18:03:07 |   --> saved best to C:\Users\Admin\Desktop\hai\ConViTX\code ViT_8 block CNN\HybridModel_PlantPathology_Ablation\results\Hybrid_none-none-secbam_fold1_best.pth
2026-06-25 18:03:28 | Epoch 07/50 | Loss 0.2515 | Acc 93.12% | Val Loss 0.2328 | Val Acc 93.30% | 20.6s
2026-06-25 18:03:28 |   --> saved best to C:\Users\Admin\Desktop\hai\ConViTX\code ViT_8 block CNN\HybridModel_PlantPathology_Ablation\results\Hybrid_none-none-secbam_fold1_best.pth
2026-06-25 18:03:48 | Epoch 08/50 | Loss 0.2114 | Acc 94.09% | Val Loss 0.2181 | Val Acc 93.62% | 20.5s
2026-06-25 18:03:48 |   --> saved best to C:\Users\Admin\Desktop\hai\ConViTX\code ViT_8 block CNN\HybridModel_PlantPathology_Ablation\results\Hybrid_none-none-secbam_fold1_best.pth
2026-06-25 18:04:09 | Epoch 09/50 | Loss 0.1945 | Acc 94.58% | Val Loss 0.2000 | Val Acc 93.54% | 20.6s
2026-06-25 18:04:09 |   --> saved best to C:\Users\Admin\Desktop\hai\ConViTX\code ViT_8 block CNN\HybridModel_PlantPathology_Ablation\results\Hybrid_none-none-secbam_fold1_best.pth
2026-06-25 18:04:30 | Epoch 10/50 | Loss 0.1784 | Acc 94.70% | Val Loss 0.1858 | Val Acc 93.87% | 20.7s
2026-06-25 18:04:30 |   --> saved best to C:\Users\Admin\Desktop\hai\ConViTX\code ViT_8 block CNN\HybridModel_PlantPathology_Ablation\results\Hybrid_none-none-secbam_fold1_best.pth
2026-06-25 18:04:50 | Epoch 11/50 | Loss 0.1627 | Acc 94.87% | Val Loss 0.1849 | Val Acc 94.11% | 20.4s
2026-06-25 18:04:50 |   --> saved best to C:\Users\Admin\Desktop\hai\ConViTX\code ViT_8 block CNN\HybridModel_PlantPathology_Ablation\results\Hybrid_none-none-secbam_fold1_best.pth
2026-06-25 18:05:11 | Epoch 12/50 | Loss 0.1542 | Acc 95.29% | Val Loss 0.1671 | Val Acc 94.51% | 20.6s
2026-06-25 18:05:11 |   --> saved best to C:\Users\Admin\Desktop\hai\ConViTX\code ViT_8 block CNN\HybridModel_PlantPathology_Ablation\results\Hybrid_none-none-secbam_fold1_best.pth
2026-06-25 18:05:32 | Epoch 13/50 | Loss 0.1411 | Acc 95.78% | Val Loss 0.1739 | Val Acc 93.95% | 20.8s
2026-06-25 18:05:53 | Epoch 14/50 | Loss 0.1419 | Acc 95.56% | Val Loss 0.1630 | Val Acc 94.27% | 20.8s
2026-06-25 18:05:53 |   --> saved best to C:\Users\Admin\Desktop\hai\ConViTX\code ViT_8 block CNN\HybridModel_PlantPathology_Ablation\results\Hybrid_none-none-secbam_fold1_best.pth
2026-06-25 18:06:13 | Epoch 15/50 | Loss 0.1276 | Acc 95.92% | Val Loss 0.1523 | Val Acc 94.67% | 20.6s
2026-06-25 18:06:13 |   --> saved best to C:\Users\Admin\Desktop\hai\ConViTX\code ViT_8 block CNN\HybridModel_PlantPathology_Ablation\results\Hybrid_none-none-secbam_fold1_best.pth
2026-06-25 18:06:34 | Epoch 16/50 | Loss 0.1186 | Acc 96.23% | Val Loss 0.1464 | Val Acc 95.00% | 20.6s
2026-06-25 18:06:34 |   --> saved best to C:\Users\Admin\Desktop\hai\ConViTX\code ViT_8 block CNN\HybridModel_PlantPathology_Ablation\results\Hybrid_none-none-secbam_fold1_best.pth
2026-06-25 18:06:55 | Epoch 17/50 | Loss 0.1159 | Acc 96.23% | Val Loss 0.1507 | Val Acc 95.00% | 20.7s
2026-06-25 18:07:18 | Epoch 18/50 | Loss 0.1146 | Acc 95.98% | Val Loss 0.1478 | Val Acc 94.92% | 23.2s
2026-06-25 18:07:52 | Epoch 19/50 | Loss 0.1112 | Acc 96.49% | Val Loss 0.1406 | Val Acc 95.00% | 33.6s
2026-06-25 18:07:52 |   --> saved best to C:\Users\Admin\Desktop\hai\ConViTX\code ViT_8 block CNN\HybridModel_PlantPathology_Ablation\results\Hybrid_none-none-secbam_fold1_best.pth
2026-06-25 18:08:12 | Epoch 20/50 | Loss 0.1092 | Acc 96.53% | Val Loss 0.1421 | Val Acc 95.00% | 20.6s
2026-06-25 18:08:33 | Epoch 21/50 | Loss 0.0980 | Acc 97.10% | Val Loss 0.1361 | Val Acc 95.32% | 20.5s
2026-06-25 18:08:33 |   --> saved best to C:\Users\Admin\Desktop\hai\ConViTX\code ViT_8 block CNN\HybridModel_PlantPathology_Ablation\results\Hybrid_none-none-secbam_fold1_best.pth
2026-06-25 18:08:53 | Epoch 22/50 | Loss 0.0928 | Acc 97.06% | Val Loss 0.1315 | Val Acc 95.56% | 20.4s
2026-06-25 18:08:53 |   --> saved best to C:\Users\Admin\Desktop\hai\ConViTX\code ViT_8 block CNN\HybridModel_PlantPathology_Ablation\results\Hybrid_none-none-secbam_fold1_best.pth
2026-06-25 18:09:14 | Epoch 23/50 | Loss 0.0929 | Acc 96.92% | Val Loss 0.1310 | Val Acc 95.40% | 20.6s
2026-06-25 18:09:14 |   --> saved best to C:\Users\Admin\Desktop\hai\ConViTX\code ViT_8 block CNN\HybridModel_PlantPathology_Ablation\results\Hybrid_none-none-secbam_fold1_best.pth
2026-06-25 18:09:34 | Epoch 24/50 | Loss 0.0870 | Acc 97.34% | Val Loss 0.1304 | Val Acc 95.32% | 20.1s
2026-06-25 18:09:34 |   --> saved best to C:\Users\Admin\Desktop\hai\ConViTX\code ViT_8 block CNN\HybridModel_PlantPathology_Ablation\results\Hybrid_none-none-secbam_fold1_best.pth
2026-06-25 18:09:54 | Epoch 25/50 | Loss 0.0867 | Acc 97.10% | Val Loss 0.1211 | Val Acc 96.13% | 20.2s
2026-06-25 18:09:54 |   --> saved best to C:\Users\Admin\Desktop\hai\ConViTX\code ViT_8 block CNN\HybridModel_PlantPathology_Ablation\results\Hybrid_none-none-secbam_fold1_best.pth
2026-06-25 18:10:15 | Epoch 26/50 | Loss 0.0853 | Acc 97.32% | Val Loss 0.1198 | Val Acc 95.56% | 20.0s
2026-06-25 18:10:15 |   --> saved best to C:\Users\Admin\Desktop\hai\ConViTX\code ViT_8 block CNN\HybridModel_PlantPathology_Ablation\results\Hybrid_none-none-secbam_fold1_best.pth
2026-06-25 18:10:35 | Epoch 27/50 | Loss 0.0774 | Acc 97.65% | Val Loss 0.1274 | Val Acc 95.64% | 20.0s
2026-06-25 18:10:55 | Epoch 28/50 | Loss 0.0767 | Acc 97.46% | Val Loss 0.1192 | Val Acc 95.88% | 20.1s
2026-06-25 18:10:55 |   --> saved best to C:\Users\Admin\Desktop\hai\ConViTX\code ViT_8 block CNN\HybridModel_PlantPathology_Ablation\results\Hybrid_none-none-secbam_fold1_best.pth
2026-06-25 18:11:15 | Epoch 29/50 | Loss 0.0814 | Acc 97.30% | Val Loss 0.1191 | Val Acc 96.21% | 20.2s
2026-06-25 18:11:15 |   --> saved best to C:\Users\Admin\Desktop\hai\ConViTX\code ViT_8 block CNN\HybridModel_PlantPathology_Ablation\results\Hybrid_none-none-secbam_fold1_best.pth
2026-06-25 18:11:35 | Epoch 30/50 | Loss 0.0761 | Acc 97.56% | Val Loss 0.1117 | Val Acc 96.45% | 19.9s
2026-06-25 18:11:35 |   --> saved best to C:\Users\Admin\Desktop\hai\ConViTX\code ViT_8 block CNN\HybridModel_PlantPathology_Ablation\results\Hybrid_none-none-secbam_fold1_best.pth
2026-06-25 18:11:55 | Epoch 31/50 | Loss 0.0728 | Acc 97.36% | Val Loss 0.1218 | Val Acc 96.13% | 20.0s
2026-06-25 18:12:16 | Epoch 32/50 | Loss 0.0669 | Acc 98.07% | Val Loss 0.1096 | Val Acc 96.29% | 20.4s
2026-06-25 18:12:16 |   --> saved best to C:\Users\Admin\Desktop\hai\ConViTX\code ViT_8 block CNN\HybridModel_PlantPathology_Ablation\results\Hybrid_none-none-secbam_fold1_best.pth
2026-06-25 18:12:36 | Epoch 33/50 | Loss 0.0710 | Acc 97.73% | Val Loss 0.1136 | Val Acc 96.37% | 20.2s
2026-06-25 18:12:56 | Epoch 34/50 | Loss 0.0635 | Acc 97.99% | Val Loss 0.1080 | Val Acc 96.37% | 20.2s
2026-06-25 18:12:56 |   --> saved best to C:\Users\Admin\Desktop\hai\ConViTX\code ViT_8 block CNN\HybridModel_PlantPathology_Ablation\results\Hybrid_none-none-secbam_fold1_best.pth
2026-06-25 18:13:17 | Epoch 35/50 | Loss 0.0608 | Acc 98.15% | Val Loss 0.1144 | Val Acc 95.72% | 20.4s
2026-06-25 18:13:37 | Epoch 36/50 | Loss 0.0628 | Acc 97.91% | Val Loss 0.1165 | Val Acc 96.05% | 20.3s
2026-06-25 18:13:57 | Epoch 37/50 | Loss 0.0598 | Acc 97.99% | Val Loss 0.1145 | Val Acc 96.29% | 20.3s
2026-06-25 18:14:17 | Epoch 38/50 | Loss 0.0613 | Acc 97.87% | Val Loss 0.1205 | Val Acc 95.96% | 20.2s
2026-06-25 18:14:43 | Epoch 39/50 | Loss 0.0514 | Acc 98.23% | Val Loss 0.1190 | Val Acc 95.80% | 25.0s
2026-06-25 18:15:03 | Epoch 40/50 | Loss 0.0558 | Acc 98.40% | Val Loss 0.1248 | Val Acc 95.48% | 20.3s
2026-06-25 18:15:24 | Epoch 41/50 | Loss 0.0491 | Acc 98.48% | Val Loss 0.1135 | Val Acc 96.21% | 20.8s
2026-06-25 18:15:55 | Epoch 42/50 | Loss 0.0513 | Acc 98.38% | Val Loss 0.1284 | Val Acc 95.48% | 31.6s
2026-06-25 18:16:16 | Epoch 43/50 | Loss 0.0512 | Acc 98.48% | Val Loss 0.1173 | Val Acc 96.21% | 20.4s
2026-06-25 18:16:37 | Epoch 44/50 | Loss 0.0489 | Acc 98.48% | Val Loss 0.1277 | Val Acc 95.96% | 20.8s
2026-06-25 18:16:57 | Epoch 45/50 | Loss 0.0549 | Acc 98.07% | Val Loss 0.1134 | Val Acc 95.88% | 20.6s
2026-06-25 18:17:18 | Epoch 46/50 | Loss 0.0486 | Acc 98.44% | Val Loss 0.1145 | Val Acc 96.29% | 20.4s
2026-06-25 18:17:38 | Epoch 47/50 | Loss 0.0479 | Acc 98.48% | Val Loss 0.1161 | Val Acc 96.37% | 20.6s
2026-06-25 18:17:59 | Epoch 48/50 | Loss 0.0497 | Acc 98.30% | Val Loss 0.1060 | Val Acc 95.96% | 20.5s
2026-06-25 18:17:59 |   --> saved best to C:\Users\Admin\Desktop\hai\ConViTX\code ViT_8 block CNN\HybridModel_PlantPathology_Ablation\results\Hybrid_none-none-secbam_fold1_best.pth
2026-06-25 18:18:19 | Epoch 49/50 | Loss 0.0422 | Acc 98.68% | Val Loss 0.1031 | Val Acc 96.77% | 20.4s
2026-06-25 18:18:19 |   --> saved best to C:\Users\Admin\Desktop\hai\ConViTX\code ViT_8 block CNN\HybridModel_PlantPathology_Ablation\results\Hybrid_none-none-secbam_fold1_best.pth
2026-06-25 18:18:40 | Epoch 50/50 | Loss 0.0450 | Acc 98.62% | Val Loss 0.1151 | Val Acc 96.21% | 20.5s
2026-06-25 18:18:40 | Finished Hybrid_none-none-secbam fold 1 in 18.72 min.
2026-06-25 18:18:48 | 
================================================================================
2026-06-25 18:18:48 | TRAINING: Hybrid_none-none-secbam | FOLD 2/5
2026-06-25 18:18:48 | ================================================================================
2026-06-25 18:18:48 | [INFO] reduced batch_size=64 for hybrid model to avoid OOM.
2026-06-25 18:20:21 | Epoch 01/50 | Loss 1.2922 | Acc 41.46% | Val Loss 1.1415 | Val Acc 52.54% | 92.6s
2026-06-25 18:20:21 |   --> saved best to C:\Users\Admin\Desktop\hai\ConViTX\code ViT_8 block CNN\HybridModel_PlantPathology_Ablation\results\Hybrid_none-none-secbam_fold2_best.pth
2026-06-25 18:21:06 | Epoch 02/50 | Loss 1.0265 | Acc 63.23% | Val Loss 0.8369 | Val Acc 69.49% | 45.4s
2026-06-25 18:21:06 |   --> saved best to C:\Users\Admin\Desktop\hai\ConViTX\code ViT_8 block CNN\HybridModel_PlantPathology_Ablation\results\Hybrid_none-none-secbam_fold2_best.pth
2026-06-25 18:21:52 | Epoch 03/50 | Loss 0.7429 | Acc 82.20% | Val Loss 0.5788 | Val Acc 87.33% | 45.4s
2026-06-25 18:21:52 |   --> saved best to C:\Users\Admin\Desktop\hai\ConViTX\code ViT_8 block CNN\HybridModel_PlantPathology_Ablation\results\Hybrid_none-none-secbam_fold2_best.pth
2026-06-25 18:22:36 | Epoch 04/50 | Loss 0.5193 | Acc 88.27% | Val Loss 0.4121 | Val Acc 90.64% | 44.0s
2026-06-25 18:22:36 |   --> saved best to C:\Users\Admin\Desktop\hai\ConViTX\code ViT_8 block CNN\HybridModel_PlantPathology_Ablation\results\Hybrid_none-none-secbam_fold2_best.pth
2026-06-25 18:23:17 | Epoch 05/50 | Loss 0.3869 | Acc 90.97% | Val Loss 0.3185 | Val Acc 92.25% | 40.6s
2026-06-25 18:23:17 |   --> saved best to C:\Users\Admin\Desktop\hai\ConViTX\code ViT_8 block CNN\HybridModel_PlantPathology_Ablation\results\Hybrid_none-none-secbam_fold2_best.pth
2026-06-25 18:23:38 | Epoch 06/50 | Loss 0.3103 | Acc 92.39% | Val Loss 0.2601 | Val Acc 93.38% | 20.8s
2026-06-25 18:23:38 |   --> saved best to C:\Users\Admin\Desktop\hai\ConViTX\code ViT_8 block CNN\HybridModel_PlantPathology_Ablation\results\Hybrid_none-none-secbam_fold2_best.pth
2026-06-25 18:24:00 | Epoch 07/50 | Loss 0.2599 | Acc 93.28% | Val Loss 0.2102 | Val Acc 94.35% | 22.2s
2026-06-25 18:24:00 |   --> saved best to C:\Users\Admin\Desktop\hai\ConViTX\code ViT_8 block CNN\HybridModel_PlantPathology_Ablation\results\Hybrid_none-none-secbam_fold2_best.pth
2026-06-25 18:24:43 | Epoch 08/50 | Loss 0.2302 | Acc 93.97% | Val Loss 0.2023 | Val Acc 94.35% | 42.5s
2026-06-25 18:24:43 |   --> saved best to C:\Users\Admin\Desktop\hai\ConViTX\code ViT_8 block CNN\HybridModel_PlantPathology_Ablation\results\Hybrid_none-none-secbam_fold2_best.pth
2026-06-25 18:25:27 | Epoch 09/50 | Loss 0.1994 | Acc 94.60% | Val Loss 0.1687 | Val Acc 95.48% | 43.9s
2026-06-25 18:25:27 |   --> saved best to C:\Users\Admin\Desktop\hai\ConViTX\code ViT_8 block CNN\HybridModel_PlantPathology_Ablation\results\Hybrid_none-none-secbam_fold2_best.pth
2026-06-25 18:26:10 | Epoch 10/50 | Loss 0.1824 | Acc 94.89% | Val Loss 0.1488 | Val Acc 95.56% | 42.9s
2026-06-25 18:26:10 |   --> saved best to C:\Users\Admin\Desktop\hai\ConViTX\code ViT_8 block CNN\HybridModel_PlantPathology_Ablation\results\Hybrid_none-none-secbam_fold2_best.pth
2026-06-25 18:26:54 | Epoch 11/50 | Loss 0.1629 | Acc 95.25% | Val Loss 0.1392 | Val Acc 95.72% | 43.8s
2026-06-25 18:26:54 |   --> saved best to C:\Users\Admin\Desktop\hai\ConViTX\code ViT_8 block CNN\HybridModel_PlantPathology_Ablation\results\Hybrid_none-none-secbam_fold2_best.pth
2026-06-25 18:27:36 | Epoch 12/50 | Loss 0.1522 | Acc 95.54% | Val Loss 0.1248 | Val Acc 95.88% | 42.3s
2026-06-25 18:27:36 |   --> saved best to C:\Users\Admin\Desktop\hai\ConViTX\code ViT_8 block CNN\HybridModel_PlantPathology_Ablation\results\Hybrid_none-none-secbam_fold2_best.pth
2026-06-25 18:28:18 | Epoch 13/50 | Loss 0.1456 | Acc 95.64% | Val Loss 0.1281 | Val Acc 96.37% | 41.9s
2026-06-25 18:29:01 | Epoch 14/50 | Loss 0.1375 | Acc 95.60% | Val Loss 0.1228 | Val Acc 96.21% | 42.8s
2026-06-25 18:29:01 |   --> saved best to C:\Users\Admin\Desktop\hai\ConViTX\code ViT_8 block CNN\HybridModel_PlantPathology_Ablation\results\Hybrid_none-none-secbam_fold2_best.pth
2026-06-25 18:29:43 | Epoch 15/50 | Loss 0.1237 | Acc 96.08% | Val Loss 0.1109 | Val Acc 96.61% | 42.3s
2026-06-25 18:29:44 |   --> saved best to C:\Users\Admin\Desktop\hai\ConViTX\code ViT_8 block CNN\HybridModel_PlantPathology_Ablation\results\Hybrid_none-none-secbam_fold2_best.pth
2026-06-25 18:30:25 | Epoch 16/50 | Loss 0.1215 | Acc 96.37% | Val Loss 0.1137 | Val Acc 96.69% | 41.7s
2026-06-25 18:31:07 | Epoch 17/50 | Loss 0.1165 | Acc 96.14% | Val Loss 0.1009 | Val Acc 97.01% | 41.3s
2026-06-25 18:31:07 |   --> saved best to C:\Users\Admin\Desktop\hai\ConViTX\code ViT_8 block CNN\HybridModel_PlantPathology_Ablation\results\Hybrid_none-none-secbam_fold2_best.pth
2026-06-25 18:31:49 | Epoch 18/50 | Loss 0.1168 | Acc 96.29% | Val Loss 0.1050 | Val Acc 96.69% | 42.0s
2026-06-25 18:32:31 | Epoch 19/50 | Loss 0.1100 | Acc 96.65% | Val Loss 0.0951 | Val Acc 97.18% | 42.4s
2026-06-25 18:32:31 |   --> saved best to C:\Users\Admin\Desktop\hai\ConViTX\code ViT_8 block CNN\HybridModel_PlantPathology_Ablation\results\Hybrid_none-none-secbam_fold2_best.pth
2026-06-25 18:33:12 | Epoch 20/50 | Loss 0.1107 | Acc 96.33% | Val Loss 0.0947 | Val Acc 97.18% | 40.9s
2026-06-25 18:33:12 |   --> saved best to C:\Users\Admin\Desktop\hai\ConViTX\code ViT_8 block CNN\HybridModel_PlantPathology_Ablation\results\Hybrid_none-none-secbam_fold2_best.pth
2026-06-25 18:33:53 | Epoch 21/50 | Loss 0.1006 | Acc 96.63% | Val Loss 0.0969 | Val Acc 97.09% | 40.9s
2026-06-25 18:34:34 | Epoch 22/50 | Loss 0.0947 | Acc 96.83% | Val Loss 0.0952 | Val Acc 96.85% | 40.5s
2026-06-25 18:35:15 | Epoch 23/50 | Loss 0.0922 | Acc 97.16% | Val Loss 0.0947 | Val Acc 97.01% | 40.6s
2026-06-25 18:35:55 | Epoch 24/50 | Loss 0.0913 | Acc 97.06% | Val Loss 0.0942 | Val Acc 97.42% | 40.3s
2026-06-25 18:35:55 |   --> saved best to C:\Users\Admin\Desktop\hai\ConViTX\code ViT_8 block CNN\HybridModel_PlantPathology_Ablation\results\Hybrid_none-none-secbam_fold2_best.pth
2026-06-25 18:36:35 | Epoch 25/50 | Loss 0.0913 | Acc 96.67% | Val Loss 0.0902 | Val Acc 97.42% | 40.3s
2026-06-25 18:36:35 |   --> saved best to C:\Users\Admin\Desktop\hai\ConViTX\code ViT_8 block CNN\HybridModel_PlantPathology_Ablation\results\Hybrid_none-none-secbam_fold2_best.pth
2026-06-25 18:37:16 | Epoch 26/50 | Loss 0.0855 | Acc 97.32% | Val Loss 0.0876 | Val Acc 97.50% | 40.3s
2026-06-25 18:37:16 |   --> saved best to C:\Users\Admin\Desktop\hai\ConViTX\code ViT_8 block CNN\HybridModel_PlantPathology_Ablation\results\Hybrid_none-none-secbam_fold2_best.pth
2026-06-25 18:37:56 | Epoch 27/50 | Loss 0.0791 | Acc 97.20% | Val Loss 0.0838 | Val Acc 97.50% | 40.2s
2026-06-25 18:37:56 |   --> saved best to C:\Users\Admin\Desktop\hai\ConViTX\code ViT_8 block CNN\HybridModel_PlantPathology_Ablation\results\Hybrid_none-none-secbam_fold2_best.pth
2026-06-25 18:38:37 | Epoch 28/50 | Loss 0.0826 | Acc 97.42% | Val Loss 0.0912 | Val Acc 97.34% | 40.8s
2026-06-25 18:39:18 | Epoch 29/50 | Loss 0.0729 | Acc 97.63% | Val Loss 0.0849 | Val Acc 97.50% | 40.4s
2026-06-25 18:39:58 | Epoch 30/50 | Loss 0.0786 | Acc 97.42% | Val Loss 0.0821 | Val Acc 97.42% | 40.2s
2026-06-25 18:39:58 |   --> saved best to C:\Users\Admin\Desktop\hai\ConViTX\code ViT_8 block CNN\HybridModel_PlantPathology_Ablation\results\Hybrid_none-none-secbam_fold2_best.pth
2026-06-25 18:40:38 | Epoch 31/50 | Loss 0.0755 | Acc 97.34% | Val Loss 0.0850 | Val Acc 97.34% | 40.3s
2026-06-25 18:41:20 | Epoch 32/50 | Loss 0.0686 | Acc 97.71% | Val Loss 0.0794 | Val Acc 97.26% | 41.1s
2026-06-25 18:41:20 |   --> saved best to C:\Users\Admin\Desktop\hai\ConViTX\code ViT_8 block CNN\HybridModel_PlantPathology_Ablation\results\Hybrid_none-none-secbam_fold2_best.pth
2026-06-25 18:42:01 | Epoch 33/50 | Loss 0.0640 | Acc 97.83% | Val Loss 0.0898 | Val Acc 96.85% | 41.1s
2026-06-25 18:42:41 | Epoch 34/50 | Loss 0.0713 | Acc 97.83% | Val Loss 0.0839 | Val Acc 97.34% | 40.5s
2026-06-25 18:43:22 | Epoch 35/50 | Loss 0.0635 | Acc 97.95% | Val Loss 0.0807 | Val Acc 97.42% | 40.6s
2026-06-25 18:44:03 | Epoch 36/50 | Loss 0.0625 | Acc 98.03% | Val Loss 0.0777 | Val Acc 97.34% | 40.5s
2026-06-25 18:44:03 |   --> saved best to C:\Users\Admin\Desktop\hai\ConViTX\code ViT_8 block CNN\HybridModel_PlantPathology_Ablation\results\Hybrid_none-none-secbam_fold2_best.pth
2026-06-25 18:44:43 | Epoch 37/50 | Loss 0.0664 | Acc 97.77% | Val Loss 0.0901 | Val Acc 97.50% | 40.6s
2026-06-25 18:45:24 | Epoch 38/50 | Loss 0.0608 | Acc 98.19% | Val Loss 0.0791 | Val Acc 97.01% | 40.4s
2026-06-25 18:46:04 | Epoch 39/50 | Loss 0.0604 | Acc 97.93% | Val Loss 0.0792 | Val Acc 97.58% | 40.5s
2026-06-25 18:46:32 | Epoch 40/50 | Loss 0.0581 | Acc 98.17% | Val Loss 0.0863 | Val Acc 97.18% | 28.0s
2026-06-25 18:46:53 | Epoch 41/50 | Loss 0.0498 | Acc 98.44% | Val Loss 0.0768 | Val Acc 97.66% | 20.6s
2026-06-25 18:46:53 |   --> saved best to C:\Users\Admin\Desktop\hai\ConViTX\code ViT_8 block CNN\HybridModel_PlantPathology_Ablation\results\Hybrid_none-none-secbam_fold2_best.pth
2026-06-25 18:47:14 | Epoch 42/50 | Loss 0.0491 | Acc 98.38% | Val Loss 0.0714 | Val Acc 97.74% | 20.7s
2026-06-25 18:47:14 |   --> saved best to C:\Users\Admin\Desktop\hai\ConViTX\code ViT_8 block CNN\HybridModel_PlantPathology_Ablation\results\Hybrid_none-none-secbam_fold2_best.pth
2026-06-25 18:47:35 | Epoch 43/50 | Loss 0.0516 | Acc 98.46% | Val Loss 0.0767 | Val Acc 97.50% | 20.6s
2026-06-25 18:47:55 | Epoch 44/50 | Loss 0.0510 | Acc 98.30% | Val Loss 0.0755 | Val Acc 97.66% | 20.3s
2026-06-25 18:48:16 | Epoch 45/50 | Loss 0.0499 | Acc 98.36% | Val Loss 0.0785 | Val Acc 97.50% | 20.5s
2026-06-25 18:48:40 | Epoch 46/50 | Loss 0.0506 | Acc 98.40% | Val Loss 0.0768 | Val Acc 97.34% | 24.6s
2026-06-25 18:49:48 | Epoch 47/50 | Loss 0.0487 | Acc 98.30% | Val Loss 0.0828 | Val Acc 97.50% | 67.9s
2026-06-25 18:50:43 | Epoch 48/50 | Loss 0.0430 | Acc 98.62% | Val Loss 0.0882 | Val Acc 97.50% | 55.0s
2026-06-25 18:51:35 | Epoch 49/50 | Loss 0.0442 | Acc 98.52% | Val Loss 0.0804 | Val Acc 97.66% | 51.9s
2026-06-25 18:52:28 | Epoch 50/50 | Loss 0.0408 | Acc 98.76% | Val Loss 0.0788 | Val Acc 97.50% | 52.4s
2026-06-25 18:52:28 | Finished Hybrid_none-none-secbam fold 2 in 33.66 min.
2026-06-25 18:52:47 | [RESUME] Hybrid_none-none-secbam_fold3 đã train xong trong chiến dịch này -> bỏ qua. (dùng --force để train lại)
2026-06-25 18:52:47 | 
================================================================================
2026-06-25 18:52:47 | TRAINING: Hybrid_none-none-secbam | FOLD 4/5
2026-06-25 18:52:47 | ================================================================================
2026-06-25 18:52:47 | [INFO] reduced batch_size=64 for hybrid model to avoid OOM.
2026-06-25 19:05:27 | Log file initialized at: C:\Users\Admin\Desktop\hai\ConViTX\code ViT_8 block CNN\HybridModel_PlantPathology_Ablation\results\ablation_training.log
2026-06-25 19:05:27 | AXIS=1 | Folds to run: [1, 2, 3, 4, 5] (of 5) | Seed=42
2026-06-25 19:05:27 | Configs (9): Hybrid_none-none-none, Hybrid_se-se-se, Hybrid_se-se-secbam, Hybrid_secbam-secbam-secbam, Hybrid_none-none-se, Hybrid_none-none-secbam, Hybrid_se-se-none, Hybrid_secbam-se-secbam, Hybrid_se-secbam-secbam
2026-06-25 19:05:27 | Hyperparams: epochs=50, batch=128, lr=0.0001, patience=15, AMP/FP16
2026-06-25 19:05:27 | Resume: tìm thấy progress C:\Users\Admin\Desktop\hai\ConViTX\code ViT_8 block CNN\HybridModel_PlantPathology_Ablation\results\ablation_kfold_progress.json | 51 run đã xong trong chiến dịch này
2026-06-25 19:05:27 | Using device: cuda
2026-06-25 19:05:28 | Dataset loaded. 6192 samples, 4 classes: ['healthy', 'multiple_diseases', 'rust', 'scab']
2026-06-25 19:05:28 |   [params] Hybrid_none-none-none              = 0.319 M
2026-06-25 19:05:28 |   [params] Hybrid_se-se-se                    = 0.329 M
2026-06-25 19:05:28 |   [params] Hybrid_se-se-secbam                = 0.331 M
2026-06-25 19:05:28 |   [params] Hybrid_secbam-secbam-secbam        = 0.332 M
2026-06-25 19:05:28 |   [params] Hybrid_none-none-se                = 0.327 M
2026-06-25 19:05:28 |   [params] Hybrid_none-none-secbam            = 0.33 M
2026-06-25 19:05:29 |   [params] Hybrid_se-se-none                  = 0.321 M
2026-06-25 19:05:29 |   [params] Hybrid_secbam-se-secbam            = 0.332 M
2026-06-25 19:05:29 |   [params] Hybrid_se-secbam-secbam            = 0.332 M
2026-06-25 19:05:29 | [RESUME] Hybrid_none-none-none_fold1 đã train xong trong chiến dịch này -> bỏ qua. (dùng --force để train lại)
2026-06-25 19:05:29 | [RESUME] Hybrid_none-none-none_fold2 đã train xong trong chiến dịch này -> bỏ qua. (dùng --force để train lại)
2026-06-25 19:05:29 | [RESUME] Hybrid_none-none-none_fold3 đã train xong trong chiến dịch này -> bỏ qua. (dùng --force để train lại)
2026-06-25 19:05:29 | [RESUME] Hybrid_none-none-none_fold4 đã train xong trong chiến dịch này -> bỏ qua. (dùng --force để train lại)
2026-06-25 19:05:29 | [RESUME] Hybrid_none-none-none_fold5 đã train xong trong chiến dịch này -> bỏ qua. (dùng --force để train lại)
2026-06-25 19:05:29 | [RESUME] Hybrid_se-se-se_fold1 đã train xong trong chiến dịch này -> bỏ qua. (dùng --force để train lại)
2026-06-25 19:05:29 | [RESUME] Hybrid_se-se-se_fold2 đã train xong trong chiến dịch này -> bỏ qua. (dùng --force để train lại)
2026-06-25 19:05:29 | [RESUME] Hybrid_se-se-se_fold3 đã train xong trong chiến dịch này -> bỏ qua. (dùng --force để train lại)
2026-06-25 19:05:29 | [RESUME] Hybrid_se-se-se_fold4 đã train xong trong chiến dịch này -> bỏ qua. (dùng --force để train lại)
2026-06-25 19:05:29 | [RESUME] Hybrid_se-se-se_fold5 đã train xong trong chiến dịch này -> bỏ qua. (dùng --force để train lại)
2026-06-25 19:05:29 | [RESUME] Hybrid_se-se-secbam_fold1 đã train xong trong chiến dịch này -> bỏ qua. (dùng --force để train lại)
2026-06-25 19:05:29 | [RESUME] Hybrid_se-se-secbam_fold2 đã train xong trong chiến dịch này -> bỏ qua. (dùng --force để train lại)
2026-06-25 19:05:29 | [RESUME] Hybrid_se-se-secbam_fold3 đã train xong trong chiến dịch này -> bỏ qua. (dùng --force để train lại)
2026-06-25 19:05:29 | [RESUME] Hybrid_se-se-secbam_fold4 đã train xong trong chiến dịch này -> bỏ qua. (dùng --force để train lại)
2026-06-25 19:05:29 | [RESUME] Hybrid_se-se-secbam_fold5 đã train xong trong chiến dịch này -> bỏ qua. (dùng --force để train lại)
2026-06-25 19:05:29 | [RESUME] Hybrid_secbam-secbam-secbam_fold1 đã train xong trong chiến dịch này -> bỏ qua. (dùng --force để train lại)
2026-06-25 19:05:29 | [RESUME] Hybrid_secbam-secbam-secbam_fold2 đã train xong trong chiến dịch này -> bỏ qua. (dùng --force để train lại)
2026-06-25 19:05:29 | [RESUME] Hybrid_secbam-secbam-secbam_fold3 đã train xong trong chiến dịch này -> bỏ qua. (dùng --force để train lại)
2026-06-25 19:05:29 | [RESUME] Hybrid_secbam-secbam-secbam_fold4 đã train xong trong chiến dịch này -> bỏ qua. (dùng --force để train lại)
2026-06-25 19:05:29 | [RESUME] Hybrid_secbam-secbam-secbam_fold5 đã train xong trong chiến dịch này -> bỏ qua. (dùng --force để train lại)
2026-06-25 19:05:29 | [RESUME] Hybrid_none-none-se_fold1 đã train xong trong chiến dịch này -> bỏ qua. (dùng --force để train lại)
2026-06-25 19:05:29 | [RESUME] Hybrid_none-none-se_fold2 đã train xong trong chiến dịch này -> bỏ qua. (dùng --force để train lại)
2026-06-25 19:05:29 | [RESUME] Hybrid_none-none-se_fold3 đã train xong trong chiến dịch này -> bỏ qua. (dùng --force để train lại)
2026-06-25 19:05:29 | [RESUME] Hybrid_none-none-se_fold4 đã train xong trong chiến dịch này -> bỏ qua. (dùng --force để train lại)
2026-06-25 19:05:29 | [RESUME] Hybrid_none-none-se_fold5 đã train xong trong chiến dịch này -> bỏ qua. (dùng --force để train lại)
2026-06-25 19:05:29 | [RESUME] Hybrid_none-none-secbam_fold1 đã train xong trong chiến dịch này -> bỏ qua. (dùng --force để train lại)
2026-06-25 19:05:29 | [RESUME] Hybrid_none-none-secbam_fold2 đã train xong trong chiến dịch này -> bỏ qua. (dùng --force để train lại)
2026-06-25 19:05:29 | [RESUME] Hybrid_none-none-secbam_fold3 đã train xong trong chiến dịch này -> bỏ qua. (dùng --force để train lại)
2026-06-25 19:05:29 | 
================================================================================
2026-06-25 19:05:29 | TRAINING: Hybrid_none-none-secbam | FOLD 4/5
2026-06-25 19:05:29 | ================================================================================
2026-06-25 19:05:29 | [INFO] reduced batch_size=64 for hybrid model to avoid OOM.
2026-06-25 19:07:45 | Epoch 01/50 | Loss 1.2688 | Acc 48.58% | Val Loss 1.0692 | Val Acc 55.74% | 135.6s
2026-06-25 19:07:45 |   --> saved best to C:\Users\Admin\Desktop\hai\ConViTX\code ViT_8 block CNN\HybridModel_PlantPathology_Ablation\results\Hybrid_none-none-secbam_fold4_best.pth
2026-06-25 19:09:13 | Epoch 02/50 | Loss 0.9675 | Acc 65.62% | Val Loss 0.7324 | Val Acc 80.13% | 88.5s
2026-06-25 19:09:13 |   --> saved best to C:\Users\Admin\Desktop\hai\ConViTX\code ViT_8 block CNN\HybridModel_PlantPathology_Ablation\results\Hybrid_none-none-secbam_fold4_best.pth
2026-06-25 19:10:38 | Epoch 03/50 | Loss 0.6598 | Acc 82.04% | Val Loss 0.5015 | Val Acc 89.18% | 85.0s
2026-06-25 19:10:38 |   --> saved best to C:\Users\Admin\Desktop\hai\ConViTX\code ViT_8 block CNN\HybridModel_PlantPathology_Ablation\results\Hybrid_none-none-secbam_fold4_best.pth
2026-06-25 19:12:10 | Epoch 04/50 | Loss 0.4722 | Acc 88.27% | Val Loss 0.3382 | Val Acc 91.28% | 91.3s
2026-06-25 19:12:10 |   --> saved best to C:\Users\Admin\Desktop\hai\ConViTX\code ViT_8 block CNN\HybridModel_PlantPathology_Ablation\results\Hybrid_none-none-secbam_fold4_best.pth
2026-06-25 19:13:37 | Epoch 05/50 | Loss 0.3639 | Acc 91.23% | Val Loss 0.2820 | Val Acc 92.89% | 87.3s
2026-06-25 19:13:37 |   --> saved best to C:\Users\Admin\Desktop\hai\ConViTX\code ViT_8 block CNN\HybridModel_PlantPathology_Ablation\results\Hybrid_none-none-secbam_fold4_best.pth
2026-06-25 19:15:03 | Epoch 06/50 | Loss 0.3003 | Acc 92.21% | Val Loss 0.2322 | Val Acc 92.97% | 85.6s
2026-06-25 19:15:03 |   --> saved best to C:\Users\Admin\Desktop\hai\ConViTX\code ViT_8 block CNN\HybridModel_PlantPathology_Ablation\results\Hybrid_none-none-secbam_fold4_best.pth
2026-06-25 19:16:26 | Epoch 07/50 | Loss 0.2556 | Acc 93.12% | Val Loss 0.2079 | Val Acc 93.78% | 82.9s
2026-06-25 19:16:26 |   --> saved best to C:\Users\Admin\Desktop\hai\ConViTX\code ViT_8 block CNN\HybridModel_PlantPathology_Ablation\results\Hybrid_none-none-secbam_fold4_best.pth
2026-06-25 19:17:49 | Epoch 08/50 | Loss 0.2234 | Acc 93.65% | Val Loss 0.1769 | Val Acc 94.67% | 83.1s
2026-06-25 19:17:49 |   --> saved best to C:\Users\Admin\Desktop\hai\ConViTX\code ViT_8 block CNN\HybridModel_PlantPathology_Ablation\results\Hybrid_none-none-secbam_fold4_best.pth
2026-06-25 19:19:12 | Epoch 09/50 | Loss 0.2022 | Acc 94.12% | Val Loss 0.1602 | Val Acc 95.32% | 82.8s
2026-06-25 19:19:12 |   --> saved best to C:\Users\Admin\Desktop\hai\ConViTX\code ViT_8 block CNN\HybridModel_PlantPathology_Ablation\results\Hybrid_none-none-secbam_fold4_best.pth
2026-06-25 19:20:37 | Epoch 10/50 | Loss 0.1855 | Acc 94.78% | Val Loss 0.1532 | Val Acc 95.72% | 85.3s
2026-06-25 19:20:37 |   --> saved best to C:\Users\Admin\Desktop\hai\ConViTX\code ViT_8 block CNN\HybridModel_PlantPathology_Ablation\results\Hybrid_none-none-secbam_fold4_best.pth
2026-06-25 19:22:05 | Epoch 11/50 | Loss 0.1666 | Acc 94.70% | Val Loss 0.1453 | Val Acc 95.32% | 87.9s
2026-06-25 19:22:05 |   --> saved best to C:\Users\Admin\Desktop\hai\ConViTX\code ViT_8 block CNN\HybridModel_PlantPathology_Ablation\results\Hybrid_none-none-secbam_fold4_best.pth
2026-06-25 19:23:30 | Epoch 12/50 | Loss 0.1520 | Acc 95.47% | Val Loss 0.1415 | Val Acc 95.23% | 84.9s
2026-06-25 19:23:30 |   --> saved best to C:\Users\Admin\Desktop\hai\ConViTX\code ViT_8 block CNN\HybridModel_PlantPathology_Ablation\results\Hybrid_none-none-secbam_fold4_best.pth
2026-06-25 19:25:01 | Epoch 13/50 | Loss 0.1490 | Acc 95.35% | Val Loss 0.1326 | Val Acc 95.72% | 90.9s
2026-06-25 19:25:01 |   --> saved best to C:\Users\Admin\Desktop\hai\ConViTX\code ViT_8 block CNN\HybridModel_PlantPathology_Ablation\results\Hybrid_none-none-secbam_fold4_best.pth
2026-06-25 19:25:50 | Log file initialized at: C:\Users\Admin\Desktop\hai\ConViTX\code ViT_8 block CNN\HybridModel_PlantPathology_Ablation\results\ablation_training.log
2026-06-25 19:25:50 | AXIS=1 | Folds to run: [1, 2, 3, 4, 5] (of 5) | Seed=42
2026-06-25 19:25:50 | Configs (9): Hybrid_none-none-none, Hybrid_se-se-se, Hybrid_se-se-secbam, Hybrid_secbam-secbam-secbam, Hybrid_none-none-se, Hybrid_none-none-secbam, Hybrid_se-se-none, Hybrid_secbam-se-secbam, Hybrid_se-secbam-secbam
2026-06-25 19:25:50 | Hyperparams: epochs=50, batch=128, lr=0.0001, patience=15, AMP/FP16
2026-06-25 19:25:50 | Resume: tìm thấy progress C:\Users\Admin\Desktop\hai\ConViTX\code ViT_8 block CNN\HybridModel_PlantPathology_Ablation\results\ablation_kfold_progress.json | 51 run đã xong trong chiến dịch này
2026-06-25 19:25:50 | Using device: cuda
2026-06-25 19:25:51 | Dataset loaded. 6192 samples, 4 classes: ['healthy', 'multiple_diseases', 'rust', 'scab']
2026-06-25 19:25:51 |   [params] Hybrid_none-none-none              = 0.319 M
2026-06-25 19:25:51 |   [params] Hybrid_se-se-se                    = 0.329 M
2026-06-25 19:25:51 |   [params] Hybrid_se-se-secbam                = 0.331 M
2026-06-25 19:25:51 |   [params] Hybrid_secbam-secbam-secbam        = 0.332 M
2026-06-25 19:25:51 |   [params] Hybrid_none-none-se                = 0.327 M
2026-06-25 19:25:51 |   [params] Hybrid_none-none-secbam            = 0.33 M
2026-06-25 19:25:51 |   [params] Hybrid_se-se-none                  = 0.321 M
2026-06-25 19:25:51 |   [params] Hybrid_secbam-se-secbam            = 0.332 M
2026-06-25 19:25:51 |   [params] Hybrid_se-secbam-secbam            = 0.332 M
2026-06-25 19:25:51 | [RESUME] Hybrid_none-none-none_fold1 đã train xong trong chiến dịch này -> bỏ qua. (dùng --force để train lại)
2026-06-25 19:25:51 | [RESUME] Hybrid_none-none-none_fold2 đã train xong trong chiến dịch này -> bỏ qua. (dùng --force để train lại)
2026-06-25 19:25:51 | [RESUME] Hybrid_none-none-none_fold3 đã train xong trong chiến dịch này -> bỏ qua. (dùng --force để train lại)
2026-06-25 19:25:51 | [RESUME] Hybrid_none-none-none_fold4 đã train xong trong chiến dịch này -> bỏ qua. (dùng --force để train lại)
2026-06-25 19:25:51 | [RESUME] Hybrid_none-none-none_fold5 đã train xong trong chiến dịch này -> bỏ qua. (dùng --force để train lại)
2026-06-25 19:25:51 | [RESUME] Hybrid_se-se-se_fold1 đã train xong trong chiến dịch này -> bỏ qua. (dùng --force để train lại)
2026-06-25 19:25:51 | [RESUME] Hybrid_se-se-se_fold2 đã train xong trong chiến dịch này -> bỏ qua. (dùng --force để train lại)
2026-06-25 19:25:51 | [RESUME] Hybrid_se-se-se_fold3 đã train xong trong chiến dịch này -> bỏ qua. (dùng --force để train lại)
2026-06-25 19:25:51 | [RESUME] Hybrid_se-se-se_fold4 đã train xong trong chiến dịch này -> bỏ qua. (dùng --force để train lại)
2026-06-25 19:25:51 | [RESUME] Hybrid_se-se-se_fold5 đã train xong trong chiến dịch này -> bỏ qua. (dùng --force để train lại)
2026-06-25 19:25:51 | [RESUME] Hybrid_se-se-secbam_fold1 đã train xong trong chiến dịch này -> bỏ qua. (dùng --force để train lại)
2026-06-25 19:25:51 | [RESUME] Hybrid_se-se-secbam_fold2 đã train xong trong chiến dịch này -> bỏ qua. (dùng --force để train lại)
2026-06-25 19:25:51 | [RESUME] Hybrid_se-se-secbam_fold3 đã train xong trong chiến dịch này -> bỏ qua. (dùng --force để train lại)
2026-06-25 19:25:51 | [RESUME] Hybrid_se-se-secbam_fold4 đã train xong trong chiến dịch này -> bỏ qua. (dùng --force để train lại)
2026-06-25 19:25:51 | [RESUME] Hybrid_se-se-secbam_fold5 đã train xong trong chiến dịch này -> bỏ qua. (dùng --force để train lại)
2026-06-25 19:25:51 | [RESUME] Hybrid_secbam-secbam-secbam_fold1 đã train xong trong chiến dịch này -> bỏ qua. (dùng --force để train lại)
2026-06-25 19:25:51 | [RESUME] Hybrid_secbam-secbam-secbam_fold2 đã train xong trong chiến dịch này -> bỏ qua. (dùng --force để train lại)
2026-06-25 19:25:51 | [RESUME] Hybrid_secbam-secbam-secbam_fold3 đã train xong trong chiến dịch này -> bỏ qua. (dùng --force để train lại)
2026-06-25 19:25:51 | [RESUME] Hybrid_secbam-secbam-secbam_fold4 đã train xong trong chiến dịch này -> bỏ qua. (dùng --force để train lại)
2026-06-25 19:25:51 | [RESUME] Hybrid_secbam-secbam-secbam_fold5 đã train xong trong chiến dịch này -> bỏ qua. (dùng --force để train lại)
2026-06-25 19:25:51 | [RESUME] Hybrid_none-none-se_fold1 đã train xong trong chiến dịch này -> bỏ qua. (dùng --force để train lại)
2026-06-25 19:25:51 | [RESUME] Hybrid_none-none-se_fold2 đã train xong trong chiến dịch này -> bỏ qua. (dùng --force để train lại)
2026-06-25 19:25:51 | [RESUME] Hybrid_none-none-se_fold3 đã train xong trong chiến dịch này -> bỏ qua. (dùng --force để train lại)
2026-06-25 19:25:51 | [RESUME] Hybrid_none-none-se_fold4 đã train xong trong chiến dịch này -> bỏ qua. (dùng --force để train lại)
2026-06-25 19:25:51 | [RESUME] Hybrid_none-none-se_fold5 đã train xong trong chiến dịch này -> bỏ qua. (dùng --force để train lại)
2026-06-25 19:25:51 | [RESUME] Hybrid_none-none-secbam_fold1 đã train xong trong chiến dịch này -> bỏ qua. (dùng --force để train lại)
2026-06-25 19:25:51 | [RESUME] Hybrid_none-none-secbam_fold2 đã train xong trong chiến dịch này -> bỏ qua. (dùng --force để train lại)
2026-06-25 19:25:51 | [RESUME] Hybrid_none-none-secbam_fold3 đã train xong trong chiến dịch này -> bỏ qua. (dùng --force để train lại)
2026-06-25 19:25:51 | 
================================================================================
2026-06-25 19:25:51 | TRAINING: Hybrid_none-none-secbam | FOLD 4/5
2026-06-25 19:25:51 | ================================================================================
2026-06-25 19:25:51 | [INFO] reduced batch_size=64 for hybrid model to avoid OOM.
2026-06-25 19:25:51 |   [RESUME] Found partial checkpoint C:\Users\Admin\Desktop\hai\ConViTX\code ViT_8 block CNN\HybridModel_PlantPathology_Ablation\results\Hybrid_none-none-secbam_fold4_latest.pth.
2026-06-25 19:25:51 |   Resuming from Epoch 14 (Best Val Loss 0.1326)
2026-06-25 19:27:29 | Epoch 14/50 | Loss 0.1348 | Acc 95.82% | Val Loss 0.1242 | Val Acc 95.96% | 97.2s
2026-06-25 19:27:29 |   --> saved best to C:\Users\Admin\Desktop\hai\ConViTX\code ViT_8 block CNN\HybridModel_PlantPathology_Ablation\results\Hybrid_none-none-secbam_fold4_best.pth
2026-06-25 19:28:17 | Epoch 15/50 | Loss 0.1356 | Acc 95.60% | Val Loss 0.1258 | Val Acc 96.04% | 48.4s
2026-06-25 19:29:04 | Epoch 16/50 | Loss 0.1275 | Acc 95.86% | Val Loss 0.1235 | Val Acc 95.32% | 47.1s
2026-06-25 19:29:04 |   --> saved best to C:\Users\Admin\Desktop\hai\ConViTX\code ViT_8 block CNN\HybridModel_PlantPathology_Ablation\results\Hybrid_none-none-secbam_fold4_best.pth
2026-06-25 19:29:47 | Epoch 17/50 | Loss 0.1177 | Acc 96.33% | Val Loss 0.1163 | Val Acc 96.20% | 42.2s
2026-06-25 19:29:47 |   --> saved best to C:\Users\Admin\Desktop\hai\ConViTX\code ViT_8 block CNN\HybridModel_PlantPathology_Ablation\results\Hybrid_none-none-secbam_fold4_best.pth
2026-06-25 19:30:13 | Epoch 18/50 | Loss 0.1171 | Acc 96.29% | Val Loss 0.1138 | Val Acc 96.45% | 26.5s
2026-06-25 19:30:13 |   --> saved best to C:\Users\Admin\Desktop\hai\ConViTX\code ViT_8 block CNN\HybridModel_PlantPathology_Ablation\results\Hybrid_none-none-secbam_fold4_best.pth
2026-06-25 19:30:57 | Epoch 19/50 | Loss 0.1176 | Acc 96.33% | Val Loss 0.1147 | Val Acc 96.45% | 43.5s
2026-06-25 19:31:35 | Epoch 20/50 | Loss 0.1039 | Acc 96.88% | Val Loss 0.1110 | Val Acc 96.37% | 38.4s
2026-06-25 19:31:35 |   --> saved best to C:\Users\Admin\Desktop\hai\ConViTX\code ViT_8 block CNN\HybridModel_PlantPathology_Ablation\results\Hybrid_none-none-secbam_fold4_best.pth
2026-06-25 19:32:02 | Epoch 21/50 | Loss 0.0975 | Acc 96.92% | Val Loss 0.1071 | Val Acc 96.53% | 26.2s
2026-06-25 19:32:02 |   --> saved best to C:\Users\Admin\Desktop\hai\ConViTX\code ViT_8 block CNN\HybridModel_PlantPathology_Ablation\results\Hybrid_none-none-secbam_fold4_best.pth
2026-06-25 19:32:29 | Epoch 22/50 | Loss 0.0993 | Acc 96.75% | Val Loss 0.1033 | Val Acc 96.37% | 27.0s
2026-06-25 19:32:29 |   --> saved best to C:\Users\Admin\Desktop\hai\ConViTX\code ViT_8 block CNN\HybridModel_PlantPathology_Ablation\results\Hybrid_none-none-secbam_fold4_best.pth
2026-06-25 19:32:55 | Epoch 23/50 | Loss 0.0948 | Acc 97.08% | Val Loss 0.1094 | Val Acc 96.12% | 26.5s
2026-06-25 19:33:22 | Epoch 24/50 | Loss 0.0934 | Acc 96.88% | Val Loss 0.1101 | Val Acc 96.53% | 27.0s
2026-06-25 19:33:48 | Epoch 25/50 | Loss 0.0886 | Acc 96.90% | Val Loss 0.1091 | Val Acc 96.28% | 26.1s
2026-06-25 19:34:15 | Epoch 26/50 | Loss 0.0821 | Acc 97.20% | Val Loss 0.0991 | Val Acc 96.45% | 26.1s
2026-06-25 19:34:15 |   --> saved best to C:\Users\Admin\Desktop\hai\ConViTX\code ViT_8 block CNN\HybridModel_PlantPathology_Ablation\results\Hybrid_none-none-secbam_fold4_best.pth
2026-06-25 19:34:41 | Epoch 27/50 | Loss 0.0802 | Acc 97.40% | Val Loss 0.1061 | Val Acc 96.61% | 26.0s
2026-06-25 19:35:07 | Epoch 28/50 | Loss 0.0808 | Acc 97.42% | Val Loss 0.1024 | Val Acc 96.85% | 26.2s
2026-06-25 19:35:33 | Epoch 29/50 | Loss 0.0748 | Acc 97.56% | Val Loss 0.1030 | Val Acc 96.20% | 26.2s
2026-06-25 19:36:00 | Epoch 30/50 | Loss 0.0740 | Acc 97.52% | Val Loss 0.1003 | Val Acc 96.45% | 26.3s
2026-06-25 19:36:26 | Epoch 31/50 | Loss 0.0690 | Acc 97.71% | Val Loss 0.0967 | Val Acc 96.61% | 26.0s
2026-06-25 19:36:26 |   --> saved best to C:\Users\Admin\Desktop\hai\ConViTX\code ViT_8 block CNN\HybridModel_PlantPathology_Ablation\results\Hybrid_none-none-secbam_fold4_best.pth
2026-06-25 19:36:52 | Epoch 32/50 | Loss 0.0710 | Acc 97.89% | Val Loss 0.1099 | Val Acc 96.61% | 26.5s
2026-06-25 19:37:18 | Epoch 33/50 | Loss 0.0681 | Acc 97.67% | Val Loss 0.1067 | Val Acc 96.69% | 26.1s
2026-06-25 19:37:44 | Epoch 34/50 | Loss 0.0634 | Acc 97.99% | Val Loss 0.0970 | Val Acc 96.61% | 26.0s
2026-06-25 19:38:11 | Epoch 35/50 | Loss 0.0625 | Acc 98.05% | Val Loss 0.0952 | Val Acc 96.69% | 26.3s
2026-06-25 19:38:11 |   --> saved best to C:\Users\Admin\Desktop\hai\ConViTX\code ViT_8 block CNN\HybridModel_PlantPathology_Ablation\results\Hybrid_none-none-secbam_fold4_best.pth
2026-06-25 19:38:37 | Epoch 36/50 | Loss 0.0586 | Acc 98.03% | Val Loss 0.0958 | Val Acc 96.53% | 26.3s
2026-06-25 19:39:04 | Epoch 37/50 | Loss 0.0551 | Acc 98.17% | Val Loss 0.0956 | Val Acc 96.93% | 26.8s
2026-06-25 19:39:30 | Epoch 38/50 | Loss 0.0573 | Acc 98.01% | Val Loss 0.1004 | Val Acc 96.53% | 26.1s
2026-06-25 19:39:56 | Epoch 39/50 | Loss 0.0549 | Acc 98.17% | Val Loss 0.1016 | Val Acc 96.45% | 26.0s
2026-06-25 19:40:22 | Epoch 40/50 | Loss 0.0564 | Acc 98.21% | Val Loss 0.1057 | Val Acc 96.53% | 26.2s
2026-06-25 19:40:49 | Epoch 41/50 | Loss 0.0528 | Acc 98.23% | Val Loss 0.0925 | Val Acc 96.69% | 26.1s
2026-06-25 19:40:49 |   --> saved best to C:\Users\Admin\Desktop\hai\ConViTX\code ViT_8 block CNN\HybridModel_PlantPathology_Ablation\results\Hybrid_none-none-secbam_fold4_best.pth
2026-06-25 19:41:15 | Epoch 42/50 | Loss 0.0497 | Acc 98.62% | Val Loss 0.0945 | Val Acc 96.61% | 26.5s
2026-06-25 19:41:42 | Epoch 43/50 | Loss 0.0443 | Acc 98.80% | Val Loss 0.0951 | Val Acc 96.53% | 26.7s
2026-06-25 19:42:08 | Epoch 44/50 | Loss 0.0483 | Acc 98.36% | Val Loss 0.0939 | Val Acc 97.01% | 26.4s
2026-06-25 19:42:34 | Epoch 45/50 | Loss 0.0437 | Acc 98.56% | Val Loss 0.0899 | Val Acc 97.09% | 25.9s
2026-06-25 19:42:34 |   --> saved best to C:\Users\Admin\Desktop\hai\ConViTX\code ViT_8 block CNN\HybridModel_PlantPathology_Ablation\results\Hybrid_none-none-secbam_fold4_best.pth
2026-06-25 19:43:00 | Epoch 46/50 | Loss 0.0475 | Acc 98.44% | Val Loss 0.0917 | Val Acc 96.93% | 25.8s
2026-06-25 19:43:26 | Epoch 47/50 | Loss 0.0419 | Acc 98.80% | Val Loss 0.0985 | Val Acc 96.85% | 26.0s
2026-06-25 19:43:53 | Epoch 48/50 | Loss 0.0446 | Acc 98.66% | Val Loss 0.1053 | Val Acc 96.45% | 26.2s
2026-06-25 19:44:19 | Epoch 49/50 | Loss 0.0433 | Acc 98.66% | Val Loss 0.1017 | Val Acc 96.28% | 26.5s
2026-06-25 19:44:45 | Epoch 50/50 | Loss 0.0435 | Acc 98.62% | Val Loss 0.1031 | Val Acc 97.17% | 26.2s
2026-06-25 19:44:46 | Finished Hybrid_none-none-secbam fold 4 in 38.44 min.
2026-06-25 19:44:53 | 
================================================================================
2026-06-25 19:44:53 | TRAINING: Hybrid_none-none-secbam | FOLD 5/5
2026-06-25 19:44:53 | ================================================================================
2026-06-25 19:44:53 | [INFO] reduced batch_size=64 for hybrid model to avoid OOM.
2026-06-25 19:45:53 | Epoch 01/50 | Loss 1.2840 | Acc 49.74% | Val Loss 1.0815 | Val Acc 58.64% | 59.9s
2026-06-25 19:45:53 |   --> saved best to C:\Users\Admin\Desktop\hai\ConViTX\code ViT_8 block CNN\HybridModel_PlantPathology_Ablation\results\Hybrid_none-none-secbam_fold5_best.pth
2026-06-25 19:46:18 | Epoch 02/50 | Loss 0.9926 | Acc 67.67% | Val Loss 0.7915 | Val Acc 80.29% | 25.1s
2026-06-25 19:46:18 |   --> saved best to C:\Users\Admin\Desktop\hai\ConViTX\code ViT_8 block CNN\HybridModel_PlantPathology_Ablation\results\Hybrid_none-none-secbam_fold5_best.pth
2026-06-25 19:46:44 | Epoch 03/50 | Loss 0.7011 | Acc 80.66% | Val Loss 0.5161 | Val Acc 86.75% | 25.5s
2026-06-25 19:46:44 |   --> saved best to C:\Users\Admin\Desktop\hai\ConViTX\code ViT_8 block CNN\HybridModel_PlantPathology_Ablation\results\Hybrid_none-none-secbam_fold5_best.pth
2026-06-25 19:47:10 | Epoch 04/50 | Loss 0.4916 | Acc 87.46% | Val Loss 0.3877 | Val Acc 91.11% | 25.9s
2026-06-25 19:47:10 |   --> saved best to C:\Users\Admin\Desktop\hai\ConViTX\code ViT_8 block CNN\HybridModel_PlantPathology_Ablation\results\Hybrid_none-none-secbam_fold5_best.pth
2026-06-25 19:47:36 | Epoch 05/50 | Loss 0.3696 | Acc 90.87% | Val Loss 0.2948 | Val Acc 92.49% | 25.7s
2026-06-25 19:47:36 |   --> saved best to C:\Users\Admin\Desktop\hai\ConViTX\code ViT_8 block CNN\HybridModel_PlantPathology_Ablation\results\Hybrid_none-none-secbam_fold5_best.pth
2026-06-25 19:48:01 | Epoch 06/50 | Loss 0.3028 | Acc 92.21% | Val Loss 0.2515 | Val Acc 92.97% | 25.4s
2026-06-25 19:48:01 |   --> saved best to C:\Users\Admin\Desktop\hai\ConViTX\code ViT_8 block CNN\HybridModel_PlantPathology_Ablation\results\Hybrid_none-none-secbam_fold5_best.pth
2026-06-25 19:48:27 | Epoch 07/50 | Loss 0.2500 | Acc 93.45% | Val Loss 0.2147 | Val Acc 93.46% | 25.5s
2026-06-25 19:48:27 |   --> saved best to C:\Users\Admin\Desktop\hai\ConViTX\code ViT_8 block CNN\HybridModel_PlantPathology_Ablation\results\Hybrid_none-none-secbam_fold5_best.pth
2026-06-25 19:48:52 | Epoch 08/50 | Loss 0.2217 | Acc 93.59% | Val Loss 0.1961 | Val Acc 94.35% | 25.5s
2026-06-25 19:48:52 |   --> saved best to C:\Users\Admin\Desktop\hai\ConViTX\code ViT_8 block CNN\HybridModel_PlantPathology_Ablation\results\Hybrid_none-none-secbam_fold5_best.pth
2026-06-25 19:49:18 | Epoch 09/50 | Loss 0.1982 | Acc 94.30% | Val Loss 0.1791 | Val Acc 94.35% | 25.3s
2026-06-25 19:49:18 |   --> saved best to C:\Users\Admin\Desktop\hai\ConViTX\code ViT_8 block CNN\HybridModel_PlantPathology_Ablation\results\Hybrid_none-none-secbam_fold5_best.pth
2026-06-25 19:49:43 | Epoch 10/50 | Loss 0.1881 | Acc 94.30% | Val Loss 0.1660 | Val Acc 94.59% | 25.3s
2026-06-25 19:49:43 |   --> saved best to C:\Users\Admin\Desktop\hai\ConViTX\code ViT_8 block CNN\HybridModel_PlantPathology_Ablation\results\Hybrid_none-none-secbam_fold5_best.pth
2026-06-25 19:50:08 | Epoch 11/50 | Loss 0.1746 | Acc 94.62% | Val Loss 0.1652 | Val Acc 94.83% | 24.7s
2026-06-25 19:50:08 |   --> saved best to C:\Users\Admin\Desktop\hai\ConViTX\code ViT_8 block CNN\HybridModel_PlantPathology_Ablation\results\Hybrid_none-none-secbam_fold5_best.pth
2026-06-25 19:50:32 | Epoch 12/50 | Loss 0.1597 | Acc 95.03% | Val Loss 0.1528 | Val Acc 95.07% | 24.6s
2026-06-25 19:50:32 |   --> saved best to C:\Users\Admin\Desktop\hai\ConViTX\code ViT_8 block CNN\HybridModel_PlantPathology_Ablation\results\Hybrid_none-none-secbam_fold5_best.pth
2026-06-25 19:50:57 | Epoch 13/50 | Loss 0.1524 | Acc 95.29% | Val Loss 0.1573 | Val Acc 95.40% | 24.7s
2026-06-25 19:51:22 | Epoch 14/50 | Loss 0.1439 | Acc 95.76% | Val Loss 0.1282 | Val Acc 95.88% | 24.8s
2026-06-25 19:51:22 |   --> saved best to C:\Users\Admin\Desktop\hai\ConViTX\code ViT_8 block CNN\HybridModel_PlantPathology_Ablation\results\Hybrid_none-none-secbam_fold5_best.pth
2026-06-25 19:51:47 | Epoch 15/50 | Loss 0.1396 | Acc 95.70% | Val Loss 0.1289 | Val Acc 96.04% | 24.7s
2026-06-25 19:52:11 | Epoch 16/50 | Loss 0.1332 | Acc 95.78% | Val Loss 0.1228 | Val Acc 95.56% | 24.6s
2026-06-25 19:52:11 |   --> saved best to C:\Users\Admin\Desktop\hai\ConViTX\code ViT_8 block CNN\HybridModel_PlantPathology_Ablation\results\Hybrid_none-none-secbam_fold5_best.pth
2026-06-25 19:52:36 | Epoch 17/50 | Loss 0.1266 | Acc 95.96% | Val Loss 0.1210 | Val Acc 95.88% | 24.9s
2026-06-25 19:52:36 |   --> saved best to C:\Users\Admin\Desktop\hai\ConViTX\code ViT_8 block CNN\HybridModel_PlantPathology_Ablation\results\Hybrid_none-none-secbam_fold5_best.pth
2026-06-25 19:53:01 | Epoch 18/50 | Loss 0.1142 | Acc 96.49% | Val Loss 0.1178 | Val Acc 95.88% | 24.9s
2026-06-25 19:53:01 |   --> saved best to C:\Users\Admin\Desktop\hai\ConViTX\code ViT_8 block CNN\HybridModel_PlantPathology_Ablation\results\Hybrid_none-none-secbam_fold5_best.pth
2026-06-25 19:53:26 | Epoch 19/50 | Loss 0.1160 | Acc 96.31% | Val Loss 0.1148 | Val Acc 96.20% | 24.9s
2026-06-25 19:53:26 |   --> saved best to C:\Users\Admin\Desktop\hai\ConViTX\code ViT_8 block CNN\HybridModel_PlantPathology_Ablation\results\Hybrid_none-none-secbam_fold5_best.pth
2026-06-25 19:53:51 | Epoch 20/50 | Loss 0.1179 | Acc 96.27% | Val Loss 0.1154 | Val Acc 96.12% | 24.7s
2026-06-25 19:54:16 | Epoch 21/50 | Loss 0.1126 | Acc 96.43% | Val Loss 0.1052 | Val Acc 96.20% | 25.0s
2026-06-25 19:54:16 |   --> saved best to C:\Users\Admin\Desktop\hai\ConViTX\code ViT_8 block CNN\HybridModel_PlantPathology_Ablation\results\Hybrid_none-none-secbam_fold5_best.pth
2026-06-25 19:54:41 | Epoch 22/50 | Loss 0.1064 | Acc 96.65% | Val Loss 0.1091 | Val Acc 96.04% | 24.7s
2026-06-25 19:55:06 | Epoch 23/50 | Loss 0.0969 | Acc 97.10% | Val Loss 0.1023 | Val Acc 96.45% | 25.1s
2026-06-25 19:55:06 |   --> saved best to C:\Users\Admin\Desktop\hai\ConViTX\code ViT_8 block CNN\HybridModel_PlantPathology_Ablation\results\Hybrid_none-none-secbam_fold5_best.pth
2026-06-25 19:55:31 | Epoch 24/50 | Loss 0.0901 | Acc 97.04% | Val Loss 0.0995 | Val Acc 96.53% | 25.3s
2026-06-25 19:55:31 |   --> saved best to C:\Users\Admin\Desktop\hai\ConViTX\code ViT_8 block CNN\HybridModel_PlantPathology_Ablation\results\Hybrid_none-none-secbam_fold5_best.pth
2026-06-25 19:55:56 | Epoch 25/50 | Loss 0.0920 | Acc 97.10% | Val Loss 0.1002 | Val Acc 96.45% | 25.0s
2026-06-25 19:56:21 | Epoch 26/50 | Loss 0.0933 | Acc 97.04% | Val Loss 0.1043 | Val Acc 96.37% | 24.8s
2026-06-25 19:56:46 | Epoch 27/50 | Loss 0.0926 | Acc 97.18% | Val Loss 0.1059 | Val Acc 96.37% | 24.6s
2026-06-25 19:57:11 | Epoch 28/50 | Loss 0.0863 | Acc 97.26% | Val Loss 0.0984 | Val Acc 96.20% | 25.0s
2026-06-25 19:57:11 |   --> saved best to C:\Users\Admin\Desktop\hai\ConViTX\code ViT_8 block CNN\HybridModel_PlantPathology_Ablation\results\Hybrid_none-none-secbam_fold5_best.pth
2026-06-25 19:57:36 | Epoch 29/50 | Loss 0.0813 | Acc 97.44% | Val Loss 0.0942 | Val Acc 96.61% | 24.9s
2026-06-25 19:57:36 |   --> saved best to C:\Users\Admin\Desktop\hai\ConViTX\code ViT_8 block CNN\HybridModel_PlantPathology_Ablation\results\Hybrid_none-none-secbam_fold5_best.pth
2026-06-25 19:58:01 | Epoch 30/50 | Loss 0.0751 | Acc 97.59% | Val Loss 0.0925 | Val Acc 96.69% | 24.9s
2026-06-25 19:58:01 |   --> saved best to C:\Users\Admin\Desktop\hai\ConViTX\code ViT_8 block CNN\HybridModel_PlantPathology_Ablation\results\Hybrid_none-none-secbam_fold5_best.pth
2026-06-25 19:58:26 | Epoch 31/50 | Loss 0.0826 | Acc 97.30% | Val Loss 0.0935 | Val Acc 96.77% | 24.7s
2026-06-25 19:58:50 | Epoch 32/50 | Loss 0.0754 | Acc 97.63% | Val Loss 0.0902 | Val Acc 96.77% | 24.7s
2026-06-25 19:58:50 |   --> saved best to C:\Users\Admin\Desktop\hai\ConViTX\code ViT_8 block CNN\HybridModel_PlantPathology_Ablation\results\Hybrid_none-none-secbam_fold5_best.pth
2026-06-25 19:59:15 | Epoch 33/50 | Loss 0.0734 | Acc 97.56% | Val Loss 0.0905 | Val Acc 96.61% | 24.8s
2026-06-25 19:59:40 | Epoch 34/50 | Loss 0.0751 | Acc 97.48% | Val Loss 0.0818 | Val Acc 97.17% | 24.9s
2026-06-25 19:59:40 |   --> saved best to C:\Users\Admin\Desktop\hai\ConViTX\code ViT_8 block CNN\HybridModel_PlantPathology_Ablation\results\Hybrid_none-none-secbam_fold5_best.pth
2026-06-25 20:00:06 | Epoch 35/50 | Loss 0.0703 | Acc 97.65% | Val Loss 0.0884 | Val Acc 96.61% | 25.5s
2026-06-25 20:00:30 | Epoch 36/50 | Loss 0.0741 | Acc 97.42% | Val Loss 0.0919 | Val Acc 97.01% | 24.4s
2026-06-25 20:00:55 | Epoch 37/50 | Loss 0.0685 | Acc 97.83% | Val Loss 0.0854 | Val Acc 97.17% | 25.0s
2026-06-25 20:01:20 | Epoch 38/50 | Loss 0.0627 | Acc 97.99% | Val Loss 0.0928 | Val Acc 96.37% | 24.9s
2026-06-25 20:01:45 | Epoch 39/50 | Loss 0.0623 | Acc 97.91% | Val Loss 0.0828 | Val Acc 97.33% | 25.1s
2026-06-25 20:02:10 | Epoch 40/50 | Loss 0.0600 | Acc 98.13% | Val Loss 0.0967 | Val Acc 96.77% | 24.8s
2026-06-25 20:02:35 | Epoch 41/50 | Loss 0.0650 | Acc 97.79% | Val Loss 0.0963 | Val Acc 96.93% | 24.7s
2026-06-25 20:03:00 | Epoch 42/50 | Loss 0.0658 | Acc 97.85% | Val Loss 0.0903 | Val Acc 96.93% | 24.9s
2026-06-25 20:03:25 | Epoch 43/50 | Loss 0.0564 | Acc 98.25% | Val Loss 0.0869 | Val Acc 96.61% | 24.8s
2026-06-25 20:03:50 | Epoch 44/50 | Loss 0.0594 | Acc 98.01% | Val Loss 0.0979 | Val Acc 96.85% | 24.8s
2026-06-25 20:04:14 | Epoch 45/50 | Loss 0.0568 | Acc 98.09% | Val Loss 0.0814 | Val Acc 97.58% | 24.5s
2026-06-25 20:04:14 |   --> saved best to C:\Users\Admin\Desktop\hai\ConViTX\code ViT_8 block CNN\HybridModel_PlantPathology_Ablation\results\Hybrid_none-none-secbam_fold5_best.pth
2026-06-25 20:04:39 | Epoch 46/50 | Loss 0.0468 | Acc 98.54% | Val Loss 0.0827 | Val Acc 97.17% | 24.8s
2026-06-25 20:05:04 | Epoch 47/50 | Loss 0.0516 | Acc 98.34% | Val Loss 0.0832 | Val Acc 97.58% | 24.6s
2026-06-25 20:05:28 | Epoch 48/50 | Loss 0.0488 | Acc 98.30% | Val Loss 0.0875 | Val Acc 97.01% | 24.7s
2026-06-25 20:05:54 | Epoch 49/50 | Loss 0.0486 | Acc 98.42% | Val Loss 0.0859 | Val Acc 97.25% | 25.4s
2026-06-25 20:06:18 | Epoch 50/50 | Loss 0.0471 | Acc 98.44% | Val Loss 0.0904 | Val Acc 96.85% | 24.4s
2026-06-25 20:06:18 | Finished Hybrid_none-none-secbam fold 5 in 21.42 min.
2026-06-25 20:06:25 | 
================================================================================
2026-06-25 20:06:25 | TRAINING: Hybrid_se-se-none | FOLD 1/5
2026-06-25 20:06:25 | ================================================================================
2026-06-25 20:06:25 | [INFO] reduced batch_size=64 for hybrid model to avoid OOM.
2026-06-25 20:07:26 | Epoch 01/50 | Loss 1.0441 | Acc 58.24% | Val Loss 0.8110 | Val Acc 70.38% | 60.3s
2026-06-25 20:07:26 |   --> saved best to C:\Users\Admin\Desktop\hai\ConViTX\code ViT_8 block CNN\HybridModel_PlantPathology_Ablation\results\Hybrid_se-se-none_fold1_best.pth
2026-06-25 20:07:51 | Epoch 02/50 | Loss 0.6069 | Acc 82.04% | Val Loss 0.4301 | Val Acc 87.41% | 24.7s
2026-06-25 20:07:51 |   --> saved best to C:\Users\Admin\Desktop\hai\ConViTX\code ViT_8 block CNN\HybridModel_PlantPathology_Ablation\results\Hybrid_se-se-none_fold1_best.pth
2026-06-25 20:08:15 | Epoch 03/50 | Loss 0.3962 | Acc 89.27% | Val Loss 0.3261 | Val Acc 90.31% | 24.8s
2026-06-25 20:08:15 |   --> saved best to C:\Users\Admin\Desktop\hai\ConViTX\code ViT_8 block CNN\HybridModel_PlantPathology_Ablation\results\Hybrid_se-se-none_fold1_best.pth
2026-06-25 20:08:41 | Epoch 04/50 | Loss 0.3193 | Acc 91.01% | Val Loss 0.2820 | Val Acc 91.53% | 25.0s
2026-06-25 20:08:41 |   --> saved best to C:\Users\Admin\Desktop\hai\ConViTX\code ViT_8 block CNN\HybridModel_PlantPathology_Ablation\results\Hybrid_se-se-none_fold1_best.pth
2026-06-25 20:09:13 | Epoch 05/50 | Loss 0.2798 | Acc 92.03% | Val Loss 0.2497 | Val Acc 92.33% | 32.9s
2026-06-25 20:09:13 |   --> saved best to C:\Users\Admin\Desktop\hai\ConViTX\code ViT_8 block CNN\HybridModel_PlantPathology_Ablation\results\Hybrid_se-se-none_fold1_best.pth
2026-06-25 20:09:49 | Epoch 06/50 | Loss 0.2627 | Acc 92.43% | Val Loss 0.2346 | Val Acc 92.57% | 35.0s
2026-06-25 20:09:49 |   --> saved best to C:\Users\Admin\Desktop\hai\ConViTX\code ViT_8 block CNN\HybridModel_PlantPathology_Ablation\results\Hybrid_se-se-none_fold1_best.pth
2026-06-25 20:10:14 | Epoch 07/50 | Loss 0.2341 | Acc 93.10% | Val Loss 0.2163 | Val Acc 92.82% | 25.5s
2026-06-25 20:10:14 |   --> saved best to C:\Users\Admin\Desktop\hai\ConViTX\code ViT_8 block CNN\HybridModel_PlantPathology_Ablation\results\Hybrid_se-se-none_fold1_best.pth
2026-06-25 20:10:40 | Epoch 08/50 | Loss 0.2029 | Acc 93.79% | Val Loss 0.2082 | Val Acc 92.98% | 25.4s
2026-06-25 20:10:40 |   --> saved best to C:\Users\Admin\Desktop\hai\ConViTX\code ViT_8 block CNN\HybridModel_PlantPathology_Ablation\results\Hybrid_se-se-none_fold1_best.pth
2026-06-25 20:11:05 | Epoch 09/50 | Loss 0.1916 | Acc 94.42% | Val Loss 0.1988 | Val Acc 93.22% | 25.1s
2026-06-25 20:11:05 |   --> saved best to C:\Users\Admin\Desktop\hai\ConViTX\code ViT_8 block CNN\HybridModel_PlantPathology_Ablation\results\Hybrid_se-se-none_fold1_best.pth
2026-06-25 20:11:30 | Epoch 10/50 | Loss 0.1801 | Acc 94.54% | Val Loss 0.1851 | Val Acc 93.70% | 25.3s
2026-06-25 20:11:30 |   --> saved best to C:\Users\Admin\Desktop\hai\ConViTX\code ViT_8 block CNN\HybridModel_PlantPathology_Ablation\results\Hybrid_se-se-none_fold1_best.pth
2026-06-25 20:11:56 | Epoch 11/50 | Loss 0.1655 | Acc 94.76% | Val Loss 0.1804 | Val Acc 93.62% | 25.5s
2026-06-25 20:11:56 |   --> saved best to C:\Users\Admin\Desktop\hai\ConViTX\code ViT_8 block CNN\HybridModel_PlantPathology_Ablation\results\Hybrid_se-se-none_fold1_best.pth
2026-06-25 20:12:21 | Epoch 12/50 | Loss 0.1619 | Acc 95.07% | Val Loss 0.1739 | Val Acc 94.19% | 25.3s
2026-06-25 20:12:21 |   --> saved best to C:\Users\Admin\Desktop\hai\ConViTX\code ViT_8 block CNN\HybridModel_PlantPathology_Ablation\results\Hybrid_se-se-none_fold1_best.pth
2026-06-25 20:12:46 | Epoch 13/50 | Loss 0.1484 | Acc 95.66% | Val Loss 0.1757 | Val Acc 93.70% | 25.2s
2026-06-25 20:13:12 | Epoch 14/50 | Loss 0.1459 | Acc 95.45% | Val Loss 0.1666 | Val Acc 94.19% | 25.2s
2026-06-25 20:13:12 |   --> saved best to C:\Users\Admin\Desktop\hai\ConViTX\code ViT_8 block CNN\HybridModel_PlantPathology_Ablation\results\Hybrid_se-se-none_fold1_best.pth
2026-06-25 20:13:37 | Epoch 15/50 | Loss 0.1352 | Acc 96.19% | Val Loss 0.1587 | Val Acc 94.11% | 25.4s
2026-06-25 20:13:37 |   --> saved best to C:\Users\Admin\Desktop\hai\ConViTX\code ViT_8 block CNN\HybridModel_PlantPathology_Ablation\results\Hybrid_se-se-none_fold1_best.pth
2026-06-25 20:14:02 | Epoch 16/50 | Loss 0.1323 | Acc 96.21% | Val Loss 0.1499 | Val Acc 94.59% | 25.3s
2026-06-25 20:14:02 |   --> saved best to C:\Users\Admin\Desktop\hai\ConViTX\code ViT_8 block CNN\HybridModel_PlantPathology_Ablation\results\Hybrid_se-se-none_fold1_best.pth
2026-06-25 20:14:28 | Epoch 17/50 | Loss 0.1214 | Acc 96.31% | Val Loss 0.1508 | Val Acc 94.43% | 25.2s
2026-06-25 20:14:53 | Epoch 18/50 | Loss 0.1193 | Acc 96.12% | Val Loss 0.1512 | Val Acc 94.43% | 25.1s
2026-06-25 20:15:18 | Epoch 19/50 | Loss 0.1118 | Acc 96.47% | Val Loss 0.1409 | Val Acc 94.92% | 25.1s
2026-06-25 20:15:18 |   --> saved best to C:\Users\Admin\Desktop\hai\ConViTX\code ViT_8 block CNN\HybridModel_PlantPathology_Ablation\results\Hybrid_se-se-none_fold1_best.pth
2026-06-25 20:15:43 | Epoch 20/50 | Loss 0.1125 | Acc 96.43% | Val Loss 0.1494 | Val Acc 94.67% | 25.2s
2026-06-25 20:16:09 | Epoch 21/50 | Loss 0.1022 | Acc 96.94% | Val Loss 0.1383 | Val Acc 95.16% | 25.3s
2026-06-25 20:16:09 |   --> saved best to C:\Users\Admin\Desktop\hai\ConViTX\code ViT_8 block CNN\HybridModel_PlantPathology_Ablation\results\Hybrid_se-se-none_fold1_best.pth
2026-06-25 20:16:34 | Epoch 22/50 | Loss 0.0988 | Acc 96.90% | Val Loss 0.1414 | Val Acc 95.24% | 25.1s
2026-06-25 20:16:59 | Epoch 23/50 | Loss 0.1001 | Acc 96.94% | Val Loss 0.1403 | Val Acc 95.08% | 25.3s
2026-06-25 20:17:24 | Epoch 24/50 | Loss 0.0917 | Acc 96.92% | Val Loss 0.1387 | Val Acc 94.67% | 25.0s
2026-06-25 20:17:50 | Epoch 25/50 | Loss 0.0875 | Acc 97.22% | Val Loss 0.1278 | Val Acc 95.48% | 25.6s
2026-06-25 20:17:50 |   --> saved best to C:\Users\Admin\Desktop\hai\ConViTX\code ViT_8 block CNN\HybridModel_PlantPathology_Ablation\results\Hybrid_se-se-none_fold1_best.pth
2026-06-25 20:18:15 | Epoch 26/50 | Loss 0.0854 | Acc 97.42% | Val Loss 0.1339 | Val Acc 95.16% | 25.4s
2026-06-25 20:18:41 | Epoch 27/50 | Loss 0.0846 | Acc 97.46% | Val Loss 0.1390 | Val Acc 95.08% | 25.2s
2026-06-25 20:19:05 | Epoch 28/50 | Loss 0.0813 | Acc 97.32% | Val Loss 0.1311 | Val Acc 95.40% | 24.7s
2026-06-25 20:19:30 | Epoch 29/50 | Loss 0.0804 | Acc 97.36% | Val Loss 0.1252 | Val Acc 96.05% | 24.9s
2026-06-25 20:19:30 |   --> saved best to C:\Users\Admin\Desktop\hai\ConViTX\code ViT_8 block CNN\HybridModel_PlantPathology_Ablation\results\Hybrid_se-se-none_fold1_best.pth
2026-06-25 20:19:56 | Epoch 30/50 | Loss 0.0807 | Acc 97.34% | Val Loss 0.1235 | Val Acc 95.72% | 25.3s
2026-06-25 20:19:56 |   --> saved best to C:\Users\Admin\Desktop\hai\ConViTX\code ViT_8 block CNN\HybridModel_PlantPathology_Ablation\results\Hybrid_se-se-none_fold1_best.pth
2026-06-25 20:20:21 | Epoch 31/50 | Loss 0.0742 | Acc 97.50% | Val Loss 0.1206 | Val Acc 95.96% | 25.2s
2026-06-25 20:20:21 |   --> saved best to C:\Users\Admin\Desktop\hai\ConViTX\code ViT_8 block CNN\HybridModel_PlantPathology_Ablation\results\Hybrid_se-se-none_fold1_best.pth
2026-06-25 20:20:47 | Epoch 32/50 | Loss 0.0718 | Acc 97.85% | Val Loss 0.1211 | Val Acc 95.48% | 25.7s
2026-06-25 20:21:12 | Epoch 33/50 | Loss 0.0690 | Acc 97.91% | Val Loss 0.1247 | Val Acc 95.40% | 25.7s
2026-06-25 20:21:38 | Epoch 34/50 | Loss 0.0619 | Acc 98.30% | Val Loss 0.1219 | Val Acc 95.80% | 25.5s
2026-06-25 20:22:03 | Epoch 35/50 | Loss 0.0637 | Acc 97.99% | Val Loss 0.1176 | Val Acc 95.80% | 24.7s
2026-06-25 20:22:03 |   --> saved best to C:\Users\Admin\Desktop\hai\ConViTX\code ViT_8 block CNN\HybridModel_PlantPathology_Ablation\results\Hybrid_se-se-none_fold1_best.pth
2026-06-25 20:22:28 | Epoch 36/50 | Loss 0.0635 | Acc 97.89% | Val Loss 0.1221 | Val Acc 95.64% | 25.2s
2026-06-25 20:22:53 | Epoch 37/50 | Loss 0.0580 | Acc 98.19% | Val Loss 0.1215 | Val Acc 95.80% | 25.5s
2026-06-25 20:23:19 | Epoch 38/50 | Loss 0.0623 | Acc 97.87% | Val Loss 0.1206 | Val Acc 96.05% | 25.4s
2026-06-25 20:23:44 | Epoch 39/50 | Loss 0.0552 | Acc 98.19% | Val Loss 0.1234 | Val Acc 95.72% | 25.1s
2026-06-25 20:24:09 | Epoch 40/50 | Loss 0.0563 | Acc 98.23% | Val Loss 0.1444 | Val Acc 95.48% | 24.9s
2026-06-25 20:24:34 | Epoch 41/50 | Loss 0.0558 | Acc 98.07% | Val Loss 0.1159 | Val Acc 95.48% | 24.9s
2026-06-25 20:24:34 |   --> saved best to C:\Users\Admin\Desktop\hai\ConViTX\code ViT_8 block CNN\HybridModel_PlantPathology_Ablation\results\Hybrid_se-se-none_fold1_best.pth
2026-06-25 20:24:59 | Epoch 42/50 | Loss 0.0512 | Acc 98.48% | Val Loss 0.1316 | Val Acc 95.48% | 24.7s
2026-06-25 20:25:24 | Epoch 43/50 | Loss 0.0505 | Acc 98.54% | Val Loss 0.1178 | Val Acc 96.05% | 24.9s
2026-06-25 20:25:48 | Epoch 44/50 | Loss 0.0485 | Acc 98.42% | Val Loss 0.1222 | Val Acc 95.00% | 24.8s
2026-06-25 20:26:13 | Epoch 45/50 | Loss 0.0518 | Acc 98.52% | Val Loss 0.1081 | Val Acc 96.29% | 24.8s
2026-06-25 20:26:13 |   --> saved best to C:\Users\Admin\Desktop\hai\ConViTX\code ViT_8 block CNN\HybridModel_PlantPathology_Ablation\results\Hybrid_se-se-none_fold1_best.pth
2026-06-25 20:26:38 | Epoch 46/50 | Loss 0.0461 | Acc 98.48% | Val Loss 0.1151 | Val Acc 96.13% | 24.9s
2026-06-25 20:27:03 | Epoch 47/50 | Loss 0.0426 | Acc 98.72% | Val Loss 0.1126 | Val Acc 95.72% | 24.8s
2026-06-25 20:27:28 | Epoch 48/50 | Loss 0.0518 | Acc 98.19% | Val Loss 0.1163 | Val Acc 95.88% | 24.5s
2026-06-25 20:27:52 | Epoch 49/50 | Loss 0.0419 | Acc 98.62% | Val Loss 0.1141 | Val Acc 95.96% | 24.6s
2026-06-25 20:28:17 | Epoch 50/50 | Loss 0.0436 | Acc 98.60% | Val Loss 0.1195 | Val Acc 95.80% | 24.8s
2026-06-25 20:28:17 | Finished Hybrid_se-se-none fold 1 in 21.86 min.
2026-06-25 20:28:24 | 
================================================================================
2026-06-25 20:28:24 | TRAINING: Hybrid_se-se-none | FOLD 2/5
2026-06-25 20:28:24 | ================================================================================
2026-06-25 20:28:24 | [INFO] reduced batch_size=64 for hybrid model to avoid OOM.
2026-06-25 20:29:20 | Epoch 01/50 | Loss 1.0000 | Acc 63.29% | Val Loss 0.6919 | Val Acc 78.53% | 55.8s
2026-06-25 20:29:20 |   --> saved best to C:\Users\Admin\Desktop\hai\ConViTX\code ViT_8 block CNN\HybridModel_PlantPathology_Ablation\results\Hybrid_se-se-none_fold2_best.pth
2026-06-25 20:29:45 | Epoch 02/50 | Loss 0.5393 | Acc 85.25% | Val Loss 0.3864 | Val Acc 89.35% | 25.1s
2026-06-25 20:29:45 |   --> saved best to C:\Users\Admin\Desktop\hai\ConViTX\code ViT_8 block CNN\HybridModel_PlantPathology_Ablation\results\Hybrid_se-se-none_fold2_best.pth
2026-06-25 20:30:10 | Epoch 03/50 | Loss 0.3948 | Acc 89.10% | Val Loss 0.3070 | Val Acc 91.61% | 24.9s
2026-06-25 20:30:11 |   --> saved best to C:\Users\Admin\Desktop\hai\ConViTX\code ViT_8 block CNN\HybridModel_PlantPathology_Ablation\results\Hybrid_se-se-none_fold2_best.pth
2026-06-25 20:30:36 | Epoch 04/50 | Loss 0.3250 | Acc 90.81% | Val Loss 0.2530 | Val Acc 92.66% | 25.1s
2026-06-25 20:30:36 |   --> saved best to C:\Users\Admin\Desktop\hai\ConViTX\code ViT_8 block CNN\HybridModel_PlantPathology_Ablation\results\Hybrid_se-se-none_fold2_best.pth
2026-06-25 20:31:01 | Epoch 05/50 | Loss 0.2838 | Acc 91.88% | Val Loss 0.2402 | Val Acc 93.46% | 24.9s
2026-06-25 20:31:01 |   --> saved best to C:\Users\Admin\Desktop\hai\ConViTX\code ViT_8 block CNN\HybridModel_PlantPathology_Ablation\results\Hybrid_se-se-none_fold2_best.pth
2026-06-25 20:31:26 | Epoch 06/50 | Loss 0.2573 | Acc 92.61% | Val Loss 0.2059 | Val Acc 93.38% | 24.9s
2026-06-25 20:31:26 |   --> saved best to C:\Users\Admin\Desktop\hai\ConViTX\code ViT_8 block CNN\HybridModel_PlantPathology_Ablation\results\Hybrid_se-se-none_fold2_best.pth
2026-06-25 20:31:51 | Epoch 07/50 | Loss 0.2385 | Acc 92.82% | Val Loss 0.1882 | Val Acc 94.03% | 24.9s
2026-06-25 20:31:51 |   --> saved best to C:\Users\Admin\Desktop\hai\ConViTX\code ViT_8 block CNN\HybridModel_PlantPathology_Ablation\results\Hybrid_se-se-none_fold2_best.pth
2026-06-25 20:32:15 | Epoch 08/50 | Loss 0.2199 | Acc 93.69% | Val Loss 0.1855 | Val Acc 94.35% | 24.6s
2026-06-25 20:32:15 |   --> saved best to C:\Users\Admin\Desktop\hai\ConViTX\code ViT_8 block CNN\HybridModel_PlantPathology_Ablation\results\Hybrid_se-se-none_fold2_best.pth
2026-06-25 20:32:40 | Epoch 09/50 | Loss 0.2006 | Acc 94.09% | Val Loss 0.1678 | Val Acc 95.08% | 24.7s
2026-06-25 20:32:40 |   --> saved best to C:\Users\Admin\Desktop\hai\ConViTX\code ViT_8 block CNN\HybridModel_PlantPathology_Ablation\results\Hybrid_se-se-none_fold2_best.pth
2026-06-25 20:33:05 | Epoch 10/50 | Loss 0.1893 | Acc 94.05% | Val Loss 0.1550 | Val Acc 95.64% | 24.9s
2026-06-25 20:33:05 |   --> saved best to C:\Users\Admin\Desktop\hai\ConViTX\code ViT_8 block CNN\HybridModel_PlantPathology_Ablation\results\Hybrid_se-se-none_fold2_best.pth
2026-06-25 20:33:30 | Epoch 11/50 | Loss 0.1718 | Acc 95.05% | Val Loss 0.1431 | Val Acc 95.96% | 24.8s
2026-06-25 20:33:30 |   --> saved best to C:\Users\Admin\Desktop\hai\ConViTX\code ViT_8 block CNN\HybridModel_PlantPathology_Ablation\results\Hybrid_se-se-none_fold2_best.pth
2026-06-25 20:33:54 | Epoch 12/50 | Loss 0.1674 | Acc 95.15% | Val Loss 0.1322 | Val Acc 96.13% | 24.4s
2026-06-25 20:33:54 |   --> saved best to C:\Users\Admin\Desktop\hai\ConViTX\code ViT_8 block CNN\HybridModel_PlantPathology_Ablation\results\Hybrid_se-se-none_fold2_best.pth
2026-06-25 20:34:19 | Epoch 13/50 | Loss 0.1582 | Acc 95.33% | Val Loss 0.1291 | Val Acc 96.29% | 24.6s
2026-06-25 20:34:19 |   --> saved best to C:\Users\Admin\Desktop\hai\ConViTX\code ViT_8 block CNN\HybridModel_PlantPathology_Ablation\results\Hybrid_se-se-none_fold2_best.pth
2026-06-25 20:34:44 | Epoch 14/50 | Loss 0.1487 | Acc 95.31% | Val Loss 0.1310 | Val Acc 96.05% | 24.5s
2026-06-25 20:35:09 | Epoch 15/50 | Loss 0.1395 | Acc 96.02% | Val Loss 0.1174 | Val Acc 96.45% | 25.2s
2026-06-25 20:35:09 |   --> saved best to C:\Users\Admin\Desktop\hai\ConViTX\code ViT_8 block CNN\HybridModel_PlantPathology_Ablation\results\Hybrid_se-se-none_fold2_best.pth
2026-06-25 20:35:34 | Epoch 16/50 | Loss 0.1355 | Acc 95.86% | Val Loss 0.1157 | Val Acc 96.61% | 25.0s
2026-06-25 20:35:34 |   --> saved best to C:\Users\Admin\Desktop\hai\ConViTX\code ViT_8 block CNN\HybridModel_PlantPathology_Ablation\results\Hybrid_se-se-none_fold2_best.pth
2026-06-25 20:35:59 | Epoch 17/50 | Loss 0.1286 | Acc 95.96% | Val Loss 0.1057 | Val Acc 97.01% | 25.1s
2026-06-25 20:35:59 |   --> saved best to C:\Users\Admin\Desktop\hai\ConViTX\code ViT_8 block CNN\HybridModel_PlantPathology_Ablation\results\Hybrid_se-se-none_fold2_best.pth
2026-06-25 20:36:25 | Epoch 18/50 | Loss 0.1300 | Acc 95.94% | Val Loss 0.1112 | Val Acc 96.93% | 25.5s
2026-06-25 20:36:49 | Epoch 19/50 | Loss 0.1197 | Acc 96.29% | Val Loss 0.1049 | Val Acc 96.85% | 24.1s
2026-06-25 20:36:49 |   --> saved best to C:\Users\Admin\Desktop\hai\ConViTX\code ViT_8 block CNN\HybridModel_PlantPathology_Ablation\results\Hybrid_se-se-none_fold2_best.pth
2026-06-25 20:37:13 | Epoch 20/50 | Loss 0.1232 | Acc 96.08% | Val Loss 0.1025 | Val Acc 97.09% | 24.4s
2026-06-25 20:37:13 |   --> saved best to C:\Users\Admin\Desktop\hai\ConViTX\code ViT_8 block CNN\HybridModel_PlantPathology_Ablation\results\Hybrid_se-se-none_fold2_best.pth
2026-06-25 20:37:38 | Epoch 21/50 | Loss 0.1111 | Acc 96.45% | Val Loss 0.1047 | Val Acc 96.77% | 24.9s
2026-06-25 20:38:03 | Epoch 22/50 | Loss 0.1028 | Acc 96.73% | Val Loss 0.0971 | Val Acc 96.85% | 24.4s
2026-06-25 20:38:03 |   --> saved best to C:\Users\Admin\Desktop\hai\ConViTX\code ViT_8 block CNN\HybridModel_PlantPathology_Ablation\results\Hybrid_se-se-none_fold2_best.pth
2026-06-25 20:38:28 | Epoch 23/50 | Loss 0.1076 | Acc 96.53% | Val Loss 0.0998 | Val Acc 96.93% | 24.7s
2026-06-25 20:38:53 | Epoch 24/50 | Loss 0.1018 | Acc 96.83% | Val Loss 0.0919 | Val Acc 97.34% | 25.0s
2026-06-25 20:38:53 |   --> saved best to C:\Users\Admin\Desktop\hai\ConViTX\code ViT_8 block CNN\HybridModel_PlantPathology_Ablation\results\Hybrid_se-se-none_fold2_best.pth
2026-06-25 20:39:17 | Epoch 25/50 | Loss 0.0992 | Acc 96.71% | Val Loss 0.0930 | Val Acc 97.18% | 24.4s
2026-06-25 20:39:42 | Epoch 26/50 | Loss 0.0908 | Acc 97.28% | Val Loss 0.0926 | Val Acc 96.85% | 24.6s
2026-06-25 20:40:06 | Epoch 27/50 | Loss 0.0888 | Acc 97.30% | Val Loss 0.0925 | Val Acc 97.01% | 24.1s
2026-06-25 20:40:30 | Epoch 28/50 | Loss 0.0895 | Acc 97.40% | Val Loss 0.1051 | Val Acc 96.61% | 24.5s
2026-06-25 20:40:55 | Epoch 29/50 | Loss 0.0898 | Acc 97.22% | Val Loss 0.0883 | Val Acc 97.58% | 24.8s
2026-06-25 20:40:55 |   --> saved best to C:\Users\Admin\Desktop\hai\ConViTX\code ViT_8 block CNN\HybridModel_PlantPathology_Ablation\results\Hybrid_se-se-none_fold2_best.pth
2026-06-25 20:41:20 | Epoch 30/50 | Loss 0.0839 | Acc 97.32% | Val Loss 0.0830 | Val Acc 97.09% | 24.6s
2026-06-25 20:41:20 |   --> saved best to C:\Users\Admin\Desktop\hai\ConViTX\code ViT_8 block CNN\HybridModel_PlantPathology_Ablation\results\Hybrid_se-se-none_fold2_best.pth
2026-06-25 20:41:44 | Epoch 31/50 | Loss 0.0779 | Acc 97.69% | Val Loss 0.0906 | Val Acc 97.01% | 24.5s
2026-06-25 20:42:09 | Epoch 32/50 | Loss 0.0766 | Acc 97.56% | Val Loss 0.0869 | Val Acc 97.34% | 24.7s
2026-06-25 20:42:34 | Epoch 33/50 | Loss 0.0770 | Acc 97.54% | Val Loss 0.0821 | Val Acc 97.18% | 24.7s
2026-06-25 20:42:34 |   --> saved best to C:\Users\Admin\Desktop\hai\ConViTX\code ViT_8 block CNN\HybridModel_PlantPathology_Ablation\results\Hybrid_se-se-none_fold2_best.pth
2026-06-25 20:42:58 | Epoch 34/50 | Loss 0.0762 | Acc 97.59% | Val Loss 0.0808 | Val Acc 97.42% | 24.3s
2026-06-25 20:42:58 |   --> saved best to C:\Users\Admin\Desktop\hai\ConViTX\code ViT_8 block CNN\HybridModel_PlantPathology_Ablation\results\Hybrid_se-se-none_fold2_best.pth
2026-06-25 20:43:23 | Epoch 35/50 | Loss 0.0742 | Acc 97.52% | Val Loss 0.0914 | Val Acc 96.77% | 24.4s
2026-06-25 20:43:47 | Epoch 36/50 | Loss 0.0691 | Acc 97.97% | Val Loss 0.0777 | Val Acc 97.42% | 24.7s
2026-06-25 20:43:47 |   --> saved best to C:\Users\Admin\Desktop\hai\ConViTX\code ViT_8 block CNN\HybridModel_PlantPathology_Ablation\results\Hybrid_se-se-none_fold2_best.pth
2026-06-25 20:44:12 | Epoch 37/50 | Loss 0.0697 | Acc 97.69% | Val Loss 0.0926 | Val Acc 97.34% | 24.6s
2026-06-25 20:44:37 | Epoch 38/50 | Loss 0.0669 | Acc 97.81% | Val Loss 0.0822 | Val Acc 97.01% | 24.9s
2026-06-25 20:45:02 | Epoch 39/50 | Loss 0.0637 | Acc 98.13% | Val Loss 0.0795 | Val Acc 97.50% | 24.9s
2026-06-25 20:45:27 | Epoch 40/50 | Loss 0.0618 | Acc 97.91% | Val Loss 0.0822 | Val Acc 97.26% | 24.7s
2026-06-25 20:45:51 | Epoch 41/50 | Loss 0.0551 | Acc 98.28% | Val Loss 0.0819 | Val Acc 97.66% | 24.2s
2026-06-25 20:46:16 | Epoch 42/50 | Loss 0.0545 | Acc 98.30% | Val Loss 0.0748 | Val Acc 97.66% | 24.7s
2026-06-25 20:46:16 |   --> saved best to C:\Users\Admin\Desktop\hai\ConViTX\code ViT_8 block CNN\HybridModel_PlantPathology_Ablation\results\Hybrid_se-se-none_fold2_best.pth
2026-06-25 20:46:40 | Epoch 43/50 | Loss 0.0593 | Acc 97.95% | Val Loss 0.0802 | Val Acc 97.42% | 24.5s
2026-06-25 20:47:05 | Epoch 44/50 | Loss 0.0554 | Acc 98.23% | Val Loss 0.0767 | Val Acc 97.50% | 24.6s
2026-06-25 20:47:30 | Epoch 45/50 | Loss 0.0580 | Acc 98.13% | Val Loss 0.0813 | Val Acc 97.26% | 24.7s
2026-06-25 20:47:54 | Epoch 46/50 | Loss 0.0525 | Acc 98.32% | Val Loss 0.0786 | Val Acc 97.66% | 24.7s
2026-06-25 20:48:20 | Epoch 47/50 | Loss 0.0590 | Acc 98.11% | Val Loss 0.0829 | Val Acc 97.50% | 25.5s
2026-06-25 20:48:44 | Epoch 48/50 | Loss 0.0492 | Acc 98.48% | Val Loss 0.0919 | Val Acc 97.18% | 24.5s
2026-06-25 20:49:09 | Epoch 49/50 | Loss 0.0496 | Acc 98.50% | Val Loss 0.0816 | Val Acc 97.58% | 24.6s
2026-06-25 20:49:34 | Epoch 50/50 | Loss 0.0472 | Acc 98.56% | Val Loss 0.0791 | Val Acc 97.66% | 24.5s
2026-06-25 20:49:34 | Finished Hybrid_se-se-none fold 2 in 21.15 min.
2026-06-25 20:49:41 | [RESUME] Hybrid_se-se-none_fold3 đã train xong trong chiến dịch này -> bỏ qua. (dùng --force để train lại)
2026-06-25 20:49:41 | 
================================================================================
2026-06-25 20:49:41 | TRAINING: Hybrid_se-se-none | FOLD 4/5
2026-06-25 20:49:41 | ================================================================================
2026-06-25 20:49:41 | [INFO] reduced batch_size=64 for hybrid model to avoid OOM.
2026-06-25 20:50:36 | Epoch 01/50 | Loss 1.0550 | Acc 59.21% | Val Loss 0.7166 | Val Acc 76.33% | 54.9s
2026-06-25 20:50:36 |   --> saved best to C:\Users\Admin\Desktop\hai\ConViTX\code ViT_8 block CNN\HybridModel_PlantPathology_Ablation\results\Hybrid_se-se-none_fold4_best.pth
2026-06-25 20:51:01 | Epoch 02/50 | Loss 0.5611 | Acc 83.95% | Val Loss 0.3987 | Val Acc 88.45% | 25.5s
2026-06-25 20:51:01 |   --> saved best to C:\Users\Admin\Desktop\hai\ConViTX\code ViT_8 block CNN\HybridModel_PlantPathology_Ablation\results\Hybrid_se-se-none_fold4_best.pth
2026-06-25 20:51:26 | Epoch 03/50 | Loss 0.3829 | Acc 89.20% | Val Loss 0.3062 | Val Acc 91.36% | 25.2s
2026-06-25 20:51:27 |   --> saved best to C:\Users\Admin\Desktop\hai\ConViTX\code ViT_8 block CNN\HybridModel_PlantPathology_Ablation\results\Hybrid_se-se-none_fold4_best.pth
2026-06-25 20:51:51 | Epoch 04/50 | Loss 0.3139 | Acc 90.87% | Val Loss 0.2556 | Val Acc 92.57% | 24.5s
2026-06-25 20:51:51 |   --> saved best to C:\Users\Admin\Desktop\hai\ConViTX\code ViT_8 block CNN\HybridModel_PlantPathology_Ablation\results\Hybrid_se-se-none_fold4_best.pth
2026-06-25 20:52:16 | Epoch 05/50 | Loss 0.2730 | Acc 92.03% | Val Loss 0.2221 | Val Acc 93.54% | 24.5s
2026-06-25 20:52:16 |   --> saved best to C:\Users\Admin\Desktop\hai\ConViTX\code ViT_8 block CNN\HybridModel_PlantPathology_Ablation\results\Hybrid_se-se-none_fold4_best.pth
2026-06-25 20:52:40 | Epoch 06/50 | Loss 0.2448 | Acc 92.65% | Val Loss 0.2056 | Val Acc 93.30% | 24.4s
2026-06-25 20:52:40 |   --> saved best to C:\Users\Admin\Desktop\hai\ConViTX\code ViT_8 block CNN\HybridModel_PlantPathology_Ablation\results\Hybrid_se-se-none_fold4_best.pth
2026-06-25 20:53:05 | Epoch 07/50 | Loss 0.2225 | Acc 93.43% | Val Loss 0.1869 | Val Acc 94.35% | 24.8s
2026-06-25 20:53:05 |   --> saved best to C:\Users\Admin\Desktop\hai\ConViTX\code ViT_8 block CNN\HybridModel_PlantPathology_Ablation\results\Hybrid_se-se-none_fold4_best.pth
2026-06-25 20:53:30 | Epoch 08/50 | Loss 0.2019 | Acc 94.07% | Val Loss 0.1769 | Val Acc 94.10% | 24.8s
2026-06-25 20:53:30 |   --> saved best to C:\Users\Admin\Desktop\hai\ConViTX\code ViT_8 block CNN\HybridModel_PlantPathology_Ablation\results\Hybrid_se-se-none_fold4_best.pth
2026-06-25 20:53:55 | Epoch 09/50 | Loss 0.1978 | Acc 94.22% | Val Loss 0.1644 | Val Acc 94.83% | 25.4s
2026-06-25 20:53:55 |   --> saved best to C:\Users\Admin\Desktop\hai\ConViTX\code ViT_8 block CNN\HybridModel_PlantPathology_Ablation\results\Hybrid_se-se-none_fold4_best.pth
2026-06-25 20:54:20 | Epoch 10/50 | Loss 0.1840 | Acc 94.48% | Val Loss 0.1593 | Val Acc 95.23% | 24.6s
2026-06-25 20:54:20 |   --> saved best to C:\Users\Admin\Desktop\hai\ConViTX\code ViT_8 block CNN\HybridModel_PlantPathology_Ablation\results\Hybrid_se-se-none_fold4_best.pth
2026-06-25 20:54:45 | Epoch 11/50 | Loss 0.1740 | Acc 94.74% | Val Loss 0.1558 | Val Acc 94.59% | 24.9s
2026-06-25 20:54:45 |   --> saved best to C:\Users\Admin\Desktop\hai\ConViTX\code ViT_8 block CNN\HybridModel_PlantPathology_Ablation\results\Hybrid_se-se-none_fold4_best.pth
2026-06-25 20:55:09 | Epoch 12/50 | Loss 0.1591 | Acc 95.07% | Val Loss 0.1548 | Val Acc 94.51% | 24.5s
2026-06-25 20:55:09 |   --> saved best to C:\Users\Admin\Desktop\hai\ConViTX\code ViT_8 block CNN\HybridModel_PlantPathology_Ablation\results\Hybrid_se-se-none_fold4_best.pth
2026-06-25 20:55:34 | Epoch 13/50 | Loss 0.1561 | Acc 94.81% | Val Loss 0.1376 | Val Acc 95.32% | 24.7s
2026-06-25 20:55:34 |   --> saved best to C:\Users\Admin\Desktop\hai\ConViTX\code ViT_8 block CNN\HybridModel_PlantPathology_Ablation\results\Hybrid_se-se-none_fold4_best.pth
2026-06-25 20:55:59 | Epoch 14/50 | Loss 0.1450 | Acc 95.66% | Val Loss 0.1403 | Val Acc 95.56% | 24.8s
2026-06-25 20:56:24 | Epoch 15/50 | Loss 0.1418 | Acc 95.64% | Val Loss 0.1303 | Val Acc 95.56% | 25.1s
2026-06-25 20:56:24 |   --> saved best to C:\Users\Admin\Desktop\hai\ConViTX\code ViT_8 block CNN\HybridModel_PlantPathology_Ablation\results\Hybrid_se-se-none_fold4_best.pth
2026-06-25 20:56:49 | Epoch 16/50 | Loss 0.1324 | Acc 95.70% | Val Loss 0.1274 | Val Acc 95.96% | 24.7s
2026-06-25 20:56:49 |   --> saved best to C:\Users\Admin\Desktop\hai\ConViTX\code ViT_8 block CNN\HybridModel_PlantPathology_Ablation\results\Hybrid_se-se-none_fold4_best.pth
2026-06-25 20:57:13 | Epoch 17/50 | Loss 0.1321 | Acc 96.02% | Val Loss 0.1274 | Val Acc 95.56% | 24.6s
2026-06-25 20:57:13 |   --> saved best to C:\Users\Admin\Desktop\hai\ConViTX\code ViT_8 block CNN\HybridModel_PlantPathology_Ablation\results\Hybrid_se-se-none_fold4_best.pth
2026-06-25 20:57:38 | Epoch 18/50 | Loss 0.1230 | Acc 96.06% | Val Loss 0.1305 | Val Acc 95.48% | 24.5s
2026-06-25 20:58:03 | Epoch 19/50 | Loss 0.1169 | Acc 96.37% | Val Loss 0.1339 | Val Acc 95.72% | 24.7s
2026-06-25 20:58:27 | Epoch 20/50 | Loss 0.1180 | Acc 96.16% | Val Loss 0.1284 | Val Acc 95.96% | 24.5s
2026-06-25 20:58:52 | Epoch 21/50 | Loss 0.1100 | Acc 96.61% | Val Loss 0.1191 | Val Acc 95.64% | 24.8s
2026-06-25 20:58:52 |   --> saved best to C:\Users\Admin\Desktop\hai\ConViTX\code ViT_8 block CNN\HybridModel_PlantPathology_Ablation\results\Hybrid_se-se-none_fold4_best.pth
2026-06-25 20:59:17 | Epoch 22/50 | Loss 0.1058 | Acc 96.88% | Val Loss 0.1149 | Val Acc 96.04% | 24.5s
2026-06-25 20:59:17 |   --> saved best to C:\Users\Admin\Desktop\hai\ConViTX\code ViT_8 block CNN\HybridModel_PlantPathology_Ablation\results\Hybrid_se-se-none_fold4_best.pth
2026-06-25 20:59:42 | Epoch 23/50 | Loss 0.0990 | Acc 97.10% | Val Loss 0.1192 | Val Acc 95.72% | 25.0s
2026-06-25 21:00:07 | Epoch 24/50 | Loss 0.0954 | Acc 96.83% | Val Loss 0.1117 | Val Acc 96.04% | 24.7s
2026-06-25 21:00:07 |   --> saved best to C:\Users\Admin\Desktop\hai\ConViTX\code ViT_8 block CNN\HybridModel_PlantPathology_Ablation\results\Hybrid_se-se-none_fold4_best.pth
2026-06-25 21:00:31 | Epoch 25/50 | Loss 0.0956 | Acc 96.79% | Val Loss 0.1257 | Val Acc 95.15% | 24.7s
2026-06-25 21:00:56 | Epoch 26/50 | Loss 0.0921 | Acc 97.10% | Val Loss 0.1243 | Val Acc 95.23% | 24.5s
2026-06-25 21:01:21 | Epoch 27/50 | Loss 0.0897 | Acc 97.42% | Val Loss 0.1186 | Val Acc 96.12% | 24.5s
2026-06-25 21:01:45 | Epoch 28/50 | Loss 0.0853 | Acc 97.46% | Val Loss 0.1088 | Val Acc 95.96% | 24.7s
2026-06-25 21:01:45 |   --> saved best to C:\Users\Admin\Desktop\hai\ConViTX\code ViT_8 block CNN\HybridModel_PlantPathology_Ablation\results\Hybrid_se-se-none_fold4_best.pth
2026-06-25 21:02:10 | Epoch 29/50 | Loss 0.0823 | Acc 97.36% | Val Loss 0.1119 | Val Acc 96.28% | 25.0s
2026-06-25 21:02:35 | Epoch 30/50 | Loss 0.0777 | Acc 97.73% | Val Loss 0.1137 | Val Acc 96.12% | 25.1s
2026-06-25 21:03:00 | Epoch 31/50 | Loss 0.0777 | Acc 97.65% | Val Loss 0.1163 | Val Acc 95.88% | 24.9s
2026-06-25 21:03:25 | Epoch 32/50 | Loss 0.0759 | Acc 97.71% | Val Loss 0.1119 | Val Acc 96.53% | 24.6s
2026-06-25 21:03:50 | Epoch 33/50 | Loss 0.0769 | Acc 97.52% | Val Loss 0.1032 | Val Acc 96.37% | 24.4s
2026-06-25 21:03:50 |   --> saved best to C:\Users\Admin\Desktop\hai\ConViTX\code ViT_8 block CNN\HybridModel_PlantPathology_Ablation\results\Hybrid_se-se-none_fold4_best.pth
2026-06-25 21:04:14 | Epoch 34/50 | Loss 0.0699 | Acc 98.01% | Val Loss 0.1165 | Val Acc 96.20% | 24.4s
2026-06-25 21:04:39 | Epoch 35/50 | Loss 0.0734 | Acc 97.46% | Val Loss 0.1132 | Val Acc 96.28% | 24.8s
2026-06-25 21:05:04 | Epoch 36/50 | Loss 0.0760 | Acc 97.30% | Val Loss 0.1101 | Val Acc 96.28% | 25.0s
2026-06-25 21:05:29 | Epoch 37/50 | Loss 0.0728 | Acc 97.77% | Val Loss 0.1139 | Val Acc 96.28% | 24.7s
2026-06-25 21:05:54 | Epoch 38/50 | Loss 0.0662 | Acc 97.91% | Val Loss 0.1009 | Val Acc 96.61% | 24.8s
2026-06-25 21:05:54 |   --> saved best to C:\Users\Admin\Desktop\hai\ConViTX\code ViT_8 block CNN\HybridModel_PlantPathology_Ablation\results\Hybrid_se-se-none_fold4_best.pth
2026-06-25 21:06:19 | Epoch 39/50 | Loss 0.0596 | Acc 98.28% | Val Loss 0.0994 | Val Acc 96.77% | 25.0s
2026-06-25 21:06:19 |   --> saved best to C:\Users\Admin\Desktop\hai\ConViTX\code ViT_8 block CNN\HybridModel_PlantPathology_Ablation\results\Hybrid_se-se-none_fold4_best.pth
2026-06-25 21:06:43 | Epoch 40/50 | Loss 0.0592 | Acc 98.19% | Val Loss 0.1047 | Val Acc 96.61% | 24.5s
2026-06-25 21:07:08 | Epoch 41/50 | Loss 0.0517 | Acc 98.40% | Val Loss 0.1066 | Val Acc 96.20% | 24.5s
2026-06-25 21:07:33 | Epoch 42/50 | Loss 0.0594 | Acc 98.21% | Val Loss 0.1056 | Val Acc 96.28% | 24.9s
2026-06-25 21:07:58 | Epoch 43/50 | Loss 0.0576 | Acc 98.03% | Val Loss 0.1113 | Val Acc 96.04% | 25.3s
2026-06-25 21:08:23 | Epoch 44/50 | Loss 0.0549 | Acc 98.25% | Val Loss 0.1176 | Val Acc 96.12% | 25.4s
2026-06-25 21:08:49 | Epoch 45/50 | Loss 0.0483 | Acc 98.44% | Val Loss 0.1046 | Val Acc 96.61% | 25.4s
2026-06-25 21:09:16 | Epoch 46/50 | Loss 0.0526 | Acc 98.21% | Val Loss 0.1007 | Val Acc 96.12% | 26.7s
2026-06-25 21:09:54 | Epoch 47/50 | Loss 0.0440 | Acc 98.64% | Val Loss 0.1051 | Val Acc 96.85% | 38.2s
2026-06-25 21:10:36 | Epoch 48/50 | Loss 0.0493 | Acc 98.60% | Val Loss 0.1004 | Val Acc 96.77% | 41.7s
2026-06-25 21:11:18 | Epoch 49/50 | Loss 0.0453 | Acc 98.52% | Val Loss 0.1070 | Val Acc 96.53% | 42.5s
2026-06-25 21:12:00 | Epoch 50/50 | Loss 0.0457 | Acc 98.64% | Val Loss 0.1009 | Val Acc 96.37% | 41.6s
2026-06-25 21:12:00 | Finished Hybrid_se-se-none fold 4 in 22.32 min.
2026-06-25 21:12:11 | 
================================================================================
2026-06-25 21:12:11 | TRAINING: Hybrid_se-se-none | FOLD 5/5
2026-06-25 21:12:11 | ================================================================================
2026-06-25 21:12:11 | [INFO] reduced batch_size=64 for hybrid model to avoid OOM.
2026-06-25 21:13:26 | Epoch 01/50 | Loss 1.0662 | Acc 58.04% | Val Loss 0.7242 | Val Acc 77.54% | 74.7s
2026-06-25 21:13:26 |   --> saved best to C:\Users\Admin\Desktop\hai\ConViTX\code ViT_8 block CNN\HybridModel_PlantPathology_Ablation\results\Hybrid_se-se-none_fold5_best.pth
2026-06-25 21:14:09 | Epoch 02/50 | Loss 0.5861 | Acc 82.75% | Val Loss 0.4188 | Val Acc 88.77% | 43.0s
2026-06-25 21:14:09 |   --> saved best to C:\Users\Admin\Desktop\hai\ConViTX\code ViT_8 block CNN\HybridModel_PlantPathology_Ablation\results\Hybrid_se-se-none_fold5_best.pth
2026-06-25 21:14:51 | Epoch 03/50 | Loss 0.3886 | Acc 89.12% | Val Loss 0.3211 | Val Acc 91.03% | 42.5s
2026-06-25 21:14:51 |   --> saved best to C:\Users\Admin\Desktop\hai\ConViTX\code ViT_8 block CNN\HybridModel_PlantPathology_Ablation\results\Hybrid_se-se-none_fold5_best.pth
2026-06-25 21:15:31 | Epoch 04/50 | Loss 0.3120 | Acc 91.56% | Val Loss 0.2736 | Val Acc 92.73% | 39.5s
2026-06-25 21:15:31 |   --> saved best to C:\Users\Admin\Desktop\hai\ConViTX\code ViT_8 block CNN\HybridModel_PlantPathology_Ablation\results\Hybrid_se-se-none_fold5_best.pth
2026-06-25 21:15:56 | Epoch 05/50 | Loss 0.2750 | Acc 92.33% | Val Loss 0.2309 | Val Acc 93.46% | 24.9s
2026-06-25 21:15:56 |   --> saved best to C:\Users\Admin\Desktop\hai\ConViTX\code ViT_8 block CNN\HybridModel_PlantPathology_Ablation\results\Hybrid_se-se-none_fold5_best.pth
2026-06-25 21:16:21 | Epoch 06/50 | Loss 0.2486 | Acc 92.82% | Val Loss 0.2130 | Val Acc 93.94% | 24.9s
2026-06-25 21:16:21 |   --> saved best to C:\Users\Admin\Desktop\hai\ConViTX\code ViT_8 block CNN\HybridModel_PlantPathology_Ablation\results\Hybrid_se-se-none_fold5_best.pth
2026-06-25 21:16:47 | Epoch 07/50 | Loss 0.2207 | Acc 93.47% | Val Loss 0.1991 | Val Acc 93.86% | 25.6s
2026-06-25 21:16:47 |   --> saved best to C:\Users\Admin\Desktop\hai\ConViTX\code ViT_8 block CNN\HybridModel_PlantPathology_Ablation\results\Hybrid_se-se-none_fold5_best.pth
2026-06-25 21:17:12 | Epoch 08/50 | Loss 0.2084 | Acc 93.51% | Val Loss 0.1869 | Val Acc 94.75% | 25.9s
2026-06-25 21:17:12 |   --> saved best to C:\Users\Admin\Desktop\hai\ConViTX\code ViT_8 block CNN\HybridModel_PlantPathology_Ablation\results\Hybrid_se-se-none_fold5_best.pth
2026-06-25 21:17:38 | Epoch 09/50 | Loss 0.1922 | Acc 94.28% | Val Loss 0.1724 | Val Acc 94.75% | 25.6s
2026-06-25 21:17:38 |   --> saved best to C:\Users\Admin\Desktop\hai\ConViTX\code ViT_8 block CNN\HybridModel_PlantPathology_Ablation\results\Hybrid_se-se-none_fold5_best.pth
2026-06-25 21:18:04 | Epoch 10/50 | Loss 0.1831 | Acc 94.60% | Val Loss 0.1645 | Val Acc 94.59% | 25.5s
2026-06-25 21:18:04 |   --> saved best to C:\Users\Admin\Desktop\hai\ConViTX\code ViT_8 block CNN\HybridModel_PlantPathology_Ablation\results\Hybrid_se-se-none_fold5_best.pth
2026-06-25 21:18:29 | Epoch 11/50 | Loss 0.1730 | Acc 94.70% | Val Loss 0.1580 | Val Acc 95.40% | 25.6s
2026-06-25 21:18:29 |   --> saved best to C:\Users\Admin\Desktop\hai\ConViTX\code ViT_8 block CNN\HybridModel_PlantPathology_Ablation\results\Hybrid_se-se-none_fold5_best.pth
2026-06-25 21:18:55 | Epoch 12/50 | Loss 0.1636 | Acc 95.01% | Val Loss 0.1585 | Val Acc 94.75% | 25.2s
2026-06-25 21:19:20 | Epoch 13/50 | Loss 0.1588 | Acc 94.93% | Val Loss 0.1629 | Val Acc 95.23% | 25.3s
2026-06-25 21:19:46 | Epoch 14/50 | Loss 0.1460 | Acc 95.72% | Val Loss 0.1367 | Val Acc 96.04% | 25.8s
2026-06-25 21:19:46 |   --> saved best to C:\Users\Admin\Desktop\hai\ConViTX\code ViT_8 block CNN\HybridModel_PlantPathology_Ablation\results\Hybrid_se-se-none_fold5_best.pth
2026-06-25 21:20:11 | Epoch 15/50 | Loss 0.1418 | Acc 95.74% | Val Loss 0.1388 | Val Acc 95.80% | 25.5s
2026-06-25 21:20:37 | Epoch 16/50 | Loss 0.1361 | Acc 95.78% | Val Loss 0.1339 | Val Acc 95.72% | 25.5s
2026-06-25 21:20:37 |   --> saved best to C:\Users\Admin\Desktop\hai\ConViTX\code ViT_8 block CNN\HybridModel_PlantPathology_Ablation\results\Hybrid_se-se-none_fold5_best.pth
2026-06-25 21:21:02 | Epoch 17/50 | Loss 0.1336 | Acc 95.70% | Val Loss 0.1266 | Val Acc 95.96% | 25.3s
2026-06-25 21:21:02 |   --> saved best to C:\Users\Admin\Desktop\hai\ConViTX\code ViT_8 block CNN\HybridModel_PlantPathology_Ablation\results\Hybrid_se-se-none_fold5_best.pth
2026-06-25 21:21:28 | Epoch 18/50 | Loss 0.1198 | Acc 96.43% | Val Loss 0.1333 | Val Acc 95.56% | 25.4s
2026-06-25 21:21:53 | Epoch 19/50 | Loss 0.1212 | Acc 96.25% | Val Loss 0.1251 | Val Acc 96.04% | 25.5s
2026-06-25 21:21:53 |   --> saved best to C:\Users\Admin\Desktop\hai\ConViTX\code ViT_8 block CNN\HybridModel_PlantPathology_Ablation\results\Hybrid_se-se-none_fold5_best.pth
2026-06-25 21:22:19 | Epoch 20/50 | Loss 0.1234 | Acc 96.23% | Val Loss 0.1215 | Val Acc 96.28% | 25.3s
2026-06-25 21:22:19 |   --> saved best to C:\Users\Admin\Desktop\hai\ConViTX\code ViT_8 block CNN\HybridModel_PlantPathology_Ablation\results\Hybrid_se-se-none_fold5_best.pth
2026-06-25 21:22:44 | Epoch 21/50 | Loss 0.1158 | Acc 96.29% | Val Loss 0.1176 | Val Acc 95.72% | 25.2s
2026-06-25 21:22:44 |   --> saved best to C:\Users\Admin\Desktop\hai\ConViTX\code ViT_8 block CNN\HybridModel_PlantPathology_Ablation\results\Hybrid_se-se-none_fold5_best.pth
2026-06-25 21:23:10 | Epoch 22/50 | Loss 0.1099 | Acc 96.90% | Val Loss 0.1171 | Val Acc 95.96% | 25.7s
2026-06-25 21:23:10 |   --> saved best to C:\Users\Admin\Desktop\hai\ConViTX\code ViT_8 block CNN\HybridModel_PlantPathology_Ablation\results\Hybrid_se-se-none_fold5_best.pth
2026-06-25 21:23:36 | Epoch 23/50 | Loss 0.0990 | Acc 97.10% | Val Loss 0.1129 | Val Acc 96.20% | 25.9s
2026-06-25 21:23:36 |   --> saved best to C:\Users\Admin\Desktop\hai\ConViTX\code ViT_8 block CNN\HybridModel_PlantPathology_Ablation\results\Hybrid_se-se-none_fold5_best.pth
2026-06-25 21:24:02 | Epoch 24/50 | Loss 0.0961 | Acc 96.98% | Val Loss 0.1080 | Val Acc 96.37% | 25.9s
2026-06-25 21:24:02 |   --> saved best to C:\Users\Admin\Desktop\hai\ConViTX\code ViT_8 block CNN\HybridModel_PlantPathology_Ablation\results\Hybrid_se-se-none_fold5_best.pth
2026-06-25 21:24:27 | Epoch 25/50 | Loss 0.0946 | Acc 97.00% | Val Loss 0.1144 | Val Acc 96.20% | 25.3s
2026-06-25 21:24:52 | Epoch 26/50 | Loss 0.0960 | Acc 96.92% | Val Loss 0.1086 | Val Acc 96.37% | 25.2s
2026-06-25 21:25:18 | Epoch 27/50 | Loss 0.0954 | Acc 97.08% | Val Loss 0.1234 | Val Acc 95.72% | 25.1s
2026-06-25 21:25:43 | Epoch 28/50 | Loss 0.0897 | Acc 97.06% | Val Loss 0.1114 | Val Acc 96.20% | 25.7s
2026-06-25 21:26:09 | Epoch 29/50 | Loss 0.0837 | Acc 97.36% | Val Loss 0.1050 | Val Acc 96.28% | 25.6s
2026-06-25 21:26:09 |   --> saved best to C:\Users\Admin\Desktop\hai\ConViTX\code ViT_8 block CNN\HybridModel_PlantPathology_Ablation\results\Hybrid_se-se-none_fold5_best.pth
2026-06-25 21:26:35 | Epoch 30/50 | Loss 0.0770 | Acc 97.36% | Val Loss 0.1017 | Val Acc 96.61% | 25.7s
2026-06-25 21:26:35 |   --> saved best to C:\Users\Admin\Desktop\hai\ConViTX\code ViT_8 block CNN\HybridModel_PlantPathology_Ablation\results\Hybrid_se-se-none_fold5_best.pth
2026-06-25 21:27:01 | Epoch 31/50 | Loss 0.0853 | Acc 97.34% | Val Loss 0.0998 | Val Acc 96.53% | 26.0s
2026-06-25 21:27:01 |   --> saved best to C:\Users\Admin\Desktop\hai\ConViTX\code ViT_8 block CNN\HybridModel_PlantPathology_Ablation\results\Hybrid_se-se-none_fold5_best.pth
2026-06-25 21:27:26 | Epoch 32/50 | Loss 0.0783 | Acc 97.42% | Val Loss 0.0992 | Val Acc 96.28% | 25.1s
2026-06-25 21:27:26 |   --> saved best to C:\Users\Admin\Desktop\hai\ConViTX\code ViT_8 block CNN\HybridModel_PlantPathology_Ablation\results\Hybrid_se-se-none_fold5_best.pth
2026-06-25 21:27:51 | Epoch 33/50 | Loss 0.0720 | Acc 97.97% | Val Loss 0.1007 | Val Acc 96.53% | 25.1s
2026-06-25 21:28:17 | Epoch 34/50 | Loss 0.0754 | Acc 97.73% | Val Loss 0.1009 | Val Acc 96.53% | 25.5s
2026-06-25 21:28:42 | Epoch 35/50 | Loss 0.0737 | Acc 97.52% | Val Loss 0.0986 | Val Acc 96.53% | 25.7s
2026-06-25 21:28:42 |   --> saved best to C:\Users\Admin\Desktop\hai\ConViTX\code ViT_8 block CNN\HybridModel_PlantPathology_Ablation\results\Hybrid_se-se-none_fold5_best.pth
2026-06-25 21:29:08 | Epoch 36/50 | Loss 0.0742 | Acc 97.65% | Val Loss 0.0905 | Val Acc 96.93% | 25.7s
2026-06-25 21:29:08 |   --> saved best to C:\Users\Admin\Desktop\hai\ConViTX\code ViT_8 block CNN\HybridModel_PlantPathology_Ablation\results\Hybrid_se-se-none_fold5_best.pth
2026-06-25 21:29:34 | Epoch 37/50 | Loss 0.0693 | Acc 97.75% | Val Loss 0.0921 | Val Acc 97.01% | 25.9s
2026-06-25 21:30:00 | Epoch 38/50 | Loss 0.0662 | Acc 97.75% | Val Loss 0.0960 | Val Acc 96.69% | 26.0s
2026-06-25 21:30:26 | Epoch 39/50 | Loss 0.0608 | Acc 98.13% | Val Loss 0.0897 | Val Acc 96.85% | 25.8s
2026-06-25 21:30:26 |   --> saved best to C:\Users\Admin\Desktop\hai\ConViTX\code ViT_8 block CNN\HybridModel_PlantPathology_Ablation\results\Hybrid_se-se-none_fold5_best.pth
2026-06-25 21:30:51 | Epoch 40/50 | Loss 0.0593 | Acc 98.09% | Val Loss 0.0981 | Val Acc 96.61% | 25.2s
2026-06-25 21:31:17 | Epoch 41/50 | Loss 0.0656 | Acc 97.69% | Val Loss 0.1029 | Val Acc 96.45% | 25.4s
2026-06-25 21:31:42 | Epoch 42/50 | Loss 0.0644 | Acc 97.85% | Val Loss 0.1006 | Val Acc 96.45% | 25.1s
2026-06-25 21:32:07 | Epoch 43/50 | Loss 0.0561 | Acc 98.23% | Val Loss 0.0940 | Val Acc 96.53% | 25.3s
2026-06-25 21:32:32 | Epoch 44/50 | Loss 0.0563 | Acc 98.21% | Val Loss 0.1079 | Val Acc 96.45% | 25.1s
2026-06-25 21:32:57 | Epoch 45/50 | Loss 0.0560 | Acc 98.19% | Val Loss 0.0874 | Val Acc 97.09% | 24.5s
2026-06-25 21:32:57 |   --> saved best to C:\Users\Admin\Desktop\hai\ConViTX\code ViT_8 block CNN\HybridModel_PlantPathology_Ablation\results\Hybrid_se-se-none_fold5_best.pth
2026-06-25 21:33:22 | Epoch 46/50 | Loss 0.0458 | Acc 98.52% | Val Loss 0.0922 | Val Acc 97.17% | 25.1s
2026-06-25 21:33:46 | Epoch 47/50 | Loss 0.0506 | Acc 98.32% | Val Loss 0.0889 | Val Acc 97.09% | 24.3s
2026-06-25 21:34:11 | Epoch 48/50 | Loss 0.0470 | Acc 98.44% | Val Loss 0.0981 | Val Acc 96.93% | 24.5s
2026-06-25 21:34:36 | Epoch 49/50 | Loss 0.0488 | Acc 98.40% | Val Loss 0.0934 | Val Acc 96.93% | 25.2s
2026-06-25 21:35:01 | Epoch 50/50 | Loss 0.0478 | Acc 98.54% | Val Loss 0.0985 | Val Acc 97.25% | 24.6s
2026-06-25 21:35:01 | Finished Hybrid_se-se-none fold 5 in 22.84 min.
2026-06-25 21:35:08 | 
================================================================================
2026-06-25 21:35:08 | TRAINING: Hybrid_secbam-se-secbam | FOLD 1/5
2026-06-25 21:35:08 | ================================================================================
2026-06-25 21:35:08 | [INFO] reduced batch_size=64 for hybrid model to avoid OOM.
2026-06-25 21:36:07 | Epoch 01/50 | Loss 1.2393 | Acc 47.95% | Val Loss 1.0701 | Val Acc 53.91% | 59.1s
2026-06-25 21:36:07 |   --> saved best to C:\Users\Admin\Desktop\hai\ConViTX\code ViT_8 block CNN\HybridModel_PlantPathology_Ablation\results\Hybrid_secbam-se-secbam_fold1_best.pth
2026-06-25 21:36:32 | Epoch 02/50 | Loss 0.9178 | Acc 71.25% | Val Loss 0.7594 | Val Acc 83.70% | 24.8s
2026-06-25 21:36:32 |   --> saved best to C:\Users\Admin\Desktop\hai\ConViTX\code ViT_8 block CNN\HybridModel_PlantPathology_Ablation\results\Hybrid_secbam-se-secbam_fold1_best.pth
2026-06-25 21:36:57 | Epoch 03/50 | Loss 0.6408 | Acc 86.04% | Val Loss 0.4921 | Val Acc 87.97% | 24.6s
2026-06-25 21:36:57 |   --> saved best to C:\Users\Admin\Desktop\hai\ConViTX\code ViT_8 block CNN\HybridModel_PlantPathology_Ablation\results\Hybrid_secbam-se-secbam_fold1_best.pth
2026-06-25 21:37:21 | Epoch 04/50 | Loss 0.3949 | Acc 90.24% | Val Loss 0.2859 | Val Acc 91.93% | 24.2s
2026-06-25 21:37:21 |   --> saved best to C:\Users\Admin\Desktop\hai\ConViTX\code ViT_8 block CNN\HybridModel_PlantPathology_Ablation\results\Hybrid_secbam-se-secbam_fold1_best.pth
2026-06-25 21:37:45 | Epoch 05/50 | Loss 0.2786 | Acc 92.49% | Val Loss 0.2286 | Val Acc 92.49% | 24.4s
2026-06-25 21:37:45 |   --> saved best to C:\Users\Admin\Desktop\hai\ConViTX\code ViT_8 block CNN\HybridModel_PlantPathology_Ablation\results\Hybrid_secbam-se-secbam_fold1_best.pth
2026-06-25 21:38:10 | Epoch 06/50 | Loss 0.2382 | Acc 92.82% | Val Loss 0.2096 | Val Acc 92.98% | 24.3s
2026-06-25 21:38:10 |   --> saved best to C:\Users\Admin\Desktop\hai\ConViTX\code ViT_8 block CNN\HybridModel_PlantPathology_Ablation\results\Hybrid_secbam-se-secbam_fold1_best.pth
2026-06-25 21:38:34 | Epoch 07/50 | Loss 0.2076 | Acc 93.67% | Val Loss 0.2039 | Val Acc 92.74% | 24.5s
2026-06-25 21:38:34 |   --> saved best to C:\Users\Admin\Desktop\hai\ConViTX\code ViT_8 block CNN\HybridModel_PlantPathology_Ablation\results\Hybrid_secbam-se-secbam_fold1_best.pth
2026-06-25 21:38:59 | Epoch 08/50 | Loss 0.1801 | Acc 94.34% | Val Loss 0.1880 | Val Acc 93.70% | 24.5s
2026-06-25 21:38:59 |   --> saved best to C:\Users\Admin\Desktop\hai\ConViTX\code ViT_8 block CNN\HybridModel_PlantPathology_Ablation\results\Hybrid_secbam-se-secbam_fold1_best.pth
2026-06-25 21:39:23 | Epoch 09/50 | Loss 0.1727 | Acc 94.48% | Val Loss 0.1854 | Val Acc 93.22% | 24.4s
2026-06-25 21:39:23 |   --> saved best to C:\Users\Admin\Desktop\hai\ConViTX\code ViT_8 block CNN\HybridModel_PlantPathology_Ablation\results\Hybrid_secbam-se-secbam_fold1_best.pth
2026-06-25 21:39:48 | Epoch 10/50 | Loss 0.1608 | Acc 94.85% | Val Loss 0.1795 | Val Acc 93.62% | 24.6s
2026-06-25 21:39:48 |   --> saved best to C:\Users\Admin\Desktop\hai\ConViTX\code ViT_8 block CNN\HybridModel_PlantPathology_Ablation\results\Hybrid_secbam-se-secbam_fold1_best.pth
2026-06-25 21:40:13 | Epoch 11/50 | Loss 0.1481 | Acc 94.91% | Val Loss 0.1752 | Val Acc 93.79% | 24.8s
2026-06-25 21:40:13 |   --> saved best to C:\Users\Admin\Desktop\hai\ConViTX\code ViT_8 block CNN\HybridModel_PlantPathology_Ablation\results\Hybrid_secbam-se-secbam_fold1_best.pth
2026-06-25 21:40:38 | Epoch 12/50 | Loss 0.1452 | Acc 95.21% | Val Loss 0.1630 | Val Acc 94.43% | 24.7s
2026-06-25 21:40:38 |   --> saved best to C:\Users\Admin\Desktop\hai\ConViTX\code ViT_8 block CNN\HybridModel_PlantPathology_Ablation\results\Hybrid_secbam-se-secbam_fold1_best.pth
2026-06-25 21:41:02 | Epoch 13/50 | Loss 0.1343 | Acc 95.62% | Val Loss 0.1647 | Val Acc 94.03% | 24.4s
2026-06-25 21:41:27 | Epoch 14/50 | Loss 0.1368 | Acc 95.23% | Val Loss 0.1571 | Val Acc 94.75% | 24.8s
2026-06-25 21:41:27 |   --> saved best to C:\Users\Admin\Desktop\hai\ConViTX\code ViT_8 block CNN\HybridModel_PlantPathology_Ablation\results\Hybrid_secbam-se-secbam_fold1_best.pth
2026-06-25 21:41:52 | Epoch 15/50 | Loss 0.1267 | Acc 95.84% | Val Loss 0.1572 | Val Acc 94.67% | 24.8s
2026-06-25 21:42:16 | Epoch 16/50 | Loss 0.1238 | Acc 95.98% | Val Loss 0.1542 | Val Acc 94.43% | 24.5s
2026-06-25 21:42:16 |   --> saved best to C:\Users\Admin\Desktop\hai\ConViTX\code ViT_8 block CNN\HybridModel_PlantPathology_Ablation\results\Hybrid_secbam-se-secbam_fold1_best.pth
2026-06-25 21:42:41 | Epoch 17/50 | Loss 0.1152 | Acc 96.23% | Val Loss 0.1489 | Val Acc 95.08% | 24.3s
2026-06-25 21:42:41 |   --> saved best to C:\Users\Admin\Desktop\hai\ConViTX\code ViT_8 block CNN\HybridModel_PlantPathology_Ablation\results\Hybrid_secbam-se-secbam_fold1_best.pth
2026-06-25 21:43:05 | Epoch 18/50 | Loss 0.1163 | Acc 95.76% | Val Loss 0.1650 | Val Acc 94.03% | 24.0s
2026-06-25 21:43:29 | Epoch 19/50 | Loss 0.1138 | Acc 96.12% | Val Loss 0.1489 | Val Acc 95.00% | 24.2s
2026-06-25 21:43:53 | Epoch 20/50 | Loss 0.1149 | Acc 96.23% | Val Loss 0.1460 | Val Acc 94.92% | 24.3s
2026-06-25 21:43:53 |   --> saved best to C:\Users\Admin\Desktop\hai\ConViTX\code ViT_8 block CNN\HybridModel_PlantPathology_Ablation\results\Hybrid_secbam-se-secbam_fold1_best.pth
2026-06-25 21:44:18 | Epoch 21/50 | Loss 0.1028 | Acc 96.55% | Val Loss 0.1436 | Val Acc 95.48% | 24.5s
2026-06-25 21:44:18 |   --> saved best to C:\Users\Admin\Desktop\hai\ConViTX\code ViT_8 block CNN\HybridModel_PlantPathology_Ablation\results\Hybrid_secbam-se-secbam_fold1_best.pth
2026-06-25 21:44:42 | Epoch 22/50 | Loss 0.1003 | Acc 96.85% | Val Loss 0.1412 | Val Acc 95.48% | 24.5s
2026-06-25 21:44:42 |   --> saved best to C:\Users\Admin\Desktop\hai\ConViTX\code ViT_8 block CNN\HybridModel_PlantPathology_Ablation\results\Hybrid_secbam-se-secbam_fold1_best.pth
2026-06-25 21:45:07 | Epoch 23/50 | Loss 0.0994 | Acc 96.94% | Val Loss 0.1390 | Val Acc 94.83% | 24.2s
2026-06-25 21:45:07 |   --> saved best to C:\Users\Admin\Desktop\hai\ConViTX\code ViT_8 block CNN\HybridModel_PlantPathology_Ablation\results\Hybrid_secbam-se-secbam_fold1_best.pth
2026-06-25 21:45:31 | Epoch 24/50 | Loss 0.0922 | Acc 96.79% | Val Loss 0.1421 | Val Acc 94.75% | 24.2s
2026-06-25 21:45:55 | Epoch 25/50 | Loss 0.0900 | Acc 97.08% | Val Loss 0.1367 | Val Acc 95.32% | 23.9s
2026-06-25 21:45:55 |   --> saved best to C:\Users\Admin\Desktop\hai\ConViTX\code ViT_8 block CNN\HybridModel_PlantPathology_Ablation\results\Hybrid_secbam-se-secbam_fold1_best.pth
2026-06-25 21:46:19 | Epoch 26/50 | Loss 0.0915 | Acc 97.06% | Val Loss 0.1461 | Val Acc 95.24% | 24.4s
2026-06-25 21:46:44 | Epoch 27/50 | Loss 0.0875 | Acc 97.06% | Val Loss 0.1367 | Val Acc 95.16% | 24.4s
2026-06-25 21:46:44 |   --> saved best to C:\Users\Admin\Desktop\hai\ConViTX\code ViT_8 block CNN\HybridModel_PlantPathology_Ablation\results\Hybrid_secbam-se-secbam_fold1_best.pth
2026-06-25 21:47:08 | Epoch 28/50 | Loss 0.0850 | Acc 96.85% | Val Loss 0.1293 | Val Acc 95.48% | 24.4s
2026-06-25 21:47:08 |   --> saved best to C:\Users\Admin\Desktop\hai\ConViTX\code ViT_8 block CNN\HybridModel_PlantPathology_Ablation\results\Hybrid_secbam-se-secbam_fold1_best.pth
2026-06-25 21:47:33 | Epoch 29/50 | Loss 0.0826 | Acc 97.26% | Val Loss 0.1265 | Val Acc 95.96% | 24.5s
2026-06-25 21:47:33 |   --> saved best to C:\Users\Admin\Desktop\hai\ConViTX\code ViT_8 block CNN\HybridModel_PlantPathology_Ablation\results\Hybrid_secbam-se-secbam_fold1_best.pth
2026-06-25 21:47:58 | Epoch 30/50 | Loss 0.0824 | Acc 97.14% | Val Loss 0.1244 | Val Acc 96.05% | 25.0s
2026-06-25 21:47:58 |   --> saved best to C:\Users\Admin\Desktop\hai\ConViTX\code ViT_8 block CNN\HybridModel_PlantPathology_Ablation\results\Hybrid_secbam-se-secbam_fold1_best.pth
2026-06-25 21:48:23 | Epoch 31/50 | Loss 0.0794 | Acc 97.20% | Val Loss 0.1417 | Val Acc 95.24% | 24.6s
2026-06-25 21:48:47 | Epoch 32/50 | Loss 0.0751 | Acc 97.48% | Val Loss 0.1258 | Val Acc 95.96% | 24.1s
2026-06-25 21:49:11 | Epoch 33/50 | Loss 0.0747 | Acc 97.38% | Val Loss 0.1306 | Val Acc 95.64% | 24.6s
2026-06-25 21:49:36 | Epoch 34/50 | Loss 0.0647 | Acc 97.75% | Val Loss 0.1369 | Val Acc 95.48% | 24.6s
2026-06-25 21:50:01 | Epoch 35/50 | Loss 0.0710 | Acc 97.50% | Val Loss 0.1310 | Val Acc 95.80% | 24.5s
2026-06-25 21:50:25 | Epoch 36/50 | Loss 0.0681 | Acc 97.83% | Val Loss 0.1319 | Val Acc 95.96% | 24.5s
2026-06-25 21:50:50 | Epoch 37/50 | Loss 0.0637 | Acc 97.91% | Val Loss 0.1410 | Val Acc 95.08% | 25.1s
2026-06-25 21:51:15 | Epoch 38/50 | Loss 0.0658 | Acc 97.73% | Val Loss 0.1334 | Val Acc 96.13% | 24.5s
2026-06-25 21:51:39 | Epoch 39/50 | Loss 0.0577 | Acc 97.89% | Val Loss 0.1324 | Val Acc 96.05% | 24.0s
2026-06-25 21:52:03 | Epoch 40/50 | Loss 0.0591 | Acc 98.09% | Val Loss 0.1570 | Val Acc 95.00% | 24.5s
2026-06-25 21:52:27 | Epoch 41/50 | Loss 0.0584 | Acc 97.99% | Val Loss 0.1283 | Val Acc 95.64% | 24.0s
2026-06-25 21:52:52 | Epoch 42/50 | Loss 0.0526 | Acc 98.30% | Val Loss 0.1460 | Val Acc 95.80% | 24.4s
2026-06-25 21:53:17 | Epoch 43/50 | Loss 0.0496 | Acc 98.34% | Val Loss 0.1404 | Val Acc 95.32% | 24.7s
2026-06-25 21:53:41 | Epoch 44/50 | Loss 0.0481 | Acc 98.40% | Val Loss 0.1256 | Val Acc 95.64% | 24.8s
2026-06-25 21:54:06 | Epoch 45/50 | Loss 0.0553 | Acc 98.01% | Val Loss 0.1315 | Val Acc 95.64% | 24.8s
2026-06-25 21:54:06 | Early stopping at epoch 45.
2026-06-25 21:54:06 | Finished Hybrid_secbam-se-secbam fold 1 in 18.97 min.
2026-06-25 21:54:13 | 
================================================================================
2026-06-25 21:54:13 | TRAINING: Hybrid_secbam-se-secbam | FOLD 2/5
2026-06-25 21:54:13 | ================================================================================
2026-06-25 21:54:13 | [INFO] reduced batch_size=64 for hybrid model to avoid OOM.
2026-06-25 21:55:07 | Epoch 01/50 | Loss 1.2761 | Acc 44.30% | Val Loss 1.1212 | Val Acc 51.41% | 53.7s
2026-06-25 21:55:07 |   --> saved best to C:\Users\Admin\Desktop\hai\ConViTX\code ViT_8 block CNN\HybridModel_PlantPathology_Ablation\results\Hybrid_secbam-se-secbam_fold2_best.pth
2026-06-25 21:55:31 | Epoch 02/50 | Loss 1.0077 | Acc 59.68% | Val Loss 0.8119 | Val Acc 73.45% | 24.1s
2026-06-25 21:55:31 |   --> saved best to C:\Users\Admin\Desktop\hai\ConViTX\code ViT_8 block CNN\HybridModel_PlantPathology_Ablation\results\Hybrid_secbam-se-secbam_fold2_best.pth
2026-06-25 21:55:56 | Epoch 03/50 | Loss 0.7148 | Acc 81.05% | Val Loss 0.5448 | Val Acc 85.31% | 24.4s
2026-06-25 21:55:56 |   --> saved best to C:\Users\Admin\Desktop\hai\ConViTX\code ViT_8 block CNN\HybridModel_PlantPathology_Ablation\results\Hybrid_secbam-se-secbam_fold2_best.pth
2026-06-25 21:56:21 | Epoch 04/50 | Loss 0.5050 | Acc 87.52% | Val Loss 0.3934 | Val Acc 90.72% | 25.0s
2026-06-25 21:56:21 |   --> saved best to C:\Users\Admin\Desktop\hai\ConViTX\code ViT_8 block CNN\HybridModel_PlantPathology_Ablation\results\Hybrid_secbam-se-secbam_fold2_best.pth
2026-06-25 21:56:46 | Epoch 05/50 | Loss 0.3820 | Acc 90.73% | Val Loss 0.3087 | Val Acc 92.25% | 25.0s
2026-06-25 21:56:46 |   --> saved best to C:\Users\Admin\Desktop\hai\ConViTX\code ViT_8 block CNN\HybridModel_PlantPathology_Ablation\results\Hybrid_secbam-se-secbam_fold2_best.pth
2026-06-25 21:57:11 | Epoch 06/50 | Loss 0.2974 | Acc 92.57% | Val Loss 0.2337 | Val Acc 92.66% | 24.9s
2026-06-25 21:57:11 |   --> saved best to C:\Users\Admin\Desktop\hai\ConViTX\code ViT_8 block CNN\HybridModel_PlantPathology_Ablation\results\Hybrid_secbam-se-secbam_fold2_best.pth
2026-06-25 21:57:36 | Epoch 07/50 | Loss 0.2398 | Acc 93.30% | Val Loss 0.1775 | Val Acc 94.59% | 24.8s
2026-06-25 21:57:36 |   --> saved best to C:\Users\Admin\Desktop\hai\ConViTX\code ViT_8 block CNN\HybridModel_PlantPathology_Ablation\results\Hybrid_secbam-se-secbam_fold2_best.pth
2026-06-25 21:58:00 | Epoch 08/50 | Loss 0.1998 | Acc 94.16% | Val Loss 0.1590 | Val Acc 94.67% | 24.2s
2026-06-25 21:58:00 |   --> saved best to C:\Users\Admin\Desktop\hai\ConViTX\code ViT_8 block CNN\HybridModel_PlantPathology_Ablation\results\Hybrid_secbam-se-secbam_fold2_best.pth
2026-06-25 21:58:25 | Epoch 09/50 | Loss 0.1723 | Acc 94.89% | Val Loss 0.1365 | Val Acc 95.24% | 24.4s
2026-06-25 21:58:25 |   --> saved best to C:\Users\Admin\Desktop\hai\ConViTX\code ViT_8 block CNN\HybridModel_PlantPathology_Ablation\results\Hybrid_secbam-se-secbam_fold2_best.pth
2026-06-25 21:58:49 | Epoch 10/50 | Loss 0.1596 | Acc 95.07% | Val Loss 0.1282 | Val Acc 95.64% | 24.4s
2026-06-25 21:58:49 |   --> saved best to C:\Users\Admin\Desktop\hai\ConViTX\code ViT_8 block CNN\HybridModel_PlantPathology_Ablation\results\Hybrid_secbam-se-secbam_fold2_best.pth
2026-06-25 21:59:14 | Epoch 11/50 | Loss 0.1468 | Acc 95.39% | Val Loss 0.1227 | Val Acc 96.05% | 24.9s
2026-06-25 21:59:14 |   --> saved best to C:\Users\Admin\Desktop\hai\ConViTX\code ViT_8 block CNN\HybridModel_PlantPathology_Ablation\results\Hybrid_secbam-se-secbam_fold2_best.pth
2026-06-25 21:59:39 | Epoch 12/50 | Loss 0.1408 | Acc 95.43% | Val Loss 0.1265 | Val Acc 95.88% | 25.0s
2026-06-25 22:00:04 | Epoch 13/50 | Loss 0.1332 | Acc 95.72% | Val Loss 0.1154 | Val Acc 96.37% | 24.9s
2026-06-25 22:00:04 |   --> saved best to C:\Users\Admin\Desktop\hai\ConViTX\code ViT_8 block CNN\HybridModel_PlantPathology_Ablation\results\Hybrid_secbam-se-secbam_fold2_best.pth
2026-06-25 22:00:29 | Epoch 14/50 | Loss 0.1235 | Acc 95.62% | Val Loss 0.1200 | Val Acc 96.05% | 24.9s
2026-06-25 22:00:54 | Epoch 15/50 | Loss 0.1115 | Acc 96.43% | Val Loss 0.1068 | Val Acc 96.05% | 24.8s
2026-06-25 22:00:54 |   --> saved best to C:\Users\Admin\Desktop\hai\ConViTX\code ViT_8 block CNN\HybridModel_PlantPathology_Ablation\results\Hybrid_secbam-se-secbam_fold2_best.pth
2026-06-25 22:01:18 | Epoch 16/50 | Loss 0.1168 | Acc 95.98% | Val Loss 0.1093 | Val Acc 96.29% | 24.4s
2026-06-25 22:01:43 | Epoch 17/50 | Loss 0.1100 | Acc 96.27% | Val Loss 0.1030 | Val Acc 96.69% | 24.6s
2026-06-25 22:01:43 |   --> saved best to C:\Users\Admin\Desktop\hai\ConViTX\code ViT_8 block CNN\HybridModel_PlantPathology_Ablation\results\Hybrid_secbam-se-secbam_fold2_best.pth
2026-06-25 22:02:08 | Epoch 18/50 | Loss 0.1121 | Acc 96.55% | Val Loss 0.1091 | Val Acc 96.37% | 25.1s
2026-06-25 22:02:33 | Epoch 19/50 | Loss 0.1033 | Acc 96.55% | Val Loss 0.1071 | Val Acc 97.09% | 24.7s
2026-06-25 22:02:58 | Epoch 20/50 | Loss 0.1070 | Acc 96.55% | Val Loss 0.1008 | Val Acc 96.45% | 24.7s
2026-06-25 22:02:58 |   --> saved best to C:\Users\Admin\Desktop\hai\ConViTX\code ViT_8 block CNN\HybridModel_PlantPathology_Ablation\results\Hybrid_secbam-se-secbam_fold2_best.pth
2026-06-25 22:03:22 | Epoch 21/50 | Loss 0.0948 | Acc 96.67% | Val Loss 0.1063 | Val Acc 96.53% | 24.6s
2026-06-25 22:03:46 | Epoch 22/50 | Loss 0.0930 | Acc 96.90% | Val Loss 0.0989 | Val Acc 96.29% | 24.2s
2026-06-25 22:03:46 |   --> saved best to C:\Users\Admin\Desktop\hai\ConViTX\code ViT_8 block CNN\HybridModel_PlantPathology_Ablation\results\Hybrid_secbam-se-secbam_fold2_best.pth
2026-06-25 22:04:11 | Epoch 23/50 | Loss 0.0907 | Acc 96.83% | Val Loss 0.0970 | Val Acc 96.45% | 24.4s
2026-06-25 22:04:11 |   --> saved best to C:\Users\Admin\Desktop\hai\ConViTX\code ViT_8 block CNN\HybridModel_PlantPathology_Ablation\results\Hybrid_secbam-se-secbam_fold2_best.pth
2026-06-25 22:04:36 | Epoch 24/50 | Loss 0.0912 | Acc 96.88% | Val Loss 0.0960 | Val Acc 97.01% | 24.6s
2026-06-25 22:04:36 |   --> saved best to C:\Users\Admin\Desktop\hai\ConViTX\code ViT_8 block CNN\HybridModel_PlantPathology_Ablation\results\Hybrid_secbam-se-secbam_fold2_best.pth
2026-06-25 22:05:00 | Epoch 25/50 | Loss 0.0886 | Acc 96.98% | Val Loss 0.0944 | Val Acc 96.37% | 24.4s
2026-06-25 22:05:00 |   --> saved best to C:\Users\Admin\Desktop\hai\ConViTX\code ViT_8 block CNN\HybridModel_PlantPathology_Ablation\results\Hybrid_secbam-se-secbam_fold2_best.pth
2026-06-25 22:05:25 | Epoch 26/50 | Loss 0.0816 | Acc 97.36% | Val Loss 0.1008 | Val Acc 96.37% | 24.8s
2026-06-25 22:05:50 | Epoch 27/50 | Loss 0.0813 | Acc 97.04% | Val Loss 0.0995 | Val Acc 96.21% | 24.6s
2026-06-25 22:06:14 | Epoch 28/50 | Loss 0.0814 | Acc 97.24% | Val Loss 0.1035 | Val Acc 96.05% | 24.5s
2026-06-25 22:06:39 | Epoch 29/50 | Loss 0.0811 | Acc 97.08% | Val Loss 0.1039 | Val Acc 96.37% | 24.8s
2026-06-25 22:07:03 | Epoch 30/50 | Loss 0.0798 | Acc 97.22% | Val Loss 0.0957 | Val Acc 96.45% | 24.3s
2026-06-25 22:07:27 | Epoch 31/50 | Loss 0.0758 | Acc 97.24% | Val Loss 0.1040 | Val Acc 96.13% | 23.9s
2026-06-25 22:07:52 | Epoch 32/50 | Loss 0.0683 | Acc 97.73% | Val Loss 0.0993 | Val Acc 96.21% | 24.5s
2026-06-25 22:08:17 | Epoch 33/50 | Loss 0.0705 | Acc 97.50% | Val Loss 0.0935 | Val Acc 96.21% | 24.7s
2026-06-25 22:08:17 |   --> saved best to C:\Users\Admin\Desktop\hai\ConViTX\code ViT_8 block CNN\HybridModel_PlantPathology_Ablation\results\Hybrid_secbam-se-secbam_fold2_best.pth
2026-06-25 22:08:41 | Epoch 34/50 | Loss 0.0709 | Acc 97.46% | Val Loss 0.0901 | Val Acc 96.53% | 24.6s
2026-06-25 22:08:41 |   --> saved best to C:\Users\Admin\Desktop\hai\ConViTX\code ViT_8 block CNN\HybridModel_PlantPathology_Ablation\results\Hybrid_secbam-se-secbam_fold2_best.pth
2026-06-25 22:09:06 | Epoch 35/50 | Loss 0.0668 | Acc 97.54% | Val Loss 0.0951 | Val Acc 96.29% | 24.7s
2026-06-25 22:09:31 | Epoch 36/50 | Loss 0.0663 | Acc 97.75% | Val Loss 0.0893 | Val Acc 96.69% | 24.6s
2026-06-25 22:09:31 |   --> saved best to C:\Users\Admin\Desktop\hai\ConViTX\code ViT_8 block CNN\HybridModel_PlantPathology_Ablation\results\Hybrid_secbam-se-secbam_fold2_best.pth
2026-06-25 22:09:55 | Epoch 37/50 | Loss 0.0661 | Acc 97.75% | Val Loss 0.0990 | Val Acc 96.53% | 24.0s
2026-06-25 22:10:19 | Epoch 38/50 | Loss 0.0633 | Acc 97.85% | Val Loss 0.0925 | Val Acc 96.77% | 23.9s
2026-06-25 22:10:43 | Epoch 39/50 | Loss 0.0631 | Acc 97.95% | Val Loss 0.0901 | Val Acc 96.69% | 24.4s
2026-06-25 22:11:08 | Epoch 40/50 | Loss 0.0600 | Acc 97.87% | Val Loss 0.1026 | Val Acc 96.45% | 24.7s
2026-06-25 22:11:33 | Epoch 41/50 | Loss 0.0511 | Acc 98.30% | Val Loss 0.0913 | Val Acc 96.77% | 24.6s
2026-06-25 22:11:58 | Epoch 42/50 | Loss 0.0520 | Acc 98.46% | Val Loss 0.0875 | Val Acc 96.85% | 25.2s
2026-06-25 22:11:58 |   --> saved best to C:\Users\Admin\Desktop\hai\ConViTX\code ViT_8 block CNN\HybridModel_PlantPathology_Ablation\results\Hybrid_secbam-se-secbam_fold2_best.pth
2026-06-25 22:12:22 | Epoch 43/50 | Loss 0.0593 | Acc 97.85% | Val Loss 0.0980 | Val Acc 96.53% | 24.5s
2026-06-25 22:12:47 | Epoch 44/50 | Loss 0.0511 | Acc 98.23% | Val Loss 0.0926 | Val Acc 96.61% | 24.1s
2026-06-25 22:13:11 | Epoch 45/50 | Loss 0.0515 | Acc 98.38% | Val Loss 0.0937 | Val Acc 96.61% | 24.1s
2026-06-25 22:13:35 | Epoch 46/50 | Loss 0.0503 | Acc 98.23% | Val Loss 0.0921 | Val Acc 96.85% | 24.5s
2026-06-25 22:14:01 | Epoch 47/50 | Loss 0.0514 | Acc 98.01% | Val Loss 0.0915 | Val Acc 96.93% | 25.5s
2026-06-25 22:14:26 | Epoch 48/50 | Loss 0.0498 | Acc 98.09% | Val Loss 0.0997 | Val Acc 96.45% | 24.7s
2026-06-25 22:14:51 | Epoch 49/50 | Loss 0.0463 | Acc 98.30% | Val Loss 0.0946 | Val Acc 96.77% | 25.0s
2026-06-25 22:15:15 | Epoch 50/50 | Loss 0.0444 | Acc 98.46% | Val Loss 0.0956 | Val Acc 96.13% | 24.7s
2026-06-25 22:15:15 | Finished Hybrid_secbam-se-secbam fold 2 in 21.03 min.
2026-06-25 22:15:22 | [RESUME] Hybrid_secbam-se-secbam_fold3 đã train xong trong chiến dịch này -> bỏ qua. (dùng --force để train lại)
2026-06-25 22:15:22 | 
================================================================================
2026-06-25 22:15:22 | TRAINING: Hybrid_secbam-se-secbam | FOLD 4/5
2026-06-25 22:15:22 | ================================================================================
2026-06-25 22:15:22 | [INFO] reduced batch_size=64 for hybrid model to avoid OOM.
2026-06-25 22:16:17 | Epoch 01/50 | Loss 1.2756 | Acc 47.89% | Val Loss 1.0833 | Val Acc 53.39% | 55.0s
2026-06-25 22:16:17 |   --> saved best to C:\Users\Admin\Desktop\hai\ConViTX\code ViT_8 block CNN\HybridModel_PlantPathology_Ablation\results\Hybrid_secbam-se-secbam_fold4_best.pth
2026-06-25 22:16:42 | Epoch 02/50 | Loss 1.0145 | Acc 55.48% | Val Loss 0.8323 | Val Acc 64.70% | 24.7s
2026-06-25 22:16:42 |   --> saved best to C:\Users\Admin\Desktop\hai\ConViTX\code ViT_8 block CNN\HybridModel_PlantPathology_Ablation\results\Hybrid_secbam-se-secbam_fold4_best.pth
2026-06-25 22:17:07 | Epoch 03/50 | Loss 0.7125 | Acc 79.18% | Val Loss 0.5141 | Val Acc 88.29% | 24.8s
2026-06-25 22:17:07 |   --> saved best to C:\Users\Admin\Desktop\hai\ConViTX\code ViT_8 block CNN\HybridModel_PlantPathology_Ablation\results\Hybrid_secbam-se-secbam_fold4_best.pth
2026-06-25 22:17:32 | Epoch 04/50 | Loss 0.4730 | Acc 88.53% | Val Loss 0.3267 | Val Acc 90.95% | 24.9s
2026-06-25 22:17:32 |   --> saved best to C:\Users\Admin\Desktop\hai\ConViTX\code ViT_8 block CNN\HybridModel_PlantPathology_Ablation\results\Hybrid_secbam-se-secbam_fold4_best.pth
2026-06-25 22:17:57 | Epoch 05/50 | Loss 0.3416 | Acc 91.17% | Val Loss 0.2352 | Val Acc 93.86% | 24.7s
2026-06-25 22:17:57 |   --> saved best to C:\Users\Admin\Desktop\hai\ConViTX\code ViT_8 block CNN\HybridModel_PlantPathology_Ablation\results\Hybrid_secbam-se-secbam_fold4_best.pth
2026-06-25 22:18:21 | Epoch 06/50 | Loss 0.2642 | Acc 92.72% | Val Loss 0.1966 | Val Acc 94.02% | 24.6s
2026-06-25 22:18:22 |   --> saved best to C:\Users\Admin\Desktop\hai\ConViTX\code ViT_8 block CNN\HybridModel_PlantPathology_Ablation\results\Hybrid_secbam-se-secbam_fold4_best.pth
2026-06-25 22:18:46 | Epoch 07/50 | Loss 0.2198 | Acc 93.77% | Val Loss 0.1751 | Val Acc 94.91% | 24.1s
2026-06-25 22:18:46 |   --> saved best to C:\Users\Admin\Desktop\hai\ConViTX\code ViT_8 block CNN\HybridModel_PlantPathology_Ablation\results\Hybrid_secbam-se-secbam_fold4_best.pth
2026-06-25 22:19:10 | Epoch 08/50 | Loss 0.1869 | Acc 94.34% | Val Loss 0.1544 | Val Acc 94.91% | 24.0s
2026-06-25 22:19:10 |   --> saved best to C:\Users\Admin\Desktop\hai\ConViTX\code ViT_8 block CNN\HybridModel_PlantPathology_Ablation\results\Hybrid_secbam-se-secbam_fold4_best.pth
2026-06-25 22:19:34 | Epoch 09/50 | Loss 0.1866 | Acc 94.01% | Val Loss 0.1445 | Val Acc 95.15% | 24.3s
2026-06-25 22:19:34 |   --> saved best to C:\Users\Admin\Desktop\hai\ConViTX\code ViT_8 block CNN\HybridModel_PlantPathology_Ablation\results\Hybrid_secbam-se-secbam_fold4_best.pth
2026-06-25 22:19:59 | Epoch 10/50 | Loss 0.1701 | Acc 94.70% | Val Loss 0.1422 | Val Acc 95.56% | 24.5s
2026-06-25 22:19:59 |   --> saved best to C:\Users\Admin\Desktop\hai\ConViTX\code ViT_8 block CNN\HybridModel_PlantPathology_Ablation\results\Hybrid_secbam-se-secbam_fold4_best.pth
2026-06-25 22:20:23 | Epoch 11/50 | Loss 0.1633 | Acc 95.05% | Val Loss 0.1403 | Val Acc 95.23% | 24.7s
2026-06-25 22:20:24 |   --> saved best to C:\Users\Admin\Desktop\hai\ConViTX\code ViT_8 block CNN\HybridModel_PlantPathology_Ablation\results\Hybrid_secbam-se-secbam_fold4_best.pth
2026-06-25 22:20:48 | Epoch 12/50 | Loss 0.1452 | Acc 95.21% | Val Loss 0.1350 | Val Acc 95.32% | 24.5s
2026-06-25 22:20:48 |   --> saved best to C:\Users\Admin\Desktop\hai\ConViTX\code ViT_8 block CNN\HybridModel_PlantPathology_Ablation\results\Hybrid_secbam-se-secbam_fold4_best.pth
2026-06-25 22:21:13 | Epoch 13/50 | Loss 0.1431 | Acc 95.21% | Val Loss 0.1259 | Val Acc 96.04% | 24.7s
2026-06-25 22:21:13 |   --> saved best to C:\Users\Admin\Desktop\hai\ConViTX\code ViT_8 block CNN\HybridModel_PlantPathology_Ablation\results\Hybrid_secbam-se-secbam_fold4_best.pth
2026-06-25 22:21:37 | Epoch 14/50 | Loss 0.1336 | Acc 95.76% | Val Loss 0.1243 | Val Acc 95.96% | 24.2s
2026-06-25 22:21:37 |   --> saved best to C:\Users\Admin\Desktop\hai\ConViTX\code ViT_8 block CNN\HybridModel_PlantPathology_Ablation\results\Hybrid_secbam-se-secbam_fold4_best.pth
2026-06-25 22:22:02 | Epoch 15/50 | Loss 0.1376 | Acc 95.58% | Val Loss 0.1229 | Val Acc 95.72% | 24.5s
2026-06-25 22:22:02 |   --> saved best to C:\Users\Admin\Desktop\hai\ConViTX\code ViT_8 block CNN\HybridModel_PlantPathology_Ablation\results\Hybrid_secbam-se-secbam_fold4_best.pth
2026-06-25 22:22:26 | Epoch 16/50 | Loss 0.1255 | Acc 95.72% | Val Loss 0.1262 | Val Acc 95.72% | 24.5s
2026-06-25 22:22:51 | Epoch 17/50 | Loss 0.1222 | Acc 96.00% | Val Loss 0.1215 | Val Acc 95.96% | 24.5s
2026-06-25 22:22:51 |   --> saved best to C:\Users\Admin\Desktop\hai\ConViTX\code ViT_8 block CNN\HybridModel_PlantPathology_Ablation\results\Hybrid_secbam-se-secbam_fold4_best.pth
2026-06-25 22:23:15 | Epoch 18/50 | Loss 0.1186 | Acc 96.02% | Val Loss 0.1190 | Val Acc 95.96% | 24.6s
2026-06-25 22:23:15 |   --> saved best to C:\Users\Admin\Desktop\hai\ConViTX\code ViT_8 block CNN\HybridModel_PlantPathology_Ablation\results\Hybrid_secbam-se-secbam_fold4_best.pth
2026-06-25 22:23:41 | Epoch 19/50 | Loss 0.1139 | Acc 96.21% | Val Loss 0.1200 | Val Acc 95.88% | 25.2s
2026-06-25 22:24:05 | Epoch 20/50 | Loss 0.1133 | Acc 96.14% | Val Loss 0.1146 | Val Acc 95.72% | 24.8s
2026-06-25 22:24:06 |   --> saved best to C:\Users\Admin\Desktop\hai\ConViTX\code ViT_8 block CNN\HybridModel_PlantPathology_Ablation\results\Hybrid_secbam-se-secbam_fold4_best.pth
2026-06-25 22:24:30 | Epoch 21/50 | Loss 0.1075 | Acc 96.27% | Val Loss 0.1131 | Val Acc 95.64% | 24.1s
2026-06-25 22:24:30 |   --> saved best to C:\Users\Admin\Desktop\hai\ConViTX\code ViT_8 block CNN\HybridModel_PlantPathology_Ablation\results\Hybrid_secbam-se-secbam_fold4_best.pth
2026-06-25 22:24:54 | Epoch 22/50 | Loss 0.1032 | Acc 96.69% | Val Loss 0.1116 | Val Acc 96.12% | 23.9s
2026-06-25 22:24:54 |   --> saved best to C:\Users\Admin\Desktop\hai\ConViTX\code ViT_8 block CNN\HybridModel_PlantPathology_Ablation\results\Hybrid_secbam-se-secbam_fold4_best.pth
2026-06-25 22:25:18 | Epoch 23/50 | Loss 0.0950 | Acc 96.83% | Val Loss 0.1097 | Val Acc 95.96% | 24.1s
2026-06-25 22:25:18 |   --> saved best to C:\Users\Admin\Desktop\hai\ConViTX\code ViT_8 block CNN\HybridModel_PlantPathology_Ablation\results\Hybrid_secbam-se-secbam_fold4_best.pth
2026-06-25 22:25:42 | Epoch 24/50 | Loss 0.0943 | Acc 96.81% | Val Loss 0.1070 | Val Acc 96.45% | 24.2s
2026-06-25 22:25:42 |   --> saved best to C:\Users\Admin\Desktop\hai\ConViTX\code ViT_8 block CNN\HybridModel_PlantPathology_Ablation\results\Hybrid_secbam-se-secbam_fold4_best.pth
2026-06-25 22:26:07 | Epoch 25/50 | Loss 0.0949 | Acc 96.90% | Val Loss 0.1250 | Val Acc 96.04% | 24.4s
2026-06-25 22:26:31 | Epoch 26/50 | Loss 0.0916 | Acc 96.63% | Val Loss 0.1206 | Val Acc 95.88% | 24.5s
2026-06-25 22:26:56 | Epoch 27/50 | Loss 0.0891 | Acc 96.94% | Val Loss 0.1201 | Val Acc 96.12% | 24.5s
2026-06-25 22:27:20 | Epoch 28/50 | Loss 0.0820 | Acc 97.20% | Val Loss 0.1122 | Val Acc 96.37% | 24.3s
2026-06-25 22:27:44 | Epoch 29/50 | Loss 0.0803 | Acc 97.28% | Val Loss 0.1131 | Val Acc 95.96% | 24.0s
2026-06-25 22:28:09 | Epoch 30/50 | Loss 0.0767 | Acc 97.50% | Val Loss 0.1110 | Val Acc 96.45% | 24.5s
2026-06-25 22:28:33 | Epoch 31/50 | Loss 0.0814 | Acc 97.08% | Val Loss 0.1092 | Val Acc 96.45% | 24.2s
2026-06-25 22:28:58 | Epoch 32/50 | Loss 0.0743 | Acc 97.56% | Val Loss 0.1136 | Val Acc 96.04% | 24.6s
2026-06-25 22:29:23 | Epoch 33/50 | Loss 0.0764 | Acc 97.40% | Val Loss 0.1058 | Val Acc 96.12% | 24.9s
2026-06-25 22:29:23 |   --> saved best to C:\Users\Admin\Desktop\hai\ConViTX\code ViT_8 block CNN\HybridModel_PlantPathology_Ablation\results\Hybrid_secbam-se-secbam_fold4_best.pth
2026-06-25 22:29:47 | Epoch 34/50 | Loss 0.0712 | Acc 97.52% | Val Loss 0.1209 | Val Acc 96.20% | 24.7s
2026-06-25 22:30:12 | Epoch 35/50 | Loss 0.0705 | Acc 97.48% | Val Loss 0.1251 | Val Acc 95.88% | 24.7s
2026-06-25 22:30:37 | Epoch 36/50 | Loss 0.0691 | Acc 97.61% | Val Loss 0.1186 | Val Acc 96.28% | 24.5s
2026-06-25 22:31:01 | Epoch 37/50 | Loss 0.0712 | Acc 97.56% | Val Loss 0.1125 | Val Acc 96.53% | 24.1s
2026-06-25 22:31:25 | Epoch 38/50 | Loss 0.0650 | Acc 97.87% | Val Loss 0.1152 | Val Acc 96.37% | 24.7s
2026-06-25 22:31:51 | Epoch 39/50 | Loss 0.0595 | Acc 98.01% | Val Loss 0.1068 | Val Acc 96.28% | 25.2s
2026-06-25 22:32:15 | Epoch 40/50 | Loss 0.0558 | Acc 98.23% | Val Loss 0.1225 | Val Acc 96.04% | 24.5s
2026-06-25 22:32:40 | Epoch 41/50 | Loss 0.0506 | Acc 98.30% | Val Loss 0.1051 | Val Acc 96.37% | 24.8s
2026-06-25 22:32:40 |   --> saved best to C:\Users\Admin\Desktop\hai\ConViTX\code ViT_8 block CNN\HybridModel_PlantPathology_Ablation\results\Hybrid_secbam-se-secbam_fold4_best.pth
2026-06-25 22:33:05 | Epoch 42/50 | Loss 0.0624 | Acc 97.79% | Val Loss 0.1094 | Val Acc 96.53% | 24.8s
2026-06-25 22:33:30 | Epoch 43/50 | Loss 0.0567 | Acc 98.07% | Val Loss 0.1171 | Val Acc 96.12% | 24.5s
2026-06-25 22:33:54 | Epoch 44/50 | Loss 0.0557 | Acc 97.97% | Val Loss 0.1171 | Val Acc 96.37% | 24.1s
2026-06-25 22:34:18 | Epoch 45/50 | Loss 0.0522 | Acc 98.17% | Val Loss 0.1235 | Val Acc 96.37% | 24.1s
2026-06-25 22:34:42 | Epoch 46/50 | Loss 0.0563 | Acc 98.09% | Val Loss 0.1330 | Val Acc 96.04% | 24.2s
2026-06-25 22:35:06 | Epoch 47/50 | Loss 0.0480 | Acc 98.38% | Val Loss 0.1164 | Val Acc 96.28% | 24.4s
2026-06-25 22:35:31 | Epoch 48/50 | Loss 0.0460 | Acc 98.52% | Val Loss 0.1135 | Val Acc 96.37% | 24.6s
2026-06-25 22:35:56 | Epoch 49/50 | Loss 0.0476 | Acc 98.46% | Val Loss 0.1250 | Val Acc 96.12% | 24.4s
2026-06-25 22:36:20 | Epoch 50/50 | Loss 0.0494 | Acc 98.17% | Val Loss 0.1218 | Val Acc 96.53% | 24.0s
2026-06-25 22:36:20 | Finished Hybrid_secbam-se-secbam fold 4 in 20.96 min.
2026-06-25 22:36:27 | 
================================================================================
2026-06-25 22:36:27 | TRAINING: Hybrid_secbam-se-secbam | FOLD 5/5
2026-06-25 22:36:27 | ================================================================================
2026-06-25 22:36:27 | [INFO] reduced batch_size=64 for hybrid model to avoid OOM.
2026-06-25 22:37:21 | Epoch 01/50 | Loss 1.2777 | Acc 45.56% | Val Loss 1.1295 | Val Acc 53.96% | 54.5s
2026-06-25 22:37:21 |   --> saved best to C:\Users\Admin\Desktop\hai\ConViTX\code ViT_8 block CNN\HybridModel_PlantPathology_Ablation\results\Hybrid_secbam-se-secbam_fold5_best.pth
2026-06-25 22:37:46 | Epoch 02/50 | Loss 1.0505 | Acc 56.01% | Val Loss 0.8735 | Val Acc 62.76% | 24.6s
2026-06-25 22:37:46 |   --> saved best to C:\Users\Admin\Desktop\hai\ConViTX\code ViT_8 block CNN\HybridModel_PlantPathology_Ablation\results\Hybrid_secbam-se-secbam_fold5_best.pth
2026-06-25 22:38:11 | Epoch 03/50 | Loss 0.7889 | Acc 77.33% | Val Loss 0.6179 | Val Acc 84.41% | 24.6s
2026-06-25 22:38:11 |   --> saved best to C:\Users\Admin\Desktop\hai\ConViTX\code ViT_8 block CNN\HybridModel_PlantPathology_Ablation\results\Hybrid_secbam-se-secbam_fold5_best.pth
2026-06-25 22:38:35 | Epoch 04/50 | Loss 0.5196 | Acc 88.68% | Val Loss 0.3916 | Val Acc 91.60% | 24.9s
2026-06-25 22:38:35 |   --> saved best to C:\Users\Admin\Desktop\hai\ConViTX\code ViT_8 block CNN\HybridModel_PlantPathology_Ablation\results\Hybrid_secbam-se-secbam_fold5_best.pth
2026-06-25 22:39:00 | Epoch 05/50 | Loss 0.3309 | Acc 91.74% | Val Loss 0.2534 | Val Acc 92.89% | 24.8s
2026-06-25 22:39:00 |   --> saved best to C:\Users\Admin\Desktop\hai\ConViTX\code ViT_8 block CNN\HybridModel_PlantPathology_Ablation\results\Hybrid_secbam-se-secbam_fold5_best.pth
2026-06-25 22:39:25 | Epoch 06/50 | Loss 0.2551 | Acc 92.76% | Val Loss 0.2039 | Val Acc 93.70% | 24.4s
2026-06-25 22:39:25 |   --> saved best to C:\Users\Admin\Desktop\hai\ConViTX\code ViT_8 block CNN\HybridModel_PlantPathology_Ablation\results\Hybrid_secbam-se-secbam_fold5_best.pth
2026-06-25 22:39:49 | Epoch 07/50 | Loss 0.2084 | Acc 93.87% | Val Loss 0.1866 | Val Acc 93.94% | 24.0s
2026-06-25 22:39:49 |   --> saved best to C:\Users\Admin\Desktop\hai\ConViTX\code ViT_8 block CNN\HybridModel_PlantPathology_Ablation\results\Hybrid_secbam-se-secbam_fold5_best.pth
2026-06-25 22:40:13 | Epoch 08/50 | Loss 0.1948 | Acc 93.85% | Val Loss 0.1703 | Val Acc 94.35% | 24.5s
2026-06-25 22:40:13 |   --> saved best to C:\Users\Admin\Desktop\hai\ConViTX\code ViT_8 block CNN\HybridModel_PlantPathology_Ablation\results\Hybrid_secbam-se-secbam_fold5_best.pth
2026-06-25 22:40:38 | Epoch 09/50 | Loss 0.1726 | Acc 94.40% | Val Loss 0.1617 | Val Acc 94.75% | 24.8s
2026-06-25 22:40:38 |   --> saved best to C:\Users\Admin\Desktop\hai\ConViTX\code ViT_8 block CNN\HybridModel_PlantPathology_Ablation\results\Hybrid_secbam-se-secbam_fold5_best.pth
2026-06-25 22:41:03 | Epoch 10/50 | Loss 0.1632 | Acc 94.70% | Val Loss 0.1587 | Val Acc 94.43% | 25.0s
2026-06-25 22:41:03 |   --> saved best to C:\Users\Admin\Desktop\hai\ConViTX\code ViT_8 block CNN\HybridModel_PlantPathology_Ablation\results\Hybrid_secbam-se-secbam_fold5_best.pth
2026-06-25 22:41:29 | Epoch 11/50 | Loss 0.1524 | Acc 95.05% | Val Loss 0.1454 | Val Acc 94.83% | 25.2s
2026-06-25 22:41:29 |   --> saved best to C:\Users\Admin\Desktop\hai\ConViTX\code ViT_8 block CNN\HybridModel_PlantPathology_Ablation\results\Hybrid_secbam-se-secbam_fold5_best.pth
2026-06-25 22:41:54 | Epoch 12/50 | Loss 0.1454 | Acc 95.39% | Val Loss 0.1407 | Val Acc 94.59% | 25.2s
2026-06-25 22:41:54 |   --> saved best to C:\Users\Admin\Desktop\hai\ConViTX\code ViT_8 block CNN\HybridModel_PlantPathology_Ablation\results\Hybrid_secbam-se-secbam_fold5_best.pth
2026-06-25 22:42:19 | Epoch 13/50 | Loss 0.1384 | Acc 95.62% | Val Loss 0.1440 | Val Acc 94.91% | 24.7s
2026-06-25 22:42:43 | Epoch 14/50 | Loss 0.1302 | Acc 95.66% | Val Loss 0.1227 | Val Acc 95.72% | 24.5s
2026-06-25 22:42:43 |   --> saved best to C:\Users\Admin\Desktop\hai\ConViTX\code ViT_8 block CNN\HybridModel_PlantPathology_Ablation\results\Hybrid_secbam-se-secbam_fold5_best.pth
2026-06-25 22:43:08 | Epoch 15/50 | Loss 0.1261 | Acc 95.88% | Val Loss 0.1203 | Val Acc 95.80% | 24.5s
2026-06-25 22:43:08 |   --> saved best to C:\Users\Admin\Desktop\hai\ConViTX\code ViT_8 block CNN\HybridModel_PlantPathology_Ablation\results\Hybrid_secbam-se-secbam_fold5_best.pth
2026-06-25 22:43:32 | Epoch 16/50 | Loss 0.1188 | Acc 95.96% | Val Loss 0.1173 | Val Acc 95.88% | 24.5s
2026-06-25 22:43:32 |   --> saved best to C:\Users\Admin\Desktop\hai\ConViTX\code ViT_8 block CNN\HybridModel_PlantPathology_Ablation\results\Hybrid_secbam-se-secbam_fold5_best.pth
2026-06-25 22:43:57 | Epoch 17/50 | Loss 0.1128 | Acc 96.35% | Val Loss 0.1124 | Val Acc 95.88% | 24.7s
2026-06-25 22:43:57 |   --> saved best to C:\Users\Admin\Desktop\hai\ConViTX\code ViT_8 block CNN\HybridModel_PlantPathology_Ablation\results\Hybrid_secbam-se-secbam_fold5_best.pth
2026-06-25 22:44:22 | Epoch 18/50 | Loss 0.1049 | Acc 96.73% | Val Loss 0.1142 | Val Acc 96.04% | 25.1s
2026-06-25 22:44:48 | Epoch 19/50 | Loss 0.1065 | Acc 96.55% | Val Loss 0.1181 | Val Acc 95.88% | 25.3s
2026-06-25 22:45:13 | Epoch 20/50 | Loss 0.1127 | Acc 96.27% | Val Loss 0.1129 | Val Acc 96.12% | 24.9s
2026-06-25 22:45:37 | Epoch 21/50 | Loss 0.1060 | Acc 96.39% | Val Loss 0.1094 | Val Acc 96.12% | 24.4s
2026-06-25 22:45:37 |   --> saved best to C:\Users\Admin\Desktop\hai\ConViTX\code ViT_8 block CNN\HybridModel_PlantPathology_Ablation\results\Hybrid_secbam-se-secbam_fold5_best.pth
2026-06-25 22:46:01 | Epoch 22/50 | Loss 0.1019 | Acc 96.51% | Val Loss 0.1082 | Val Acc 96.37% | 24.2s
2026-06-25 22:46:01 |   --> saved best to C:\Users\Admin\Desktop\hai\ConViTX\code ViT_8 block CNN\HybridModel_PlantPathology_Ablation\results\Hybrid_secbam-se-secbam_fold5_best.pth
2026-06-25 22:46:26 | Epoch 23/50 | Loss 0.0931 | Acc 96.69% | Val Loss 0.1089 | Val Acc 96.20% | 24.5s
2026-06-25 22:46:51 | Epoch 24/50 | Loss 0.0850 | Acc 97.32% | Val Loss 0.1038 | Val Acc 96.77% | 25.0s
2026-06-25 22:46:51 |   --> saved best to C:\Users\Admin\Desktop\hai\ConViTX\code ViT_8 block CNN\HybridModel_PlantPathology_Ablation\results\Hybrid_secbam-se-secbam_fold5_best.pth
2026-06-25 22:47:16 | Epoch 25/50 | Loss 0.0843 | Acc 97.04% | Val Loss 0.1075 | Val Acc 96.45% | 24.7s
2026-06-25 22:47:41 | Epoch 26/50 | Loss 0.0909 | Acc 96.94% | Val Loss 0.1042 | Val Acc 97.09% | 25.1s
2026-06-25 22:48:06 | Epoch 27/50 | Loss 0.0923 | Acc 96.71% | Val Loss 0.1160 | Val Acc 96.28% | 25.0s
2026-06-25 22:48:31 | Epoch 28/50 | Loss 0.0860 | Acc 97.20% | Val Loss 0.1033 | Val Acc 96.61% | 25.0s
2026-06-25 22:48:31 |   --> saved best to C:\Users\Admin\Desktop\hai\ConViTX\code ViT_8 block CNN\HybridModel_PlantPathology_Ablation\results\Hybrid_secbam-se-secbam_fold5_best.pth
2026-06-25 22:48:55 | Epoch 29/50 | Loss 0.0816 | Acc 97.06% | Val Loss 0.1113 | Val Acc 96.45% | 24.3s
2026-06-25 22:49:20 | Epoch 30/50 | Loss 0.0709 | Acc 97.63% | Val Loss 0.1062 | Val Acc 96.77% | 24.6s
2026-06-25 22:49:45 | Epoch 31/50 | Loss 0.0772 | Acc 97.46% | Val Loss 0.1094 | Val Acc 96.69% | 24.7s
2026-06-25 22:50:09 | Epoch 32/50 | Loss 0.0744 | Acc 97.38% | Val Loss 0.1037 | Val Acc 96.69% | 24.5s
2026-06-25 22:50:34 | Epoch 33/50 | Loss 0.0736 | Acc 97.61% | Val Loss 0.1051 | Val Acc 96.53% | 24.8s
2026-06-25 22:50:59 | Epoch 34/50 | Loss 0.0718 | Acc 97.40% | Val Loss 0.0994 | Val Acc 97.09% | 25.0s
2026-06-25 22:50:59 |   --> saved best to C:\Users\Admin\Desktop\hai\ConViTX\code ViT_8 block CNN\HybridModel_PlantPathology_Ablation\results\Hybrid_secbam-se-secbam_fold5_best.pth
2026-06-25 22:51:25 | Epoch 35/50 | Loss 0.0674 | Acc 97.71% | Val Loss 0.0999 | Val Acc 96.69% | 25.3s
2026-06-25 22:51:49 | Epoch 36/50 | Loss 0.0739 | Acc 97.56% | Val Loss 0.1006 | Val Acc 96.93% | 24.2s
2026-06-25 22:52:14 | Epoch 37/50 | Loss 0.0662 | Acc 97.77% | Val Loss 0.0984 | Val Acc 96.61% | 25.1s
2026-06-25 22:52:14 |   --> saved best to C:\Users\Admin\Desktop\hai\ConViTX\code ViT_8 block CNN\HybridModel_PlantPathology_Ablation\results\Hybrid_secbam-se-secbam_fold5_best.pth
2026-06-25 22:52:39 | Epoch 38/50 | Loss 0.0581 | Acc 98.30% | Val Loss 0.1011 | Val Acc 96.93% | 24.7s
2026-06-25 22:53:04 | Epoch 39/50 | Loss 0.0602 | Acc 97.89% | Val Loss 0.0969 | Val Acc 97.09% | 25.1s
2026-06-25 22:53:04 |   --> saved best to C:\Users\Admin\Desktop\hai\ConViTX\code ViT_8 block CNN\HybridModel_PlantPathology_Ablation\results\Hybrid_secbam-se-secbam_fold5_best.pth
2026-06-25 22:53:29 | Epoch 40/50 | Loss 0.0568 | Acc 98.17% | Val Loss 0.1042 | Val Acc 96.85% | 25.1s
2026-06-25 22:53:55 | Epoch 41/50 | Loss 0.0637 | Acc 97.85% | Val Loss 0.1049 | Val Acc 96.77% | 25.3s
2026-06-25 22:54:20 | Epoch 42/50 | Loss 0.0605 | Acc 97.97% | Val Loss 0.1090 | Val Acc 96.93% | 25.5s
2026-06-25 22:54:45 | Epoch 43/50 | Loss 0.0528 | Acc 98.34% | Val Loss 0.0979 | Val Acc 97.01% | 24.5s
2026-06-25 22:55:09 | Epoch 44/50 | Loss 0.0566 | Acc 98.05% | Val Loss 0.1087 | Val Acc 96.93% | 24.4s
2026-06-25 22:55:34 | Epoch 45/50 | Loss 0.0556 | Acc 98.19% | Val Loss 0.0975 | Val Acc 96.93% | 24.5s
2026-06-25 22:55:59 | Epoch 46/50 | Loss 0.0466 | Acc 98.48% | Val Loss 0.1048 | Val Acc 97.01% | 24.9s
2026-06-25 22:56:24 | Epoch 47/50 | Loss 0.0538 | Acc 98.03% | Val Loss 0.1011 | Val Acc 96.61% | 24.9s
2026-06-25 22:56:49 | Epoch 48/50 | Loss 0.0464 | Acc 98.38% | Val Loss 0.1025 | Val Acc 96.93% | 25.2s
2026-06-25 22:57:14 | Epoch 49/50 | Loss 0.0468 | Acc 98.44% | Val Loss 0.0959 | Val Acc 96.93% | 25.4s
2026-06-25 22:57:14 |   --> saved best to C:\Users\Admin\Desktop\hai\ConViTX\code ViT_8 block CNN\HybridModel_PlantPathology_Ablation\results\Hybrid_secbam-se-secbam_fold5_best.pth
2026-06-25 22:57:38 | Epoch 50/50 | Loss 0.0461 | Acc 98.32% | Val Loss 0.1036 | Val Acc 96.93% | 24.2s
2026-06-25 22:57:38 | Finished Hybrid_secbam-se-secbam fold 5 in 21.20 min.
2026-06-25 22:57:45 | 
================================================================================
2026-06-25 22:57:45 | TRAINING: Hybrid_se-secbam-secbam | FOLD 1/5
2026-06-25 22:57:45 | ================================================================================
2026-06-25 22:57:45 | [INFO] reduced batch_size=64 for hybrid model to avoid OOM.
2026-06-25 22:58:42 | Epoch 01/50 | Loss 1.2121 | Acc 53.15% | Val Loss 1.0675 | Val Acc 56.34% | 57.2s
2026-06-25 22:58:43 |   --> saved best to C:\Users\Admin\Desktop\hai\ConViTX\code ViT_8 block CNN\HybridModel_PlantPathology_Ablation\results\Hybrid_se-secbam-secbam_fold1_best.pth
2026-06-25 22:59:08 | Epoch 02/50 | Loss 0.9037 | Acc 76.12% | Val Loss 0.7114 | Val Acc 83.62% | 25.0s
2026-06-25 22:59:08 |   --> saved best to C:\Users\Admin\Desktop\hai\ConViTX\code ViT_8 block CNN\HybridModel_PlantPathology_Ablation\results\Hybrid_se-secbam-secbam_fold1_best.pth
2026-06-25 22:59:33 | Epoch 03/50 | Loss 0.6000 | Acc 86.57% | Val Loss 0.4809 | Val Acc 87.25% | 25.2s
2026-06-25 22:59:33 |   --> saved best to C:\Users\Admin\Desktop\hai\ConViTX\code ViT_8 block CNN\HybridModel_PlantPathology_Ablation\results\Hybrid_se-secbam-secbam_fold1_best.pth
2026-06-25 22:59:58 | Epoch 04/50 | Loss 0.4269 | Acc 89.75% | Val Loss 0.3627 | Val Acc 90.64% | 25.1s
2026-06-25 22:59:58 |   --> saved best to C:\Users\Admin\Desktop\hai\ConViTX\code ViT_8 block CNN\HybridModel_PlantPathology_Ablation\results\Hybrid_se-secbam-secbam_fold1_best.pth
2026-06-25 23:00:23 | Epoch 05/50 | Loss 0.3367 | Acc 91.60% | Val Loss 0.2906 | Val Acc 91.36% | 24.9s
2026-06-25 23:00:23 |   --> saved best to C:\Users\Admin\Desktop\hai\ConViTX\code ViT_8 block CNN\HybridModel_PlantPathology_Ablation\results\Hybrid_se-secbam-secbam_fold1_best.pth
2026-06-25 23:00:47 | Epoch 06/50 | Loss 0.2895 | Acc 92.15% | Val Loss 0.2659 | Val Acc 92.49% | 24.4s
2026-06-25 23:00:47 |   --> saved best to C:\Users\Admin\Desktop\hai\ConViTX\code ViT_8 block CNN\HybridModel_PlantPathology_Ablation\results\Hybrid_se-secbam-secbam_fold1_best.pth
2026-06-25 23:01:12 | Epoch 07/50 | Loss 0.2450 | Acc 93.08% | Val Loss 0.2377 | Val Acc 92.57% | 24.1s
2026-06-25 23:01:12 |   --> saved best to C:\Users\Admin\Desktop\hai\ConViTX\code ViT_8 block CNN\HybridModel_PlantPathology_Ablation\results\Hybrid_se-secbam-secbam_fold1_best.pth
2026-06-25 23:01:36 | Epoch 08/50 | Loss 0.2043 | Acc 94.20% | Val Loss 0.2156 | Val Acc 93.87% | 24.3s
2026-06-25 23:01:36 |   --> saved best to C:\Users\Admin\Desktop\hai\ConViTX\code ViT_8 block CNN\HybridModel_PlantPathology_Ablation\results\Hybrid_se-secbam-secbam_fold1_best.pth
2026-06-25 23:02:01 | Epoch 09/50 | Loss 0.1892 | Acc 94.60% | Val Loss 0.2096 | Val Acc 93.70% | 24.7s
2026-06-25 23:02:01 |   --> saved best to C:\Users\Admin\Desktop\hai\ConViTX\code ViT_8 block CNN\HybridModel_PlantPathology_Ablation\results\Hybrid_se-secbam-secbam_fold1_best.pth
2026-06-25 23:02:25 | Epoch 10/50 | Loss 0.1728 | Acc 94.74% | Val Loss 0.1899 | Val Acc 94.43% | 24.7s
2026-06-25 23:02:25 |   --> saved best to C:\Users\Admin\Desktop\hai\ConViTX\code ViT_8 block CNN\HybridModel_PlantPathology_Ablation\results\Hybrid_se-secbam-secbam_fold1_best.pth
2026-06-25 23:02:50 | Epoch 11/50 | Loss 0.1556 | Acc 95.25% | Val Loss 0.1881 | Val Acc 94.11% | 24.8s
2026-06-25 23:02:50 |   --> saved best to C:\Users\Admin\Desktop\hai\ConViTX\code ViT_8 block CNN\HybridModel_PlantPathology_Ablation\results\Hybrid_se-secbam-secbam_fold1_best.pth
2026-06-25 23:03:15 | Epoch 12/50 | Loss 0.1502 | Acc 95.70% | Val Loss 0.1729 | Val Acc 94.51% | 25.0s
2026-06-25 23:03:15 |   --> saved best to C:\Users\Admin\Desktop\hai\ConViTX\code ViT_8 block CNN\HybridModel_PlantPathology_Ablation\results\Hybrid_se-secbam-secbam_fold1_best.pth
2026-06-25 23:03:40 | Epoch 13/50 | Loss 0.1361 | Acc 95.68% | Val Loss 0.1654 | Val Acc 94.59% | 24.4s
2026-06-25 23:03:40 |   --> saved best to C:\Users\Admin\Desktop\hai\ConViTX\code ViT_8 block CNN\HybridModel_PlantPathology_Ablation\results\Hybrid_se-secbam-secbam_fold1_best.pth
2026-06-25 23:04:04 | Epoch 14/50 | Loss 0.1324 | Acc 95.78% | Val Loss 0.1611 | Val Acc 94.27% | 24.2s
2026-06-25 23:04:04 |   --> saved best to C:\Users\Admin\Desktop\hai\ConViTX\code ViT_8 block CNN\HybridModel_PlantPathology_Ablation\results\Hybrid_se-secbam-secbam_fold1_best.pth
2026-06-25 23:04:29 | Epoch 15/50 | Loss 0.1212 | Acc 96.51% | Val Loss 0.1533 | Val Acc 94.59% | 24.7s
2026-06-25 23:04:29 |   --> saved best to C:\Users\Admin\Desktop\hai\ConViTX\code ViT_8 block CNN\HybridModel_PlantPathology_Ablation\results\Hybrid_se-secbam-secbam_fold1_best.pth
2026-06-25 23:04:54 | Epoch 16/50 | Loss 0.1205 | Acc 96.35% | Val Loss 0.1466 | Val Acc 95.24% | 24.8s
2026-06-25 23:04:54 |   --> saved best to C:\Users\Admin\Desktop\hai\ConViTX\code ViT_8 block CNN\HybridModel_PlantPathology_Ablation\results\Hybrid_se-secbam-secbam_fold1_best.pth
2026-06-25 23:05:19 | Epoch 17/50 | Loss 0.1111 | Acc 96.35% | Val Loss 0.1459 | Val Acc 95.24% | 25.0s
2026-06-25 23:05:19 |   --> saved best to C:\Users\Admin\Desktop\hai\ConViTX\code ViT_8 block CNN\HybridModel_PlantPathology_Ablation\results\Hybrid_se-secbam-secbam_fold1_best.pth
2026-06-25 23:05:44 | Epoch 18/50 | Loss 0.1092 | Acc 96.43% | Val Loss 0.1467 | Val Acc 95.24% | 25.0s
2026-06-25 23:06:09 | Epoch 19/50 | Loss 0.1028 | Acc 96.79% | Val Loss 0.1392 | Val Acc 95.16% | 24.8s
2026-06-25 23:06:09 |   --> saved best to C:\Users\Admin\Desktop\hai\ConViTX\code ViT_8 block CNN\HybridModel_PlantPathology_Ablation\results\Hybrid_se-secbam-secbam_fold1_best.pth
2026-06-25 23:06:33 | Epoch 20/50 | Loss 0.1016 | Acc 96.85% | Val Loss 0.1384 | Val Acc 95.56% | 24.6s
2026-06-25 23:06:33 |   --> saved best to C:\Users\Admin\Desktop\hai\ConViTX\code ViT_8 block CNN\HybridModel_PlantPathology_Ablation\results\Hybrid_se-secbam-secbam_fold1_best.pth
2026-06-25 23:06:58 | Epoch 21/50 | Loss 0.0935 | Acc 97.16% | Val Loss 0.1430 | Val Acc 95.24% | 24.3s
2026-06-25 23:07:23 | Epoch 22/50 | Loss 0.0883 | Acc 97.06% | Val Loss 0.1326 | Val Acc 95.56% | 25.0s
2026-06-25 23:07:23 |   --> saved best to C:\Users\Admin\Desktop\hai\ConViTX\code ViT_8 block CNN\HybridModel_PlantPathology_Ablation\results\Hybrid_se-secbam-secbam_fold1_best.pth
2026-06-25 23:07:47 | Epoch 23/50 | Loss 0.0909 | Acc 96.85% | Val Loss 0.1313 | Val Acc 95.48% | 24.6s
2026-06-25 23:07:47 |   --> saved best to C:\Users\Admin\Desktop\hai\ConViTX\code ViT_8 block CNN\HybridModel_PlantPathology_Ablation\results\Hybrid_se-secbam-secbam_fold1_best.pth
2026-06-25 23:08:12 | Epoch 24/50 | Loss 0.0801 | Acc 97.46% | Val Loss 0.1237 | Val Acc 95.48% | 24.8s
2026-06-25 23:08:12 |   --> saved best to C:\Users\Admin\Desktop\hai\ConViTX\code ViT_8 block CNN\HybridModel_PlantPathology_Ablation\results\Hybrid_se-secbam-secbam_fold1_best.pth
2026-06-25 23:08:37 | Epoch 25/50 | Loss 0.0783 | Acc 97.30% | Val Loss 0.1165 | Val Acc 95.80% | 24.9s
2026-06-25 23:08:37 |   --> saved best to C:\Users\Admin\Desktop\hai\ConViTX\code ViT_8 block CNN\HybridModel_PlantPathology_Ablation\results\Hybrid_se-secbam-secbam_fold1_best.pth
2026-06-25 23:09:02 | Epoch 26/50 | Loss 0.0770 | Acc 97.63% | Val Loss 0.1173 | Val Acc 95.96% | 24.8s
2026-06-25 23:09:27 | Epoch 27/50 | Loss 0.0719 | Acc 97.69% | Val Loss 0.1328 | Val Acc 95.08% | 24.6s
2026-06-25 23:09:51 | Epoch 28/50 | Loss 0.0706 | Acc 97.75% | Val Loss 0.1150 | Val Acc 95.40% | 24.2s
2026-06-25 23:09:51 |   --> saved best to C:\Users\Admin\Desktop\hai\ConViTX\code ViT_8 block CNN\HybridModel_PlantPathology_Ablation\results\Hybrid_se-secbam-secbam_fold1_best.pth
2026-06-25 23:10:15 | Epoch 29/50 | Loss 0.0697 | Acc 97.75% | Val Loss 0.1146 | Val Acc 95.56% | 24.2s
2026-06-25 23:10:15 |   --> saved best to C:\Users\Admin\Desktop\hai\ConViTX\code ViT_8 block CNN\HybridModel_PlantPathology_Ablation\results\Hybrid_se-secbam-secbam_fold1_best.pth
2026-06-25 23:10:40 | Epoch 30/50 | Loss 0.0710 | Acc 97.71% | Val Loss 0.1079 | Val Acc 96.05% | 24.4s
2026-06-25 23:10:40 |   --> saved best to C:\Users\Admin\Desktop\hai\ConViTX\code ViT_8 block CNN\HybridModel_PlantPathology_Ablation\results\Hybrid_se-secbam-secbam_fold1_best.pth
2026-06-25 23:11:05 | Epoch 31/50 | Loss 0.0680 | Acc 97.87% | Val Loss 0.1176 | Val Acc 95.72% | 25.0s
2026-06-25 23:11:30 | Epoch 32/50 | Loss 0.0643 | Acc 98.07% | Val Loss 0.1058 | Val Acc 96.13% | 24.8s
2026-06-25 23:11:30 |   --> saved best to C:\Users\Admin\Desktop\hai\ConViTX\code ViT_8 block CNN\HybridModel_PlantPathology_Ablation\results\Hybrid_se-secbam-secbam_fold1_best.pth
2026-06-25 23:11:55 | Epoch 33/50 | Loss 0.0629 | Acc 97.93% | Val Loss 0.1163 | Val Acc 96.21% | 25.2s
2026-06-25 23:12:20 | Epoch 34/50 | Loss 0.0550 | Acc 98.21% | Val Loss 0.1165 | Val Acc 96.13% | 25.2s
2026-06-25 23:12:45 | Epoch 35/50 | Loss 0.0521 | Acc 98.42% | Val Loss 0.1123 | Val Acc 96.45% | 24.7s
2026-06-25 23:13:09 | Epoch 36/50 | Loss 0.0553 | Acc 98.13% | Val Loss 0.1156 | Val Acc 96.21% | 24.4s
2026-06-25 23:13:34 | Epoch 37/50 | Loss 0.0522 | Acc 98.07% | Val Loss 0.1105 | Val Acc 96.05% | 24.6s
2026-06-25 23:13:59 | Epoch 38/50 | Loss 0.0521 | Acc 98.19% | Val Loss 0.1136 | Val Acc 96.21% | 24.6s
2026-06-25 23:14:23 | Epoch 39/50 | Loss 0.0474 | Acc 98.42% | Val Loss 0.1144 | Val Acc 95.80% | 24.6s
2026-06-25 23:14:48 | Epoch 40/50 | Loss 0.0494 | Acc 98.40% | Val Loss 0.1232 | Val Acc 95.72% | 24.8s
2026-06-25 23:15:13 | Epoch 41/50 | Loss 0.0447 | Acc 98.68% | Val Loss 0.1028 | Val Acc 96.29% | 24.8s
2026-06-25 23:15:13 |   --> saved best to C:\Users\Admin\Desktop\hai\ConViTX\code ViT_8 block CNN\HybridModel_PlantPathology_Ablation\results\Hybrid_se-secbam-secbam_fold1_best.pth
2026-06-25 23:15:37 | Epoch 42/50 | Loss 0.0398 | Acc 98.80% | Val Loss 0.1188 | Val Acc 95.56% | 24.3s
2026-06-25 23:16:02 | Epoch 43/50 | Loss 0.0440 | Acc 98.60% | Val Loss 0.1131 | Val Acc 96.13% | 24.1s
2026-06-25 23:16:26 | Epoch 44/50 | Loss 0.0420 | Acc 98.58% | Val Loss 0.1070 | Val Acc 95.88% | 24.5s
2026-06-25 23:16:51 | Epoch 45/50 | Loss 0.0439 | Acc 98.58% | Val Loss 0.1056 | Val Acc 96.05% | 24.6s
2026-06-25 23:17:16 | Epoch 46/50 | Loss 0.0401 | Acc 98.64% | Val Loss 0.1137 | Val Acc 95.72% | 24.8s
2026-06-25 23:17:41 | Epoch 47/50 | Loss 0.0377 | Acc 98.82% | Val Loss 0.1136 | Val Acc 96.37% | 25.3s
2026-06-25 23:18:06 | Epoch 48/50 | Loss 0.0489 | Acc 98.46% | Val Loss 0.1098 | Val Acc 96.77% | 25.1s
2026-06-25 23:18:31 | Epoch 49/50 | Loss 0.0385 | Acc 98.58% | Val Loss 0.1109 | Val Acc 96.77% | 24.4s
2026-06-25 23:18:55 | Epoch 50/50 | Loss 0.0376 | Acc 98.62% | Val Loss 0.1174 | Val Acc 96.69% | 24.0s
2026-06-25 23:18:55 | Finished Hybrid_se-secbam-secbam fold 1 in 21.16 min.
2026-06-25 23:19:02 | 
================================================================================
2026-06-25 23:19:02 | TRAINING: Hybrid_se-secbam-secbam | FOLD 2/5
2026-06-25 23:19:02 | ================================================================================
2026-06-25 23:19:02 | [INFO] reduced batch_size=64 for hybrid model to avoid OOM.
2026-06-25 23:19:57 | Epoch 01/50 | Loss 1.2456 | Acc 54.48% | Val Loss 1.0249 | Val Acc 73.77% | 54.7s
2026-06-25 23:19:57 |   --> saved best to C:\Users\Admin\Desktop\hai\ConViTX\code ViT_8 block CNN\HybridModel_PlantPathology_Ablation\results\Hybrid_se-secbam-secbam_fold2_best.pth
2026-06-25 23:20:21 | Epoch 02/50 | Loss 0.8960 | Acc 79.28% | Val Loss 0.6833 | Val Acc 82.97% | 24.9s
2026-06-25 23:20:22 |   --> saved best to C:\Users\Admin\Desktop\hai\ConViTX\code ViT_8 block CNN\HybridModel_PlantPathology_Ablation\results\Hybrid_se-secbam-secbam_fold2_best.pth
2026-06-25 23:20:47 | Epoch 03/50 | Loss 0.6351 | Acc 84.50% | Val Loss 0.5027 | Val Acc 87.81% | 25.2s
2026-06-25 23:20:47 |   --> saved best to C:\Users\Admin\Desktop\hai\ConViTX\code ViT_8 block CNN\HybridModel_PlantPathology_Ablation\results\Hybrid_se-secbam-secbam_fold2_best.pth
2026-06-25 23:21:12 | Epoch 04/50 | Loss 0.4707 | Acc 88.58% | Val Loss 0.3658 | Val Acc 91.85% | 25.2s
2026-06-25 23:21:12 |   --> saved best to C:\Users\Admin\Desktop\hai\ConViTX\code ViT_8 block CNN\HybridModel_PlantPathology_Ablation\results\Hybrid_se-secbam-secbam_fold2_best.pth
2026-06-25 23:21:37 | Epoch 05/50 | Loss 0.3686 | Acc 90.99% | Val Loss 0.3050 | Val Acc 92.74% | 24.7s
2026-06-25 23:21:37 |   --> saved best to C:\Users\Admin\Desktop\hai\ConViTX\code ViT_8 block CNN\HybridModel_PlantPathology_Ablation\results\Hybrid_se-secbam-secbam_fold2_best.pth
2026-06-25 23:22:01 | Epoch 06/50 | Loss 0.3019 | Acc 92.31% | Val Loss 0.2389 | Val Acc 93.62% | 24.6s
2026-06-25 23:22:01 |   --> saved best to C:\Users\Admin\Desktop\hai\ConViTX\code ViT_8 block CNN\HybridModel_PlantPathology_Ablation\results\Hybrid_se-secbam-secbam_fold2_best.pth
2026-06-25 23:22:27 | Epoch 07/50 | Loss 0.2605 | Acc 93.12% | Val Loss 0.2058 | Val Acc 94.35% | 25.2s
2026-06-25 23:22:27 |   --> saved best to C:\Users\Admin\Desktop\hai\ConViTX\code ViT_8 block CNN\HybridModel_PlantPathology_Ablation\results\Hybrid_se-secbam-secbam_fold2_best.pth
2026-06-25 23:22:51 | Epoch 08/50 | Loss 0.2286 | Acc 93.67% | Val Loss 0.1877 | Val Acc 94.67% | 24.6s
2026-06-25 23:22:51 |   --> saved best to C:\Users\Admin\Desktop\hai\ConViTX\code ViT_8 block CNN\HybridModel_PlantPathology_Ablation\results\Hybrid_se-secbam-secbam_fold2_best.pth
2026-06-25 23:23:16 | Epoch 09/50 | Loss 0.1994 | Acc 94.48% | Val Loss 0.1593 | Val Acc 95.32% | 24.4s
2026-06-25 23:23:16 |   --> saved best to C:\Users\Admin\Desktop\hai\ConViTX\code ViT_8 block CNN\HybridModel_PlantPathology_Ablation\results\Hybrid_se-secbam-secbam_fold2_best.pth
2026-06-25 23:23:41 | Epoch 10/50 | Loss 0.1825 | Acc 94.66% | Val Loss 0.1452 | Val Acc 95.72% | 24.8s
2026-06-25 23:23:41 |   --> saved best to C:\Users\Admin\Desktop\hai\ConViTX\code ViT_8 block CNN\HybridModel_PlantPathology_Ablation\results\Hybrid_se-secbam-secbam_fold2_best.pth
2026-06-25 23:24:05 | Epoch 11/50 | Loss 0.1591 | Acc 95.43% | Val Loss 0.1365 | Val Acc 95.64% | 24.6s
2026-06-25 23:24:05 |   --> saved best to C:\Users\Admin\Desktop\hai\ConViTX\code ViT_8 block CNN\HybridModel_PlantPathology_Ablation\results\Hybrid_se-secbam-secbam_fold2_best.pth
2026-06-25 23:24:30 | Epoch 12/50 | Loss 0.1514 | Acc 95.41% | Val Loss 0.1209 | Val Acc 96.29% | 24.6s
2026-06-25 23:24:30 |   --> saved best to C:\Users\Admin\Desktop\hai\ConViTX\code ViT_8 block CNN\HybridModel_PlantPathology_Ablation\results\Hybrid_se-secbam-secbam_fold2_best.pth
2026-06-25 23:24:54 | Epoch 13/50 | Loss 0.1420 | Acc 95.43% | Val Loss 0.1187 | Val Acc 96.37% | 24.3s
2026-06-25 23:24:54 |   --> saved best to C:\Users\Admin\Desktop\hai\ConViTX\code ViT_8 block CNN\HybridModel_PlantPathology_Ablation\results\Hybrid_se-secbam-secbam_fold2_best.pth
2026-06-25 23:25:19 | Epoch 14/50 | Loss 0.1331 | Acc 95.78% | Val Loss 0.1210 | Val Acc 96.21% | 24.6s
2026-06-25 23:25:44 | Epoch 15/50 | Loss 0.1225 | Acc 96.19% | Val Loss 0.1068 | Val Acc 96.69% | 24.9s
2026-06-25 23:25:44 |   --> saved best to C:\Users\Admin\Desktop\hai\ConViTX\code ViT_8 block CNN\HybridModel_PlantPathology_Ablation\results\Hybrid_se-secbam-secbam_fold2_best.pth
2026-06-25 23:26:09 | Epoch 16/50 | Loss 0.1202 | Acc 96.35% | Val Loss 0.1115 | Val Acc 96.53% | 24.7s
2026-06-25 23:26:34 | Epoch 17/50 | Loss 0.1133 | Acc 96.35% | Val Loss 0.1013 | Val Acc 96.61% | 24.9s
2026-06-25 23:26:34 |   --> saved best to C:\Users\Admin\Desktop\hai\ConViTX\code ViT_8 block CNN\HybridModel_PlantPathology_Ablation\results\Hybrid_se-secbam-secbam_fold2_best.pth
2026-06-25 23:26:59 | Epoch 18/50 | Loss 0.1169 | Acc 96.53% | Val Loss 0.1063 | Val Acc 96.61% | 25.1s
2026-06-25 23:27:24 | Epoch 19/50 | Loss 0.1006 | Acc 96.98% | Val Loss 0.0988 | Val Acc 97.01% | 24.7s
2026-06-25 23:27:24 |   --> saved best to C:\Users\Admin\Desktop\hai\ConViTX\code ViT_8 block CNN\HybridModel_PlantPathology_Ablation\results\Hybrid_se-secbam-secbam_fold2_best.pth
2026-06-25 23:27:48 | Epoch 20/50 | Loss 0.1089 | Acc 96.57% | Val Loss 0.0991 | Val Acc 97.01% | 24.3s
2026-06-25 23:28:12 | Epoch 21/50 | Loss 0.0945 | Acc 96.83% | Val Loss 0.0992 | Val Acc 97.18% | 24.5s
2026-06-25 23:28:37 | Epoch 22/50 | Loss 0.0876 | Acc 96.85% | Val Loss 0.1019 | Val Acc 96.93% | 24.3s
2026-06-25 23:29:02 | Epoch 23/50 | Loss 0.0873 | Acc 97.42% | Val Loss 0.0953 | Val Acc 96.93% | 24.8s
2026-06-25 23:29:02 |   --> saved best to C:\Users\Admin\Desktop\hai\ConViTX\code ViT_8 block CNN\HybridModel_PlantPathology_Ablation\results\Hybrid_se-secbam-secbam_fold2_best.pth
2026-06-25 23:29:27 | Epoch 24/50 | Loss 0.0870 | Acc 97.22% | Val Loss 0.0937 | Val Acc 97.18% | 25.1s
2026-06-25 23:29:27 |   --> saved best to C:\Users\Admin\Desktop\hai\ConViTX\code ViT_8 block CNN\HybridModel_PlantPathology_Ablation\results\Hybrid_se-secbam-secbam_fold2_best.pth
2026-06-25 23:29:52 | Epoch 25/50 | Loss 0.0844 | Acc 97.28% | Val Loss 0.0909 | Val Acc 97.18% | 24.9s
2026-06-25 23:29:52 |   --> saved best to C:\Users\Admin\Desktop\hai\ConViTX\code ViT_8 block CNN\HybridModel_PlantPathology_Ablation\results\Hybrid_se-secbam-secbam_fold2_best.pth
2026-06-25 23:30:17 | Epoch 26/50 | Loss 0.0778 | Acc 97.54% | Val Loss 0.0893 | Val Acc 97.50% | 24.9s
2026-06-25 23:30:17 |   --> saved best to C:\Users\Admin\Desktop\hai\ConViTX\code ViT_8 block CNN\HybridModel_PlantPathology_Ablation\results\Hybrid_se-secbam-secbam_fold2_best.pth
2026-06-25 23:30:41 | Epoch 27/50 | Loss 0.0765 | Acc 97.50% | Val Loss 0.0977 | Val Acc 97.18% | 24.2s
2026-06-25 23:31:05 | Epoch 28/50 | Loss 0.0756 | Acc 97.79% | Val Loss 0.0994 | Val Acc 96.93% | 24.2s
2026-06-25 23:31:30 | Epoch 29/50 | Loss 0.0745 | Acc 97.67% | Val Loss 0.0918 | Val Acc 97.34% | 25.0s
2026-06-25 23:31:55 | Epoch 30/50 | Loss 0.0711 | Acc 97.59% | Val Loss 0.0893 | Val Acc 97.18% | 24.5s
2026-06-25 23:32:19 | Epoch 31/50 | Loss 0.0693 | Acc 97.69% | Val Loss 0.0963 | Val Acc 97.09% | 24.4s
2026-06-25 23:32:44 | Epoch 32/50 | Loss 0.0651 | Acc 97.87% | Val Loss 0.0913 | Val Acc 97.09% | 24.6s
2026-06-25 23:33:09 | Epoch 33/50 | Loss 0.0651 | Acc 97.79% | Val Loss 0.0955 | Val Acc 97.01% | 24.7s
2026-06-25 23:33:33 | Epoch 34/50 | Loss 0.0644 | Acc 97.71% | Val Loss 0.0862 | Val Acc 97.34% | 24.5s
2026-06-25 23:33:33 |   --> saved best to C:\Users\Admin\Desktop\hai\ConViTX\code ViT_8 block CNN\HybridModel_PlantPathology_Ablation\results\Hybrid_se-secbam-secbam_fold2_best.pth
2026-06-25 23:33:58 | Epoch 35/50 | Loss 0.0601 | Acc 98.05% | Val Loss 0.0922 | Val Acc 96.93% | 24.5s
2026-06-25 23:34:22 | Epoch 36/50 | Loss 0.0569 | Acc 98.32% | Val Loss 0.0849 | Val Acc 97.34% | 24.6s
2026-06-25 23:34:23 |   --> saved best to C:\Users\Admin\Desktop\hai\ConViTX\code ViT_8 block CNN\HybridModel_PlantPathology_Ablation\results\Hybrid_se-secbam-secbam_fold2_best.pth
2026-06-25 23:34:47 | Epoch 37/50 | Loss 0.0583 | Acc 98.19% | Val Loss 0.0959 | Val Acc 97.42% | 24.6s
2026-06-25 23:35:12 | Epoch 38/50 | Loss 0.0549 | Acc 98.19% | Val Loss 0.0919 | Val Acc 97.18% | 24.7s
2026-06-25 23:35:37 | Epoch 39/50 | Loss 0.0551 | Acc 98.28% | Val Loss 0.0844 | Val Acc 97.50% | 24.9s
2026-06-25 23:35:37 |   --> saved best to C:\Users\Admin\Desktop\hai\ConViTX\code ViT_8 block CNN\HybridModel_PlantPathology_Ablation\results\Hybrid_se-secbam-secbam_fold2_best.pth
2026-06-25 23:36:02 | Epoch 40/50 | Loss 0.0508 | Acc 98.48% | Val Loss 0.0867 | Val Acc 97.34% | 25.1s
2026-06-25 23:36:27 | Epoch 41/50 | Loss 0.0429 | Acc 98.68% | Val Loss 0.0889 | Val Acc 97.50% | 24.9s
2026-06-25 23:36:51 | Epoch 42/50 | Loss 0.0432 | Acc 98.82% | Val Loss 0.0793 | Val Acc 97.74% | 24.3s
2026-06-25 23:36:51 |   --> saved best to C:\Users\Admin\Desktop\hai\ConViTX\code ViT_8 block CNN\HybridModel_PlantPathology_Ablation\results\Hybrid_se-secbam-secbam_fold2_best.pth
2026-06-25 23:37:15 | Epoch 43/50 | Loss 0.0492 | Acc 98.44% | Val Loss 0.0896 | Val Acc 97.50% | 24.1s
2026-06-25 23:37:40 | Epoch 44/50 | Loss 0.0447 | Acc 98.54% | Val Loss 0.0855 | Val Acc 97.09% | 24.6s
2026-06-25 23:38:05 | Epoch 45/50 | Loss 0.0463 | Acc 98.58% | Val Loss 0.0871 | Val Acc 97.26% | 24.7s
2026-06-25 23:38:30 | Epoch 46/50 | Loss 0.0424 | Acc 98.66% | Val Loss 0.0922 | Val Acc 97.09% | 25.1s
2026-06-25 23:38:56 | Epoch 47/50 | Loss 0.0448 | Acc 98.58% | Val Loss 0.0986 | Val Acc 97.50% | 26.1s
2026-06-25 23:39:21 | Epoch 48/50 | Loss 0.0419 | Acc 98.72% | Val Loss 0.0981 | Val Acc 97.42% | 24.8s
2026-06-25 23:39:45 | Epoch 49/50 | Loss 0.0397 | Acc 98.64% | Val Loss 0.0874 | Val Acc 97.50% | 24.3s
2026-06-25 23:40:10 | Epoch 50/50 | Loss 0.0364 | Acc 98.82% | Val Loss 0.0872 | Val Acc 97.58% | 24.3s
2026-06-25 23:40:10 | Finished Hybrid_se-secbam-secbam fold 2 in 21.13 min.
2026-06-25 23:40:17 | [RESUME] Hybrid_se-secbam-secbam_fold3 đã train xong trong chiến dịch này -> bỏ qua. (dùng --force để train lại)
2026-06-25 23:40:17 | 
================================================================================
2026-06-25 23:40:17 | TRAINING: Hybrid_se-secbam-secbam | FOLD 4/5
2026-06-25 23:40:17 | ================================================================================
2026-06-25 23:40:17 | [INFO] reduced batch_size=64 for hybrid model to avoid OOM.
2026-06-25 23:41:12 | Epoch 01/50 | Loss 1.2771 | Acc 39.41% | Val Loss 1.0900 | Val Acc 60.58% | 55.7s
2026-06-25 23:41:12 |   --> saved best to C:\Users\Admin\Desktop\hai\ConViTX\code ViT_8 block CNN\HybridModel_PlantPathology_Ablation\results\Hybrid_se-secbam-secbam_fold4_best.pth
2026-06-25 23:41:38 | Epoch 02/50 | Loss 0.9883 | Acc 74.17% | Val Loss 0.7465 | Val Acc 83.36% | 25.0s
2026-06-25 23:41:38 |   --> saved best to C:\Users\Admin\Desktop\hai\ConViTX\code ViT_8 block CNN\HybridModel_PlantPathology_Ablation\results\Hybrid_se-secbam-secbam_fold4_best.pth
2026-06-25 23:42:03 | Epoch 03/50 | Loss 0.6868 | Acc 84.07% | Val Loss 0.5077 | Val Acc 89.98% | 24.9s
2026-06-25 23:42:03 |   --> saved best to C:\Users\Admin\Desktop\hai\ConViTX\code ViT_8 block CNN\HybridModel_PlantPathology_Ablation\results\Hybrid_se-secbam-secbam_fold4_best.pth
2026-06-25 23:42:27 | Epoch 04/50 | Loss 0.4876 | Acc 88.74% | Val Loss 0.3426 | Val Acc 91.60% | 24.7s
2026-06-25 23:42:27 |   --> saved best to C:\Users\Admin\Desktop\hai\ConViTX\code ViT_8 block CNN\HybridModel_PlantPathology_Ablation\results\Hybrid_se-secbam-secbam_fold4_best.pth
2026-06-25 23:42:51 | Epoch 05/50 | Loss 0.3719 | Acc 91.09% | Val Loss 0.2705 | Val Acc 93.21% | 24.2s
2026-06-25 23:42:52 |   --> saved best to C:\Users\Admin\Desktop\hai\ConViTX\code ViT_8 block CNN\HybridModel_PlantPathology_Ablation\results\Hybrid_se-secbam-secbam_fold4_best.pth
2026-06-25 23:43:16 | Epoch 06/50 | Loss 0.3007 | Acc 92.57% | Val Loss 0.2278 | Val Acc 93.38% | 24.0s
2026-06-25 23:43:16 |   --> saved best to C:\Users\Admin\Desktop\hai\ConViTX\code ViT_8 block CNN\HybridModel_PlantPathology_Ablation\results\Hybrid_se-secbam-secbam_fold4_best.pth
2026-06-25 23:43:40 | Epoch 07/50 | Loss 0.2499 | Acc 93.24% | Val Loss 0.2065 | Val Acc 94.51% | 24.6s
2026-06-25 23:43:40 |   --> saved best to C:\Users\Admin\Desktop\hai\ConViTX\code ViT_8 block CNN\HybridModel_PlantPathology_Ablation\results\Hybrid_se-secbam-secbam_fold4_best.pth
2026-06-25 23:44:05 | Epoch 08/50 | Loss 0.2145 | Acc 94.01% | Val Loss 0.1738 | Val Acc 94.26% | 24.6s
2026-06-25 23:44:05 |   --> saved best to C:\Users\Admin\Desktop\hai\ConViTX\code ViT_8 block CNN\HybridModel_PlantPathology_Ablation\results\Hybrid_se-secbam-secbam_fold4_best.pth
2026-06-25 23:44:30 | Epoch 09/50 | Loss 0.2011 | Acc 94.09% | Val Loss 0.1596 | Val Acc 95.07% | 25.1s
2026-06-25 23:44:30 |   --> saved best to C:\Users\Admin\Desktop\hai\ConViTX\code ViT_8 block CNN\HybridModel_PlantPathology_Ablation\results\Hybrid_se-secbam-secbam_fold4_best.pth
2026-06-25 23:44:55 | Epoch 10/50 | Loss 0.1834 | Acc 94.60% | Val Loss 0.1551 | Val Acc 94.91% | 24.8s
2026-06-25 23:44:55 |   --> saved best to C:\Users\Admin\Desktop\hai\ConViTX\code ViT_8 block CNN\HybridModel_PlantPathology_Ablation\results\Hybrid_se-secbam-secbam_fold4_best.pth
2026-06-25 23:45:20 | Epoch 11/50 | Loss 0.1662 | Acc 95.19% | Val Loss 0.1464 | Val Acc 94.83% | 25.0s
2026-06-25 23:45:20 |   --> saved best to C:\Users\Admin\Desktop\hai\ConViTX\code ViT_8 block CNN\HybridModel_PlantPathology_Ablation\results\Hybrid_se-secbam-secbam_fold4_best.pth
2026-06-25 23:45:44 | Epoch 12/50 | Loss 0.1500 | Acc 95.56% | Val Loss 0.1441 | Val Acc 95.15% | 24.3s
2026-06-25 23:45:44 |   --> saved best to C:\Users\Admin\Desktop\hai\ConViTX\code ViT_8 block CNN\HybridModel_PlantPathology_Ablation\results\Hybrid_se-secbam-secbam_fold4_best.pth
2026-06-25 23:46:09 | Epoch 13/50 | Loss 0.1461 | Acc 95.17% | Val Loss 0.1286 | Val Acc 95.48% | 24.5s
2026-06-25 23:46:09 |   --> saved best to C:\Users\Admin\Desktop\hai\ConViTX\code ViT_8 block CNN\HybridModel_PlantPathology_Ablation\results\Hybrid_se-secbam-secbam_fold4_best.pth
2026-06-25 23:46:33 | Epoch 14/50 | Loss 0.1367 | Acc 95.78% | Val Loss 0.1326 | Val Acc 95.56% | 24.5s
2026-06-25 23:46:58 | Epoch 15/50 | Loss 0.1301 | Acc 95.62% | Val Loss 0.1264 | Val Acc 95.96% | 24.6s
2026-06-25 23:46:58 |   --> saved best to C:\Users\Admin\Desktop\hai\ConViTX\code ViT_8 block CNN\HybridModel_PlantPathology_Ablation\results\Hybrid_se-secbam-secbam_fold4_best.pth
2026-06-25 23:47:23 | Epoch 16/50 | Loss 0.1241 | Acc 95.92% | Val Loss 0.1250 | Val Acc 95.72% | 24.7s
2026-06-25 23:47:23 |   --> saved best to C:\Users\Admin\Desktop\hai\ConViTX\code ViT_8 block CNN\HybridModel_PlantPathology_Ablation\results\Hybrid_se-secbam-secbam_fold4_best.pth
2026-06-25 23:47:48 | Epoch 17/50 | Loss 0.1177 | Acc 96.10% | Val Loss 0.1185 | Val Acc 96.12% | 24.9s
2026-06-25 23:47:48 |   --> saved best to C:\Users\Admin\Desktop\hai\ConViTX\code ViT_8 block CNN\HybridModel_PlantPathology_Ablation\results\Hybrid_se-secbam-secbam_fold4_best.pth
2026-06-25 23:48:13 | Epoch 18/50 | Loss 0.1096 | Acc 96.39% | Val Loss 0.1137 | Val Acc 95.96% | 24.8s
2026-06-25 23:48:13 |   --> saved best to C:\Users\Admin\Desktop\hai\ConViTX\code ViT_8 block CNN\HybridModel_PlantPathology_Ablation\results\Hybrid_se-secbam-secbam_fold4_best.pth
2026-06-25 23:48:37 | Epoch 19/50 | Loss 0.1061 | Acc 96.51% | Val Loss 0.1249 | Val Acc 95.80% | 24.6s
2026-06-25 23:49:02 | Epoch 20/50 | Loss 0.1042 | Acc 96.81% | Val Loss 0.1197 | Val Acc 96.04% | 24.2s
2026-06-25 23:49:26 | Epoch 21/50 | Loss 0.0989 | Acc 96.81% | Val Loss 0.1075 | Val Acc 96.04% | 24.1s
2026-06-25 23:49:26 |   --> saved best to C:\Users\Admin\Desktop\hai\ConViTX\code ViT_8 block CNN\HybridModel_PlantPathology_Ablation\results\Hybrid_se-secbam-secbam_fold4_best.pth
2026-06-25 23:49:50 | Epoch 22/50 | Loss 0.0967 | Acc 96.88% | Val Loss 0.1122 | Val Acc 96.28% | 24.5s
2026-06-25 23:50:15 | Epoch 23/50 | Loss 0.0885 | Acc 97.30% | Val Loss 0.1069 | Val Acc 96.37% | 24.8s
2026-06-25 23:50:15 |   --> saved best to C:\Users\Admin\Desktop\hai\ConViTX\code ViT_8 block CNN\HybridModel_PlantPathology_Ablation\results\Hybrid_se-secbam-secbam_fold4_best.pth
2026-06-25 23:50:40 | Epoch 24/50 | Loss 0.0854 | Acc 97.32% | Val Loss 0.1017 | Val Acc 96.37% | 24.8s
2026-06-25 23:50:40 |   --> saved best to C:\Users\Admin\Desktop\hai\ConViTX\code ViT_8 block CNN\HybridModel_PlantPathology_Ablation\results\Hybrid_se-secbam-secbam_fold4_best.pth
2026-06-25 23:51:05 | Epoch 25/50 | Loss 0.0837 | Acc 97.28% | Val Loss 0.1063 | Val Acc 96.20% | 25.1s
2026-06-25 23:51:30 | Epoch 26/50 | Loss 0.0805 | Acc 97.38% | Val Loss 0.1128 | Val Acc 96.04% | 24.8s
2026-06-25 23:51:54 | Epoch 27/50 | Loss 0.0804 | Acc 97.50% | Val Loss 0.1132 | Val Acc 96.04% | 24.2s
2026-06-25 23:52:19 | Epoch 28/50 | Loss 0.0750 | Acc 97.56% | Val Loss 0.1003 | Val Acc 96.61% | 24.5s
2026-06-25 23:52:19 |   --> saved best to C:\Users\Admin\Desktop\hai\ConViTX\code ViT_8 block CNN\HybridModel_PlantPathology_Ablation\results\Hybrid_se-secbam-secbam_fold4_best.pth
2026-06-25 23:52:44 | Epoch 29/50 | Loss 0.0712 | Acc 97.77% | Val Loss 0.0995 | Val Acc 96.53% | 25.3s
2026-06-25 23:52:44 |   --> saved best to C:\Users\Admin\Desktop\hai\ConViTX\code ViT_8 block CNN\HybridModel_PlantPathology_Ablation\results\Hybrid_se-secbam-secbam_fold4_best.pth
2026-06-25 23:53:09 | Epoch 30/50 | Loss 0.0697 | Acc 97.75% | Val Loss 0.1016 | Val Acc 96.69% | 24.8s
2026-06-25 23:53:34 | Epoch 31/50 | Loss 0.0688 | Acc 97.87% | Val Loss 0.1045 | Val Acc 96.45% | 25.0s
2026-06-25 23:53:59 | Epoch 32/50 | Loss 0.0637 | Acc 98.11% | Val Loss 0.1051 | Val Acc 96.69% | 24.6s
2026-06-25 23:54:23 | Epoch 33/50 | Loss 0.0681 | Acc 97.81% | Val Loss 0.0994 | Val Acc 96.69% | 24.6s
2026-06-25 23:54:23 |   --> saved best to C:\Users\Admin\Desktop\hai\ConViTX\code ViT_8 block CNN\HybridModel_PlantPathology_Ablation\results\Hybrid_se-secbam-secbam_fold4_best.pth
2026-06-25 23:54:48 | Epoch 34/50 | Loss 0.0598 | Acc 98.05% | Val Loss 0.1041 | Val Acc 96.69% | 24.0s
2026-06-25 23:55:12 | Epoch 35/50 | Loss 0.0650 | Acc 97.95% | Val Loss 0.1082 | Val Acc 96.53% | 24.3s
2026-06-25 23:55:36 | Epoch 36/50 | Loss 0.0667 | Acc 97.67% | Val Loss 0.1056 | Val Acc 96.61% | 24.5s
2026-06-25 23:56:01 | Epoch 37/50 | Loss 0.0594 | Acc 98.11% | Val Loss 0.1094 | Val Acc 96.12% | 24.5s
2026-06-25 23:56:26 | Epoch 38/50 | Loss 0.0572 | Acc 98.30% | Val Loss 0.1012 | Val Acc 96.61% | 24.9s
2026-06-25 23:56:51 | Epoch 39/50 | Loss 0.0508 | Acc 98.48% | Val Loss 0.0912 | Val Acc 96.93% | 25.2s
2026-06-25 23:56:51 |   --> saved best to C:\Users\Admin\Desktop\hai\ConViTX\code ViT_8 block CNN\HybridModel_PlantPathology_Ablation\results\Hybrid_se-secbam-secbam_fold4_best.pth
2026-06-25 23:57:16 | Epoch 40/50 | Loss 0.0561 | Acc 97.87% | Val Loss 0.0998 | Val Acc 96.69% | 24.3s
2026-06-25 23:57:40 | Epoch 41/50 | Loss 0.0470 | Acc 98.36% | Val Loss 0.0971 | Val Acc 96.61% | 24.2s
2026-06-25 23:58:04 | Epoch 42/50 | Loss 0.0543 | Acc 98.13% | Val Loss 0.1010 | Val Acc 96.61% | 24.3s
2026-06-25 23:58:28 | Epoch 43/50 | Loss 0.0513 | Acc 98.23% | Val Loss 0.0997 | Val Acc 96.77% | 24.2s
2026-06-25 23:58:53 | Epoch 44/50 | Loss 0.0450 | Acc 98.56% | Val Loss 0.1004 | Val Acc 96.69% | 24.7s
2026-06-25 23:59:18 | Epoch 45/50 | Loss 0.0402 | Acc 98.68% | Val Loss 0.1113 | Val Acc 96.61% | 24.7s
2026-06-25 23:59:43 | Epoch 46/50 | Loss 0.0485 | Acc 98.56% | Val Loss 0.1085 | Val Acc 96.37% | 24.7s
2026-06-26 00:00:07 | Epoch 47/50 | Loss 0.0376 | Acc 98.97% | Val Loss 0.1034 | Val Acc 96.61% | 24.7s
2026-06-26 00:00:32 | Epoch 48/50 | Loss 0.0451 | Acc 98.54% | Val Loss 0.0940 | Val Acc 96.53% | 24.4s
2026-06-26 00:00:56 | Epoch 49/50 | Loss 0.0402 | Acc 98.72% | Val Loss 0.1030 | Val Acc 96.28% | 24.2s
2026-06-26 00:01:20 | Epoch 50/50 | Loss 0.0426 | Acc 98.60% | Val Loss 0.0999 | Val Acc 96.69% | 24.0s
2026-06-26 00:01:20 | Finished Hybrid_se-secbam-secbam fold 4 in 21.06 min.
2026-06-26 00:01:27 | 
================================================================================
2026-06-26 00:01:27 | TRAINING: Hybrid_se-secbam-secbam | FOLD 5/5
2026-06-26 00:01:27 | ================================================================================
2026-06-26 00:01:27 | [INFO] reduced batch_size=64 for hybrid model to avoid OOM.
2026-06-26 00:02:22 | Epoch 01/50 | Loss 1.2432 | Acc 53.04% | Val Loss 1.0489 | Val Acc 65.67% | 54.7s
2026-06-26 00:02:22 |   --> saved best to C:\Users\Admin\Desktop\hai\ConViTX\code ViT_8 block CNN\HybridModel_PlantPathology_Ablation\results\Hybrid_se-secbam-secbam_fold5_best.pth
2026-06-26 00:02:48 | Epoch 02/50 | Loss 0.9365 | Acc 73.11% | Val Loss 0.7290 | Val Acc 83.36% | 25.5s
2026-06-26 00:02:48 |   --> saved best to C:\Users\Admin\Desktop\hai\ConViTX\code ViT_8 block CNN\HybridModel_PlantPathology_Ablation\results\Hybrid_se-secbam-secbam_fold5_best.pth
2026-06-26 00:03:13 | Epoch 03/50 | Loss 0.6467 | Acc 85.00% | Val Loss 0.4958 | Val Acc 88.05% | 25.7s
2026-06-26 00:03:13 |   --> saved best to C:\Users\Admin\Desktop\hai\ConViTX\code ViT_8 block CNN\HybridModel_PlantPathology_Ablation\results\Hybrid_se-secbam-secbam_fold5_best.pth
2026-06-26 00:03:39 | Epoch 04/50 | Loss 0.4574 | Acc 89.33% | Val Loss 0.3692 | Val Acc 91.20% | 25.6s
2026-06-26 00:03:39 |   --> saved best to C:\Users\Admin\Desktop\hai\ConViTX\code ViT_8 block CNN\HybridModel_PlantPathology_Ablation\results\Hybrid_se-secbam-secbam_fold5_best.pth
2026-06-26 00:04:04 | Epoch 05/50 | Loss 0.3473 | Acc 91.44% | Val Loss 0.2797 | Val Acc 92.89% | 25.0s
2026-06-26 00:04:04 |   --> saved best to C:\Users\Admin\Desktop\hai\ConViTX\code ViT_8 block CNN\HybridModel_PlantPathology_Ablation\results\Hybrid_se-secbam-secbam_fold5_best.pth
2026-06-26 00:04:29 | Epoch 06/50 | Loss 0.2849 | Acc 92.59% | Val Loss 0.2422 | Val Acc 93.21% | 25.2s
2026-06-26 00:04:29 |   --> saved best to C:\Users\Admin\Desktop\hai\ConViTX\code ViT_8 block CNN\HybridModel_PlantPathology_Ablation\results\Hybrid_se-secbam-secbam_fold5_best.pth
2026-06-26 00:04:55 | Epoch 07/50 | Loss 0.2342 | Acc 93.55% | Val Loss 0.2031 | Val Acc 93.94% | 25.7s
2026-06-26 00:04:55 |   --> saved best to C:\Users\Admin\Desktop\hai\ConViTX\code ViT_8 block CNN\HybridModel_PlantPathology_Ablation\results\Hybrid_se-secbam-secbam_fold5_best.pth
2026-06-26 00:05:21 | Epoch 08/50 | Loss 0.2109 | Acc 93.93% | Val Loss 0.1895 | Val Acc 94.59% | 26.2s
2026-06-26 00:05:21 |   --> saved best to C:\Users\Admin\Desktop\hai\ConViTX\code ViT_8 block CNN\HybridModel_PlantPathology_Ablation\results\Hybrid_se-secbam-secbam_fold5_best.pth
2026-06-26 00:05:47 | Epoch 09/50 | Loss 0.1886 | Acc 94.52% | Val Loss 0.1716 | Val Acc 94.91% | 26.0s
2026-06-26 00:05:47 |   --> saved best to C:\Users\Admin\Desktop\hai\ConViTX\code ViT_8 block CNN\HybridModel_PlantPathology_Ablation\results\Hybrid_se-secbam-secbam_fold5_best.pth
2026-06-26 00:06:13 | Epoch 10/50 | Loss 0.1778 | Acc 94.85% | Val Loss 0.1587 | Val Acc 94.99% | 25.3s
2026-06-26 00:06:13 |   --> saved best to C:\Users\Admin\Desktop\hai\ConViTX\code ViT_8 block CNN\HybridModel_PlantPathology_Ablation\results\Hybrid_se-secbam-secbam_fold5_best.pth
2026-06-26 00:06:38 | Epoch 11/50 | Loss 0.1656 | Acc 94.68% | Val Loss 0.1532 | Val Acc 95.23% | 25.5s
2026-06-26 00:06:38 |   --> saved best to C:\Users\Admin\Desktop\hai\ConViTX\code ViT_8 block CNN\HybridModel_PlantPathology_Ablation\results\Hybrid_se-secbam-secbam_fold5_best.pth
2026-06-26 00:07:04 | Epoch 12/50 | Loss 0.1542 | Acc 95.25% | Val Loss 0.1547 | Val Acc 94.99% | 25.3s
2026-06-26 00:07:29 | Epoch 13/50 | Loss 0.1474 | Acc 95.37% | Val Loss 0.1495 | Val Acc 95.80% | 25.1s
2026-06-26 00:07:29 |   --> saved best to C:\Users\Admin\Desktop\hai\ConViTX\code ViT_8 block CNN\HybridModel_PlantPathology_Ablation\results\Hybrid_se-secbam-secbam_fold5_best.pth
2026-06-26 00:07:55 | Epoch 14/50 | Loss 0.1354 | Acc 96.00% | Val Loss 0.1310 | Val Acc 96.45% | 25.9s
2026-06-26 00:07:55 |   --> saved best to C:\Users\Admin\Desktop\hai\ConViTX\code ViT_8 block CNN\HybridModel_PlantPathology_Ablation\results\Hybrid_se-secbam-secbam_fold5_best.pth
2026-06-26 00:08:21 | Epoch 15/50 | Loss 0.1313 | Acc 95.70% | Val Loss 0.1270 | Val Acc 96.28% | 25.7s
2026-06-26 00:08:21 |   --> saved best to C:\Users\Admin\Desktop\hai\ConViTX\code ViT_8 block CNN\HybridModel_PlantPathology_Ablation\results\Hybrid_se-secbam-secbam_fold5_best.pth
2026-06-26 00:08:47 | Epoch 16/50 | Loss 0.1253 | Acc 95.94% | Val Loss 0.1236 | Val Acc 96.53% | 25.9s
2026-06-26 00:08:47 |   --> saved best to C:\Users\Admin\Desktop\hai\ConViTX\code ViT_8 block CNN\HybridModel_PlantPathology_Ablation\results\Hybrid_se-secbam-secbam_fold5_best.pth
2026-06-26 00:09:12 | Epoch 17/50 | Loss 0.1198 | Acc 96.14% | Val Loss 0.1142 | Val Acc 96.28% | 25.4s
2026-06-26 00:09:12 |   --> saved best to C:\Users\Admin\Desktop\hai\ConViTX\code ViT_8 block CNN\HybridModel_PlantPathology_Ablation\results\Hybrid_se-secbam-secbam_fold5_best.pth
2026-06-26 00:09:38 | Epoch 18/50 | Loss 0.1080 | Acc 96.81% | Val Loss 0.1193 | Val Acc 96.12% | 25.6s
2026-06-26 00:10:03 | Epoch 19/50 | Loss 0.1100 | Acc 96.55% | Val Loss 0.1173 | Val Acc 96.28% | 25.6s
2026-06-26 00:10:29 | Epoch 20/50 | Loss 0.1126 | Acc 96.43% | Val Loss 0.1145 | Val Acc 96.77% | 25.5s
2026-06-26 00:10:54 | Epoch 21/50 | Loss 0.1045 | Acc 96.33% | Val Loss 0.1102 | Val Acc 96.28% | 25.2s
2026-06-26 00:10:54 |   --> saved best to C:\Users\Admin\Desktop\hai\ConViTX\code ViT_8 block CNN\HybridModel_PlantPathology_Ablation\results\Hybrid_se-secbam-secbam_fold5_best.pth
2026-06-26 00:11:20 | Epoch 22/50 | Loss 0.1003 | Acc 96.77% | Val Loss 0.1060 | Val Acc 96.37% | 25.3s
2026-06-26 00:11:20 |   --> saved best to C:\Users\Admin\Desktop\hai\ConViTX\code ViT_8 block CNN\HybridModel_PlantPathology_Ablation\results\Hybrid_se-secbam-secbam_fold5_best.pth
2026-06-26 00:11:45 | Epoch 23/50 | Loss 0.0901 | Acc 97.10% | Val Loss 0.1063 | Val Acc 96.61% | 25.5s
2026-06-26 00:12:11 | Epoch 24/50 | Loss 0.0871 | Acc 97.10% | Val Loss 0.0991 | Val Acc 96.53% | 25.8s
2026-06-26 00:12:11 |   --> saved best to C:\Users\Admin\Desktop\hai\ConViTX\code ViT_8 block CNN\HybridModel_PlantPathology_Ablation\results\Hybrid_se-secbam-secbam_fold5_best.pth
2026-06-26 00:12:36 | Epoch 25/50 | Loss 0.0845 | Acc 97.28% | Val Loss 0.1032 | Val Acc 96.85% | 25.1s
2026-06-26 00:13:01 | Epoch 26/50 | Loss 0.0888 | Acc 97.00% | Val Loss 0.0981 | Val Acc 97.09% | 24.8s
2026-06-26 00:13:01 |   --> saved best to C:\Users\Admin\Desktop\hai\ConViTX\code ViT_8 block CNN\HybridModel_PlantPathology_Ablation\results\Hybrid_se-secbam-secbam_fold5_best.pth
2026-06-26 00:13:26 | Epoch 27/50 | Loss 0.0832 | Acc 97.30% | Val Loss 0.1109 | Val Acc 96.45% | 24.8s
2026-06-26 00:13:52 | Epoch 28/50 | Loss 0.0812 | Acc 97.22% | Val Loss 0.1088 | Val Acc 96.28% | 25.7s
2026-06-26 00:14:17 | Epoch 29/50 | Loss 0.0758 | Acc 97.44% | Val Loss 0.1064 | Val Acc 96.93% | 25.3s
2026-06-26 00:14:43 | Epoch 30/50 | Loss 0.0678 | Acc 97.75% | Val Loss 0.0977 | Val Acc 96.61% | 25.7s
2026-06-26 00:14:43 |   --> saved best to C:\Users\Admin\Desktop\hai\ConViTX\code ViT_8 block CNN\HybridModel_PlantPathology_Ablation\results\Hybrid_se-secbam-secbam_fold5_best.pth
2026-06-26 00:15:09 | Epoch 31/50 | Loss 0.0772 | Acc 97.44% | Val Loss 0.1011 | Val Acc 96.69% | 25.7s
2026-06-26 00:15:33 | Epoch 32/50 | Loss 0.0677 | Acc 97.77% | Val Loss 0.0972 | Val Acc 97.09% | 24.9s
2026-06-26 00:15:33 |   --> saved best to C:\Users\Admin\Desktop\hai\ConViTX\code ViT_8 block CNN\HybridModel_PlantPathology_Ablation\results\Hybrid_se-secbam-secbam_fold5_best.pth
2026-06-26 00:15:59 | Epoch 33/50 | Loss 0.0650 | Acc 98.07% | Val Loss 0.0944 | Val Acc 97.09% | 25.0s
2026-06-26 00:15:59 |   --> saved best to C:\Users\Admin\Desktop\hai\ConViTX\code ViT_8 block CNN\HybridModel_PlantPathology_Ablation\results\Hybrid_se-secbam-secbam_fold5_best.pth
2026-06-26 00:16:24 | Epoch 34/50 | Loss 0.0661 | Acc 97.83% | Val Loss 0.0875 | Val Acc 97.17% | 25.4s
2026-06-26 00:16:24 |   --> saved best to C:\Users\Admin\Desktop\hai\ConViTX\code ViT_8 block CNN\HybridModel_PlantPathology_Ablation\results\Hybrid_se-secbam-secbam_fold5_best.pth
2026-06-26 00:16:50 | Epoch 35/50 | Loss 0.0636 | Acc 97.93% | Val Loss 0.0934 | Val Acc 97.01% | 25.6s
2026-06-26 00:17:15 | Epoch 36/50 | Loss 0.0670 | Acc 97.67% | Val Loss 0.0895 | Val Acc 96.93% | 25.3s
2026-06-26 00:17:41 | Epoch 37/50 | Loss 0.0629 | Acc 97.77% | Val Loss 0.0888 | Val Acc 97.17% | 25.9s
2026-06-26 00:18:06 | Epoch 38/50 | Loss 0.0592 | Acc 98.17% | Val Loss 0.0988 | Val Acc 96.69% | 25.4s
2026-06-26 00:18:32 | Epoch 39/50 | Loss 0.0552 | Acc 98.13% | Val Loss 0.0927 | Val Acc 97.01% | 25.4s
2026-06-26 00:18:57 | Epoch 40/50 | Loss 0.0531 | Acc 98.21% | Val Loss 0.0962 | Val Acc 96.93% | 24.9s
2026-06-26 00:19:22 | Epoch 41/50 | Loss 0.0592 | Acc 97.97% | Val Loss 0.1040 | Val Acc 96.37% | 25.0s
2026-06-26 00:19:47 | Epoch 42/50 | Loss 0.0578 | Acc 98.07% | Val Loss 0.1038 | Val Acc 96.77% | 25.1s
2026-06-26 00:20:12 | Epoch 43/50 | Loss 0.0534 | Acc 98.28% | Val Loss 0.0940 | Val Acc 96.69% | 25.3s
2026-06-26 00:20:38 | Epoch 44/50 | Loss 0.0516 | Acc 98.32% | Val Loss 0.0950 | Val Acc 96.93% | 25.6s
2026-06-26 00:21:03 | Epoch 45/50 | Loss 0.0509 | Acc 98.40% | Val Loss 0.0868 | Val Acc 96.93% | 25.3s
2026-06-26 00:21:03 |   --> saved best to C:\Users\Admin\Desktop\hai\ConViTX\code ViT_8 block CNN\HybridModel_PlantPathology_Ablation\results\Hybrid_se-secbam-secbam_fold5_best.pth
2026-06-26 00:21:29 | Epoch 46/50 | Loss 0.0404 | Acc 98.78% | Val Loss 0.0903 | Val Acc 97.17% | 25.5s
2026-06-26 00:21:53 | Epoch 47/50 | Loss 0.0473 | Acc 98.68% | Val Loss 0.0939 | Val Acc 97.50% | 24.7s
2026-06-26 00:22:19 | Epoch 48/50 | Loss 0.0422 | Acc 98.50% | Val Loss 0.0930 | Val Acc 97.09% | 25.3s
2026-06-26 00:22:45 | Epoch 49/50 | Loss 0.0439 | Acc 98.60% | Val Loss 0.0976 | Val Acc 97.01% | 25.9s
2026-06-26 00:23:10 | Epoch 50/50 | Loss 0.0414 | Acc 98.56% | Val Loss 0.0961 | Val Acc 97.25% | 25.0s
2026-06-26 00:23:10 | Finished Hybrid_se-secbam-secbam fold 5 in 21.71 min.
2026-06-26 00:23:17 | 
================================================================================
2026-06-26 00:23:17 | ABLATION SUMMARY (AXIS 1) — folds run: [1, 2, 3, 4, 5]
2026-06-26 00:23:17 | ================================================================================
2026-06-26 00:23:17 | 
|                             |   Params (M) |   n_folds | Accuracy       | Precision      | Recall         | F1-Score       | Kappa           | AUC             | Train Time (min)   |
|:----------------------------|-------------:|----------:|:---------------|:---------------|:---------------|:---------------|:----------------|:----------------|:-------------------|
| Hybrid_none-none-none       |        0.319 |         5 | 96.64% ± 0.54% | 90.07% ± 2.53% | 86.09% ± 2.28% | 87.60% ± 2.29% | 0.9501 ± 0.0079 | 0.9884 ± 0.0022 | 33.96 ± 5.07       |
| Hybrid_se-se-se             |        0.329 |         5 | 96.92% ± 0.60% | 92.38% ± 2.09% | 86.48% ± 3.58% | 88.40% ± 3.22% | 0.9542 ± 0.0089 | 0.9901 ± 0.0028 | 19.96 ± 7.59       |
| Hybrid_se-se-secbam         |        0.331 |         5 | 96.79% ± 0.30% | 90.67% ± 1.72% | 86.23% ± 2.26% | 87.95% ± 2.17% | 0.9523 ± 0.0045 | 0.9901 ± 0.0036 | 26.68 ± 7.43       |
| Hybrid_secbam-secbam-secbam |        0.332 |         5 | 96.69% ± 0.40% | 89.79% ± 1.32% | 86.04% ± 2.93% | 87.43% ± 2.53% | 0.9508 ± 0.0060 | 0.9896 ± 0.0025 | 17.32 ± 3.06       |
| Hybrid_none-none-se         |        0.327 |         5 | 96.82% ± 0.55% | 90.75% ± 2.89% | 86.87% ± 3.32% | 88.42% ± 3.24% | 0.9527 ± 0.0082 | 0.9899 ± 0.0026 | 31.96 ± 4.43       |
| Hybrid_none-none-secbam     |        0.33  |         5 | 97.16% ± 0.44% | 91.93% ± 1.74% | 87.94% ± 2.67% | 89.35% ± 1.81% | 0.9578 ± 0.0066 | 0.9900 ± 0.0026 | 27.32 ± 7.50       |
| Hybrid_se-se-none           |        0.321 |         5 | 96.85% ± 0.49% | 91.67% ± 2.10% | 86.28% ± 3.48% | 87.90% ± 2.97% | 0.9532 ± 0.0073 | 0.9901 ± 0.0026 | 22.32 ± 0.79       |
| Hybrid_secbam-se-secbam     |        0.332 |         5 | 96.46% ± 0.37% | 89.56% ± 1.02% | 84.47% ± 3.19% | 86.04% ± 2.83% | 0.9474 ± 0.0055 | 0.9895 ± 0.0039 | 21.59 ± 2.24       |
| Hybrid_se-secbam-secbam     |        0.332 |         5 | 96.75% ± 0.63% | 90.05% ± 1.99% | 86.13% ± 2.63% | 87.67% ± 2.46% | 0.9518 ± 0.0095 | 0.9891 ± 0.0021 | 20.71 ± 1.13       |

2026-06-26 00:23:17 | Saved summary JSON to: C:\Users\Admin\Desktop\hai\ConViTX\code ViT_8 block CNN\HybridModel_PlantPathology_Ablation\results\ablation_kfold_results.json
2026-06-26 01:59:41 | Log file initialized at: C:\Users\Admin\Desktop\hai\ConViTX\code ViT_8 block CNN\HybridModel_PlantPathology_Ablation\results\ablation_training.log
2026-06-26 01:59:41 | AXIS=2 | Folds to run: [1, 2, 3, 4, 5] (of 5) | Seed=42
2026-06-26 01:59:41 | Configs (6): CNN-Only_none-none, ViT-Only_none-none, Hybrid_none-none-none, CNN-Only_se-secbam, ViT-Only_se-secbam, Hybrid_se-se-secbam
2026-06-26 01:59:41 | Hyperparams: epochs=50, batch=128, lr=0.0001, patience=15, AMP/FP16
2026-06-26 01:59:41 | Resume: tìm thấy progress C:\Users\Admin\Desktop\hai\ConViTX\code ViT_8 block CNN\HybridModel_PlantPathology_Ablation\results\ablation_kfold_progress.json | 65 run đã xong trong chiến dịch này
2026-06-26 01:59:41 | Using device: cuda
2026-06-26 01:59:42 | Dataset loaded. 6192 samples, 4 classes: ['healthy', 'multiple_diseases', 'rust', 'scab']
2026-06-26 01:59:42 |   [params] CNN-Only_none-none                 = 0.113 M
2026-06-26 01:59:42 |   [params] ViT-Only_none-none                 = 0.189 M
2026-06-26 01:59:42 |   [params] Hybrid_none-none-none              = 0.319 M
2026-06-26 01:59:42 |   [params] CNN-Only_se-secbam                 = 0.123 M
2026-06-26 01:59:42 |   [params] ViT-Only_se-secbam                 = 0.2 M
2026-06-26 01:59:42 |   [params] Hybrid_se-se-secbam                = 0.331 M
2026-06-26 01:59:42 | [RESUME] CNN-Only_none-none_fold1 đã train xong trong chiến dịch này -> bỏ qua. (dùng --force để train lại)
2026-06-26 01:59:42 | [RESUME] CNN-Only_none-none_fold2 đã train xong trong chiến dịch này -> bỏ qua. (dùng --force để train lại)
2026-06-26 01:59:42 | [RESUME] CNN-Only_none-none_fold3 đã train xong trong chiến dịch này -> bỏ qua. (dùng --force để train lại)
2026-06-26 01:59:42 | [RESUME] CNN-Only_none-none_fold4 đã train xong trong chiến dịch này -> bỏ qua. (dùng --force để train lại)
2026-06-26 01:59:42 | [RESUME] CNN-Only_none-none_fold5 đã train xong trong chiến dịch này -> bỏ qua. (dùng --force để train lại)
2026-06-26 01:59:42 | [RESUME] ViT-Only_none-none_fold1 đã train xong trong chiến dịch này -> bỏ qua. (dùng --force để train lại)
2026-06-26 01:59:42 | [RESUME] ViT-Only_none-none_fold2 đã train xong trong chiến dịch này -> bỏ qua. (dùng --force để train lại)
2026-06-26 01:59:42 | [RESUME] ViT-Only_none-none_fold3 đã train xong trong chiến dịch này -> bỏ qua. (dùng --force để train lại)
2026-06-26 01:59:42 | [RESUME] ViT-Only_none-none_fold4 đã train xong trong chiến dịch này -> bỏ qua. (dùng --force để train lại)
2026-06-26 01:59:42 | [RESUME] ViT-Only_none-none_fold5 đã train xong trong chiến dịch này -> bỏ qua. (dùng --force để train lại)
2026-06-26 01:59:42 | [RESUME] Hybrid_none-none-none_fold1 đã train xong trong chiến dịch này -> bỏ qua. (dùng --force để train lại)
2026-06-26 01:59:42 | [RESUME] Hybrid_none-none-none_fold2 đã train xong trong chiến dịch này -> bỏ qua. (dùng --force để train lại)
2026-06-26 01:59:42 | [RESUME] Hybrid_none-none-none_fold3 đã train xong trong chiến dịch này -> bỏ qua. (dùng --force để train lại)
2026-06-26 01:59:42 | [RESUME] Hybrid_none-none-none_fold4 đã train xong trong chiến dịch này -> bỏ qua. (dùng --force để train lại)
2026-06-26 01:59:42 | [RESUME] Hybrid_none-none-none_fold5 đã train xong trong chiến dịch này -> bỏ qua. (dùng --force để train lại)
2026-06-26 01:59:42 | [RESUME] CNN-Only_se-secbam_fold1 đã train xong trong chiến dịch này -> bỏ qua. (dùng --force để train lại)
2026-06-26 01:59:42 | [RESUME] CNN-Only_se-secbam_fold2 đã train xong trong chiến dịch này -> bỏ qua. (dùng --force để train lại)
2026-06-26 01:59:42 | [RESUME] CNN-Only_se-secbam_fold3 đã train xong trong chiến dịch này -> bỏ qua. (dùng --force để train lại)
2026-06-26 01:59:42 | [RESUME] CNN-Only_se-secbam_fold4 đã train xong trong chiến dịch này -> bỏ qua. (dùng --force để train lại)
2026-06-26 01:59:42 | [RESUME] CNN-Only_se-secbam_fold5 đã train xong trong chiến dịch này -> bỏ qua. (dùng --force để train lại)
2026-06-26 01:59:42 | [RESUME] ViT-Only_se-secbam_fold1 đã train xong trong chiến dịch này -> bỏ qua. (dùng --force để train lại)
2026-06-26 01:59:42 | [RESUME] ViT-Only_se-secbam_fold2 đã train xong trong chiến dịch này -> bỏ qua. (dùng --force để train lại)
2026-06-26 01:59:42 | [RESUME] ViT-Only_se-secbam_fold3 đã train xong trong chiến dịch này -> bỏ qua. (dùng --force để train lại)
2026-06-26 01:59:42 | [RESUME] ViT-Only_se-secbam_fold4 đã train xong trong chiến dịch này -> bỏ qua. (dùng --force để train lại)
2026-06-26 01:59:42 | [RESUME] ViT-Only_se-secbam_fold5 đã train xong trong chiến dịch này -> bỏ qua. (dùng --force để train lại)
2026-06-26 01:59:42 | [RESUME] Hybrid_se-se-secbam_fold1 đã train xong trong chiến dịch này -> bỏ qua. (dùng --force để train lại)
2026-06-26 01:59:42 | [RESUME] Hybrid_se-se-secbam_fold2 đã train xong trong chiến dịch này -> bỏ qua. (dùng --force để train lại)
2026-06-26 01:59:42 | [RESUME] Hybrid_se-se-secbam_fold3 đã train xong trong chiến dịch này -> bỏ qua. (dùng --force để train lại)
2026-06-26 01:59:42 | [RESUME] Hybrid_se-se-secbam_fold4 đã train xong trong chiến dịch này -> bỏ qua. (dùng --force để train lại)
2026-06-26 01:59:42 | [RESUME] Hybrid_se-se-secbam_fold5 đã train xong trong chiến dịch này -> bỏ qua. (dùng --force để train lại)
2026-06-26 01:59:42 | 
================================================================================
2026-06-26 01:59:42 | ABLATION SUMMARY (AXIS 2) — folds run: [1, 2, 3, 4, 5]
2026-06-26 01:59:42 | ================================================================================
2026-06-26 01:59:42 | 
|                       |   Params (M) |   n_folds | Accuracy       | Precision      | Recall         | F1-Score       | Kappa           | AUC             | Train Time (min)   |
|:----------------------|-------------:|----------:|:---------------|:---------------|:---------------|:---------------|:----------------|:----------------|:-------------------|
| CNN-Only_none-none    |        0.113 |         5 | 95.82% ± 0.45% | 87.76% ± 2.45% | 83.24% ± 2.05% | 84.80% ± 2.03% | 0.9378 ± 0.0066 | 0.9854 ± 0.0039 | 4.03 ± 0.48        |
| ViT-Only_none-none    |        0.189 |         5 | 77.02% ± 0.52% | 60.92% ± 5.12% | 59.61% ± 0.39% | 59.09% ± 0.92% | 0.6547 ± 0.0073 | 0.9054 ± 0.0113 | 12.15 ± 0.31       |
| Hybrid_none-none-none |        0.319 |         5 | 96.64% ± 0.54% | 90.07% ± 2.53% | 86.09% ± 2.28% | 87.60% ± 2.29% | 0.9501 ± 0.0079 | 0.9884 ± 0.0022 | 33.96 ± 5.07       |
| CNN-Only_se-secbam    |        0.123 |         5 | 96.16% ± 0.43% | 89.07% ± 1.90% | 82.91% ± 2.33% | 84.82% ± 2.39% | 0.9428 ± 0.0065 | 0.9859 ± 0.0041 | 3.54 ± 0.04        |
| ViT-Only_se-secbam    |        0.2   |         5 | 76.83% ± 1.88% | 65.96% ± 6.08% | 59.79% ± 1.28% | 59.40% ± 1.26% | 0.6523 ± 0.0276 | 0.9023 ± 0.0133 | 11.69 ± 0.01       |
| Hybrid_se-se-secbam   |        0.331 |         5 | 96.79% ± 0.30% | 90.67% ± 1.72% | 86.23% ± 2.26% | 87.95% ± 2.17% | 0.9523 ± 0.0045 | 0.9901 ± 0.0036 | 26.68 ± 7.43       |

2026-06-26 01:59:42 | Saved summary JSON to: C:\Users\Admin\Desktop\hai\ConViTX\code ViT_8 block CNN\HybridModel_PlantPathology_Ablation\results\ablation_kfold_results.json
2026-06-26 02:11:33 | Log file initialized at: C:\Users\Admin\Desktop\hai\ConViTX\code ViT_8 block CNN\HybridModel_PlantPathology_Ablation\results\ablation_training.log
2026-06-26 02:11:33 | AXIS=2 | Folds to run: [1, 2, 3, 4, 5] (of 5) | Seed=42
2026-06-26 02:11:33 | Configs (6): CNN-Only_none-none, ViT-Only_none-none, Hybrid_none-none-none, CNN-Only_none-secbam, ViT-Only_none-secbam, Hybrid_none-none-secbam
2026-06-26 02:11:33 | Hyperparams: epochs=50, batch=128, lr=0.0001, patience=15, AMP/FP16
2026-06-26 02:11:33 | Resume: tìm thấy progress C:\Users\Admin\Desktop\hai\ConViTX\code ViT_8 block CNN\HybridModel_PlantPathology_Ablation\results\ablation_kfold_progress.json | 65 run đã xong trong chiến dịch này
2026-06-26 02:11:33 | Using device: cuda
2026-06-26 02:11:33 | Dataset loaded. 6192 samples, 4 classes: ['healthy', 'multiple_diseases', 'rust', 'scab']
2026-06-26 02:11:33 |   [params] CNN-Only_none-none                 = 0.113 M
2026-06-26 02:11:33 |   [params] ViT-Only_none-none                 = 0.189 M
2026-06-26 02:11:33 |   [params] Hybrid_none-none-none              = 0.319 M
2026-06-26 02:11:33 |   [params] CNN-Only_none-secbam               = 0.123 M
2026-06-26 02:11:33 |   [params] ViT-Only_none-secbam               = 0.199 M
2026-06-26 02:11:33 |   [params] Hybrid_none-none-secbam            = 0.33 M
2026-06-26 02:11:33 | [RESUME] CNN-Only_none-none_fold1 đã train xong trong chiến dịch này -> bỏ qua. (dùng --force để train lại)
2026-06-26 02:11:33 | [RESUME] CNN-Only_none-none_fold2 đã train xong trong chiến dịch này -> bỏ qua. (dùng --force để train lại)
2026-06-26 02:11:33 | [RESUME] CNN-Only_none-none_fold3 đã train xong trong chiến dịch này -> bỏ qua. (dùng --force để train lại)
2026-06-26 02:11:33 | [RESUME] CNN-Only_none-none_fold4 đã train xong trong chiến dịch này -> bỏ qua. (dùng --force để train lại)
2026-06-26 02:11:33 | [RESUME] CNN-Only_none-none_fold5 đã train xong trong chiến dịch này -> bỏ qua. (dùng --force để train lại)
2026-06-26 02:11:33 | [RESUME] ViT-Only_none-none_fold1 đã train xong trong chiến dịch này -> bỏ qua. (dùng --force để train lại)
2026-06-26 02:11:33 | [RESUME] ViT-Only_none-none_fold2 đã train xong trong chiến dịch này -> bỏ qua. (dùng --force để train lại)
2026-06-26 02:11:33 | [RESUME] ViT-Only_none-none_fold3 đã train xong trong chiến dịch này -> bỏ qua. (dùng --force để train lại)
2026-06-26 02:11:33 | [RESUME] ViT-Only_none-none_fold4 đã train xong trong chiến dịch này -> bỏ qua. (dùng --force để train lại)
2026-06-26 02:11:33 | [RESUME] ViT-Only_none-none_fold5 đã train xong trong chiến dịch này -> bỏ qua. (dùng --force để train lại)
2026-06-26 02:11:33 | [RESUME] Hybrid_none-none-none_fold1 đã train xong trong chiến dịch này -> bỏ qua. (dùng --force để train lại)
2026-06-26 02:11:33 | [RESUME] Hybrid_none-none-none_fold2 đã train xong trong chiến dịch này -> bỏ qua. (dùng --force để train lại)
2026-06-26 02:11:33 | [RESUME] Hybrid_none-none-none_fold3 đã train xong trong chiến dịch này -> bỏ qua. (dùng --force để train lại)
2026-06-26 02:11:33 | [RESUME] Hybrid_none-none-none_fold4 đã train xong trong chiến dịch này -> bỏ qua. (dùng --force để train lại)
2026-06-26 02:11:33 | [RESUME] Hybrid_none-none-none_fold5 đã train xong trong chiến dịch này -> bỏ qua. (dùng --force để train lại)
2026-06-26 02:11:33 | 
================================================================================
2026-06-26 02:11:33 | TRAINING: CNN-Only_none-secbam | FOLD 1/5
2026-06-26 02:11:33 | ================================================================================
2026-06-26 02:13:24 | Epoch 01/50 | Loss 1.3561 | Acc 43.67% | Val Loss 1.3256 | Val Acc 56.09% | 110.2s
2026-06-26 02:13:24 |   --> saved best to C:\Users\Admin\Desktop\hai\ConViTX\code ViT_8 block CNN\HybridModel_PlantPathology_Ablation\results\CNN-Only_none-secbam_fold1_best.pth
2026-06-26 02:13:48 | Epoch 02/50 | Loss 1.2211 | Acc 62.36% | Val Loss 1.1274 | Val Acc 60.45% | 23.6s
2026-06-26 02:13:48 |   --> saved best to C:\Users\Admin\Desktop\hai\ConViTX\code ViT_8 block CNN\HybridModel_PlantPathology_Ablation\results\CNN-Only_none-secbam_fold1_best.pth
2026-06-26 02:14:04 | Epoch 03/50 | Loss 1.0389 | Acc 73.11% | Val Loss 0.9394 | Val Acc 73.45% | 16.6s
2026-06-26 02:14:04 |   --> saved best to C:\Users\Admin\Desktop\hai\ConViTX\code ViT_8 block CNN\HybridModel_PlantPathology_Ablation\results\CNN-Only_none-secbam_fold1_best.pth
2026-06-26 02:14:32 | Epoch 04/50 | Loss 0.8509 | Acc 79.54% | Val Loss 0.7475 | Val Acc 80.63% | 28.0s
2026-06-26 02:14:32 |   --> saved best to C:\Users\Admin\Desktop\hai\ConViTX\code ViT_8 block CNN\HybridModel_PlantPathology_Ablation\results\CNN-Only_none-secbam_fold1_best.pth
2026-06-26 02:14:50 | Epoch 05/50 | Loss 0.6861 | Acc 84.09% | Val Loss 0.6115 | Val Acc 83.21% | 17.9s
2026-06-26 02:14:50 |   --> saved best to C:\Users\Admin\Desktop\hai\ConViTX\code ViT_8 block CNN\HybridModel_PlantPathology_Ablation\results\CNN-Only_none-secbam_fold1_best.pth
2026-06-26 02:15:07 | Epoch 06/50 | Loss 0.5686 | Acc 86.60% | Val Loss 0.5163 | Val Acc 85.71% | 17.0s
2026-06-26 02:15:07 |   --> saved best to C:\Users\Admin\Desktop\hai\ConViTX\code ViT_8 block CNN\HybridModel_PlantPathology_Ablation\results\CNN-Only_none-secbam_fold1_best.pth
2026-06-26 02:15:24 | Epoch 07/50 | Loss 0.4752 | Acc 88.24% | Val Loss 0.4407 | Val Acc 88.38% | 17.0s
2026-06-26 02:15:24 |   --> saved best to C:\Users\Admin\Desktop\hai\ConViTX\code ViT_8 block CNN\HybridModel_PlantPathology_Ablation\results\CNN-Only_none-secbam_fold1_best.pth
2026-06-26 02:15:41 | Epoch 08/50 | Loss 0.4086 | Acc 90.25% | Val Loss 0.3997 | Val Acc 89.91% | 17.1s
2026-06-26 02:15:41 |   --> saved best to C:\Users\Admin\Desktop\hai\ConViTX\code ViT_8 block CNN\HybridModel_PlantPathology_Ablation\results\CNN-Only_none-secbam_fold1_best.pth
2026-06-26 02:15:59 | Epoch 09/50 | Loss 0.3602 | Acc 91.43% | Val Loss 0.3513 | Val Acc 90.56% | 17.4s
2026-06-26 02:15:59 |   --> saved best to C:\Users\Admin\Desktop\hai\ConViTX\code ViT_8 block CNN\HybridModel_PlantPathology_Ablation\results\CNN-Only_none-secbam_fold1_best.pth
2026-06-26 02:16:16 | Epoch 10/50 | Loss 0.3161 | Acc 92.25% | Val Loss 0.3159 | Val Acc 91.53% | 17.2s
2026-06-26 02:16:16 |   --> saved best to C:\Users\Admin\Desktop\hai\ConViTX\code ViT_8 block CNN\HybridModel_PlantPathology_Ablation\results\CNN-Only_none-secbam_fold1_best.pth
2026-06-26 02:16:38 | Epoch 11/50 | Loss 0.2861 | Acc 92.91% | Val Loss 0.2898 | Val Acc 91.53% | 21.9s
2026-06-26 02:16:38 |   --> saved best to C:\Users\Admin\Desktop\hai\ConViTX\code ViT_8 block CNN\HybridModel_PlantPathology_Ablation\results\CNN-Only_none-secbam_fold1_best.pth
2026-06-26 02:16:55 | Epoch 12/50 | Loss 0.2616 | Acc 93.48% | Val Loss 0.2703 | Val Acc 92.74% | 17.0s
2026-06-26 02:16:55 |   --> saved best to C:\Users\Admin\Desktop\hai\ConViTX\code ViT_8 block CNN\HybridModel_PlantPathology_Ablation\results\CNN-Only_none-secbam_fold1_best.pth
2026-06-26 02:17:23 | Epoch 13/50 | Loss 0.2385 | Acc 93.75% | Val Loss 0.2483 | Val Acc 93.54% | 27.9s
2026-06-26 02:17:23 |   --> saved best to C:\Users\Admin\Desktop\hai\ConViTX\code ViT_8 block CNN\HybridModel_PlantPathology_Ablation\results\CNN-Only_none-secbam_fold1_best.pth
2026-06-26 02:17:48 | Epoch 14/50 | Loss 0.2193 | Acc 94.18% | Val Loss 0.2400 | Val Acc 93.46% | 24.9s
2026-06-26 02:17:48 |   --> saved best to C:\Users\Admin\Desktop\hai\ConViTX\code ViT_8 block CNN\HybridModel_PlantPathology_Ablation\results\CNN-Only_none-secbam_fold1_best.pth
2026-06-26 02:18:25 | Epoch 15/50 | Loss 0.2074 | Acc 94.43% | Val Loss 0.2268 | Val Acc 93.30% | 37.3s
2026-06-26 02:18:25 |   --> saved best to C:\Users\Admin\Desktop\hai\ConViTX\code ViT_8 block CNN\HybridModel_PlantPathology_Ablation\results\CNN-Only_none-secbam_fold1_best.pth
2026-06-26 02:19:03 | Epoch 16/50 | Loss 0.1905 | Acc 94.61% | Val Loss 0.2128 | Val Acc 93.62% | 37.6s
2026-06-26 02:19:03 |   --> saved best to C:\Users\Admin\Desktop\hai\ConViTX\code ViT_8 block CNN\HybridModel_PlantPathology_Ablation\results\CNN-Only_none-secbam_fold1_best.pth
2026-06-26 02:19:40 | Epoch 17/50 | Loss 0.1832 | Acc 94.65% | Val Loss 0.2132 | Val Acc 93.54% | 37.5s
2026-06-26 02:20:18 | Epoch 18/50 | Loss 0.1722 | Acc 94.84% | Val Loss 0.2094 | Val Acc 93.30% | 37.3s
2026-06-26 02:20:18 |   --> saved best to C:\Users\Admin\Desktop\hai\ConViTX\code ViT_8 block CNN\HybridModel_PlantPathology_Ablation\results\CNN-Only_none-secbam_fold1_best.pth
2026-06-26 02:20:48 | Epoch 19/50 | Loss 0.1666 | Acc 95.00% | Val Loss 0.1880 | Val Acc 93.62% | 30.2s
2026-06-26 02:20:48 |   --> saved best to C:\Users\Admin\Desktop\hai\ConViTX\code ViT_8 block CNN\HybridModel_PlantPathology_Ablation\results\CNN-Only_none-secbam_fold1_best.pth
2026-06-26 02:21:11 | Epoch 20/50 | Loss 0.1558 | Acc 95.52% | Val Loss 0.1946 | Val Acc 93.54% | 23.3s
2026-06-26 02:21:29 | Epoch 21/50 | Loss 0.1472 | Acc 95.74% | Val Loss 0.1842 | Val Acc 93.95% | 17.3s
2026-06-26 02:21:29 |   --> saved best to C:\Users\Admin\Desktop\hai\ConViTX\code ViT_8 block CNN\HybridModel_PlantPathology_Ablation\results\CNN-Only_none-secbam_fold1_best.pth
2026-06-26 02:21:46 | Epoch 22/50 | Loss 0.1416 | Acc 95.79% | Val Loss 0.1849 | Val Acc 93.46% | 17.5s
2026-06-26 02:22:17 | Epoch 23/50 | Loss 0.1351 | Acc 95.97% | Val Loss 0.1841 | Val Acc 93.54% | 30.8s
2026-06-26 02:22:17 |   --> saved best to C:\Users\Admin\Desktop\hai\ConViTX\code ViT_8 block CNN\HybridModel_PlantPathology_Ablation\results\CNN-Only_none-secbam_fold1_best.pth
2026-06-26 02:22:55 | Epoch 24/50 | Loss 0.1294 | Acc 96.07% | Val Loss 0.1774 | Val Acc 93.87% | 37.5s
2026-06-26 02:22:55 |   --> saved best to C:\Users\Admin\Desktop\hai\ConViTX\code ViT_8 block CNN\HybridModel_PlantPathology_Ablation\results\CNN-Only_none-secbam_fold1_best.pth
2026-06-26 02:23:32 | Epoch 25/50 | Loss 0.1238 | Acc 96.40% | Val Loss 0.1698 | Val Acc 94.43% | 37.6s
2026-06-26 02:23:32 |   --> saved best to C:\Users\Admin\Desktop\hai\ConViTX\code ViT_8 block CNN\HybridModel_PlantPathology_Ablation\results\CNN-Only_none-secbam_fold1_best.pth
2026-06-26 02:24:09 | Epoch 26/50 | Loss 0.1189 | Acc 96.28% | Val Loss 0.1610 | Val Acc 94.43% | 36.8s
2026-06-26 02:24:09 |   --> saved best to C:\Users\Admin\Desktop\hai\ConViTX\code ViT_8 block CNN\HybridModel_PlantPathology_Ablation\results\CNN-Only_none-secbam_fold1_best.pth
2026-06-26 02:24:46 | Epoch 27/50 | Loss 0.1147 | Acc 96.69% | Val Loss 0.1676 | Val Acc 94.43% | 36.9s
2026-06-26 02:25:06 | Epoch 28/50 | Loss 0.1151 | Acc 96.57% | Val Loss 0.1572 | Val Acc 94.67% | 19.4s
2026-06-26 02:25:06 |   --> saved best to C:\Users\Admin\Desktop\hai\ConViTX\code ViT_8 block CNN\HybridModel_PlantPathology_Ablation\results\CNN-Only_none-secbam_fold1_best.pth
2026-06-26 02:25:23 | Epoch 29/50 | Loss 0.1133 | Acc 96.48% | Val Loss 0.1693 | Val Acc 94.67% | 17.5s
2026-06-26 02:25:48 | Epoch 30/50 | Loss 0.1093 | Acc 96.57% | Val Loss 0.1534 | Val Acc 94.92% | 24.9s
2026-06-26 02:25:48 |   --> saved best to C:\Users\Admin\Desktop\hai\ConViTX\code ViT_8 block CNN\HybridModel_PlantPathology_Ablation\results\CNN-Only_none-secbam_fold1_best.pth
2026-06-26 02:26:25 | Epoch 31/50 | Loss 0.1053 | Acc 96.69% | Val Loss 0.1512 | Val Acc 94.83% | 36.5s
2026-06-26 02:26:25 |   --> saved best to C:\Users\Admin\Desktop\hai\ConViTX\code ViT_8 block CNN\HybridModel_PlantPathology_Ablation\results\CNN-Only_none-secbam_fold1_best.pth
2026-06-26 02:27:02 | Epoch 32/50 | Loss 0.1018 | Acc 97.00% | Val Loss 0.1517 | Val Acc 94.67% | 37.3s
2026-06-26 02:27:39 | Epoch 33/50 | Loss 0.1020 | Acc 96.77% | Val Loss 0.1511 | Val Acc 94.83% | 37.0s
2026-06-26 02:27:39 |   --> saved best to C:\Users\Admin\Desktop\hai\ConViTX\code ViT_8 block CNN\HybridModel_PlantPathology_Ablation\results\CNN-Only_none-secbam_fold1_best.pth
2026-06-26 02:28:16 | Epoch 34/50 | Loss 0.0935 | Acc 97.06% | Val Loss 0.1565 | Val Acc 95.08% | 36.7s
2026-06-26 02:28:53 | Epoch 35/50 | Loss 0.0912 | Acc 97.02% | Val Loss 0.1578 | Val Acc 95.40% | 36.7s
2026-06-26 02:29:30 | Epoch 36/50 | Loss 0.0951 | Acc 96.88% | Val Loss 0.1542 | Val Acc 94.27% | 36.8s
2026-06-26 02:30:07 | Epoch 37/50 | Loss 0.0914 | Acc 97.22% | Val Loss 0.1530 | Val Acc 94.83% | 37.0s
2026-06-26 02:30:44 | Epoch 38/50 | Loss 0.0885 | Acc 97.33% | Val Loss 0.1522 | Val Acc 95.16% | 37.1s
2026-06-26 02:31:22 | Epoch 39/50 | Loss 0.0831 | Acc 97.18% | Val Loss 0.1474 | Val Acc 95.40% | 37.8s
2026-06-26 02:31:22 |   --> saved best to C:\Users\Admin\Desktop\hai\ConViTX\code ViT_8 block CNN\HybridModel_PlantPathology_Ablation\results\CNN-Only_none-secbam_fold1_best.pth
2026-06-26 02:31:59 | Epoch 40/50 | Loss 0.0814 | Acc 97.47% | Val Loss 0.1432 | Val Acc 95.64% | 37.1s
2026-06-26 02:31:59 |   --> saved best to C:\Users\Admin\Desktop\hai\ConViTX\code ViT_8 block CNN\HybridModel_PlantPathology_Ablation\results\CNN-Only_none-secbam_fold1_best.pth
2026-06-26 02:32:36 | Epoch 41/50 | Loss 0.0838 | Acc 97.41% | Val Loss 0.1473 | Val Acc 95.32% | 36.9s
2026-06-26 02:33:13 | Epoch 42/50 | Loss 0.0769 | Acc 97.55% | Val Loss 0.1396 | Val Acc 95.16% | 37.3s
2026-06-26 02:33:13 |   --> saved best to C:\Users\Admin\Desktop\hai\ConViTX\code ViT_8 block CNN\HybridModel_PlantPathology_Ablation\results\CNN-Only_none-secbam_fold1_best.pth
2026-06-26 02:33:51 | Epoch 43/50 | Loss 0.0762 | Acc 97.45% | Val Loss 0.1664 | Val Acc 93.95% | 37.6s
2026-06-26 02:34:29 | Epoch 44/50 | Loss 0.0747 | Acc 97.74% | Val Loss 0.1398 | Val Acc 95.32% | 38.2s
2026-06-26 02:35:07 | Epoch 45/50 | Loss 0.0769 | Acc 97.57% | Val Loss 0.1471 | Val Acc 95.24% | 38.0s
2026-06-26 02:35:45 | Epoch 46/50 | Loss 0.0673 | Acc 97.78% | Val Loss 0.1507 | Val Acc 95.00% | 37.6s
2026-06-26 02:36:22 | Epoch 47/50 | Loss 0.0712 | Acc 97.64% | Val Loss 0.1469 | Val Acc 95.08% | 37.5s
2026-06-26 02:37:00 | Epoch 48/50 | Loss 0.0720 | Acc 97.74% | Val Loss 0.1371 | Val Acc 95.24% | 37.5s
2026-06-26 02:37:00 |   --> saved best to C:\Users\Admin\Desktop\hai\ConViTX\code ViT_8 block CNN\HybridModel_PlantPathology_Ablation\results\CNN-Only_none-secbam_fold1_best.pth
2026-06-26 02:37:38 | Epoch 49/50 | Loss 0.0717 | Acc 97.82% | Val Loss 0.1340 | Val Acc 95.72% | 37.7s
2026-06-26 02:37:38 |   --> saved best to C:\Users\Admin\Desktop\hai\ConViTX\code ViT_8 block CNN\HybridModel_PlantPathology_Ablation\results\CNN-Only_none-secbam_fold1_best.pth
2026-06-26 02:38:15 | Epoch 50/50 | Loss 0.0689 | Acc 97.96% | Val Loss 0.1374 | Val Acc 95.48% | 37.2s
2026-06-26 02:38:15 | Finished CNN-Only_none-secbam fold 1 in 26.69 min.
2026-06-26 02:38:33 | 
================================================================================
2026-06-26 02:38:33 | TRAINING: CNN-Only_none-secbam | FOLD 2/5
2026-06-26 02:38:33 | ================================================================================
2026-06-26 02:40:28 | Epoch 01/50 | Loss 1.3265 | Acc 46.63% | Val Loss 1.2841 | Val Acc 57.22% | 115.3s
2026-06-26 02:40:28 |   --> saved best to C:\Users\Admin\Desktop\hai\ConViTX\code ViT_8 block CNN\HybridModel_PlantPathology_Ablation\results\CNN-Only_none-secbam_fold2_best.pth
2026-06-26 02:41:09 | Epoch 02/50 | Loss 1.1943 | Acc 63.26% | Val Loss 1.0652 | Val Acc 68.93% | 40.2s
2026-06-26 02:41:09 |   --> saved best to C:\Users\Admin\Desktop\hai\ConViTX\code ViT_8 block CNN\HybridModel_PlantPathology_Ablation\results\CNN-Only_none-secbam_fold2_best.pth
2026-06-26 02:41:48 | Epoch 03/50 | Loss 1.0062 | Acc 73.52% | Val Loss 0.8809 | Val Acc 80.95% | 39.4s
2026-06-26 02:41:48 |   --> saved best to C:\Users\Admin\Desktop\hai\ConViTX\code ViT_8 block CNN\HybridModel_PlantPathology_Ablation\results\CNN-Only_none-secbam_fold2_best.pth
2026-06-26 02:42:26 | Epoch 04/50 | Loss 0.8314 | Acc 81.54% | Val Loss 0.7293 | Val Acc 86.68% | 38.1s
2026-06-26 02:42:26 |   --> saved best to C:\Users\Admin\Desktop\hai\ConViTX\code ViT_8 block CNN\HybridModel_PlantPathology_Ablation\results\CNN-Only_none-secbam_fold2_best.pth
2026-06-26 02:43:03 | Epoch 05/50 | Loss 0.6870 | Acc 85.26% | Val Loss 0.5971 | Val Acc 88.78% | 37.2s
2026-06-26 02:43:03 |   --> saved best to C:\Users\Admin\Desktop\hai\ConViTX\code ViT_8 block CNN\HybridModel_PlantPathology_Ablation\results\CNN-Only_none-secbam_fold2_best.pth
2026-06-26 02:43:41 | Epoch 06/50 | Loss 0.5679 | Acc 87.52% | Val Loss 0.4940 | Val Acc 89.91% | 37.3s
2026-06-26 02:43:41 |   --> saved best to C:\Users\Admin\Desktop\hai\ConViTX\code ViT_8 block CNN\HybridModel_PlantPathology_Ablation\results\CNN-Only_none-secbam_fold2_best.pth
2026-06-26 02:44:18 | Epoch 07/50 | Loss 0.4833 | Acc 88.40% | Val Loss 0.4136 | Val Acc 90.88% | 37.3s
2026-06-26 02:44:18 |   --> saved best to C:\Users\Admin\Desktop\hai\ConViTX\code ViT_8 block CNN\HybridModel_PlantPathology_Ablation\results\CNN-Only_none-secbam_fold2_best.pth
2026-06-26 02:44:54 | Epoch 08/50 | Loss 0.4162 | Acc 90.17% | Val Loss 0.3459 | Val Acc 91.93% | 36.0s
2026-06-26 02:44:54 |   --> saved best to C:\Users\Admin\Desktop\hai\ConViTX\code ViT_8 block CNN\HybridModel_PlantPathology_Ablation\results\CNN-Only_none-secbam_fold2_best.pth
2026-06-26 02:45:30 | Epoch 09/50 | Loss 0.3651 | Acc 91.08% | Val Loss 0.3077 | Val Acc 92.41% | 36.2s
2026-06-26 02:45:30 |   --> saved best to C:\Users\Admin\Desktop\hai\ConViTX\code ViT_8 block CNN\HybridModel_PlantPathology_Ablation\results\CNN-Only_none-secbam_fold2_best.pth
2026-06-26 02:46:06 | Epoch 10/50 | Loss 0.3261 | Acc 91.98% | Val Loss 0.2737 | Val Acc 92.57% | 36.0s
2026-06-26 02:46:06 |   --> saved best to C:\Users\Admin\Desktop\hai\ConViTX\code ViT_8 block CNN\HybridModel_PlantPathology_Ablation\results\CNN-Only_none-secbam_fold2_best.pth
2026-06-26 02:46:44 | Epoch 11/50 | Loss 0.2915 | Acc 92.93% | Val Loss 0.2438 | Val Acc 93.30% | 37.2s
2026-06-26 02:46:44 |   --> saved best to C:\Users\Admin\Desktop\hai\ConViTX\code ViT_8 block CNN\HybridModel_PlantPathology_Ablation\results\CNN-Only_none-secbam_fold2_best.pth
2026-06-26 02:47:05 | Epoch 12/50 | Loss 0.2651 | Acc 93.07% | Val Loss 0.2329 | Val Acc 93.54% | 21.2s
2026-06-26 02:47:05 |   --> saved best to C:\Users\Admin\Desktop\hai\ConViTX\code ViT_8 block CNN\HybridModel_PlantPathology_Ablation\results\CNN-Only_none-secbam_fold2_best.pth
2026-06-26 02:47:34 | Epoch 13/50 | Loss 0.2507 | Acc 93.48% | Val Loss 0.2115 | Val Acc 93.79% | 29.0s
2026-06-26 02:47:34 |   --> saved best to C:\Users\Admin\Desktop\hai\ConViTX\code ViT_8 block CNN\HybridModel_PlantPathology_Ablation\results\CNN-Only_none-secbam_fold2_best.pth
2026-06-26 02:47:57 | Epoch 14/50 | Loss 0.2270 | Acc 94.04% | Val Loss 0.1994 | Val Acc 94.11% | 22.9s
2026-06-26 02:47:57 |   --> saved best to C:\Users\Admin\Desktop\hai\ConViTX\code ViT_8 block CNN\HybridModel_PlantPathology_Ablation\results\CNN-Only_none-secbam_fold2_best.pth
2026-06-26 02:48:15 | Epoch 15/50 | Loss 0.2136 | Acc 94.31% | Val Loss 0.1844 | Val Acc 94.43% | 18.4s
2026-06-26 02:48:15 |   --> saved best to C:\Users\Admin\Desktop\hai\ConViTX\code ViT_8 block CNN\HybridModel_PlantPathology_Ablation\results\CNN-Only_none-secbam_fold2_best.pth
2026-06-26 02:48:34 | Epoch 16/50 | Loss 0.1973 | Acc 94.53% | Val Loss 0.1731 | Val Acc 94.83% | 18.2s
2026-06-26 02:48:34 |   --> saved best to C:\Users\Admin\Desktop\hai\ConViTX\code ViT_8 block CNN\HybridModel_PlantPathology_Ablation\results\CNN-Only_none-secbam_fold2_best.pth
2026-06-26 02:48:52 | Epoch 17/50 | Loss 0.1892 | Acc 94.51% | Val Loss 0.1623 | Val Acc 95.16% | 18.4s
2026-06-26 02:48:52 |   --> saved best to C:\Users\Admin\Desktop\hai\ConViTX\code ViT_8 block CNN\HybridModel_PlantPathology_Ablation\results\CNN-Only_none-secbam_fold2_best.pth
2026-06-26 02:49:10 | Epoch 18/50 | Loss 0.1798 | Acc 94.94% | Val Loss 0.1622 | Val Acc 95.00% | 18.3s
2026-06-26 02:49:10 |   --> saved best to C:\Users\Admin\Desktop\hai\ConViTX\code ViT_8 block CNN\HybridModel_PlantPathology_Ablation\results\CNN-Only_none-secbam_fold2_best.pth
2026-06-26 02:49:28 | Epoch 19/50 | Loss 0.1727 | Acc 94.72% | Val Loss 0.1495 | Val Acc 95.16% | 18.1s
2026-06-26 02:49:29 |   --> saved best to C:\Users\Admin\Desktop\hai\ConViTX\code ViT_8 block CNN\HybridModel_PlantPathology_Ablation\results\CNN-Only_none-secbam_fold2_best.pth
2026-06-26 02:49:47 | Epoch 20/50 | Loss 0.1665 | Acc 95.17% | Val Loss 0.1464 | Val Acc 95.56% | 18.5s
2026-06-26 02:49:47 |   --> saved best to C:\Users\Admin\Desktop\hai\ConViTX\code ViT_8 block CNN\HybridModel_PlantPathology_Ablation\results\CNN-Only_none-secbam_fold2_best.pth
2026-06-26 02:50:05 | Epoch 21/50 | Loss 0.1552 | Acc 95.07% | Val Loss 0.1436 | Val Acc 95.80% | 18.2s
2026-06-26 02:50:05 |   --> saved best to C:\Users\Admin\Desktop\hai\ConViTX\code ViT_8 block CNN\HybridModel_PlantPathology_Ablation\results\CNN-Only_none-secbam_fold2_best.pth
2026-06-26 02:50:24 | Epoch 22/50 | Loss 0.1470 | Acc 95.50% | Val Loss 0.1366 | Val Acc 95.48% | 18.2s
2026-06-26 02:50:24 |   --> saved best to C:\Users\Admin\Desktop\hai\ConViTX\code ViT_8 block CNN\HybridModel_PlantPathology_Ablation\results\CNN-Only_none-secbam_fold2_best.pth
2026-06-26 02:50:42 | Epoch 23/50 | Loss 0.1410 | Acc 95.68% | Val Loss 0.1421 | Val Acc 95.48% | 18.0s
2026-06-26 02:51:00 | Epoch 24/50 | Loss 0.1422 | Acc 95.39% | Val Loss 0.1271 | Val Acc 96.37% | 18.3s
2026-06-26 02:51:00 |   --> saved best to C:\Users\Admin\Desktop\hai\ConViTX\code ViT_8 block CNN\HybridModel_PlantPathology_Ablation\results\CNN-Only_none-secbam_fold2_best.pth
2026-06-26 02:51:18 | Epoch 25/50 | Loss 0.1372 | Acc 95.72% | Val Loss 0.1282 | Val Acc 95.96% | 18.4s
2026-06-26 02:51:37 | Epoch 26/50 | Loss 0.1326 | Acc 95.95% | Val Loss 0.1326 | Val Acc 96.05% | 18.3s
2026-06-26 02:51:56 | Epoch 27/50 | Loss 0.1242 | Acc 96.22% | Val Loss 0.1225 | Val Acc 96.05% | 19.2s
2026-06-26 02:51:56 |   --> saved best to C:\Users\Admin\Desktop\hai\ConViTX\code ViT_8 block CNN\HybridModel_PlantPathology_Ablation\results\CNN-Only_none-secbam_fold2_best.pth
2026-06-26 02:52:15 | Epoch 28/50 | Loss 0.1242 | Acc 96.20% | Val Loss 0.1225 | Val Acc 96.21% | 18.8s
2026-06-26 02:52:15 |   --> saved best to C:\Users\Admin\Desktop\hai\ConViTX\code ViT_8 block CNN\HybridModel_PlantPathology_Ablation\results\CNN-Only_none-secbam_fold2_best.pth
2026-06-26 02:52:33 | Epoch 29/50 | Loss 0.1188 | Acc 96.28% | Val Loss 0.1219 | Val Acc 96.13% | 18.3s
2026-06-26 02:52:33 |   --> saved best to C:\Users\Admin\Desktop\hai\ConViTX\code ViT_8 block CNN\HybridModel_PlantPathology_Ablation\results\CNN-Only_none-secbam_fold2_best.pth
2026-06-26 02:52:51 | Epoch 30/50 | Loss 0.1184 | Acc 96.24% | Val Loss 0.1155 | Val Acc 96.53% | 18.3s
2026-06-26 02:52:51 |   --> saved best to C:\Users\Admin\Desktop\hai\ConViTX\code ViT_8 block CNN\HybridModel_PlantPathology_Ablation\results\CNN-Only_none-secbam_fold2_best.pth
2026-06-26 02:53:10 | Epoch 31/50 | Loss 0.1100 | Acc 96.57% | Val Loss 0.1177 | Val Acc 96.37% | 18.2s
2026-06-26 02:53:28 | Epoch 32/50 | Loss 0.1100 | Acc 96.73% | Val Loss 0.1107 | Val Acc 96.61% | 18.3s
2026-06-26 02:53:28 |   --> saved best to C:\Users\Admin\Desktop\hai\ConViTX\code ViT_8 block CNN\HybridModel_PlantPathology_Ablation\results\CNN-Only_none-secbam_fold2_best.pth
2026-06-26 02:53:47 | Epoch 33/50 | Loss 0.1043 | Acc 96.71% | Val Loss 0.1060 | Val Acc 96.53% | 18.8s
2026-06-26 02:53:47 |   --> saved best to C:\Users\Admin\Desktop\hai\ConViTX\code ViT_8 block CNN\HybridModel_PlantPathology_Ablation\results\CNN-Only_none-secbam_fold2_best.pth
2026-06-26 02:54:06 | Epoch 34/50 | Loss 0.1053 | Acc 96.61% | Val Loss 0.1100 | Val Acc 96.37% | 18.6s
2026-06-26 02:54:24 | Epoch 35/50 | Loss 0.0991 | Acc 96.98% | Val Loss 0.1151 | Val Acc 96.05% | 18.2s
2026-06-26 02:54:42 | Epoch 36/50 | Loss 0.0936 | Acc 96.83% | Val Loss 0.1036 | Val Acc 96.69% | 18.1s
2026-06-26 02:54:42 |   --> saved best to C:\Users\Admin\Desktop\hai\ConViTX\code ViT_8 block CNN\HybridModel_PlantPathology_Ablation\results\CNN-Only_none-secbam_fold2_best.pth
2026-06-26 02:55:00 | Epoch 37/50 | Loss 0.0959 | Acc 97.27% | Val Loss 0.1048 | Val Acc 96.13% | 18.0s
2026-06-26 02:55:18 | Epoch 38/50 | Loss 0.0933 | Acc 97.06% | Val Loss 0.1078 | Val Acc 96.61% | 18.4s
2026-06-26 02:55:37 | Epoch 39/50 | Loss 0.0964 | Acc 96.96% | Val Loss 0.1113 | Val Acc 96.21% | 18.2s
2026-06-26 02:55:55 | Epoch 40/50 | Loss 0.0920 | Acc 97.10% | Val Loss 0.1092 | Val Acc 96.05% | 18.4s
2026-06-26 02:56:14 | Epoch 41/50 | Loss 0.0835 | Acc 97.41% | Val Loss 0.1063 | Val Acc 96.45% | 18.5s
2026-06-26 02:56:32 | Epoch 42/50 | Loss 0.0823 | Acc 97.37% | Val Loss 0.1071 | Val Acc 96.29% | 18.5s
2026-06-26 02:56:51 | Epoch 43/50 | Loss 0.0818 | Acc 97.39% | Val Loss 0.1048 | Val Acc 96.45% | 18.5s
2026-06-26 02:57:09 | Epoch 44/50 | Loss 0.0785 | Acc 97.66% | Val Loss 0.0978 | Val Acc 96.53% | 18.2s
2026-06-26 02:57:09 |   --> saved best to C:\Users\Admin\Desktop\hai\ConViTX\code ViT_8 block CNN\HybridModel_PlantPathology_Ablation\results\CNN-Only_none-secbam_fold2_best.pth
2026-06-26 02:57:27 | Epoch 45/50 | Loss 0.0809 | Acc 97.37% | Val Loss 0.1122 | Val Acc 96.21% | 18.1s
2026-06-26 02:57:45 | Epoch 46/50 | Loss 0.0790 | Acc 97.57% | Val Loss 0.1017 | Val Acc 96.13% | 18.0s
2026-06-26 02:58:04 | Epoch 47/50 | Loss 0.0752 | Acc 97.59% | Val Loss 0.1077 | Val Acc 96.45% | 18.4s
2026-06-26 02:58:22 | Epoch 48/50 | Loss 0.0770 | Acc 97.68% | Val Loss 0.1033 | Val Acc 96.85% | 18.3s
2026-06-26 02:58:40 | Epoch 49/50 | Loss 0.0747 | Acc 97.57% | Val Loss 0.1124 | Val Acc 96.45% | 18.4s
2026-06-26 02:58:59 | Epoch 50/50 | Loss 0.0733 | Acc 97.59% | Val Loss 0.1007 | Val Acc 96.61% | 18.4s
2026-06-26 02:58:59 | Finished CNN-Only_none-secbam fold 2 in 20.43 min.
2026-06-26 02:59:08 | 
================================================================================
2026-06-26 02:59:08 | TRAINING: CNN-Only_none-secbam | FOLD 3/5
2026-06-26 02:59:08 | ================================================================================
2026-06-26 03:00:56 | Epoch 01/50 | Loss 1.3555 | Acc 32.20% | Val Loss 1.3299 | Val Acc 32.23% | 108.0s
2026-06-26 03:00:56 |   --> saved best to C:\Users\Admin\Desktop\hai\ConViTX\code ViT_8 block CNN\HybridModel_PlantPathology_Ablation\results\CNN-Only_none-secbam_fold3_best.pth
2026-06-26 03:01:37 | Epoch 02/50 | Loss 1.2549 | Acc 45.56% | Val Loss 1.1821 | Val Acc 51.53% | 40.5s
2026-06-26 03:01:37 |   --> saved best to C:\Users\Admin\Desktop\hai\ConViTX\code ViT_8 block CNN\HybridModel_PlantPathology_Ablation\results\CNN-Only_none-secbam_fold3_best.pth
2026-06-26 03:02:16 | Epoch 03/50 | Loss 1.1179 | Acc 65.52% | Val Loss 1.0280 | Val Acc 64.38% | 39.1s
2026-06-26 03:02:16 |   --> saved best to C:\Users\Admin\Desktop\hai\ConViTX\code ViT_8 block CNN\HybridModel_PlantPathology_Ablation\results\CNN-Only_none-secbam_fold3_best.pth
2026-06-26 03:02:54 | Epoch 04/50 | Loss 0.9634 | Acc 76.58% | Val Loss 0.8810 | Val Acc 76.09% | 38.1s
2026-06-26 03:02:54 |   --> saved best to C:\Users\Admin\Desktop\hai\ConViTX\code ViT_8 block CNN\HybridModel_PlantPathology_Ablation\results\CNN-Only_none-secbam_fold3_best.pth
2026-06-26 03:03:32 | Epoch 05/50 | Loss 0.8060 | Acc 83.29% | Val Loss 0.7271 | Val Acc 83.84% | 37.8s
2026-06-26 03:03:32 |   --> saved best to C:\Users\Admin\Desktop\hai\ConViTX\code ViT_8 block CNN\HybridModel_PlantPathology_Ablation\results\CNN-Only_none-secbam_fold3_best.pth
2026-06-26 03:04:11 | Epoch 06/50 | Loss 0.6650 | Acc 85.83% | Val Loss 0.5824 | Val Acc 86.03% | 38.9s
2026-06-26 03:04:11 |   --> saved best to C:\Users\Admin\Desktop\hai\ConViTX\code ViT_8 block CNN\HybridModel_PlantPathology_Ablation\results\CNN-Only_none-secbam_fold3_best.pth
2026-06-26 03:04:48 | Epoch 07/50 | Loss 0.5437 | Acc 88.12% | Val Loss 0.4849 | Val Acc 89.10% | 36.7s
2026-06-26 03:04:48 |   --> saved best to C:\Users\Admin\Desktop\hai\ConViTX\code ViT_8 block CNN\HybridModel_PlantPathology_Ablation\results\CNN-Only_none-secbam_fold3_best.pth
2026-06-26 03:05:25 | Epoch 08/50 | Loss 0.4541 | Acc 90.09% | Val Loss 0.4154 | Val Acc 90.87% | 37.0s
2026-06-26 03:05:25 |   --> saved best to C:\Users\Admin\Desktop\hai\ConViTX\code ViT_8 block CNN\HybridModel_PlantPathology_Ablation\results\CNN-Only_none-secbam_fold3_best.pth
2026-06-26 03:06:02 | Epoch 09/50 | Loss 0.3919 | Acc 91.34% | Val Loss 0.3529 | Val Acc 91.11% | 36.6s
2026-06-26 03:06:02 |   --> saved best to C:\Users\Admin\Desktop\hai\ConViTX\code ViT_8 block CNN\HybridModel_PlantPathology_Ablation\results\CNN-Only_none-secbam_fold3_best.pth
2026-06-26 03:06:38 | Epoch 10/50 | Loss 0.3457 | Acc 91.92% | Val Loss 0.3359 | Val Acc 92.33% | 36.5s
2026-06-26 03:06:38 |   --> saved best to C:\Users\Admin\Desktop\hai\ConViTX\code ViT_8 block CNN\HybridModel_PlantPathology_Ablation\results\CNN-Only_none-secbam_fold3_best.pth
2026-06-26 03:07:15 | Epoch 11/50 | Loss 0.3088 | Acc 92.48% | Val Loss 0.2833 | Val Acc 92.97% | 36.9s
2026-06-26 03:07:15 |   --> saved best to C:\Users\Admin\Desktop\hai\ConViTX\code ViT_8 block CNN\HybridModel_PlantPathology_Ablation\results\CNN-Only_none-secbam_fold3_best.pth
2026-06-26 03:07:52 | Epoch 12/50 | Loss 0.2758 | Acc 93.05% | Val Loss 0.2568 | Val Acc 93.78% | 36.9s
2026-06-26 03:07:52 |   --> saved best to C:\Users\Admin\Desktop\hai\ConViTX\code ViT_8 block CNN\HybridModel_PlantPathology_Ablation\results\CNN-Only_none-secbam_fold3_best.pth
2026-06-26 03:08:29 | Epoch 13/50 | Loss 0.2517 | Acc 93.48% | Val Loss 0.2429 | Val Acc 93.54% | 36.6s
2026-06-26 03:08:29 |   --> saved best to C:\Users\Admin\Desktop\hai\ConViTX\code ViT_8 block CNN\HybridModel_PlantPathology_Ablation\results\CNN-Only_none-secbam_fold3_best.pth
2026-06-26 03:09:06 | Epoch 14/50 | Loss 0.2371 | Acc 93.81% | Val Loss 0.2251 | Val Acc 93.54% | 36.7s
2026-06-26 03:09:06 |   --> saved best to C:\Users\Admin\Desktop\hai\ConViTX\code ViT_8 block CNN\HybridModel_PlantPathology_Ablation\results\CNN-Only_none-secbam_fold3_best.pth
2026-06-26 03:09:42 | Epoch 15/50 | Loss 0.2194 | Acc 94.28% | Val Loss 0.2171 | Val Acc 93.94% | 36.8s
2026-06-26 03:09:43 |   --> saved best to C:\Users\Admin\Desktop\hai\ConViTX\code ViT_8 block CNN\HybridModel_PlantPathology_Ablation\results\CNN-Only_none-secbam_fold3_best.pth
2026-06-26 03:10:19 | Epoch 16/50 | Loss 0.2027 | Acc 94.33% | Val Loss 0.2073 | Val Acc 94.10% | 36.6s
2026-06-26 03:10:19 |   --> saved best to C:\Users\Admin\Desktop\hai\ConViTX\code ViT_8 block CNN\HybridModel_PlantPathology_Ablation\results\CNN-Only_none-secbam_fold3_best.pth
2026-06-26 03:10:56 | Epoch 17/50 | Loss 0.1884 | Acc 94.59% | Val Loss 0.1909 | Val Acc 94.26% | 36.5s
2026-06-26 03:10:56 |   --> saved best to C:\Users\Admin\Desktop\hai\ConViTX\code ViT_8 block CNN\HybridModel_PlantPathology_Ablation\results\CNN-Only_none-secbam_fold3_best.pth
2026-06-26 03:11:33 | Epoch 18/50 | Loss 0.1824 | Acc 94.78% | Val Loss 0.1761 | Val Acc 94.75% | 36.9s
2026-06-26 03:11:33 |   --> saved best to C:\Users\Admin\Desktop\hai\ConViTX\code ViT_8 block CNN\HybridModel_PlantPathology_Ablation\results\CNN-Only_none-secbam_fold3_best.pth
2026-06-26 03:12:09 | Epoch 19/50 | Loss 0.1717 | Acc 95.33% | Val Loss 0.1782 | Val Acc 94.83% | 36.6s
2026-06-26 03:12:46 | Epoch 20/50 | Loss 0.1657 | Acc 95.29% | Val Loss 0.1680 | Val Acc 94.75% | 36.8s
2026-06-26 03:12:46 |   --> saved best to C:\Users\Admin\Desktop\hai\ConViTX\code ViT_8 block CNN\HybridModel_PlantPathology_Ablation\results\CNN-Only_none-secbam_fold3_best.pth
2026-06-26 03:13:23 | Epoch 21/50 | Loss 0.1548 | Acc 95.35% | Val Loss 0.1642 | Val Acc 95.32% | 36.8s
2026-06-26 03:13:23 |   --> saved best to C:\Users\Admin\Desktop\hai\ConViTX\code ViT_8 block CNN\HybridModel_PlantPathology_Ablation\results\CNN-Only_none-secbam_fold3_best.pth
2026-06-26 03:14:01 | Epoch 22/50 | Loss 0.1454 | Acc 95.74% | Val Loss 0.1651 | Val Acc 94.99% | 37.5s
2026-06-26 03:14:37 | Epoch 23/50 | Loss 0.1367 | Acc 95.66% | Val Loss 0.1544 | Val Acc 95.07% | 36.5s
2026-06-26 03:14:37 |   --> saved best to C:\Users\Admin\Desktop\hai\ConViTX\code ViT_8 block CNN\HybridModel_PlantPathology_Ablation\results\CNN-Only_none-secbam_fold3_best.pth
2026-06-26 03:15:13 | Epoch 24/50 | Loss 0.1323 | Acc 95.89% | Val Loss 0.1528 | Val Acc 95.23% | 35.5s
2026-06-26 03:15:13 |   --> saved best to C:\Users\Admin\Desktop\hai\ConViTX\code ViT_8 block CNN\HybridModel_PlantPathology_Ablation\results\CNN-Only_none-secbam_fold3_best.pth
2026-06-26 03:15:49 | Epoch 25/50 | Loss 0.1344 | Acc 95.64% | Val Loss 0.1501 | Val Acc 95.32% | 35.7s
2026-06-26 03:15:49 |   --> saved best to C:\Users\Admin\Desktop\hai\ConViTX\code ViT_8 block CNN\HybridModel_PlantPathology_Ablation\results\CNN-Only_none-secbam_fold3_best.pth
2026-06-26 03:16:24 | Epoch 26/50 | Loss 0.1255 | Acc 96.05% | Val Loss 0.1456 | Val Acc 95.40% | 35.4s
2026-06-26 03:16:24 |   --> saved best to C:\Users\Admin\Desktop\hai\ConViTX\code ViT_8 block CNN\HybridModel_PlantPathology_Ablation\results\CNN-Only_none-secbam_fold3_best.pth
2026-06-26 03:16:59 | Epoch 27/50 | Loss 0.1185 | Acc 96.44% | Val Loss 0.1539 | Val Acc 95.32% | 34.9s
2026-06-26 03:17:34 | Epoch 28/50 | Loss 0.1117 | Acc 96.50% | Val Loss 0.1493 | Val Acc 95.80% | 34.9s
2026-06-26 03:18:09 | Epoch 29/50 | Loss 0.1170 | Acc 96.38% | Val Loss 0.1338 | Val Acc 95.48% | 35.1s
2026-06-26 03:18:09 |   --> saved best to C:\Users\Admin\Desktop\hai\ConViTX\code ViT_8 block CNN\HybridModel_PlantPathology_Ablation\results\CNN-Only_none-secbam_fold3_best.pth
2026-06-26 03:18:44 | Epoch 30/50 | Loss 0.1159 | Acc 96.40% | Val Loss 0.1376 | Val Acc 95.56% | 35.1s
2026-06-26 03:19:20 | Epoch 31/50 | Loss 0.1117 | Acc 96.42% | Val Loss 0.1430 | Val Acc 95.23% | 35.4s
2026-06-26 03:19:55 | Epoch 32/50 | Loss 0.1051 | Acc 97.00% | Val Loss 0.1436 | Val Acc 95.32% | 35.6s
2026-06-26 03:20:32 | Epoch 33/50 | Loss 0.1015 | Acc 96.90% | Val Loss 0.1408 | Val Acc 95.32% | 36.7s
2026-06-26 03:21:08 | Epoch 34/50 | Loss 0.0980 | Acc 96.81% | Val Loss 0.1412 | Val Acc 95.07% | 36.0s
2026-06-26 03:21:44 | Epoch 35/50 | Loss 0.0986 | Acc 96.92% | Val Loss 0.1370 | Val Acc 95.72% | 36.0s
2026-06-26 03:22:20 | Epoch 36/50 | Loss 0.0876 | Acc 97.16% | Val Loss 0.1319 | Val Acc 96.04% | 35.5s
2026-06-26 03:22:20 |   --> saved best to C:\Users\Admin\Desktop\hai\ConViTX\code ViT_8 block CNN\HybridModel_PlantPathology_Ablation\results\CNN-Only_none-secbam_fold3_best.pth
2026-06-26 03:22:55 | Epoch 37/50 | Loss 0.0915 | Acc 97.14% | Val Loss 0.1381 | Val Acc 95.72% | 35.3s
2026-06-26 03:23:31 | Epoch 38/50 | Loss 0.0885 | Acc 97.20% | Val Loss 0.1297 | Val Acc 95.48% | 35.6s
2026-06-26 03:23:31 |   --> saved best to C:\Users\Admin\Desktop\hai\ConViTX\code ViT_8 block CNN\HybridModel_PlantPathology_Ablation\results\CNN-Only_none-secbam_fold3_best.pth
2026-06-26 03:24:07 | Epoch 39/50 | Loss 0.0865 | Acc 97.31% | Val Loss 0.1303 | Val Acc 95.80% | 36.2s
2026-06-26 03:24:43 | Epoch 40/50 | Loss 0.0872 | Acc 97.20% | Val Loss 0.1468 | Val Acc 95.80% | 35.6s
2026-06-26 03:25:18 | Epoch 41/50 | Loss 0.0809 | Acc 97.51% | Val Loss 0.1348 | Val Acc 95.56% | 35.6s
2026-06-26 03:25:54 | Epoch 42/50 | Loss 0.0795 | Acc 97.31% | Val Loss 0.1303 | Val Acc 95.64% | 35.5s
2026-06-26 03:26:30 | Epoch 43/50 | Loss 0.0759 | Acc 97.47% | Val Loss 0.1342 | Val Acc 96.04% | 35.6s
2026-06-26 03:27:05 | Epoch 44/50 | Loss 0.0781 | Acc 97.68% | Val Loss 0.1286 | Val Acc 95.72% | 35.4s
2026-06-26 03:27:05 |   --> saved best to C:\Users\Admin\Desktop\hai\ConViTX\code ViT_8 block CNN\HybridModel_PlantPathology_Ablation\results\CNN-Only_none-secbam_fold3_best.pth
2026-06-26 03:27:41 | Epoch 45/50 | Loss 0.0703 | Acc 97.82% | Val Loss 0.1308 | Val Acc 96.04% | 35.6s
2026-06-26 03:28:16 | Epoch 46/50 | Loss 0.0721 | Acc 97.74% | Val Loss 0.1286 | Val Acc 95.56% | 35.5s
2026-06-26 03:28:52 | Epoch 47/50 | Loss 0.0691 | Acc 97.99% | Val Loss 0.1281 | Val Acc 95.56% | 35.7s
2026-06-26 03:28:52 |   --> saved best to C:\Users\Admin\Desktop\hai\ConViTX\code ViT_8 block CNN\HybridModel_PlantPathology_Ablation\results\CNN-Only_none-secbam_fold3_best.pth
2026-06-26 03:29:28 | Epoch 48/50 | Loss 0.0710 | Acc 97.72% | Val Loss 0.1206 | Val Acc 95.80% | 36.0s
2026-06-26 03:29:28 |   --> saved best to C:\Users\Admin\Desktop\hai\ConViTX\code ViT_8 block CNN\HybridModel_PlantPathology_Ablation\results\CNN-Only_none-secbam_fold3_best.pth
2026-06-26 03:30:04 | Epoch 49/50 | Loss 0.0690 | Acc 97.88% | Val Loss 0.1267 | Val Acc 95.96% | 36.0s
2026-06-26 03:30:40 | Epoch 50/50 | Loss 0.0643 | Acc 98.03% | Val Loss 0.1323 | Val Acc 95.88% | 35.4s
2026-06-26 03:30:40 | Finished CNN-Only_none-secbam fold 3 in 31.52 min.
2026-06-26 03:30:55 | 
================================================================================
2026-06-26 03:30:55 | TRAINING: CNN-Only_none-secbam | FOLD 4/5
2026-06-26 03:30:55 | ================================================================================
2026-06-26 03:32:40 | Epoch 01/50 | Loss 1.3239 | Acc 45.87% | Val Loss 1.2842 | Val Acc 49.43% | 105.3s
2026-06-26 03:32:40 |   --> saved best to C:\Users\Admin\Desktop\hai\ConViTX\code ViT_8 block CNN\HybridModel_PlantPathology_Ablation\results\CNN-Only_none-secbam_fold4_best.pth
2026-06-26 03:33:19 | Epoch 02/50 | Loss 1.2173 | Acc 51.15% | Val Loss 1.1011 | Val Acc 65.19% | 39.2s
2026-06-26 03:33:20 |   --> saved best to C:\Users\Admin\Desktop\hai\ConViTX\code ViT_8 block CNN\HybridModel_PlantPathology_Ablation\results\CNN-Only_none-secbam_fold4_best.pth
2026-06-26 03:33:59 | Epoch 03/50 | Loss 1.0683 | Acc 70.15% | Val Loss 0.9436 | Val Acc 81.18% | 39.1s
2026-06-26 03:33:59 |   --> saved best to C:\Users\Admin\Desktop\hai\ConViTX\code ViT_8 block CNN\HybridModel_PlantPathology_Ablation\results\CNN-Only_none-secbam_fold4_best.pth
2026-06-26 03:34:37 | Epoch 04/50 | Loss 0.9031 | Acc 81.17% | Val Loss 0.7694 | Val Acc 84.25% | 38.3s
2026-06-26 03:34:37 |   --> saved best to C:\Users\Admin\Desktop\hai\ConViTX\code ViT_8 block CNN\HybridModel_PlantPathology_Ablation\results\CNN-Only_none-secbam_fold4_best.pth
2026-06-26 03:35:15 | Epoch 05/50 | Loss 0.7415 | Acc 84.70% | Val Loss 0.6219 | Val Acc 87.24% | 38.0s
2026-06-26 03:35:15 |   --> saved best to C:\Users\Admin\Desktop\hai\ConViTX\code ViT_8 block CNN\HybridModel_PlantPathology_Ablation\results\CNN-Only_none-secbam_fold4_best.pth
2026-06-26 03:35:52 | Epoch 06/50 | Loss 0.6107 | Acc 86.92% | Val Loss 0.5000 | Val Acc 89.34% | 36.7s
2026-06-26 03:35:52 |   --> saved best to C:\Users\Admin\Desktop\hai\ConViTX\code ViT_8 block CNN\HybridModel_PlantPathology_Ablation\results\CNN-Only_none-secbam_fold4_best.pth
2026-06-26 03:36:28 | Epoch 07/50 | Loss 0.5151 | Acc 89.00% | Val Loss 0.3985 | Val Acc 90.39% | 36.2s
2026-06-26 03:36:28 |   --> saved best to C:\Users\Admin\Desktop\hai\ConViTX\code ViT_8 block CNN\HybridModel_PlantPathology_Ablation\results\CNN-Only_none-secbam_fold4_best.pth
2026-06-26 03:37:04 | Epoch 08/50 | Loss 0.4310 | Acc 90.56% | Val Loss 0.3419 | Val Acc 91.76% | 35.7s
2026-06-26 03:37:04 |   --> saved best to C:\Users\Admin\Desktop\hai\ConViTX\code ViT_8 block CNN\HybridModel_PlantPathology_Ablation\results\CNN-Only_none-secbam_fold4_best.pth
2026-06-26 03:37:40 | Epoch 09/50 | Loss 0.3766 | Acc 91.41% | Val Loss 0.2919 | Val Acc 92.97% | 35.5s
2026-06-26 03:37:40 |   --> saved best to C:\Users\Admin\Desktop\hai\ConViTX\code ViT_8 block CNN\HybridModel_PlantPathology_Ablation\results\CNN-Only_none-secbam_fold4_best.pth
2026-06-26 03:38:15 | Epoch 10/50 | Loss 0.3385 | Acc 92.41% | Val Loss 0.2624 | Val Acc 94.02% | 35.0s
2026-06-26 03:38:15 |   --> saved best to C:\Users\Admin\Desktop\hai\ConViTX\code ViT_8 block CNN\HybridModel_PlantPathology_Ablation\results\CNN-Only_none-secbam_fold4_best.pth
2026-06-26 03:38:50 | Epoch 11/50 | Loss 0.3016 | Acc 92.64% | Val Loss 0.2454 | Val Acc 93.54% | 35.1s
2026-06-26 03:38:50 |   --> saved best to C:\Users\Admin\Desktop\hai\ConViTX\code ViT_8 block CNN\HybridModel_PlantPathology_Ablation\results\CNN-Only_none-secbam_fold4_best.pth
2026-06-26 03:39:25 | Epoch 12/50 | Loss 0.2664 | Acc 93.40% | Val Loss 0.2213 | Val Acc 94.10% | 35.4s
2026-06-26 03:39:25 |   --> saved best to C:\Users\Admin\Desktop\hai\ConViTX\code ViT_8 block CNN\HybridModel_PlantPathology_Ablation\results\CNN-Only_none-secbam_fold4_best.pth
2026-06-26 03:40:00 | Epoch 13/50 | Loss 0.2504 | Acc 93.05% | Val Loss 0.2059 | Val Acc 94.51% | 35.2s
2026-06-26 03:40:00 |   --> saved best to C:\Users\Admin\Desktop\hai\ConViTX\code ViT_8 block CNN\HybridModel_PlantPathology_Ablation\results\CNN-Only_none-secbam_fold4_best.pth
2026-06-26 03:40:36 | Epoch 14/50 | Loss 0.2280 | Acc 93.91% | Val Loss 0.1827 | Val Acc 94.99% | 35.5s
2026-06-26 03:40:36 |   --> saved best to C:\Users\Admin\Desktop\hai\ConViTX\code ViT_8 block CNN\HybridModel_PlantPathology_Ablation\results\CNN-Only_none-secbam_fold4_best.pth
2026-06-26 03:41:11 | Epoch 15/50 | Loss 0.2159 | Acc 94.16% | Val Loss 0.1815 | Val Acc 94.59% | 35.4s
2026-06-26 03:41:11 |   --> saved best to C:\Users\Admin\Desktop\hai\ConViTX\code ViT_8 block CNN\HybridModel_PlantPathology_Ablation\results\CNN-Only_none-secbam_fold4_best.pth
2026-06-26 03:41:47 | Epoch 16/50 | Loss 0.1982 | Acc 94.63% | Val Loss 0.1665 | Val Acc 95.32% | 35.4s
2026-06-26 03:41:47 |   --> saved best to C:\Users\Admin\Desktop\hai\ConViTX\code ViT_8 block CNN\HybridModel_PlantPathology_Ablation\results\CNN-Only_none-secbam_fold4_best.pth
2026-06-26 03:42:22 | Epoch 17/50 | Loss 0.1872 | Acc 94.55% | Val Loss 0.1665 | Val Acc 94.75% | 35.0s
2026-06-26 03:42:22 |   --> saved best to C:\Users\Admin\Desktop\hai\ConViTX\code ViT_8 block CNN\HybridModel_PlantPathology_Ablation\results\CNN-Only_none-secbam_fold4_best.pth
2026-06-26 03:42:57 | Epoch 18/50 | Loss 0.1772 | Acc 94.78% | Val Loss 0.1553 | Val Acc 94.83% | 35.0s
2026-06-26 03:42:57 |   --> saved best to C:\Users\Admin\Desktop\hai\ConViTX\code ViT_8 block CNN\HybridModel_PlantPathology_Ablation\results\CNN-Only_none-secbam_fold4_best.pth
2026-06-26 03:43:34 | Epoch 19/50 | Loss 0.1655 | Acc 95.35% | Val Loss 0.1500 | Val Acc 95.07% | 37.0s
2026-06-26 03:43:34 |   --> saved best to C:\Users\Admin\Desktop\hai\ConViTX\code ViT_8 block CNN\HybridModel_PlantPathology_Ablation\results\CNN-Only_none-secbam_fold4_best.pth
2026-06-26 03:44:11 | Epoch 20/50 | Loss 0.1619 | Acc 95.25% | Val Loss 0.1439 | Val Acc 95.23% | 36.7s
2026-06-26 03:44:11 |   --> saved best to C:\Users\Admin\Desktop\hai\ConViTX\code ViT_8 block CNN\HybridModel_PlantPathology_Ablation\results\CNN-Only_none-secbam_fold4_best.pth
2026-06-26 03:44:46 | Epoch 21/50 | Loss 0.1552 | Acc 95.46% | Val Loss 0.1459 | Val Acc 95.07% | 35.2s
2026-06-26 03:45:22 | Epoch 22/50 | Loss 0.1474 | Acc 95.33% | Val Loss 0.1332 | Val Acc 95.48% | 35.4s
2026-06-26 03:45:22 |   --> saved best to C:\Users\Admin\Desktop\hai\ConViTX\code ViT_8 block CNN\HybridModel_PlantPathology_Ablation\results\CNN-Only_none-secbam_fold4_best.pth
2026-06-26 03:45:57 | Epoch 23/50 | Loss 0.1376 | Acc 95.76% | Val Loss 0.1323 | Val Acc 95.15% | 35.1s
2026-06-26 03:45:57 |   --> saved best to C:\Users\Admin\Desktop\hai\ConViTX\code ViT_8 block CNN\HybridModel_PlantPathology_Ablation\results\CNN-Only_none-secbam_fold4_best.pth
2026-06-26 03:46:32 | Epoch 24/50 | Loss 0.1315 | Acc 95.91% | Val Loss 0.1266 | Val Acc 95.32% | 35.1s
2026-06-26 03:46:32 |   --> saved best to C:\Users\Admin\Desktop\hai\ConViTX\code ViT_8 block CNN\HybridModel_PlantPathology_Ablation\results\CNN-Only_none-secbam_fold4_best.pth
2026-06-26 03:47:07 | Epoch 25/50 | Loss 0.1278 | Acc 96.03% | Val Loss 0.1273 | Val Acc 95.88% | 34.9s
2026-06-26 03:47:42 | Epoch 26/50 | Loss 0.1224 | Acc 96.34% | Val Loss 0.1229 | Val Acc 95.72% | 34.8s
2026-06-26 03:47:42 |   --> saved best to C:\Users\Admin\Desktop\hai\ConViTX\code ViT_8 block CNN\HybridModel_PlantPathology_Ablation\results\CNN-Only_none-secbam_fold4_best.pth
2026-06-26 03:48:17 | Epoch 27/50 | Loss 0.1199 | Acc 96.46% | Val Loss 0.1214 | Val Acc 95.48% | 34.9s
2026-06-26 03:48:17 |   --> saved best to C:\Users\Admin\Desktop\hai\ConViTX\code ViT_8 block CNN\HybridModel_PlantPathology_Ablation\results\CNN-Only_none-secbam_fold4_best.pth
2026-06-26 03:48:52 | Epoch 28/50 | Loss 0.1126 | Acc 96.63% | Val Loss 0.1195 | Val Acc 95.80% | 35.2s
2026-06-26 03:48:52 |   --> saved best to C:\Users\Admin\Desktop\hai\ConViTX\code ViT_8 block CNN\HybridModel_PlantPathology_Ablation\results\CNN-Only_none-secbam_fold4_best.pth
2026-06-26 03:49:28 | Epoch 29/50 | Loss 0.1095 | Acc 96.59% | Val Loss 0.1146 | Val Acc 95.96% | 35.3s
2026-06-26 03:49:28 |   --> saved best to C:\Users\Admin\Desktop\hai\ConViTX\code ViT_8 block CNN\HybridModel_PlantPathology_Ablation\results\CNN-Only_none-secbam_fold4_best.pth
2026-06-26 03:50:03 | Epoch 30/50 | Loss 0.1077 | Acc 96.73% | Val Loss 0.1180 | Val Acc 95.72% | 35.0s
2026-06-26 03:50:38 | Epoch 31/50 | Loss 0.1060 | Acc 96.46% | Val Loss 0.1144 | Val Acc 96.04% | 35.0s
2026-06-26 03:50:38 |   --> saved best to C:\Users\Admin\Desktop\hai\ConViTX\code ViT_8 block CNN\HybridModel_PlantPathology_Ablation\results\CNN-Only_none-secbam_fold4_best.pth
2026-06-26 03:51:13 | Epoch 32/50 | Loss 0.1048 | Acc 97.00% | Val Loss 0.1134 | Val Acc 95.96% | 34.9s
2026-06-26 03:51:13 |   --> saved best to C:\Users\Admin\Desktop\hai\ConViTX\code ViT_8 block CNN\HybridModel_PlantPathology_Ablation\results\CNN-Only_none-secbam_fold4_best.pth
2026-06-26 03:51:48 | Epoch 33/50 | Loss 0.1025 | Acc 96.75% | Val Loss 0.1112 | Val Acc 95.88% | 34.9s
2026-06-26 03:51:48 |   --> saved best to C:\Users\Admin\Desktop\hai\ConViTX\code ViT_8 block CNN\HybridModel_PlantPathology_Ablation\results\CNN-Only_none-secbam_fold4_best.pth
2026-06-26 03:52:23 | Epoch 34/50 | Loss 0.0997 | Acc 96.98% | Val Loss 0.1123 | Val Acc 95.88% | 35.1s
2026-06-26 03:52:58 | Epoch 35/50 | Loss 0.1036 | Acc 96.73% | Val Loss 0.1183 | Val Acc 95.72% | 35.2s
2026-06-26 03:53:34 | Epoch 36/50 | Loss 0.0971 | Acc 97.12% | Val Loss 0.1109 | Val Acc 96.04% | 35.6s
2026-06-26 03:53:34 |   --> saved best to C:\Users\Admin\Desktop\hai\ConViTX\code ViT_8 block CNN\HybridModel_PlantPathology_Ablation\results\CNN-Only_none-secbam_fold4_best.pth
2026-06-26 03:54:09 | Epoch 37/50 | Loss 0.0928 | Acc 97.16% | Val Loss 0.1158 | Val Acc 95.96% | 35.6s
2026-06-26 03:54:45 | Epoch 38/50 | Loss 0.0824 | Acc 97.43% | Val Loss 0.1047 | Val Acc 96.61% | 35.5s
2026-06-26 03:54:45 |   --> saved best to C:\Users\Admin\Desktop\hai\ConViTX\code ViT_8 block CNN\HybridModel_PlantPathology_Ablation\results\CNN-Only_none-secbam_fold4_best.pth
2026-06-26 03:55:20 | Epoch 39/50 | Loss 0.0830 | Acc 97.41% | Val Loss 0.1046 | Val Acc 96.45% | 35.2s
2026-06-26 03:55:20 |   --> saved best to C:\Users\Admin\Desktop\hai\ConViTX\code ViT_8 block CNN\HybridModel_PlantPathology_Ablation\results\CNN-Only_none-secbam_fold4_best.pth
2026-06-26 03:55:56 | Epoch 40/50 | Loss 0.0851 | Acc 97.25% | Val Loss 0.1099 | Val Acc 96.12% | 35.4s
2026-06-26 03:56:31 | Epoch 41/50 | Loss 0.0797 | Acc 97.59% | Val Loss 0.1085 | Val Acc 95.88% | 35.2s
2026-06-26 03:57:07 | Epoch 42/50 | Loss 0.0774 | Acc 97.62% | Val Loss 0.1027 | Val Acc 96.61% | 35.6s
2026-06-26 03:57:07 |   --> saved best to C:\Users\Admin\Desktop\hai\ConViTX\code ViT_8 block CNN\HybridModel_PlantPathology_Ablation\results\CNN-Only_none-secbam_fold4_best.pth
2026-06-26 03:57:42 | Epoch 43/50 | Loss 0.0750 | Acc 97.70% | Val Loss 0.1065 | Val Acc 96.04% | 35.1s
2026-06-26 03:58:17 | Epoch 44/50 | Loss 0.0731 | Acc 97.68% | Val Loss 0.1025 | Val Acc 96.53% | 35.3s
2026-06-26 03:58:17 |   --> saved best to C:\Users\Admin\Desktop\hai\ConViTX\code ViT_8 block CNN\HybridModel_PlantPathology_Ablation\results\CNN-Only_none-secbam_fold4_best.pth
2026-06-26 03:58:52 | Epoch 45/50 | Loss 0.0739 | Acc 97.51% | Val Loss 0.1090 | Val Acc 96.04% | 35.1s
2026-06-26 03:59:28 | Epoch 46/50 | Loss 0.0783 | Acc 97.64% | Val Loss 0.1150 | Val Acc 96.28% | 35.3s
2026-06-26 04:00:03 | Epoch 47/50 | Loss 0.0708 | Acc 97.72% | Val Loss 0.1129 | Val Acc 96.28% | 35.4s
2026-06-26 04:00:39 | Epoch 48/50 | Loss 0.0731 | Acc 97.59% | Val Loss 0.1028 | Val Acc 96.20% | 35.3s
2026-06-26 04:01:14 | Epoch 49/50 | Loss 0.0693 | Acc 97.90% | Val Loss 0.1003 | Val Acc 96.37% | 35.4s
2026-06-26 04:01:14 |   --> saved best to C:\Users\Admin\Desktop\hai\ConViTX\code ViT_8 block CNN\HybridModel_PlantPathology_Ablation\results\CNN-Only_none-secbam_fold4_best.pth
2026-06-26 04:01:49 | Epoch 50/50 | Loss 0.0706 | Acc 97.70% | Val Loss 0.1050 | Val Acc 96.20% | 35.1s
2026-06-26 04:01:49 | Finished CNN-Only_none-secbam fold 4 in 30.90 min.
2026-06-26 04:02:03 | 
================================================================================
2026-06-26 04:02:03 | TRAINING: CNN-Only_none-secbam | FOLD 5/5
2026-06-26 04:02:03 | ================================================================================
2026-06-26 04:03:48 | Epoch 01/50 | Loss 1.3473 | Acc 43.30% | Val Loss 1.3073 | Val Acc 57.84% | 105.1s
2026-06-26 04:03:48 |   --> saved best to C:\Users\Admin\Desktop\hai\ConViTX\code ViT_8 block CNN\HybridModel_PlantPathology_Ablation\results\CNN-Only_none-secbam_fold5_best.pth
2026-06-26 04:04:27 | Epoch 02/50 | Loss 1.2337 | Acc 60.79% | Val Loss 1.1323 | Val Acc 67.29% | 38.4s
2026-06-26 04:04:27 |   --> saved best to C:\Users\Admin\Desktop\hai\ConViTX\code ViT_8 block CNN\HybridModel_PlantPathology_Ablation\results\CNN-Only_none-secbam_fold5_best.pth
2026-06-26 04:05:05 | Epoch 03/50 | Loss 1.0605 | Acc 73.83% | Val Loss 0.9238 | Val Acc 80.05% | 37.9s
2026-06-26 04:05:05 |   --> saved best to C:\Users\Admin\Desktop\hai\ConViTX\code ViT_8 block CNN\HybridModel_PlantPathology_Ablation\results\CNN-Only_none-secbam_fold5_best.pth
2026-06-26 04:05:42 | Epoch 04/50 | Loss 0.8648 | Acc 81.04% | Val Loss 0.7568 | Val Acc 87.40% | 36.8s
2026-06-26 04:05:42 |   --> saved best to C:\Users\Admin\Desktop\hai\ConViTX\code ViT_8 block CNN\HybridModel_PlantPathology_Ablation\results\CNN-Only_none-secbam_fold5_best.pth
2026-06-26 04:06:19 | Epoch 05/50 | Loss 0.7032 | Acc 84.79% | Val Loss 0.6078 | Val Acc 88.21% | 37.0s
2026-06-26 04:06:19 |   --> saved best to C:\Users\Admin\Desktop\hai\ConViTX\code ViT_8 block CNN\HybridModel_PlantPathology_Ablation\results\CNN-Only_none-secbam_fold5_best.pth
2026-06-26 04:06:55 | Epoch 06/50 | Loss 0.5882 | Acc 87.29% | Val Loss 0.5034 | Val Acc 90.15% | 36.5s
2026-06-26 04:06:55 |   --> saved best to C:\Users\Admin\Desktop\hai\ConViTX\code ViT_8 block CNN\HybridModel_PlantPathology_Ablation\results\CNN-Only_none-secbam_fold5_best.pth
2026-06-26 04:07:31 | Epoch 07/50 | Loss 0.4897 | Acc 89.84% | Val Loss 0.4403 | Val Acc 90.63% | 35.5s
2026-06-26 04:07:31 |   --> saved best to C:\Users\Admin\Desktop\hai\ConViTX\code ViT_8 block CNN\HybridModel_PlantPathology_Ablation\results\CNN-Only_none-secbam_fold5_best.pth
2026-06-26 04:08:07 | Epoch 08/50 | Loss 0.4214 | Acc 90.97% | Val Loss 0.3682 | Val Acc 92.49% | 36.4s
2026-06-26 04:08:07 |   --> saved best to C:\Users\Admin\Desktop\hai\ConViTX\code ViT_8 block CNN\HybridModel_PlantPathology_Ablation\results\CNN-Only_none-secbam_fold5_best.pth
2026-06-26 04:08:44 | Epoch 09/50 | Loss 0.3655 | Acc 92.15% | Val Loss 0.3320 | Val Acc 93.54% | 36.4s
2026-06-26 04:08:44 |   --> saved best to C:\Users\Admin\Desktop\hai\ConViTX\code ViT_8 block CNN\HybridModel_PlantPathology_Ablation\results\CNN-Only_none-secbam_fold5_best.pth
2026-06-26 04:09:20 | Epoch 10/50 | Loss 0.3235 | Acc 92.85% | Val Loss 0.2971 | Val Acc 93.54% | 35.8s
2026-06-26 04:09:20 |   --> saved best to C:\Users\Admin\Desktop\hai\ConViTX\code ViT_8 block CNN\HybridModel_PlantPathology_Ablation\results\CNN-Only_none-secbam_fold5_best.pth
2026-06-26 04:09:55 | Epoch 11/50 | Loss 0.2925 | Acc 92.91% | Val Loss 0.2620 | Val Acc 94.10% | 35.7s
2026-06-26 04:09:55 |   --> saved best to C:\Users\Admin\Desktop\hai\ConViTX\code ViT_8 block CNN\HybridModel_PlantPathology_Ablation\results\CNN-Only_none-secbam_fold5_best.pth
2026-06-26 04:10:31 | Epoch 12/50 | Loss 0.2672 | Acc 93.52% | Val Loss 0.2532 | Val Acc 93.54% | 35.5s
2026-06-26 04:10:31 |   --> saved best to C:\Users\Admin\Desktop\hai\ConViTX\code ViT_8 block CNN\HybridModel_PlantPathology_Ablation\results\CNN-Only_none-secbam_fold5_best.pth
2026-06-26 04:11:06 | Epoch 13/50 | Loss 0.2469 | Acc 93.79% | Val Loss 0.2412 | Val Acc 94.02% | 35.3s
2026-06-26 04:11:06 |   --> saved best to C:\Users\Admin\Desktop\hai\ConViTX\code ViT_8 block CNN\HybridModel_PlantPathology_Ablation\results\CNN-Only_none-secbam_fold5_best.pth
2026-06-26 04:11:42 | Epoch 14/50 | Loss 0.2291 | Acc 93.94% | Val Loss 0.2214 | Val Acc 94.10% | 35.5s
2026-06-26 04:11:42 |   --> saved best to C:\Users\Admin\Desktop\hai\ConViTX\code ViT_8 block CNN\HybridModel_PlantPathology_Ablation\results\CNN-Only_none-secbam_fold5_best.pth
2026-06-26 04:12:18 | Epoch 15/50 | Loss 0.2165 | Acc 94.43% | Val Loss 0.2021 | Val Acc 94.43% | 36.2s
2026-06-26 04:12:18 |   --> saved best to C:\Users\Admin\Desktop\hai\ConViTX\code ViT_8 block CNN\HybridModel_PlantPathology_Ablation\results\CNN-Only_none-secbam_fold5_best.pth
2026-06-26 04:12:54 | Epoch 16/50 | Loss 0.2011 | Acc 94.74% | Val Loss 0.1953 | Val Acc 94.67% | 35.4s
2026-06-26 04:12:54 |   --> saved best to C:\Users\Admin\Desktop\hai\ConViTX\code ViT_8 block CNN\HybridModel_PlantPathology_Ablation\results\CNN-Only_none-secbam_fold5_best.pth
2026-06-26 04:13:30 | Epoch 17/50 | Loss 0.1901 | Acc 94.63% | Val Loss 0.1793 | Val Acc 94.83% | 36.5s
2026-06-26 04:13:30 |   --> saved best to C:\Users\Admin\Desktop\hai\ConViTX\code ViT_8 block CNN\HybridModel_PlantPathology_Ablation\results\CNN-Only_none-secbam_fold5_best.pth
2026-06-26 04:14:07 | Epoch 18/50 | Loss 0.1775 | Acc 95.11% | Val Loss 0.1804 | Val Acc 94.18% | 36.9s
2026-06-26 04:14:43 | Epoch 19/50 | Loss 0.1746 | Acc 94.78% | Val Loss 0.1719 | Val Acc 94.91% | 36.0s
2026-06-26 04:14:43 |   --> saved best to C:\Users\Admin\Desktop\hai\ConViTX\code ViT_8 block CNN\HybridModel_PlantPathology_Ablation\results\CNN-Only_none-secbam_fold5_best.pth
2026-06-26 04:15:19 | Epoch 20/50 | Loss 0.1685 | Acc 94.76% | Val Loss 0.1624 | Val Acc 95.23% | 35.4s
2026-06-26 04:15:19 |   --> saved best to C:\Users\Admin\Desktop\hai\ConViTX\code ViT_8 block CNN\HybridModel_PlantPathology_Ablation\results\CNN-Only_none-secbam_fold5_best.pth
2026-06-26 04:15:54 | Epoch 21/50 | Loss 0.1522 | Acc 95.54% | Val Loss 0.1535 | Val Acc 95.15% | 35.7s
2026-06-26 04:15:54 |   --> saved best to C:\Users\Admin\Desktop\hai\ConViTX\code ViT_8 block CNN\HybridModel_PlantPathology_Ablation\results\CNN-Only_none-secbam_fold5_best.pth
2026-06-26 04:16:31 | Epoch 22/50 | Loss 0.1495 | Acc 95.58% | Val Loss 0.1573 | Val Acc 95.15% | 36.6s
2026-06-26 04:17:08 | Epoch 23/50 | Loss 0.1436 | Acc 95.66% | Val Loss 0.1428 | Val Acc 95.56% | 36.9s
2026-06-26 04:17:08 |   --> saved best to C:\Users\Admin\Desktop\hai\ConViTX\code ViT_8 block CNN\HybridModel_PlantPathology_Ablation\results\CNN-Only_none-secbam_fold5_best.pth
2026-06-26 04:17:44 | Epoch 24/50 | Loss 0.1397 | Acc 95.79% | Val Loss 0.1477 | Val Acc 95.48% | 36.1s
2026-06-26 04:18:19 | Epoch 25/50 | Loss 0.1319 | Acc 95.99% | Val Loss 0.1450 | Val Acc 95.48% | 35.0s
2026-06-26 04:18:54 | Epoch 26/50 | Loss 0.1275 | Acc 96.13% | Val Loss 0.1332 | Val Acc 96.04% | 34.9s
2026-06-26 04:18:54 |   --> saved best to C:\Users\Admin\Desktop\hai\ConViTX\code ViT_8 block CNN\HybridModel_PlantPathology_Ablation\results\CNN-Only_none-secbam_fold5_best.pth
2026-06-26 04:19:30 | Epoch 27/50 | Loss 0.1294 | Acc 95.81% | Val Loss 0.1311 | Val Acc 95.96% | 35.3s
2026-06-26 04:19:30 |   --> saved best to C:\Users\Admin\Desktop\hai\ConViTX\code ViT_8 block CNN\HybridModel_PlantPathology_Ablation\results\CNN-Only_none-secbam_fold5_best.pth
2026-06-26 04:20:05 | Epoch 28/50 | Loss 0.1172 | Acc 96.59% | Val Loss 0.1272 | Val Acc 95.88% | 35.2s
2026-06-26 04:20:05 |   --> saved best to C:\Users\Admin\Desktop\hai\ConViTX\code ViT_8 block CNN\HybridModel_PlantPathology_Ablation\results\CNN-Only_none-secbam_fold5_best.pth
2026-06-26 04:20:40 | Epoch 29/50 | Loss 0.1189 | Acc 96.57% | Val Loss 0.1289 | Val Acc 95.64% | 34.9s
2026-06-26 04:21:15 | Epoch 30/50 | Loss 0.1104 | Acc 96.63% | Val Loss 0.1250 | Val Acc 95.80% | 35.0s
2026-06-26 04:21:15 |   --> saved best to C:\Users\Admin\Desktop\hai\ConViTX\code ViT_8 block CNN\HybridModel_PlantPathology_Ablation\results\CNN-Only_none-secbam_fold5_best.pth
2026-06-26 04:21:50 | Epoch 31/50 | Loss 0.1159 | Acc 96.57% | Val Loss 0.1259 | Val Acc 96.28% | 35.2s
2026-06-26 04:22:26 | Epoch 32/50 | Loss 0.1065 | Acc 96.85% | Val Loss 0.1218 | Val Acc 96.20% | 35.3s
2026-06-26 04:22:26 |   --> saved best to C:\Users\Admin\Desktop\hai\ConViTX\code ViT_8 block CNN\HybridModel_PlantPathology_Ablation\results\CNN-Only_none-secbam_fold5_best.pth
2026-06-26 04:23:01 | Epoch 33/50 | Loss 0.1033 | Acc 96.77% | Val Loss 0.1201 | Val Acc 95.96% | 35.1s
2026-06-26 04:23:01 |   --> saved best to C:\Users\Admin\Desktop\hai\ConViTX\code ViT_8 block CNN\HybridModel_PlantPathology_Ablation\results\CNN-Only_none-secbam_fold5_best.pth
2026-06-26 04:23:37 | Epoch 34/50 | Loss 0.1024 | Acc 96.94% | Val Loss 0.1121 | Val Acc 96.28% | 35.7s
2026-06-26 04:23:37 |   --> saved best to C:\Users\Admin\Desktop\hai\ConViTX\code ViT_8 block CNN\HybridModel_PlantPathology_Ablation\results\CNN-Only_none-secbam_fold5_best.pth
2026-06-26 04:24:12 | Epoch 35/50 | Loss 0.0965 | Acc 97.02% | Val Loss 0.1139 | Val Acc 96.20% | 35.3s
2026-06-26 04:24:47 | Epoch 36/50 | Loss 0.0980 | Acc 97.00% | Val Loss 0.1123 | Val Acc 96.69% | 35.0s
2026-06-26 04:25:22 | Epoch 37/50 | Loss 0.1003 | Acc 96.65% | Val Loss 0.1135 | Val Acc 96.77% | 35.0s
2026-06-26 04:25:57 | Epoch 38/50 | Loss 0.0886 | Acc 97.41% | Val Loss 0.1136 | Val Acc 96.77% | 35.1s
2026-06-26 04:26:33 | Epoch 39/50 | Loss 0.0973 | Acc 96.88% | Val Loss 0.1140 | Val Acc 96.20% | 35.2s
2026-06-26 04:27:08 | Epoch 40/50 | Loss 0.0857 | Acc 97.33% | Val Loss 0.1136 | Val Acc 96.69% | 35.3s
2026-06-26 04:27:43 | Epoch 41/50 | Loss 0.0910 | Acc 97.06% | Val Loss 0.1123 | Val Acc 96.53% | 35.0s
2026-06-26 04:28:18 | Epoch 42/50 | Loss 0.0876 | Acc 97.33% | Val Loss 0.1070 | Val Acc 96.37% | 34.9s
2026-06-26 04:28:18 |   --> saved best to C:\Users\Admin\Desktop\hai\ConViTX\code ViT_8 block CNN\HybridModel_PlantPathology_Ablation\results\CNN-Only_none-secbam_fold5_best.pth
2026-06-26 04:28:53 | Epoch 43/50 | Loss 0.0860 | Acc 97.47% | Val Loss 0.1051 | Val Acc 96.45% | 35.1s
2026-06-26 04:28:53 |   --> saved best to C:\Users\Admin\Desktop\hai\ConViTX\code ViT_8 block CNN\HybridModel_PlantPathology_Ablation\results\CNN-Only_none-secbam_fold5_best.pth
2026-06-26 04:29:28 | Epoch 44/50 | Loss 0.0886 | Acc 97.20% | Val Loss 0.1114 | Val Acc 96.28% | 35.3s
2026-06-26 04:30:03 | Epoch 45/50 | Loss 0.0772 | Acc 97.62% | Val Loss 0.1065 | Val Acc 96.28% | 34.9s
2026-06-26 04:30:39 | Epoch 46/50 | Loss 0.0775 | Acc 97.55% | Val Loss 0.1058 | Val Acc 96.53% | 35.3s
2026-06-26 04:31:14 | Epoch 47/50 | Loss 0.0764 | Acc 97.57% | Val Loss 0.1080 | Val Acc 97.01% | 35.1s
2026-06-26 04:31:49 | Epoch 48/50 | Loss 0.0776 | Acc 97.66% | Val Loss 0.1128 | Val Acc 97.01% | 35.3s
2026-06-26 04:32:24 | Epoch 49/50 | Loss 0.0783 | Acc 97.49% | Val Loss 0.1033 | Val Acc 96.45% | 35.1s
2026-06-26 04:32:24 |   --> saved best to C:\Users\Admin\Desktop\hai\ConViTX\code ViT_8 block CNN\HybridModel_PlantPathology_Ablation\results\CNN-Only_none-secbam_fold5_best.pth
2026-06-26 04:32:59 | Epoch 50/50 | Loss 0.0749 | Acc 97.62% | Val Loss 0.1042 | Val Acc 96.53% | 34.8s
2026-06-26 04:32:59 | Finished CNN-Only_none-secbam fold 5 in 30.93 min.
2026-06-26 04:33:13 | 
================================================================================
2026-06-26 04:33:13 | TRAINING: ViT-Only_none-secbam | FOLD 1/5
2026-06-26 04:33:13 | ================================================================================
2026-06-26 04:33:13 | [INFO] reduced batch_size=64 for vit model to avoid OOM.
2026-06-26 07:00:23 | Log file initialized at: C:\Users\Admin\Desktop\hai\ConViTX\code ViT_8 block CNN\HybridModel_PlantPathology_Ablation\results\ablation_training.log
2026-06-26 07:00:23 | AXIS=2 | Folds to run: [1, 2, 3, 4, 5] (of 5) | Seed=42
2026-06-26 07:00:23 | Configs (6): CNN-Only_none-none, ViT-Only_none-none, Hybrid_none-none-none, CNN-Only_none-secbam, ViT-Only_none-secbam, Hybrid_none-none-secbam
2026-06-26 07:00:23 | Hyperparams: epochs=50, batch=128, lr=0.0001, patience=15, AMP/FP16
2026-06-26 07:00:23 | Resume: tìm thấy progress C:\Users\Admin\Desktop\hai\ConViTX\code ViT_8 block CNN\HybridModel_PlantPathology_Ablation\results\ablation_kfold_progress.json | 70 run đã xong trong chiến dịch này
2026-06-26 07:00:23 | Using device: cuda
2026-06-26 07:00:24 | Dataset loaded. 6192 samples, 4 classes: ['healthy', 'multiple_diseases', 'rust', 'scab']
2026-06-26 07:00:24 |   [params] CNN-Only_none-none                 = 0.113 M
2026-06-26 07:00:24 |   [params] ViT-Only_none-none                 = 0.189 M
2026-06-26 07:00:24 |   [params] Hybrid_none-none-none              = 0.319 M
2026-06-26 07:00:24 |   [params] CNN-Only_none-secbam               = 0.123 M
2026-06-26 07:00:24 |   [params] ViT-Only_none-secbam               = 0.199 M
2026-06-26 07:00:24 |   [params] Hybrid_none-none-secbam            = 0.33 M
2026-06-26 07:00:24 | [RESUME] CNN-Only_none-none_fold1 đã train xong trong chiến dịch này -> bỏ qua. (dùng --force để train lại)
2026-06-26 07:00:24 | [RESUME] CNN-Only_none-none_fold2 đã train xong trong chiến dịch này -> bỏ qua. (dùng --force để train lại)
2026-06-26 07:00:24 | [RESUME] CNN-Only_none-none_fold3 đã train xong trong chiến dịch này -> bỏ qua. (dùng --force để train lại)
2026-06-26 07:00:24 | [RESUME] CNN-Only_none-none_fold4 đã train xong trong chiến dịch này -> bỏ qua. (dùng --force để train lại)
2026-06-26 07:00:24 | [RESUME] CNN-Only_none-none_fold5 đã train xong trong chiến dịch này -> bỏ qua. (dùng --force để train lại)
2026-06-26 07:00:24 | [RESUME] ViT-Only_none-none_fold1 đã train xong trong chiến dịch này -> bỏ qua. (dùng --force để train lại)
2026-06-26 07:00:24 | [RESUME] ViT-Only_none-none_fold2 đã train xong trong chiến dịch này -> bỏ qua. (dùng --force để train lại)
2026-06-26 07:00:24 | [RESUME] ViT-Only_none-none_fold3 đã train xong trong chiến dịch này -> bỏ qua. (dùng --force để train lại)
2026-06-26 07:00:24 | [RESUME] ViT-Only_none-none_fold4 đã train xong trong chiến dịch này -> bỏ qua. (dùng --force để train lại)
2026-06-26 07:00:24 | [RESUME] ViT-Only_none-none_fold5 đã train xong trong chiến dịch này -> bỏ qua. (dùng --force để train lại)
2026-06-26 07:00:24 | [RESUME] Hybrid_none-none-none_fold1 đã train xong trong chiến dịch này -> bỏ qua. (dùng --force để train lại)
2026-06-26 07:00:24 | [RESUME] Hybrid_none-none-none_fold2 đã train xong trong chiến dịch này -> bỏ qua. (dùng --force để train lại)
2026-06-26 07:00:24 | [RESUME] Hybrid_none-none-none_fold3 đã train xong trong chiến dịch này -> bỏ qua. (dùng --force để train lại)
2026-06-26 07:00:24 | [RESUME] Hybrid_none-none-none_fold4 đã train xong trong chiến dịch này -> bỏ qua. (dùng --force để train lại)
2026-06-26 07:00:24 | [RESUME] Hybrid_none-none-none_fold5 đã train xong trong chiến dịch này -> bỏ qua. (dùng --force để train lại)
2026-06-26 07:00:24 | [RESUME] CNN-Only_none-secbam_fold1 đã train xong trong chiến dịch này -> bỏ qua. (dùng --force để train lại)
2026-06-26 07:00:24 | [RESUME] CNN-Only_none-secbam_fold2 đã train xong trong chiến dịch này -> bỏ qua. (dùng --force để train lại)
2026-06-26 07:00:24 | [RESUME] CNN-Only_none-secbam_fold3 đã train xong trong chiến dịch này -> bỏ qua. (dùng --force để train lại)
2026-06-26 07:00:24 | [RESUME] CNN-Only_none-secbam_fold4 đã train xong trong chiến dịch này -> bỏ qua. (dùng --force để train lại)
2026-06-26 07:00:24 | [RESUME] CNN-Only_none-secbam_fold5 đã train xong trong chiến dịch này -> bỏ qua. (dùng --force để train lại)
2026-06-26 07:00:24 | 
================================================================================
2026-06-26 07:00:24 | TRAINING: ViT-Only_none-secbam | FOLD 1/5
2026-06-26 07:00:24 | ================================================================================
2026-06-26 07:00:24 | [INFO] reduced batch_size=64 for vit model to avoid OOM.
2026-06-26 07:02:37 | Epoch 01/50 | Loss 1.3095 | Acc 46.39% | Val Loss 1.1908 | Val Acc 49.88% | 132.8s
2026-06-26 07:02:37 |   --> saved best to C:\Users\Admin\Desktop\hai\ConViTX\code ViT_8 block CNN\HybridModel_PlantPathology_Ablation\results\ViT-Only_none-secbam_fold1_best.pth
2026-06-26 07:02:58 | Epoch 02/50 | Loss 1.1290 | Acc 51.20% | Val Loss 1.1245 | Val Acc 49.64% | 20.8s
2026-06-26 07:02:58 |   --> saved best to C:\Users\Admin\Desktop\hai\ConViTX\code ViT_8 block CNN\HybridModel_PlantPathology_Ablation\results\ViT-Only_none-secbam_fold1_best.pth
2026-06-26 07:03:18 | Epoch 03/50 | Loss 1.0495 | Acc 52.88% | Val Loss 1.0375 | Val Acc 51.98% | 19.7s
2026-06-26 07:03:18 |   --> saved best to C:\Users\Admin\Desktop\hai\ConViTX\code ViT_8 block CNN\HybridModel_PlantPathology_Ablation\results\ViT-Only_none-secbam_fold1_best.pth
2026-06-26 07:03:37 | Epoch 04/50 | Loss 0.9659 | Acc 57.55% | Val Loss 0.9592 | Val Acc 56.01% | 19.2s
2026-06-26 07:03:37 |   --> saved best to C:\Users\Admin\Desktop\hai\ConViTX\code ViT_8 block CNN\HybridModel_PlantPathology_Ablation\results\ViT-Only_none-secbam_fold1_best.pth
2026-06-26 07:03:56 | Epoch 05/50 | Loss 0.9033 | Acc 59.01% | Val Loss 0.9036 | Val Acc 57.71% | 19.0s
2026-06-26 07:03:56 |   --> saved best to C:\Users\Admin\Desktop\hai\ConViTX\code ViT_8 block CNN\HybridModel_PlantPathology_Ablation\results\ViT-Only_none-secbam_fold1_best.pth
2026-06-26 07:04:15 | Epoch 06/50 | Loss 0.8676 | Acc 59.78% | Val Loss 0.8862 | Val Acc 56.58% | 18.5s
2026-06-26 07:04:15 |   --> saved best to C:\Users\Admin\Desktop\hai\ConViTX\code ViT_8 block CNN\HybridModel_PlantPathology_Ablation\results\ViT-Only_none-secbam_fold1_best.pth
2026-06-26 07:04:34 | Epoch 07/50 | Loss 0.8322 | Acc 60.39% | Val Loss 0.8528 | Val Acc 57.55% | 19.0s
2026-06-26 07:04:34 |   --> saved best to C:\Users\Admin\Desktop\hai\ConViTX\code ViT_8 block CNN\HybridModel_PlantPathology_Ablation\results\ViT-Only_none-secbam_fold1_best.pth
2026-06-26 07:04:57 | Epoch 08/50 | Loss 0.8199 | Acc 61.32% | Val Loss 0.8507 | Val Acc 57.87% | 23.3s
2026-06-26 07:04:57 |   --> saved best to C:\Users\Admin\Desktop\hai\ConViTX\code ViT_8 block CNN\HybridModel_PlantPathology_Ablation\results\ViT-Only_none-secbam_fold1_best.pth
2026-06-26 07:05:16 | Epoch 09/50 | Loss 0.8140 | Acc 60.59% | Val Loss 0.8409 | Val Acc 59.16% | 18.9s
2026-06-26 07:05:16 |   --> saved best to C:\Users\Admin\Desktop\hai\ConViTX\code ViT_8 block CNN\HybridModel_PlantPathology_Ablation\results\ViT-Only_none-secbam_fold1_best.pth
2026-06-26 07:05:35 | Epoch 10/50 | Loss 0.7986 | Acc 61.32% | Val Loss 0.8263 | Val Acc 59.48% | 19.3s
2026-06-26 07:05:35 |   --> saved best to C:\Users\Admin\Desktop\hai\ConViTX\code ViT_8 block CNN\HybridModel_PlantPathology_Ablation\results\ViT-Only_none-secbam_fold1_best.pth
2026-06-26 07:05:54 | Epoch 11/50 | Loss 0.7988 | Acc 62.56% | Val Loss 0.8493 | Val Acc 57.87% | 18.9s
2026-06-26 07:06:13 | Epoch 12/50 | Loss 0.7941 | Acc 61.65% | Val Loss 0.8232 | Val Acc 59.89% | 18.7s
2026-06-26 07:06:13 |   --> saved best to C:\Users\Admin\Desktop\hai\ConViTX\code ViT_8 block CNN\HybridModel_PlantPathology_Ablation\results\ViT-Only_none-secbam_fold1_best.pth
2026-06-26 07:06:32 | Epoch 13/50 | Loss 0.7849 | Acc 61.93% | Val Loss 0.8260 | Val Acc 59.32% | 18.6s
2026-06-26 07:06:51 | Epoch 14/50 | Loss 0.7852 | Acc 62.30% | Val Loss 0.8406 | Val Acc 58.27% | 18.9s
2026-06-26 07:07:09 | Epoch 15/50 | Loss 0.7837 | Acc 62.09% | Val Loss 0.8060 | Val Acc 59.97% | 18.6s
2026-06-26 07:07:09 |   --> saved best to C:\Users\Admin\Desktop\hai\ConViTX\code ViT_8 block CNN\HybridModel_PlantPathology_Ablation\results\ViT-Only_none-secbam_fold1_best.pth
2026-06-26 07:07:28 | Epoch 16/50 | Loss 0.7742 | Acc 63.53% | Val Loss 0.8047 | Val Acc 61.82% | 18.5s
2026-06-26 07:07:28 |   --> saved best to C:\Users\Admin\Desktop\hai\ConViTX\code ViT_8 block CNN\HybridModel_PlantPathology_Ablation\results\ViT-Only_none-secbam_fold1_best.pth
2026-06-26 07:07:47 | Epoch 17/50 | Loss 0.7765 | Acc 62.91% | Val Loss 0.8029 | Val Acc 61.18% | 18.8s
2026-06-26 07:07:47 |   --> saved best to C:\Users\Admin\Desktop\hai\ConViTX\code ViT_8 block CNN\HybridModel_PlantPathology_Ablation\results\ViT-Only_none-secbam_fold1_best.pth
2026-06-26 07:08:06 | Epoch 18/50 | Loss 0.7749 | Acc 63.09% | Val Loss 0.7967 | Val Acc 61.74% | 19.2s
2026-06-26 07:08:06 |   --> saved best to C:\Users\Admin\Desktop\hai\ConViTX\code ViT_8 block CNN\HybridModel_PlantPathology_Ablation\results\ViT-Only_none-secbam_fold1_best.pth
2026-06-26 07:08:25 | Epoch 19/50 | Loss 0.7689 | Acc 63.60% | Val Loss 0.8064 | Val Acc 60.94% | 18.9s
2026-06-26 07:08:43 | Epoch 20/50 | Loss 0.7621 | Acc 63.47% | Val Loss 0.7994 | Val Acc 62.15% | 18.5s
2026-06-26 07:09:06 | Epoch 21/50 | Loss 0.7619 | Acc 64.51% | Val Loss 0.7946 | Val Acc 63.03% | 22.8s
2026-06-26 07:09:06 |   --> saved best to C:\Users\Admin\Desktop\hai\ConViTX\code ViT_8 block CNN\HybridModel_PlantPathology_Ablation\results\ViT-Only_none-secbam_fold1_best.pth
2026-06-26 07:09:25 | Epoch 22/50 | Loss 0.7567 | Acc 65.36% | Val Loss 0.7894 | Val Acc 62.79% | 18.8s
2026-06-26 07:09:25 |   --> saved best to C:\Users\Admin\Desktop\hai\ConViTX\code ViT_8 block CNN\HybridModel_PlantPathology_Ablation\results\ViT-Only_none-secbam_fold1_best.pth
2026-06-26 07:09:44 | Epoch 23/50 | Loss 0.7525 | Acc 65.24% | Val Loss 0.7779 | Val Acc 63.36% | 18.8s
2026-06-26 07:09:44 |   --> saved best to C:\Users\Admin\Desktop\hai\ConViTX\code ViT_8 block CNN\HybridModel_PlantPathology_Ablation\results\ViT-Only_none-secbam_fold1_best.pth
2026-06-26 07:10:03 | Epoch 24/50 | Loss 0.7428 | Acc 66.36% | Val Loss 0.7958 | Val Acc 61.82% | 19.2s
2026-06-26 07:10:22 | Epoch 25/50 | Loss 0.7375 | Acc 66.68% | Val Loss 0.7703 | Val Acc 64.33% | 19.0s
2026-06-26 07:10:22 |   --> saved best to C:\Users\Admin\Desktop\hai\ConViTX\code ViT_8 block CNN\HybridModel_PlantPathology_Ablation\results\ViT-Only_none-secbam_fold1_best.pth
2026-06-26 07:10:46 | Epoch 26/50 | Loss 0.7292 | Acc 66.90% | Val Loss 0.7616 | Val Acc 64.00% | 24.1s
2026-06-26 07:10:46 |   --> saved best to C:\Users\Admin\Desktop\hai\ConViTX\code ViT_8 block CNN\HybridModel_PlantPathology_Ablation\results\ViT-Only_none-secbam_fold1_best.pth
2026-06-26 07:11:06 | Epoch 27/50 | Loss 0.7177 | Acc 68.00% | Val Loss 0.7485 | Val Acc 65.78% | 19.4s
2026-06-26 07:11:06 |   --> saved best to C:\Users\Admin\Desktop\hai\ConViTX\code ViT_8 block CNN\HybridModel_PlantPathology_Ablation\results\ViT-Only_none-secbam_fold1_best.pth
2026-06-26 07:11:25 | Epoch 28/50 | Loss 0.7093 | Acc 68.45% | Val Loss 0.7313 | Val Acc 66.99% | 19.3s
2026-06-26 07:11:25 |   --> saved best to C:\Users\Admin\Desktop\hai\ConViTX\code ViT_8 block CNN\HybridModel_PlantPathology_Ablation\results\ViT-Only_none-secbam_fold1_best.pth
2026-06-26 07:11:45 | Epoch 29/50 | Loss 0.6895 | Acc 69.32% | Val Loss 0.7218 | Val Acc 67.23% | 19.6s
2026-06-26 07:11:45 |   --> saved best to C:\Users\Admin\Desktop\hai\ConViTX\code ViT_8 block CNN\HybridModel_PlantPathology_Ablation\results\ViT-Only_none-secbam_fold1_best.pth
2026-06-26 07:12:04 | Epoch 30/50 | Loss 0.6660 | Acc 71.59% | Val Loss 0.7190 | Val Acc 68.12% | 19.2s
2026-06-26 07:12:04 |   --> saved best to C:\Users\Admin\Desktop\hai\ConViTX\code ViT_8 block CNN\HybridModel_PlantPathology_Ablation\results\ViT-Only_none-secbam_fold1_best.pth
2026-06-26 07:12:23 | Epoch 31/50 | Loss 0.6561 | Acc 72.52% | Val Loss 0.7309 | Val Acc 68.28% | 19.0s
2026-06-26 07:12:43 | Epoch 32/50 | Loss 0.6466 | Acc 72.61% | Val Loss 0.6890 | Val Acc 71.03% | 19.6s
2026-06-26 07:12:43 |   --> saved best to C:\Users\Admin\Desktop\hai\ConViTX\code ViT_8 block CNN\HybridModel_PlantPathology_Ablation\results\ViT-Only_none-secbam_fold1_best.pth
2026-06-26 07:13:03 | Epoch 33/50 | Loss 0.6330 | Acc 73.46% | Val Loss 0.6916 | Val Acc 70.70% | 20.8s
2026-06-26 07:13:23 | Epoch 34/50 | Loss 0.6321 | Acc 73.19% | Val Loss 0.6820 | Val Acc 71.67% | 19.6s
2026-06-26 07:13:23 |   --> saved best to C:\Users\Admin\Desktop\hai\ConViTX\code ViT_8 block CNN\HybridModel_PlantPathology_Ablation\results\ViT-Only_none-secbam_fold1_best.pth
2026-06-26 07:13:42 | Epoch 35/50 | Loss 0.6182 | Acc 74.09% | Val Loss 0.6974 | Val Acc 70.86% | 19.1s
2026-06-26 07:14:01 | Epoch 36/50 | Loss 0.6195 | Acc 73.90% | Val Loss 0.6677 | Val Acc 72.40% | 19.2s
2026-06-26 07:14:01 |   --> saved best to C:\Users\Admin\Desktop\hai\ConViTX\code ViT_8 block CNN\HybridModel_PlantPathology_Ablation\results\ViT-Only_none-secbam_fold1_best.pth
2026-06-26 07:14:21 | Epoch 37/50 | Loss 0.6054 | Acc 75.47% | Val Loss 0.6730 | Val Acc 70.30% | 19.2s
2026-06-26 07:14:41 | Epoch 38/50 | Loss 0.6061 | Acc 74.78% | Val Loss 0.6613 | Val Acc 73.04% | 19.9s
2026-06-26 07:14:41 |   --> saved best to C:\Users\Admin\Desktop\hai\ConViTX\code ViT_8 block CNN\HybridModel_PlantPathology_Ablation\results\ViT-Only_none-secbam_fold1_best.pth
2026-06-26 07:15:00 | Epoch 39/50 | Loss 0.5921 | Acc 75.67% | Val Loss 0.6547 | Val Acc 73.53% | 19.0s
2026-06-26 07:15:00 |   --> saved best to C:\Users\Admin\Desktop\hai\ConViTX\code ViT_8 block CNN\HybridModel_PlantPathology_Ablation\results\ViT-Only_none-secbam_fold1_best.pth
2026-06-26 07:15:21 | Epoch 40/50 | Loss 0.5858 | Acc 75.69% | Val Loss 0.6605 | Val Acc 72.40% | 21.1s
2026-06-26 07:15:40 | Epoch 41/50 | Loss 0.5856 | Acc 75.63% | Val Loss 0.6419 | Val Acc 72.80% | 18.9s
2026-06-26 07:15:40 |   --> saved best to C:\Users\Admin\Desktop\hai\ConViTX\code ViT_8 block CNN\HybridModel_PlantPathology_Ablation\results\ViT-Only_none-secbam_fold1_best.pth
2026-06-26 07:15:59 | Epoch 42/50 | Loss 0.5779 | Acc 76.52% | Val Loss 0.6535 | Val Acc 72.80% | 18.7s
2026-06-26 07:16:25 | Epoch 43/50 | Loss 0.5684 | Acc 77.05% | Val Loss 0.6467 | Val Acc 72.88% | 26.5s
2026-06-26 07:16:44 | Epoch 44/50 | Loss 0.5661 | Acc 77.09% | Val Loss 0.6447 | Val Acc 73.85% | 18.7s
2026-06-26 07:17:02 | Epoch 45/50 | Loss 0.5754 | Acc 77.05% | Val Loss 0.6256 | Val Acc 74.41% | 18.3s
2026-06-26 07:17:02 |   --> saved best to C:\Users\Admin\Desktop\hai\ConViTX\code ViT_8 block CNN\HybridModel_PlantPathology_Ablation\results\ViT-Only_none-secbam_fold1_best.pth
2026-06-26 07:17:20 | Epoch 46/50 | Loss 0.5663 | Acc 76.91% | Val Loss 0.6327 | Val Acc 73.85% | 18.3s
2026-06-26 07:17:39 | Epoch 47/50 | Loss 0.5601 | Acc 77.19% | Val Loss 0.6329 | Val Acc 74.17% | 18.0s
2026-06-26 07:17:57 | Epoch 48/50 | Loss 0.5653 | Acc 76.75% | Val Loss 0.6287 | Val Acc 74.17% | 18.0s
2026-06-26 07:18:15 | Epoch 49/50 | Loss 0.5540 | Acc 77.60% | Val Loss 0.6187 | Val Acc 74.82% | 18.3s
2026-06-26 07:18:15 |   --> saved best to C:\Users\Admin\Desktop\hai\ConViTX\code ViT_8 block CNN\HybridModel_PlantPathology_Ablation\results\ViT-Only_none-secbam_fold1_best.pth
2026-06-26 07:18:33 | Epoch 50/50 | Loss 0.5354 | Acc 77.78% | Val Loss 0.6175 | Val Acc 74.09% | 18.3s
2026-06-26 07:18:33 |   --> saved best to C:\Users\Admin\Desktop\hai\ConViTX\code ViT_8 block CNN\HybridModel_PlantPathology_Ablation\results\ViT-Only_none-secbam_fold1_best.pth
2026-06-26 07:18:33 | Finished ViT-Only_none-secbam fold 1 in 18.15 min.
2026-06-26 07:18:41 | 
================================================================================
2026-06-26 07:18:41 | TRAINING: ViT-Only_none-secbam | FOLD 2/5
2026-06-26 07:18:41 | ================================================================================
2026-06-26 07:18:41 | [INFO] reduced batch_size=64 for vit model to avoid OOM.
2026-06-26 07:20:04 | Epoch 01/50 | Loss 1.3011 | Acc 46.94% | Val Loss 1.1987 | Val Acc 51.49% | 82.8s
2026-06-26 07:20:04 |   --> saved best to C:\Users\Admin\Desktop\hai\ConViTX\code ViT_8 block CNN\HybridModel_PlantPathology_Ablation\results\ViT-Only_none-secbam_fold2_best.pth
2026-06-26 07:20:22 | Epoch 02/50 | Loss 1.1231 | Acc 52.25% | Val Loss 1.0685 | Val Acc 52.62% | 18.1s
2026-06-26 07:20:22 |   --> saved best to C:\Users\Admin\Desktop\hai\ConViTX\code ViT_8 block CNN\HybridModel_PlantPathology_Ablation\results\ViT-Only_none-secbam_fold2_best.pth
2026-06-26 07:20:41 | Epoch 03/50 | Loss 1.0358 | Acc 53.67% | Val Loss 0.9850 | Val Acc 55.13% | 18.6s
2026-06-26 07:20:41 |   --> saved best to C:\Users\Admin\Desktop\hai\ConViTX\code ViT_8 block CNN\HybridModel_PlantPathology_Ablation\results\ViT-Only_none-secbam_fold2_best.pth
2026-06-26 07:21:00 | Epoch 04/50 | Loss 0.9746 | Acc 55.78% | Val Loss 0.9483 | Val Acc 56.34% | 18.9s
2026-06-26 07:21:00 |   --> saved best to C:\Users\Admin\Desktop\hai\ConViTX\code ViT_8 block CNN\HybridModel_PlantPathology_Ablation\results\ViT-Only_none-secbam_fold2_best.pth
2026-06-26 07:21:19 | Epoch 05/50 | Loss 0.9361 | Acc 56.64% | Val Loss 0.9220 | Val Acc 56.82% | 18.8s
2026-06-26 07:21:19 |   --> saved best to C:\Users\Admin\Desktop\hai\ConViTX\code ViT_8 block CNN\HybridModel_PlantPathology_Ablation\results\ViT-Only_none-secbam_fold2_best.pth
2026-06-26 07:21:37 | Epoch 06/50 | Loss 0.9046 | Acc 58.12% | Val Loss 0.8820 | Val Acc 59.48% | 18.4s
2026-06-26 07:21:37 |   --> saved best to C:\Users\Admin\Desktop\hai\ConViTX\code ViT_8 block CNN\HybridModel_PlantPathology_Ablation\results\ViT-Only_none-secbam_fold2_best.pth
2026-06-26 07:21:55 | Epoch 07/50 | Loss 0.8719 | Acc 59.88% | Val Loss 0.8435 | Val Acc 60.69% | 18.3s
2026-06-26 07:21:55 |   --> saved best to C:\Users\Admin\Desktop\hai\ConViTX\code ViT_8 block CNN\HybridModel_PlantPathology_Ablation\results\ViT-Only_none-secbam_fold2_best.pth
2026-06-26 07:22:14 | Epoch 08/50 | Loss 0.8536 | Acc 61.02% | Val Loss 0.8163 | Val Acc 62.23% | 18.0s
2026-06-26 07:22:14 |   --> saved best to C:\Users\Admin\Desktop\hai\ConViTX\code ViT_8 block CNN\HybridModel_PlantPathology_Ablation\results\ViT-Only_none-secbam_fold2_best.pth
2026-06-26 07:22:32 | Epoch 09/50 | Loss 0.8370 | Acc 61.47% | Val Loss 0.8097 | Val Acc 61.99% | 18.5s
2026-06-26 07:22:32 |   --> saved best to C:\Users\Admin\Desktop\hai\ConViTX\code ViT_8 block CNN\HybridModel_PlantPathology_Ablation\results\ViT-Only_none-secbam_fold2_best.pth
2026-06-26 07:22:50 | Epoch 10/50 | Loss 0.8219 | Acc 63.11% | Val Loss 0.8081 | Val Acc 62.71% | 18.2s
2026-06-26 07:22:50 |   --> saved best to C:\Users\Admin\Desktop\hai\ConViTX\code ViT_8 block CNN\HybridModel_PlantPathology_Ablation\results\ViT-Only_none-secbam_fold2_best.pth
2026-06-26 07:23:08 | Epoch 11/50 | Loss 0.8095 | Acc 62.95% | Val Loss 0.7863 | Val Acc 62.95% | 18.0s
2026-06-26 07:23:08 |   --> saved best to C:\Users\Admin\Desktop\hai\ConViTX\code ViT_8 block CNN\HybridModel_PlantPathology_Ablation\results\ViT-Only_none-secbam_fold2_best.pth
2026-06-26 07:23:27 | Epoch 12/50 | Loss 0.8026 | Acc 64.41% | Val Loss 0.7679 | Val Acc 65.05% | 18.4s
2026-06-26 07:23:27 |   --> saved best to C:\Users\Admin\Desktop\hai\ConViTX\code ViT_8 block CNN\HybridModel_PlantPathology_Ablation\results\ViT-Only_none-secbam_fold2_best.pth
2026-06-26 07:23:45 | Epoch 13/50 | Loss 0.7828 | Acc 65.60% | Val Loss 0.7633 | Val Acc 65.38% | 18.1s
2026-06-26 07:23:45 |   --> saved best to C:\Users\Admin\Desktop\hai\ConViTX\code ViT_8 block CNN\HybridModel_PlantPathology_Ablation\results\ViT-Only_none-secbam_fold2_best.pth
2026-06-26 07:24:03 | Epoch 14/50 | Loss 0.7816 | Acc 65.50% | Val Loss 0.7693 | Val Acc 64.73% | 18.2s
2026-06-26 07:24:21 | Epoch 15/50 | Loss 0.7525 | Acc 67.57% | Val Loss 0.7429 | Val Acc 66.99% | 18.3s
2026-06-26 07:24:21 |   --> saved best to C:\Users\Admin\Desktop\hai\ConViTX\code ViT_8 block CNN\HybridModel_PlantPathology_Ablation\results\ViT-Only_none-secbam_fold2_best.pth
2026-06-26 07:24:40 | Epoch 16/50 | Loss 0.7380 | Acc 68.59% | Val Loss 0.7167 | Val Acc 70.22% | 18.5s
2026-06-26 07:24:40 |   --> saved best to C:\Users\Admin\Desktop\hai\ConViTX\code ViT_8 block CNN\HybridModel_PlantPathology_Ablation\results\ViT-Only_none-secbam_fold2_best.pth
2026-06-26 07:24:58 | Epoch 17/50 | Loss 0.7177 | Acc 69.85% | Val Loss 0.6956 | Val Acc 72.15% | 18.1s
2026-06-26 07:24:58 |   --> saved best to C:\Users\Admin\Desktop\hai\ConViTX\code ViT_8 block CNN\HybridModel_PlantPathology_Ablation\results\ViT-Only_none-secbam_fold2_best.pth
2026-06-26 07:25:16 | Epoch 18/50 | Loss 0.7087 | Acc 70.80% | Val Loss 0.6884 | Val Acc 71.83% | 18.3s
2026-06-26 07:25:17 |   --> saved best to C:\Users\Admin\Desktop\hai\ConViTX\code ViT_8 block CNN\HybridModel_PlantPathology_Ablation\results\ViT-Only_none-secbam_fold2_best.pth
2026-06-26 07:25:34 | Epoch 19/50 | Loss 0.6872 | Acc 71.43% | Val Loss 0.6789 | Val Acc 72.88% | 17.9s
2026-06-26 07:25:34 |   --> saved best to C:\Users\Admin\Desktop\hai\ConViTX\code ViT_8 block CNN\HybridModel_PlantPathology_Ablation\results\ViT-Only_none-secbam_fold2_best.pth
2026-06-26 07:25:52 | Epoch 20/50 | Loss 0.6867 | Acc 71.83% | Val Loss 0.6589 | Val Acc 72.88% | 18.0s
2026-06-26 07:25:52 |   --> saved best to C:\Users\Admin\Desktop\hai\ConViTX\code ViT_8 block CNN\HybridModel_PlantPathology_Ablation\results\ViT-Only_none-secbam_fold2_best.pth
2026-06-26 07:26:10 | Epoch 21/50 | Loss 0.6663 | Acc 72.71% | Val Loss 0.6467 | Val Acc 74.50% | 18.0s
2026-06-26 07:26:10 |   --> saved best to C:\Users\Admin\Desktop\hai\ConViTX\code ViT_8 block CNN\HybridModel_PlantPathology_Ablation\results\ViT-Only_none-secbam_fold2_best.pth
2026-06-26 07:26:28 | Epoch 22/50 | Loss 0.6665 | Acc 72.56% | Val Loss 0.6492 | Val Acc 72.24% | 18.0s
2026-06-26 07:26:46 | Epoch 23/50 | Loss 0.6520 | Acc 73.21% | Val Loss 0.6408 | Val Acc 73.69% | 18.0s
2026-06-26 07:26:46 |   --> saved best to C:\Users\Admin\Desktop\hai\ConViTX\code ViT_8 block CNN\HybridModel_PlantPathology_Ablation\results\ViT-Only_none-secbam_fold2_best.pth
2026-06-26 07:27:05 | Epoch 24/50 | Loss 0.6375 | Acc 74.35% | Val Loss 0.6339 | Val Acc 74.90% | 18.2s
2026-06-26 07:27:05 |   --> saved best to C:\Users\Admin\Desktop\hai\ConViTX\code ViT_8 block CNN\HybridModel_PlantPathology_Ablation\results\ViT-Only_none-secbam_fold2_best.pth
2026-06-26 07:27:23 | Epoch 25/50 | Loss 0.6408 | Acc 73.88% | Val Loss 0.6195 | Val Acc 74.09% | 18.0s
2026-06-26 07:27:23 |   --> saved best to C:\Users\Admin\Desktop\hai\ConViTX\code ViT_8 block CNN\HybridModel_PlantPathology_Ablation\results\ViT-Only_none-secbam_fold2_best.pth
2026-06-26 07:27:41 | Epoch 26/50 | Loss 0.6358 | Acc 74.33% | Val Loss 0.6075 | Val Acc 75.54% | 18.3s
2026-06-26 07:27:41 |   --> saved best to C:\Users\Admin\Desktop\hai\ConViTX\code ViT_8 block CNN\HybridModel_PlantPathology_Ablation\results\ViT-Only_none-secbam_fold2_best.pth
2026-06-26 07:27:59 | Epoch 27/50 | Loss 0.6087 | Acc 75.47% | Val Loss 0.6131 | Val Acc 75.14% | 18.3s
2026-06-26 07:28:18 | Epoch 28/50 | Loss 0.6198 | Acc 74.86% | Val Loss 0.6081 | Val Acc 74.74% | 18.2s
2026-06-26 07:28:36 | Epoch 29/50 | Loss 0.6074 | Acc 75.30% | Val Loss 0.5975 | Val Acc 75.63% | 18.4s
2026-06-26 07:28:36 |   --> saved best to C:\Users\Admin\Desktop\hai\ConViTX\code ViT_8 block CNN\HybridModel_PlantPathology_Ablation\results\ViT-Only_none-secbam_fold2_best.pth
2026-06-26 07:28:54 | Epoch 30/50 | Loss 0.6061 | Acc 75.81% | Val Loss 0.5952 | Val Acc 75.54% | 18.0s
2026-06-26 07:28:54 |   --> saved best to C:\Users\Admin\Desktop\hai\ConViTX\code ViT_8 block CNN\HybridModel_PlantPathology_Ablation\results\ViT-Only_none-secbam_fold2_best.pth
2026-06-26 07:29:12 | Epoch 31/50 | Loss 0.6031 | Acc 75.77% | Val Loss 0.5968 | Val Acc 75.54% | 18.0s
2026-06-26 07:29:30 | Epoch 32/50 | Loss 0.5975 | Acc 76.32% | Val Loss 0.5614 | Val Acc 76.84% | 18.3s
2026-06-26 07:29:31 |   --> saved best to C:\Users\Admin\Desktop\hai\ConViTX\code ViT_8 block CNN\HybridModel_PlantPathology_Ablation\results\ViT-Only_none-secbam_fold2_best.pth
2026-06-26 07:29:49 | Epoch 33/50 | Loss 0.5913 | Acc 76.30% | Val Loss 0.6031 | Val Acc 75.22% | 18.4s
2026-06-26 07:30:07 | Epoch 34/50 | Loss 0.5887 | Acc 76.60% | Val Loss 0.5610 | Val Acc 76.67% | 18.4s
2026-06-26 07:30:07 |   --> saved best to C:\Users\Admin\Desktop\hai\ConViTX\code ViT_8 block CNN\HybridModel_PlantPathology_Ablation\results\ViT-Only_none-secbam_fold2_best.pth
2026-06-26 07:30:26 | Epoch 35/50 | Loss 0.5798 | Acc 76.85% | Val Loss 0.5859 | Val Acc 76.67% | 18.3s
2026-06-26 07:30:44 | Epoch 36/50 | Loss 0.5781 | Acc 77.41% | Val Loss 0.5594 | Val Acc 77.00% | 18.2s
2026-06-26 07:30:44 |   --> saved best to C:\Users\Admin\Desktop\hai\ConViTX\code ViT_8 block CNN\HybridModel_PlantPathology_Ablation\results\ViT-Only_none-secbam_fold2_best.pth
2026-06-26 07:31:02 | Epoch 37/50 | Loss 0.5680 | Acc 77.19% | Val Loss 0.5638 | Val Acc 76.84% | 18.3s
2026-06-26 07:31:20 | Epoch 38/50 | Loss 0.5742 | Acc 77.05% | Val Loss 0.6180 | Val Acc 74.09% | 18.1s
2026-06-26 07:31:38 | Epoch 39/50 | Loss 0.5661 | Acc 77.68% | Val Loss 0.5499 | Val Acc 78.29% | 18.0s
2026-06-26 07:31:38 |   --> saved best to C:\Users\Admin\Desktop\hai\ConViTX\code ViT_8 block CNN\HybridModel_PlantPathology_Ablation\results\ViT-Only_none-secbam_fold2_best.pth
2026-06-26 07:31:57 | Epoch 40/50 | Loss 0.5613 | Acc 77.54% | Val Loss 0.5445 | Val Acc 78.29% | 18.2s
2026-06-26 07:31:57 |   --> saved best to C:\Users\Admin\Desktop\hai\ConViTX\code ViT_8 block CNN\HybridModel_PlantPathology_Ablation\results\ViT-Only_none-secbam_fold2_best.pth
2026-06-26 07:32:15 | Epoch 41/50 | Loss 0.5600 | Acc 77.88% | Val Loss 0.5524 | Val Acc 76.76% | 18.1s
2026-06-26 07:32:33 | Epoch 42/50 | Loss 0.5564 | Acc 78.33% | Val Loss 0.5416 | Val Acc 77.32% | 18.1s
2026-06-26 07:32:33 |   --> saved best to C:\Users\Admin\Desktop\hai\ConViTX\code ViT_8 block CNN\HybridModel_PlantPathology_Ablation\results\ViT-Only_none-secbam_fold2_best.pth
2026-06-26 07:32:51 | Epoch 43/50 | Loss 0.5408 | Acc 78.53% | Val Loss 0.5309 | Val Acc 77.64% | 18.4s
2026-06-26 07:32:51 |   --> saved best to C:\Users\Admin\Desktop\hai\ConViTX\code ViT_8 block CNN\HybridModel_PlantPathology_Ablation\results\ViT-Only_none-secbam_fold2_best.pth
2026-06-26 07:33:10 | Epoch 44/50 | Loss 0.5418 | Acc 78.84% | Val Loss 0.5230 | Val Acc 78.29% | 18.2s
2026-06-26 07:33:10 |   --> saved best to C:\Users\Admin\Desktop\hai\ConViTX\code ViT_8 block CNN\HybridModel_PlantPathology_Ablation\results\ViT-Only_none-secbam_fold2_best.pth
2026-06-26 07:33:28 | Epoch 45/50 | Loss 0.5337 | Acc 79.20% | Val Loss 0.5170 | Val Acc 78.69% | 18.3s
2026-06-26 07:33:28 |   --> saved best to C:\Users\Admin\Desktop\hai\ConViTX\code ViT_8 block CNN\HybridModel_PlantPathology_Ablation\results\ViT-Only_none-secbam_fold2_best.pth
2026-06-26 07:33:46 | Epoch 46/50 | Loss 0.5320 | Acc 79.00% | Val Loss 0.5403 | Val Acc 77.64% | 18.4s
2026-06-26 07:34:05 | Epoch 47/50 | Loss 0.5293 | Acc 79.44% | Val Loss 0.5161 | Val Acc 79.02% | 18.8s
2026-06-26 07:34:05 |   --> saved best to C:\Users\Admin\Desktop\hai\ConViTX\code ViT_8 block CNN\HybridModel_PlantPathology_Ablation\results\ViT-Only_none-secbam_fold2_best.pth
2026-06-26 07:34:23 | Epoch 48/50 | Loss 0.5243 | Acc 79.24% | Val Loss 0.5475 | Val Acc 76.67% | 18.2s
2026-06-26 07:34:41 | Epoch 49/50 | Loss 0.5246 | Acc 78.86% | Val Loss 0.5128 | Val Acc 78.93% | 18.1s
2026-06-26 07:34:41 |   --> saved best to C:\Users\Admin\Desktop\hai\ConViTX\code ViT_8 block CNN\HybridModel_PlantPathology_Ablation\results\ViT-Only_none-secbam_fold2_best.pth
2026-06-26 07:35:00 | Epoch 50/50 | Loss 0.4967 | Acc 80.60% | Val Loss 0.5112 | Val Acc 78.45% | 18.0s
2026-06-26 07:35:00 |   --> saved best to C:\Users\Admin\Desktop\hai\ConViTX\code ViT_8 block CNN\HybridModel_PlantPathology_Ablation\results\ViT-Only_none-secbam_fold2_best.pth
2026-06-26 07:35:00 | Finished ViT-Only_none-secbam fold 2 in 16.30 min.
2026-06-26 07:35:07 | 
================================================================================
2026-06-26 07:35:07 | TRAINING: ViT-Only_none-secbam | FOLD 3/5
2026-06-26 07:35:07 | ================================================================================
2026-06-26 07:35:07 | [INFO] reduced batch_size=64 for vit model to avoid OOM.
2026-06-26 07:36:25 | Epoch 01/50 | Loss 1.3193 | Acc 46.04% | Val Loss 1.1995 | Val Acc 50.81% | 77.8s
2026-06-26 07:36:25 |   --> saved best to C:\Users\Admin\Desktop\hai\ConViTX\code ViT_8 block CNN\HybridModel_PlantPathology_Ablation\results\ViT-Only_none-secbam_fold3_best.pth
2026-06-26 07:36:43 | Epoch 02/50 | Loss 1.1336 | Acc 52.39% | Val Loss 1.0968 | Val Acc 51.62% | 18.0s
2026-06-26 07:36:43 |   --> saved best to C:\Users\Admin\Desktop\hai\ConViTX\code ViT_8 block CNN\HybridModel_PlantPathology_Ablation\results\ViT-Only_none-secbam_fold3_best.pth
2026-06-26 07:37:01 | Epoch 03/50 | Loss 1.0364 | Acc 54.08% | Val Loss 0.9959 | Val Acc 54.36% | 18.1s
2026-06-26 07:37:01 |   --> saved best to C:\Users\Admin\Desktop\hai\ConViTX\code ViT_8 block CNN\HybridModel_PlantPathology_Ablation\results\ViT-Only_none-secbam_fold3_best.pth
2026-06-26 07:37:19 | Epoch 04/50 | Loss 0.9644 | Acc 56.55% | Val Loss 0.9383 | Val Acc 58.00% | 18.0s
2026-06-26 07:37:19 |   --> saved best to C:\Users\Admin\Desktop\hai\ConViTX\code ViT_8 block CNN\HybridModel_PlantPathology_Ablation\results\ViT-Only_none-secbam_fold3_best.pth
2026-06-26 07:37:37 | Epoch 05/50 | Loss 0.9174 | Acc 57.79% | Val Loss 0.8932 | Val Acc 59.53% | 18.1s
2026-06-26 07:37:37 |   --> saved best to C:\Users\Admin\Desktop\hai\ConViTX\code ViT_8 block CNN\HybridModel_PlantPathology_Ablation\results\ViT-Only_none-secbam_fold3_best.pth
2026-06-26 07:37:55 | Epoch 06/50 | Loss 0.8811 | Acc 59.19% | Val Loss 0.8444 | Val Acc 60.74% | 18.1s
2026-06-26 07:37:55 |   --> saved best to C:\Users\Admin\Desktop\hai\ConViTX\code ViT_8 block CNN\HybridModel_PlantPathology_Ablation\results\ViT-Only_none-secbam_fold3_best.pth
2026-06-26 07:38:13 | Epoch 07/50 | Loss 0.8624 | Acc 60.17% | Val Loss 0.8245 | Val Acc 61.31% | 18.0s
2026-06-26 07:38:13 |   --> saved best to C:\Users\Admin\Desktop\hai\ConViTX\code ViT_8 block CNN\HybridModel_PlantPathology_Ablation\results\ViT-Only_none-secbam_fold3_best.pth
2026-06-26 07:38:31 | Epoch 08/50 | Loss 0.8448 | Acc 60.57% | Val Loss 0.8149 | Val Acc 60.90% | 18.2s
2026-06-26 07:38:31 |   --> saved best to C:\Users\Admin\Desktop\hai\ConViTX\code ViT_8 block CNN\HybridModel_PlantPathology_Ablation\results\ViT-Only_none-secbam_fold3_best.pth
2026-06-26 07:38:50 | Epoch 09/50 | Loss 0.8452 | Acc 60.69% | Val Loss 0.8081 | Val Acc 61.71% | 18.4s
2026-06-26 07:38:50 |   --> saved best to C:\Users\Admin\Desktop\hai\ConViTX\code ViT_8 block CNN\HybridModel_PlantPathology_Ablation\results\ViT-Only_none-secbam_fold3_best.pth
2026-06-26 07:39:08 | Epoch 10/50 | Loss 0.8325 | Acc 61.55% | Val Loss 0.7930 | Val Acc 61.95% | 18.3s
2026-06-26 07:39:08 |   --> saved best to C:\Users\Admin\Desktop\hai\ConViTX\code ViT_8 block CNN\HybridModel_PlantPathology_Ablation\results\ViT-Only_none-secbam_fold3_best.pth
2026-06-26 07:39:26 | Epoch 11/50 | Loss 0.8248 | Acc 61.36% | Val Loss 0.7890 | Val Acc 61.71% | 18.3s
2026-06-26 07:39:26 |   --> saved best to C:\Users\Admin\Desktop\hai\ConViTX\code ViT_8 block CNN\HybridModel_PlantPathology_Ablation\results\ViT-Only_none-secbam_fold3_best.pth
2026-06-26 07:39:45 | Epoch 12/50 | Loss 0.8146 | Acc 62.32% | Val Loss 0.7845 | Val Acc 61.87% | 18.3s
2026-06-26 07:39:45 |   --> saved best to C:\Users\Admin\Desktop\hai\ConViTX\code ViT_8 block CNN\HybridModel_PlantPathology_Ablation\results\ViT-Only_none-secbam_fold3_best.pth
2026-06-26 07:40:03 | Epoch 13/50 | Loss 0.8132 | Acc 62.48% | Val Loss 0.7845 | Val Acc 62.76% | 17.9s
2026-06-26 07:40:21 | Epoch 14/50 | Loss 0.8082 | Acc 63.01% | Val Loss 0.7645 | Val Acc 62.92% | 18.0s
2026-06-26 07:40:21 |   --> saved best to C:\Users\Admin\Desktop\hai\ConViTX\code ViT_8 block CNN\HybridModel_PlantPathology_Ablation\results\ViT-Only_none-secbam_fold3_best.pth
2026-06-26 07:40:39 | Epoch 15/50 | Loss 0.8039 | Acc 62.89% | Val Loss 0.7655 | Val Acc 62.44% | 18.2s
2026-06-26 07:40:57 | Epoch 16/50 | Loss 0.7924 | Acc 63.41% | Val Loss 0.7664 | Val Acc 63.00% | 17.9s
2026-06-26 07:41:15 | Epoch 17/50 | Loss 0.7855 | Acc 63.84% | Val Loss 0.7540 | Val Acc 64.14% | 18.2s
2026-06-26 07:41:15 |   --> saved best to C:\Users\Admin\Desktop\hai\ConViTX\code ViT_8 block CNN\HybridModel_PlantPathology_Ablation\results\ViT-Only_none-secbam_fold3_best.pth
2026-06-26 07:41:33 | Epoch 18/50 | Loss 0.7869 | Acc 64.35% | Val Loss 0.7448 | Val Acc 65.11% | 18.2s
2026-06-26 07:41:33 |   --> saved best to C:\Users\Admin\Desktop\hai\ConViTX\code ViT_8 block CNN\HybridModel_PlantPathology_Ablation\results\ViT-Only_none-secbam_fold3_best.pth
2026-06-26 07:41:51 | Epoch 19/50 | Loss 0.7751 | Acc 64.79% | Val Loss 0.7450 | Val Acc 63.97% | 18.0s
2026-06-26 07:42:09 | Epoch 20/50 | Loss 0.7706 | Acc 64.00% | Val Loss 0.7476 | Val Acc 63.41% | 18.1s
2026-06-26 07:42:28 | Epoch 21/50 | Loss 0.7700 | Acc 64.81% | Val Loss 0.7295 | Val Acc 65.91% | 18.4s
2026-06-26 07:42:28 |   --> saved best to C:\Users\Admin\Desktop\hai\ConViTX\code ViT_8 block CNN\HybridModel_PlantPathology_Ablation\results\ViT-Only_none-secbam_fold3_best.pth
2026-06-26 07:42:47 | Epoch 22/50 | Loss 0.7658 | Acc 64.96% | Val Loss 0.7304 | Val Acc 65.51% | 18.8s
2026-06-26 07:43:05 | Epoch 23/50 | Loss 0.7586 | Acc 65.77% | Val Loss 0.7347 | Val Acc 65.27% | 18.1s
2026-06-26 07:43:23 | Epoch 24/50 | Loss 0.7570 | Acc 66.19% | Val Loss 0.7248 | Val Acc 66.40% | 18.3s
2026-06-26 07:43:23 |   --> saved best to C:\Users\Admin\Desktop\hai\ConViTX\code ViT_8 block CNN\HybridModel_PlantPathology_Ablation\results\ViT-Only_none-secbam_fold3_best.pth
2026-06-26 07:43:41 | Epoch 25/50 | Loss 0.7551 | Acc 65.97% | Val Loss 0.7207 | Val Acc 67.12% | 17.8s
2026-06-26 07:43:41 |   --> saved best to C:\Users\Admin\Desktop\hai\ConViTX\code ViT_8 block CNN\HybridModel_PlantPathology_Ablation\results\ViT-Only_none-secbam_fold3_best.pth
2026-06-26 07:43:59 | Epoch 26/50 | Loss 0.7444 | Acc 66.15% | Val Loss 0.7337 | Val Acc 64.30% | 18.4s
2026-06-26 07:44:18 | Epoch 27/50 | Loss 0.7479 | Acc 66.94% | Val Loss 0.7225 | Val Acc 66.72% | 18.3s
2026-06-26 07:44:36 | Epoch 28/50 | Loss 0.7435 | Acc 66.54% | Val Loss 0.7130 | Val Acc 66.07% | 18.1s
2026-06-26 07:44:36 |   --> saved best to C:\Users\Admin\Desktop\hai\ConViTX\code ViT_8 block CNN\HybridModel_PlantPathology_Ablation\results\ViT-Only_none-secbam_fold3_best.pth
2026-06-26 07:44:54 | Epoch 29/50 | Loss 0.7404 | Acc 67.23% | Val Loss 0.7235 | Val Acc 66.40% | 18.4s
2026-06-26 07:45:12 | Epoch 30/50 | Loss 0.7408 | Acc 67.51% | Val Loss 0.7106 | Val Acc 66.80% | 18.1s
2026-06-26 07:45:12 |   --> saved best to C:\Users\Admin\Desktop\hai\ConViTX\code ViT_8 block CNN\HybridModel_PlantPathology_Ablation\results\ViT-Only_none-secbam_fold3_best.pth
2026-06-26 07:45:31 | Epoch 31/50 | Loss 0.7299 | Acc 67.41% | Val Loss 0.7059 | Val Acc 67.85% | 18.5s
2026-06-26 07:45:31 |   --> saved best to C:\Users\Admin\Desktop\hai\ConViTX\code ViT_8 block CNN\HybridModel_PlantPathology_Ablation\results\ViT-Only_none-secbam_fold3_best.pth
2026-06-26 07:45:49 | Epoch 32/50 | Loss 0.7271 | Acc 68.10% | Val Loss 0.7035 | Val Acc 67.53% | 18.3s
2026-06-26 07:45:49 |   --> saved best to C:\Users\Admin\Desktop\hai\ConViTX\code ViT_8 block CNN\HybridModel_PlantPathology_Ablation\results\ViT-Only_none-secbam_fold3_best.pth
2026-06-26 07:46:08 | Epoch 33/50 | Loss 0.7233 | Acc 68.16% | Val Loss 0.6940 | Val Acc 69.31% | 18.6s
2026-06-26 07:46:08 |   --> saved best to C:\Users\Admin\Desktop\hai\ConViTX\code ViT_8 block CNN\HybridModel_PlantPathology_Ablation\results\ViT-Only_none-secbam_fold3_best.pth
2026-06-26 07:46:26 | Epoch 34/50 | Loss 0.7229 | Acc 68.51% | Val Loss 0.6884 | Val Acc 69.22% | 18.4s
2026-06-26 07:46:26 |   --> saved best to C:\Users\Admin\Desktop\hai\ConViTX\code ViT_8 block CNN\HybridModel_PlantPathology_Ablation\results\ViT-Only_none-secbam_fold3_best.pth
2026-06-26 07:46:44 | Epoch 35/50 | Loss 0.7152 | Acc 68.59% | Val Loss 0.6907 | Val Acc 68.26% | 18.2s
2026-06-26 07:47:02 | Epoch 36/50 | Loss 0.7081 | Acc 68.87% | Val Loss 0.7024 | Val Acc 68.50% | 18.1s
2026-06-26 07:47:21 | Epoch 37/50 | Loss 0.6994 | Acc 69.62% | Val Loss 0.6841 | Val Acc 69.87% | 18.3s
2026-06-26 07:47:21 |   --> saved best to C:\Users\Admin\Desktop\hai\ConViTX\code ViT_8 block CNN\HybridModel_PlantPathology_Ablation\results\ViT-Only_none-secbam_fold3_best.pth
2026-06-26 07:47:39 | Epoch 38/50 | Loss 0.7012 | Acc 69.83% | Val Loss 0.6776 | Val Acc 69.95% | 18.0s
2026-06-26 07:47:39 |   --> saved best to C:\Users\Admin\Desktop\hai\ConViTX\code ViT_8 block CNN\HybridModel_PlantPathology_Ablation\results\ViT-Only_none-secbam_fold3_best.pth
2026-06-26 07:47:57 | Epoch 39/50 | Loss 0.7028 | Acc 69.38% | Val Loss 0.6843 | Val Acc 69.71% | 18.5s
2026-06-26 07:48:16 | Epoch 40/50 | Loss 0.6967 | Acc 69.30% | Val Loss 0.6735 | Val Acc 70.44% | 18.4s
2026-06-26 07:48:16 |   --> saved best to C:\Users\Admin\Desktop\hai\ConViTX\code ViT_8 block CNN\HybridModel_PlantPathology_Ablation\results\ViT-Only_none-secbam_fold3_best.pth
2026-06-26 07:48:34 | Epoch 41/50 | Loss 0.6851 | Acc 70.96% | Val Loss 0.6618 | Val Acc 70.84% | 18.2s
2026-06-26 07:48:34 |   --> saved best to C:\Users\Admin\Desktop\hai\ConViTX\code ViT_8 block CNN\HybridModel_PlantPathology_Ablation\results\ViT-Only_none-secbam_fold3_best.pth
2026-06-26 07:48:52 | Epoch 42/50 | Loss 0.6776 | Acc 70.88% | Val Loss 0.6619 | Val Acc 71.24% | 18.2s
2026-06-26 07:49:10 | Epoch 43/50 | Loss 0.6623 | Acc 71.65% | Val Loss 0.6431 | Val Acc 72.46% | 18.1s
2026-06-26 07:49:10 |   --> saved best to C:\Users\Admin\Desktop\hai\ConViTX\code ViT_8 block CNN\HybridModel_PlantPathology_Ablation\results\ViT-Only_none-secbam_fold3_best.pth
2026-06-26 07:49:28 | Epoch 44/50 | Loss 0.6474 | Acc 73.19% | Val Loss 0.6246 | Val Acc 74.07% | 18.0s
2026-06-26 07:49:28 |   --> saved best to C:\Users\Admin\Desktop\hai\ConViTX\code ViT_8 block CNN\HybridModel_PlantPathology_Ablation\results\ViT-Only_none-secbam_fold3_best.pth
2026-06-26 07:49:46 | Epoch 45/50 | Loss 0.6436 | Acc 73.60% | Val Loss 0.6282 | Val Acc 73.02% | 18.0s
2026-06-26 07:50:05 | Epoch 46/50 | Loss 0.6309 | Acc 73.32% | Val Loss 0.6138 | Val Acc 74.07% | 18.5s
2026-06-26 07:50:05 |   --> saved best to C:\Users\Admin\Desktop\hai\ConViTX\code ViT_8 block CNN\HybridModel_PlantPathology_Ablation\results\ViT-Only_none-secbam_fold3_best.pth
2026-06-26 07:50:23 | Epoch 47/50 | Loss 0.6114 | Acc 75.10% | Val Loss 0.5984 | Val Acc 74.72% | 18.4s
2026-06-26 07:50:23 |   --> saved best to C:\Users\Admin\Desktop\hai\ConViTX\code ViT_8 block CNN\HybridModel_PlantPathology_Ablation\results\ViT-Only_none-secbam_fold3_best.pth
2026-06-26 07:50:41 | Epoch 48/50 | Loss 0.6012 | Acc 75.91% | Val Loss 0.5868 | Val Acc 74.47% | 18.0s
2026-06-26 07:50:41 |   --> saved best to C:\Users\Admin\Desktop\hai\ConViTX\code ViT_8 block CNN\HybridModel_PlantPathology_Ablation\results\ViT-Only_none-secbam_fold3_best.pth
2026-06-26 07:51:00 | Epoch 49/50 | Loss 0.6051 | Acc 75.41% | Val Loss 0.5870 | Val Acc 75.61% | 18.6s
2026-06-26 07:51:18 | Epoch 50/50 | Loss 0.5866 | Acc 76.22% | Val Loss 0.5831 | Val Acc 77.06% | 18.0s
2026-06-26 07:51:18 |   --> saved best to C:\Users\Admin\Desktop\hai\ConViTX\code ViT_8 block CNN\HybridModel_PlantPathology_Ablation\results\ViT-Only_none-secbam_fold3_best.pth
2026-06-26 07:51:18 | Finished ViT-Only_none-secbam fold 3 in 16.19 min.
2026-06-26 07:51:25 | 
================================================================================
2026-06-26 07:51:25 | TRAINING: ViT-Only_none-secbam | FOLD 4/5
2026-06-26 07:51:25 | ================================================================================
2026-06-26 07:51:25 | [INFO] reduced batch_size=64 for vit model to avoid OOM.
2026-06-26 07:52:39 | Epoch 01/50 | Loss 1.3099 | Acc 47.38% | Val Loss 1.1860 | Val Acc 52.58% | 74.1s
2026-06-26 07:52:39 |   --> saved best to C:\Users\Admin\Desktop\hai\ConViTX\code ViT_8 block CNN\HybridModel_PlantPathology_Ablation\results\ViT-Only_none-secbam_fold4_best.pth
2026-06-26 07:52:59 | Epoch 02/50 | Loss 1.1458 | Acc 52.01% | Val Loss 1.0698 | Val Acc 53.80% | 19.4s
2026-06-26 07:52:59 |   --> saved best to C:\Users\Admin\Desktop\hai\ConViTX\code ViT_8 block CNN\HybridModel_PlantPathology_Ablation\results\ViT-Only_none-secbam_fold4_best.pth
2026-06-26 07:53:20 | Epoch 03/50 | Loss 1.0556 | Acc 53.00% | Val Loss 0.9782 | Val Acc 55.09% | 20.9s
2026-06-26 07:53:20 |   --> saved best to C:\Users\Admin\Desktop\hai\ConViTX\code ViT_8 block CNN\HybridModel_PlantPathology_Ablation\results\ViT-Only_none-secbam_fold4_best.pth
2026-06-26 07:53:41 | Epoch 04/50 | Loss 0.9935 | Acc 54.38% | Val Loss 0.9236 | Val Acc 58.48% | 21.1s
2026-06-26 07:53:41 |   --> saved best to C:\Users\Admin\Desktop\hai\ConViTX\code ViT_8 block CNN\HybridModel_PlantPathology_Ablation\results\ViT-Only_none-secbam_fold4_best.pth
2026-06-26 07:54:00 | Epoch 05/50 | Loss 0.9405 | Acc 56.13% | Val Loss 0.8805 | Val Acc 61.63% | 19.1s
2026-06-26 07:54:00 |   --> saved best to C:\Users\Admin\Desktop\hai\ConViTX\code ViT_8 block CNN\HybridModel_PlantPathology_Ablation\results\ViT-Only_none-secbam_fold4_best.pth
2026-06-26 07:54:19 | Epoch 06/50 | Loss 0.9008 | Acc 58.28% | Val Loss 0.8348 | Val Acc 62.92% | 18.9s
2026-06-26 07:54:19 |   --> saved best to C:\Users\Admin\Desktop\hai\ConViTX\code ViT_8 block CNN\HybridModel_PlantPathology_Ablation\results\ViT-Only_none-secbam_fold4_best.pth
2026-06-26 07:54:37 | Epoch 07/50 | Loss 0.8740 | Acc 60.19% | Val Loss 0.7997 | Val Acc 64.05% | 18.2s
2026-06-26 07:54:37 |   --> saved best to C:\Users\Admin\Desktop\hai\ConViTX\code ViT_8 block CNN\HybridModel_PlantPathology_Ablation\results\ViT-Only_none-secbam_fold4_best.pth
2026-06-26 07:54:55 | Epoch 08/50 | Loss 0.8519 | Acc 60.39% | Val Loss 0.7779 | Val Acc 64.22% | 18.1s
2026-06-26 07:54:55 |   --> saved best to C:\Users\Admin\Desktop\hai\ConViTX\code ViT_8 block CNN\HybridModel_PlantPathology_Ablation\results\ViT-Only_none-secbam_fold4_best.pth
2026-06-26 07:55:14 | Epoch 09/50 | Loss 0.8363 | Acc 61.28% | Val Loss 0.7771 | Val Acc 64.62% | 18.4s
2026-06-26 07:55:14 |   --> saved best to C:\Users\Admin\Desktop\hai\ConViTX\code ViT_8 block CNN\HybridModel_PlantPathology_Ablation\results\ViT-Only_none-secbam_fold4_best.pth
2026-06-26 07:55:32 | Epoch 10/50 | Loss 0.8251 | Acc 62.28% | Val Loss 0.7632 | Val Acc 65.11% | 18.5s
2026-06-26 07:55:32 |   --> saved best to C:\Users\Admin\Desktop\hai\ConViTX\code ViT_8 block CNN\HybridModel_PlantPathology_Ablation\results\ViT-Only_none-secbam_fold4_best.pth
2026-06-26 07:55:51 | Epoch 11/50 | Loss 0.8166 | Acc 62.32% | Val Loss 0.7576 | Val Acc 65.75% | 18.1s
2026-06-26 07:55:51 |   --> saved best to C:\Users\Admin\Desktop\hai\ConViTX\code ViT_8 block CNN\HybridModel_PlantPathology_Ablation\results\ViT-Only_none-secbam_fold4_best.pth
2026-06-26 07:56:09 | Epoch 12/50 | Loss 0.8130 | Acc 62.56% | Val Loss 0.7637 | Val Acc 65.19% | 18.4s
2026-06-26 07:56:28 | Epoch 13/50 | Loss 0.8070 | Acc 63.25% | Val Loss 0.7421 | Val Acc 65.99% | 18.7s
2026-06-26 07:56:28 |   --> saved best to C:\Users\Admin\Desktop\hai\ConViTX\code ViT_8 block CNN\HybridModel_PlantPathology_Ablation\results\ViT-Only_none-secbam_fold4_best.pth
2026-06-26 07:56:46 | Epoch 14/50 | Loss 0.7989 | Acc 64.10% | Val Loss 0.7371 | Val Acc 66.32% | 18.6s
2026-06-26 07:56:46 |   --> saved best to C:\Users\Admin\Desktop\hai\ConViTX\code ViT_8 block CNN\HybridModel_PlantPathology_Ablation\results\ViT-Only_none-secbam_fold4_best.pth
2026-06-26 07:57:05 | Epoch 15/50 | Loss 0.7875 | Acc 64.49% | Val Loss 0.7212 | Val Acc 66.40% | 18.9s
2026-06-26 07:57:05 |   --> saved best to C:\Users\Admin\Desktop\hai\ConViTX\code ViT_8 block CNN\HybridModel_PlantPathology_Ablation\results\ViT-Only_none-secbam_fold4_best.pth
2026-06-26 07:57:24 | Epoch 16/50 | Loss 0.7806 | Acc 64.71% | Val Loss 0.7243 | Val Acc 66.96% | 18.6s
2026-06-26 07:57:42 | Epoch 17/50 | Loss 0.7710 | Acc 65.32% | Val Loss 0.7057 | Val Acc 67.04% | 18.4s
2026-06-26 07:57:42 |   --> saved best to C:\Users\Admin\Desktop\hai\ConViTX\code ViT_8 block CNN\HybridModel_PlantPathology_Ablation\results\ViT-Only_none-secbam_fold4_best.pth
2026-06-26 07:58:01 | Epoch 18/50 | Loss 0.7634 | Acc 66.05% | Val Loss 0.7068 | Val Acc 68.01% | 18.8s
2026-06-26 07:58:19 | Epoch 19/50 | Loss 0.7531 | Acc 67.03% | Val Loss 0.6847 | Val Acc 70.68% | 18.1s
2026-06-26 07:58:19 |   --> saved best to C:\Users\Admin\Desktop\hai\ConViTX\code ViT_8 block CNN\HybridModel_PlantPathology_Ablation\results\ViT-Only_none-secbam_fold4_best.pth
2026-06-26 07:58:38 | Epoch 20/50 | Loss 0.7341 | Acc 68.22% | Val Loss 0.6651 | Val Acc 71.57% | 18.2s
2026-06-26 07:58:38 |   --> saved best to C:\Users\Admin\Desktop\hai\ConViTX\code ViT_8 block CNN\HybridModel_PlantPathology_Ablation\results\ViT-Only_none-secbam_fold4_best.pth
2026-06-26 07:58:56 | Epoch 21/50 | Loss 0.7172 | Acc 69.20% | Val Loss 0.6550 | Val Acc 73.42% | 18.5s
2026-06-26 07:58:56 |   --> saved best to C:\Users\Admin\Desktop\hai\ConViTX\code ViT_8 block CNN\HybridModel_PlantPathology_Ablation\results\ViT-Only_none-secbam_fold4_best.pth
2026-06-26 07:59:15 | Epoch 22/50 | Loss 0.6997 | Acc 70.54% | Val Loss 0.6415 | Val Acc 72.86% | 18.4s
2026-06-26 07:59:15 |   --> saved best to C:\Users\Admin\Desktop\hai\ConViTX\code ViT_8 block CNN\HybridModel_PlantPathology_Ablation\results\ViT-Only_none-secbam_fold4_best.pth
2026-06-26 07:59:33 | Epoch 23/50 | Loss 0.6862 | Acc 71.53% | Val Loss 0.6356 | Val Acc 74.23% | 18.1s
2026-06-26 07:59:33 |   --> saved best to C:\Users\Admin\Desktop\hai\ConViTX\code ViT_8 block CNN\HybridModel_PlantPathology_Ablation\results\ViT-Only_none-secbam_fold4_best.pth
2026-06-26 07:59:51 | Epoch 24/50 | Loss 0.6847 | Acc 71.61% | Val Loss 0.6249 | Val Acc 74.39% | 18.2s
2026-06-26 07:59:51 |   --> saved best to C:\Users\Admin\Desktop\hai\ConViTX\code ViT_8 block CNN\HybridModel_PlantPathology_Ablation\results\ViT-Only_none-secbam_fold4_best.pth
2026-06-26 08:00:09 | Epoch 25/50 | Loss 0.6777 | Acc 71.29% | Val Loss 0.6120 | Val Acc 74.96% | 18.3s
2026-06-26 08:00:09 |   --> saved best to C:\Users\Admin\Desktop\hai\ConViTX\code ViT_8 block CNN\HybridModel_PlantPathology_Ablation\results\ViT-Only_none-secbam_fold4_best.pth
2026-06-26 08:00:28 | Epoch 26/50 | Loss 0.6602 | Acc 72.85% | Val Loss 0.6057 | Val Acc 74.56% | 18.6s
2026-06-26 08:00:28 |   --> saved best to C:\Users\Admin\Desktop\hai\ConViTX\code ViT_8 block CNN\HybridModel_PlantPathology_Ablation\results\ViT-Only_none-secbam_fold4_best.pth
2026-06-26 08:00:47 | Epoch 27/50 | Loss 0.6511 | Acc 73.62% | Val Loss 0.5986 | Val Acc 76.01% | 18.5s
2026-06-26 08:00:47 |   --> saved best to C:\Users\Admin\Desktop\hai\ConViTX\code ViT_8 block CNN\HybridModel_PlantPathology_Ablation\results\ViT-Only_none-secbam_fold4_best.pth
2026-06-26 08:01:05 | Epoch 28/50 | Loss 0.6449 | Acc 73.80% | Val Loss 0.5838 | Val Acc 77.38% | 18.6s
2026-06-26 08:01:05 |   --> saved best to C:\Users\Admin\Desktop\hai\ConViTX\code ViT_8 block CNN\HybridModel_PlantPathology_Ablation\results\ViT-Only_none-secbam_fold4_best.pth
2026-06-26 08:01:24 | Epoch 29/50 | Loss 0.6371 | Acc 74.09% | Val Loss 0.5897 | Val Acc 75.85% | 18.6s
2026-06-26 08:01:43 | Epoch 30/50 | Loss 0.6348 | Acc 74.09% | Val Loss 0.5867 | Val Acc 77.06% | 18.7s
2026-06-26 08:02:01 | Epoch 31/50 | Loss 0.6255 | Acc 74.55% | Val Loss 0.5642 | Val Acc 77.87% | 18.4s
2026-06-26 08:02:01 |   --> saved best to C:\Users\Admin\Desktop\hai\ConViTX\code ViT_8 block CNN\HybridModel_PlantPathology_Ablation\results\ViT-Only_none-secbam_fold4_best.pth
2026-06-26 08:02:19 | Epoch 32/50 | Loss 0.6187 | Acc 75.00% | Val Loss 0.5720 | Val Acc 77.54% | 18.0s
2026-06-26 08:02:37 | Epoch 33/50 | Loss 0.6243 | Acc 74.98% | Val Loss 0.5614 | Val Acc 77.54% | 18.3s
2026-06-26 08:02:37 |   --> saved best to C:\Users\Admin\Desktop\hai\ConViTX\code ViT_8 block CNN\HybridModel_PlantPathology_Ablation\results\ViT-Only_none-secbam_fold4_best.pth
2026-06-26 08:02:56 | Epoch 34/50 | Loss 0.6088 | Acc 75.63% | Val Loss 0.5737 | Val Acc 76.49% | 18.4s
2026-06-26 08:03:14 | Epoch 35/50 | Loss 0.6046 | Acc 75.26% | Val Loss 0.5603 | Val Acc 78.19% | 18.6s
2026-06-26 08:03:15 |   --> saved best to C:\Users\Admin\Desktop\hai\ConViTX\code ViT_8 block CNN\HybridModel_PlantPathology_Ablation\results\ViT-Only_none-secbam_fold4_best.pth
2026-06-26 08:03:33 | Epoch 36/50 | Loss 0.6078 | Acc 74.88% | Val Loss 0.5574 | Val Acc 78.03% | 18.8s
2026-06-26 08:03:33 |   --> saved best to C:\Users\Admin\Desktop\hai\ConViTX\code ViT_8 block CNN\HybridModel_PlantPathology_Ablation\results\ViT-Only_none-secbam_fold4_best.pth
2026-06-26 08:03:52 | Epoch 37/50 | Loss 0.5990 | Acc 76.40% | Val Loss 0.5488 | Val Acc 78.84% | 18.4s
2026-06-26 08:03:52 |   --> saved best to C:\Users\Admin\Desktop\hai\ConViTX\code ViT_8 block CNN\HybridModel_PlantPathology_Ablation\results\ViT-Only_none-secbam_fold4_best.pth
2026-06-26 08:04:11 | Epoch 38/50 | Loss 0.5956 | Acc 76.06% | Val Loss 0.5511 | Val Acc 78.19% | 18.9s
2026-06-26 08:04:29 | Epoch 39/50 | Loss 0.5839 | Acc 76.87% | Val Loss 0.5553 | Val Acc 77.22% | 18.5s
2026-06-26 08:04:48 | Epoch 40/50 | Loss 0.5764 | Acc 76.72% | Val Loss 0.5568 | Val Acc 77.54% | 18.5s
2026-06-26 08:05:06 | Epoch 41/50 | Loss 0.5807 | Acc 77.19% | Val Loss 0.5671 | Val Acc 76.90% | 18.6s
2026-06-26 08:05:25 | Epoch 42/50 | Loss 0.5842 | Acc 76.10% | Val Loss 0.5427 | Val Acc 77.95% | 18.4s
2026-06-26 08:05:25 |   --> saved best to C:\Users\Admin\Desktop\hai\ConViTX\code ViT_8 block CNN\HybridModel_PlantPathology_Ablation\results\ViT-Only_none-secbam_fold4_best.pth
2026-06-26 08:05:43 | Epoch 43/50 | Loss 0.5636 | Acc 77.66% | Val Loss 0.5539 | Val Acc 77.46% | 18.0s
2026-06-26 08:06:01 | Epoch 44/50 | Loss 0.5806 | Acc 76.20% | Val Loss 0.5297 | Val Acc 78.76% | 18.5s
2026-06-26 08:06:01 |   --> saved best to C:\Users\Admin\Desktop\hai\ConViTX\code ViT_8 block CNN\HybridModel_PlantPathology_Ablation\results\ViT-Only_none-secbam_fold4_best.pth
2026-06-26 08:06:20 | Epoch 45/50 | Loss 0.5600 | Acc 77.19% | Val Loss 0.5261 | Val Acc 79.89% | 18.6s
2026-06-26 08:06:20 |   --> saved best to C:\Users\Admin\Desktop\hai\ConViTX\code ViT_8 block CNN\HybridModel_PlantPathology_Ablation\results\ViT-Only_none-secbam_fold4_best.pth
2026-06-26 08:06:39 | Epoch 46/50 | Loss 0.5604 | Acc 77.41% | Val Loss 0.5274 | Val Acc 80.53% | 18.8s
2026-06-26 08:06:57 | Epoch 47/50 | Loss 0.5556 | Acc 77.56% | Val Loss 0.5353 | Val Acc 77.87% | 18.5s
2026-06-26 08:07:16 | Epoch 48/50 | Loss 0.5678 | Acc 77.44% | Val Loss 0.5113 | Val Acc 80.29% | 18.7s
2026-06-26 08:07:16 |   --> saved best to C:\Users\Admin\Desktop\hai\ConViTX\code ViT_8 block CNN\HybridModel_PlantPathology_Ablation\results\ViT-Only_none-secbam_fold4_best.pth
2026-06-26 08:07:34 | Epoch 49/50 | Loss 0.5505 | Acc 77.98% | Val Loss 0.5233 | Val Acc 79.32% | 18.2s
2026-06-26 08:07:53 | Epoch 50/50 | Loss 0.5425 | Acc 78.15% | Val Loss 0.5162 | Val Acc 79.89% | 18.4s
2026-06-26 08:07:53 | Finished ViT-Only_none-secbam fold 4 in 16.46 min.
2026-06-26 08:08:00 | 
================================================================================
2026-06-26 08:08:00 | TRAINING: ViT-Only_none-secbam | FOLD 5/5
2026-06-26 08:08:00 | ================================================================================
2026-06-26 08:08:00 | [INFO] reduced batch_size=64 for vit model to avoid OOM.
2026-06-26 08:09:15 | Epoch 01/50 | Loss 1.3070 | Acc 47.50% | Val Loss 1.1381 | Val Acc 52.50% | 75.4s
2026-06-26 08:09:15 |   --> saved best to C:\Users\Admin\Desktop\hai\ConViTX\code ViT_8 block CNN\HybridModel_PlantPathology_Ablation\results\ViT-Only_none-secbam_fold5_best.pth
2026-06-26 08:09:34 | Epoch 02/50 | Loss 1.1151 | Acc 51.54% | Val Loss 1.0443 | Val Acc 53.96% | 18.4s
2026-06-26 08:09:34 |   --> saved best to C:\Users\Admin\Desktop\hai\ConViTX\code ViT_8 block CNN\HybridModel_PlantPathology_Ablation\results\ViT-Only_none-secbam_fold5_best.pth
2026-06-26 08:09:52 | Epoch 03/50 | Loss 1.0360 | Acc 53.21% | Val Loss 0.9810 | Val Acc 56.95% | 18.2s
2026-06-26 08:09:52 |   --> saved best to C:\Users\Admin\Desktop\hai\ConViTX\code ViT_8 block CNN\HybridModel_PlantPathology_Ablation\results\ViT-Only_none-secbam_fold5_best.pth
2026-06-26 08:10:10 | Epoch 04/50 | Loss 0.9732 | Acc 55.46% | Val Loss 0.9083 | Val Acc 58.24% | 18.3s
2026-06-26 08:10:10 |   --> saved best to C:\Users\Admin\Desktop\hai\ConViTX\code ViT_8 block CNN\HybridModel_PlantPathology_Ablation\results\ViT-Only_none-secbam_fold5_best.pth
2026-06-26 08:10:28 | Epoch 05/50 | Loss 0.9152 | Acc 56.76% | Val Loss 0.8581 | Val Acc 58.64% | 18.1s
2026-06-26 08:10:28 |   --> saved best to C:\Users\Admin\Desktop\hai\ConViTX\code ViT_8 block CNN\HybridModel_PlantPathology_Ablation\results\ViT-Only_none-secbam_fold5_best.pth
2026-06-26 08:10:47 | Epoch 06/50 | Loss 0.8858 | Acc 58.28% | Val Loss 0.8338 | Val Acc 60.74% | 18.1s
2026-06-26 08:10:47 |   --> saved best to C:\Users\Admin\Desktop\hai\ConViTX\code ViT_8 block CNN\HybridModel_PlantPathology_Ablation\results\ViT-Only_none-secbam_fold5_best.pth
2026-06-26 08:11:05 | Epoch 07/50 | Loss 0.8592 | Acc 59.15% | Val Loss 0.8070 | Val Acc 62.04% | 18.0s
2026-06-26 08:11:05 |   --> saved best to C:\Users\Admin\Desktop\hai\ConViTX\code ViT_8 block CNN\HybridModel_PlantPathology_Ablation\results\ViT-Only_none-secbam_fold5_best.pth
2026-06-26 08:11:23 | Epoch 08/50 | Loss 0.8440 | Acc 59.66% | Val Loss 0.7893 | Val Acc 61.71% | 18.4s
2026-06-26 08:11:23 |   --> saved best to C:\Users\Admin\Desktop\hai\ConViTX\code ViT_8 block CNN\HybridModel_PlantPathology_Ablation\results\ViT-Only_none-secbam_fold5_best.pth
2026-06-26 08:11:41 | Epoch 09/50 | Loss 0.8284 | Acc 60.41% | Val Loss 0.7826 | Val Acc 63.57% | 18.1s
2026-06-26 08:11:41 |   --> saved best to C:\Users\Admin\Desktop\hai\ConViTX\code ViT_8 block CNN\HybridModel_PlantPathology_Ablation\results\ViT-Only_none-secbam_fold5_best.pth
2026-06-26 08:11:59 | Epoch 10/50 | Loss 0.8266 | Acc 60.84% | Val Loss 0.7752 | Val Acc 64.62% | 17.9s
2026-06-26 08:11:59 |   --> saved best to C:\Users\Admin\Desktop\hai\ConViTX\code ViT_8 block CNN\HybridModel_PlantPathology_Ablation\results\ViT-Only_none-secbam_fold5_best.pth
2026-06-26 08:12:17 | Epoch 11/50 | Loss 0.8135 | Acc 61.30% | Val Loss 0.7661 | Val Acc 64.30% | 18.1s
2026-06-26 08:12:17 |   --> saved best to C:\Users\Admin\Desktop\hai\ConViTX\code ViT_8 block CNN\HybridModel_PlantPathology_Ablation\results\ViT-Only_none-secbam_fold5_best.pth
2026-06-26 08:12:35 | Epoch 12/50 | Loss 0.8062 | Acc 62.56% | Val Loss 0.7512 | Val Acc 65.99% | 18.2s
2026-06-26 08:12:36 |   --> saved best to C:\Users\Admin\Desktop\hai\ConViTX\code ViT_8 block CNN\HybridModel_PlantPathology_Ablation\results\ViT-Only_none-secbam_fold5_best.pth
2026-06-26 08:12:54 | Epoch 13/50 | Loss 0.8004 | Acc 62.11% | Val Loss 0.7453 | Val Acc 65.27% | 18.1s
2026-06-26 08:12:54 |   --> saved best to C:\Users\Admin\Desktop\hai\ConViTX\code ViT_8 block CNN\HybridModel_PlantPathology_Ablation\results\ViT-Only_none-secbam_fold5_best.pth
2026-06-26 08:13:12 | Epoch 14/50 | Loss 0.7918 | Acc 63.07% | Val Loss 0.7500 | Val Acc 63.33% | 18.2s
2026-06-26 08:13:30 | Epoch 15/50 | Loss 0.7916 | Acc 62.93% | Val Loss 0.7406 | Val Acc 66.32% | 18.3s
2026-06-26 08:13:30 |   --> saved best to C:\Users\Admin\Desktop\hai\ConViTX\code ViT_8 block CNN\HybridModel_PlantPathology_Ablation\results\ViT-Only_none-secbam_fold5_best.pth
2026-06-26 08:13:49 | Epoch 16/50 | Loss 0.7863 | Acc 63.90% | Val Loss 0.7433 | Val Acc 64.94% | 18.4s
2026-06-26 08:14:07 | Epoch 17/50 | Loss 0.7748 | Acc 64.59% | Val Loss 0.7360 | Val Acc 66.32% | 18.3s
2026-06-26 08:14:07 |   --> saved best to C:\Users\Admin\Desktop\hai\ConViTX\code ViT_8 block CNN\HybridModel_PlantPathology_Ablation\results\ViT-Only_none-secbam_fold5_best.pth
2026-06-26 08:14:25 | Epoch 18/50 | Loss 0.7686 | Acc 64.33% | Val Loss 0.7220 | Val Acc 68.09% | 18.2s
2026-06-26 08:14:25 |   --> saved best to C:\Users\Admin\Desktop\hai\ConViTX\code ViT_8 block CNN\HybridModel_PlantPathology_Ablation\results\ViT-Only_none-secbam_fold5_best.pth
2026-06-26 08:14:44 | Epoch 19/50 | Loss 0.7655 | Acc 64.96% | Val Loss 0.7112 | Val Acc 68.82% | 18.8s
2026-06-26 08:14:44 |   --> saved best to C:\Users\Admin\Desktop\hai\ConViTX\code ViT_8 block CNN\HybridModel_PlantPathology_Ablation\results\ViT-Only_none-secbam_fold5_best.pth
2026-06-26 08:15:04 | Epoch 20/50 | Loss 0.7623 | Acc 64.94% | Val Loss 0.7190 | Val Acc 66.88% | 19.5s
2026-06-26 08:15:23 | Epoch 21/50 | Loss 0.7565 | Acc 65.52% | Val Loss 0.7225 | Val Acc 66.72% | 19.2s
2026-06-26 08:15:42 | Epoch 22/50 | Loss 0.7557 | Acc 65.67% | Val Loss 0.7243 | Val Acc 65.91% | 19.5s
2026-06-26 08:16:02 | Epoch 23/50 | Loss 0.7459 | Acc 66.74% | Val Loss 0.7004 | Val Acc 67.69% | 19.5s
2026-06-26 08:16:02 |   --> saved best to C:\Users\Admin\Desktop\hai\ConViTX\code ViT_8 block CNN\HybridModel_PlantPathology_Ablation\results\ViT-Only_none-secbam_fold5_best.pth
2026-06-26 08:16:21 | Epoch 24/50 | Loss 0.7387 | Acc 66.50% | Val Loss 0.7006 | Val Acc 68.17% | 19.4s
2026-06-26 08:16:40 | Epoch 25/50 | Loss 0.7347 | Acc 67.29% | Val Loss 0.7056 | Val Acc 67.61% | 19.1s
2026-06-26 08:16:59 | Epoch 26/50 | Loss 0.7363 | Acc 67.15% | Val Loss 0.6880 | Val Acc 68.82% | 19.0s
2026-06-26 08:16:59 |   --> saved best to C:\Users\Admin\Desktop\hai\ConViTX\code ViT_8 block CNN\HybridModel_PlantPathology_Ablation\results\ViT-Only_none-secbam_fold5_best.pth
2026-06-26 08:17:19 | Epoch 27/50 | Loss 0.7197 | Acc 68.08% | Val Loss 0.6811 | Val Acc 70.11% | 19.3s
2026-06-26 08:17:19 |   --> saved best to C:\Users\Admin\Desktop\hai\ConViTX\code ViT_8 block CNN\HybridModel_PlantPathology_Ablation\results\ViT-Only_none-secbam_fold5_best.pth
2026-06-26 08:17:38 | Epoch 28/50 | Loss 0.7050 | Acc 68.93% | Val Loss 0.6360 | Val Acc 72.37% | 19.6s
2026-06-26 08:17:38 |   --> saved best to C:\Users\Admin\Desktop\hai\ConViTX\code ViT_8 block CNN\HybridModel_PlantPathology_Ablation\results\ViT-Only_none-secbam_fold5_best.pth
2026-06-26 08:17:57 | Epoch 29/50 | Loss 0.6862 | Acc 70.72% | Val Loss 0.6702 | Val Acc 71.32% | 18.9s
2026-06-26 08:18:17 | Epoch 30/50 | Loss 0.6724 | Acc 71.96% | Val Loss 0.6383 | Val Acc 73.10% | 19.5s
2026-06-26 08:18:43 | Epoch 31/50 | Loss 0.6666 | Acc 71.65% | Val Loss 0.6257 | Val Acc 73.67% | 26.7s
2026-06-26 08:18:43 |   --> saved best to C:\Users\Admin\Desktop\hai\ConViTX\code ViT_8 block CNN\HybridModel_PlantPathology_Ablation\results\ViT-Only_none-secbam_fold5_best.pth
2026-06-26 08:19:09 | Epoch 32/50 | Loss 0.6570 | Acc 72.83% | Val Loss 0.6269 | Val Acc 73.34% | 25.2s
2026-06-26 08:19:27 | Epoch 33/50 | Loss 0.6489 | Acc 73.21% | Val Loss 0.6013 | Val Acc 74.80% | 18.5s
2026-06-26 08:19:27 |   --> saved best to C:\Users\Admin\Desktop\hai\ConViTX\code ViT_8 block CNN\HybridModel_PlantPathology_Ablation\results\ViT-Only_none-secbam_fold5_best.pth
2026-06-26 08:19:46 | Epoch 34/50 | Loss 0.6386 | Acc 73.88% | Val Loss 0.6140 | Val Acc 75.28% | 18.6s
2026-06-26 08:20:04 | Epoch 35/50 | Loss 0.6185 | Acc 74.72% | Val Loss 0.5971 | Val Acc 75.69% | 18.4s
2026-06-26 08:20:04 |   --> saved best to C:\Users\Admin\Desktop\hai\ConViTX\code ViT_8 block CNN\HybridModel_PlantPathology_Ablation\results\ViT-Only_none-secbam_fold5_best.pth
2026-06-26 08:20:23 | Epoch 36/50 | Loss 0.6196 | Acc 75.14% | Val Loss 0.6282 | Val Acc 72.62% | 18.4s
2026-06-26 08:20:42 | Epoch 37/50 | Loss 0.6214 | Acc 74.82% | Val Loss 0.5957 | Val Acc 75.85% | 18.9s
2026-06-26 08:20:42 |   --> saved best to C:\Users\Admin\Desktop\hai\ConViTX\code ViT_8 block CNN\HybridModel_PlantPathology_Ablation\results\ViT-Only_none-secbam_fold5_best.pth
2026-06-26 08:21:00 | Epoch 38/50 | Loss 0.6099 | Acc 75.30% | Val Loss 0.5684 | Val Acc 77.38% | 18.5s
2026-06-26 08:21:00 |   --> saved best to C:\Users\Admin\Desktop\hai\ConViTX\code ViT_8 block CNN\HybridModel_PlantPathology_Ablation\results\ViT-Only_none-secbam_fold5_best.pth
2026-06-26 08:21:19 | Epoch 39/50 | Loss 0.6024 | Acc 75.53% | Val Loss 0.5900 | Val Acc 75.93% | 18.4s
2026-06-26 08:21:37 | Epoch 40/50 | Loss 0.6028 | Acc 75.81% | Val Loss 0.5748 | Val Acc 76.90% | 18.8s
2026-06-26 08:21:56 | Epoch 41/50 | Loss 0.5909 | Acc 75.85% | Val Loss 0.5720 | Val Acc 75.12% | 18.9s
2026-06-26 08:22:15 | Epoch 42/50 | Loss 0.5942 | Acc 76.06% | Val Loss 0.5697 | Val Acc 77.38% | 18.6s
2026-06-26 08:22:33 | Epoch 43/50 | Loss 0.5893 | Acc 76.30% | Val Loss 0.5583 | Val Acc 78.11% | 18.6s
2026-06-26 08:22:33 |   --> saved best to C:\Users\Admin\Desktop\hai\ConViTX\code ViT_8 block CNN\HybridModel_PlantPathology_Ablation\results\ViT-Only_none-secbam_fold5_best.pth
2026-06-26 08:22:52 | Epoch 44/50 | Loss 0.5938 | Acc 75.93% | Val Loss 0.5746 | Val Acc 76.09% | 18.4s
2026-06-26 08:23:10 | Epoch 45/50 | Loss 0.5706 | Acc 77.17% | Val Loss 0.5509 | Val Acc 77.79% | 18.3s
2026-06-26 08:23:10 |   --> saved best to C:\Users\Admin\Desktop\hai\ConViTX\code ViT_8 block CNN\HybridModel_PlantPathology_Ablation\results\ViT-Only_none-secbam_fold5_best.pth
2026-06-26 08:23:29 | Epoch 46/50 | Loss 0.5794 | Acc 77.03% | Val Loss 0.5715 | Val Acc 76.01% | 18.4s
2026-06-26 08:23:48 | Epoch 47/50 | Loss 0.5713 | Acc 77.09% | Val Loss 0.5753 | Val Acc 74.72% | 19.1s
2026-06-26 08:24:06 | Epoch 48/50 | Loss 0.5701 | Acc 77.29% | Val Loss 0.5392 | Val Acc 78.43% | 18.4s
2026-06-26 08:24:06 |   --> saved best to C:\Users\Admin\Desktop\hai\ConViTX\code ViT_8 block CNN\HybridModel_PlantPathology_Ablation\results\ViT-Only_none-secbam_fold5_best.pth
2026-06-26 08:24:25 | Epoch 49/50 | Loss 0.5670 | Acc 77.41% | Val Loss 0.5502 | Val Acc 77.30% | 18.8s
2026-06-26 08:24:44 | Epoch 50/50 | Loss 0.5526 | Acc 77.52% | Val Loss 0.5533 | Val Acc 76.90% | 18.6s
2026-06-26 08:24:44 | Finished ViT-Only_none-secbam fold 5 in 16.73 min.
2026-06-26 08:24:51 | [RESUME] Hybrid_none-none-secbam_fold1 đã train xong trong chiến dịch này -> bỏ qua. (dùng --force để train lại)
2026-06-26 08:24:51 | [RESUME] Hybrid_none-none-secbam_fold2 đã train xong trong chiến dịch này -> bỏ qua. (dùng --force để train lại)
2026-06-26 08:24:51 | [RESUME] Hybrid_none-none-secbam_fold3 đã train xong trong chiến dịch này -> bỏ qua. (dùng --force để train lại)
2026-06-26 08:24:51 | [RESUME] Hybrid_none-none-secbam_fold4 đã train xong trong chiến dịch này -> bỏ qua. (dùng --force để train lại)
2026-06-26 08:24:51 | [RESUME] Hybrid_none-none-secbam_fold5 đã train xong trong chiến dịch này -> bỏ qua. (dùng --force để train lại)
2026-06-26 08:24:51 | 
================================================================================
2026-06-26 08:24:51 | ABLATION SUMMARY (AXIS 2) — folds run: [1, 2, 3, 4, 5]
2026-06-26 08:24:51 | ================================================================================
2026-06-26 08:24:51 | 
|                         |   Params (M) |   n_folds | Accuracy       | Precision      | Recall         | F1-Score       | Kappa           | AUC             | Train Time (min)   |
|:------------------------|-------------:|----------:|:---------------|:---------------|:---------------|:---------------|:----------------|:----------------|:-------------------|
| CNN-Only_none-none      |        0.113 |         5 | 95.82% ± 0.45% | 87.76% ± 2.45% | 83.24% ± 2.05% | 84.80% ± 2.03% | 0.9378 ± 0.0066 | 0.9854 ± 0.0039 | 4.03 ± 0.48        |
| ViT-Only_none-none      |        0.189 |         5 | 77.02% ± 0.52% | 60.92% ± 5.12% | 59.61% ± 0.39% | 59.09% ± 0.92% | 0.6547 ± 0.0073 | 0.9054 ± 0.0113 | 12.15 ± 0.31       |
| Hybrid_none-none-none   |        0.319 |         5 | 96.64% ± 0.54% | 90.07% ± 2.53% | 86.09% ± 2.28% | 87.60% ± 2.29% | 0.9501 ± 0.0079 | 0.9884 ± 0.0022 | 33.96 ± 5.07       |
| CNN-Only_none-secbam    |        0.123 |         5 | 96.17% ± 0.34% | 88.57% ± 2.10% | 83.01% ± 2.12% | 84.78% ± 2.02% | 0.9431 ± 0.0051 | 0.9862 ± 0.0047 | 28.09 ± 4.20       |
| ViT-Only_none-secbam    |        0.199 |         5 | 77.67% ± 2.06% | 64.50% ± 6.26% | 60.38% ± 1.74% | 59.97% ± 1.77% | 0.6644 ± 0.0317 | 0.9077 ± 0.0178 | 16.77 ± 0.72       |
| Hybrid_none-none-secbam |        0.33  |         5 | 97.16% ± 0.44% | 91.93% ± 1.74% | 87.94% ± 2.67% | 89.35% ± 1.81% | 0.9578 ± 0.0066 | 0.9900 ± 0.0026 | 27.32 ± 7.50       |

2026-06-26 08:24:51 | Saved summary JSON to: C:\Users\Admin\Desktop\hai\ConViTX\code ViT_8 block CNN\HybridModel_PlantPathology_Ablation\results\ablation_kfold_results.json
