2026-07-28 22:40:40 | Log: C:\Users\Admin\Desktop\hai\ConViTX\code ViT_8 block CNN\HybridModel_PlantVillage_Corn_NoPretrain\results\training.log
2026-07-28 22:40:40 | Device      : cuda
2026-07-28 22:40:40 | Dataset dir : C:\Users\Admin\Desktop\Dataset\PlantVillage
2026-07-28 22:40:40 | *** MODE: 8 baselines FROM SCRATCH | CViTLw = CNN branch pretrained + ViT branch FROM SCRATCH ***
2026-07-28 22:40:40 | CPU cores       : 16
2026-07-28 22:40:40 | GPU             : NVIDIA GeForce RTX 5070 Ti (cc 12.0)
2026-07-28 22:40:40 | VRAM            : 15.65 GB free / 17.09 GB total
2026-07-28 22:40:40 | BF16 supported  : True
2026-07-28 22:40:40 | AMP dtype       : torch.bfloat16
2026-07-28 22:40:40 | Classes (4):
2026-07-28 22:40:40 |   [0] Corn_(maize)___Cercospora_leaf_spot Gray_leaf_spot
2026-07-28 22:40:40 |   [1] Corn_(maize)___Common_rust_
2026-07-28 22:40:40 |   [2] Corn_(maize)___Northern_Leaf_Blight
2026-07-28 22:40:40 |   [3] Corn_(maize)___healthy
2026-07-28 22:40:40 | Models : ['CViTLw']
2026-07-28 22:40:40 | Folds  : [1]
2026-07-28 22:40:40 | Total samples: 3852
2026-07-28 22:40:40 |   [0] Corn_(maize)___Cercospora_leaf_spot Gray_leaf_spot: 513 images
2026-07-28 22:40:40 |   [1] Corn_(maize)___Common_rust_: 1192 images
2026-07-28 22:40:40 |   [2] Corn_(maize)___Northern_Leaf_Blight: 985 images
2026-07-28 22:40:40 |   [3] Corn_(maize)___healthy: 1162 images
2026-07-28 22:40:40 |   [params] CViTLw           = 0.33 M  (FROM SCRATCH)
2026-07-28 22:40:41 | 
================================================================================
2026-07-28 22:40:41 | TRAIN (FROM SCRATCH): CViTLw | Fold 1/5 | batch=128 | lr=1.00e-04 | classes=4
2026-07-28 22:40:41 | ================================================================================
2026-07-28 22:40:41 |   [INFO] CViTLw: CNN branch = ImageNet pretrain, ViT branch = FROM SCRATCH
2026-07-28 22:41:30 |   [OOM FALLBACK] CViTLw Fold 1 exceeded VRAM with batch_size=128.
2026-07-28 22:41:30 |   -> Automatically reducing batch_size to 64 and retrying without intervention!
2026-07-28 22:41:32 | 
================================================================================
2026-07-28 22:41:32 | TRAIN (FROM SCRATCH): CViTLw | Fold 1/5 | batch=64 | lr=1.00e-04 | classes=4
2026-07-28 22:41:32 | ================================================================================
2026-07-28 22:41:35 |   [INFO] CViTLw: CNN branch = ImageNet pretrain, ViT branch = FROM SCRATCH
2026-07-28 22:49:20 | Log: C:\Users\Admin\Desktop\hai\ConViTX\code ViT_8 block CNN\HybridModel_PlantVillage_Corn_NoPretrain\results\training.log
2026-07-28 22:49:20 | Device      : cuda
2026-07-28 22:49:20 | Dataset dir : C:\Users\Admin\Desktop\Dataset\PlantVillage
2026-07-28 22:49:20 | *** MODE: 8 baselines FROM SCRATCH | CViTLw = CNN branch pretrained + ViT branch FROM SCRATCH ***
2026-07-28 22:49:20 | CPU cores       : 16
2026-07-28 22:49:21 | GPU             : NVIDIA GeForce RTX 5070 Ti (cc 12.0)
2026-07-28 22:49:21 | VRAM            : 15.65 GB free / 17.09 GB total
2026-07-28 22:49:21 | BF16 supported  : True
2026-07-28 22:49:21 | AMP dtype       : torch.bfloat16
2026-07-28 22:49:21 | Classes (4):
2026-07-28 22:49:21 |   [0] Corn_(maize)___Cercospora_leaf_spot Gray_leaf_spot
2026-07-28 22:49:21 |   [1] Corn_(maize)___Common_rust_
2026-07-28 22:49:21 |   [2] Corn_(maize)___Northern_Leaf_Blight
2026-07-28 22:49:21 |   [3] Corn_(maize)___healthy
2026-07-28 22:49:21 | Models : ['CViTLw', 'MobileNetV2', 'EfficientNet-B0', 'ResNet-50', 'ViT-B/16', 'Swin-Tiny', 'DeiT-Small', 'MobileViT-S', 'ConvNeXt-Base']
2026-07-28 22:49:21 | Folds  : [1, 2, 3, 4, 5]
2026-07-28 22:49:21 | Total samples: 3852
2026-07-28 22:49:21 |   [0] Corn_(maize)___Cercospora_leaf_spot Gray_leaf_spot: 513 images
2026-07-28 22:49:21 |   [1] Corn_(maize)___Common_rust_: 1192 images
2026-07-28 22:49:21 |   [2] Corn_(maize)___Northern_Leaf_Blight: 985 images
2026-07-28 22:49:21 |   [3] Corn_(maize)___healthy: 1162 images
2026-07-28 22:49:21 |   [params] CViTLw           = 0.33 M  (FROM SCRATCH)
2026-07-28 22:49:21 |   [params] MobileNetV2      = 2.229 M  (FROM SCRATCH)
2026-07-28 22:49:21 |   [params] EfficientNet-B0  = 4.013 M  (FROM SCRATCH)
2026-07-28 22:49:21 |   [params] ResNet-50        = 23.516 M  (FROM SCRATCH)
2026-07-28 22:49:22 |   [params] ViT-B/16         = 85.802 M  (FROM SCRATCH)
2026-07-28 22:49:22 |   [params] Swin-Tiny        = 27.522 M  (FROM SCRATCH)
2026-07-28 22:49:23 |   [params] DeiT-Small       = 21.667 M  (FROM SCRATCH)
2026-07-28 22:49:23 |   [params] MobileViT-S      = 4.94 M  (FROM SCRATCH)
2026-07-28 22:49:23 |   [params] ConvNeXt-Base    = 87.571 M  (FROM SCRATCH)
2026-07-28 22:49:24 | 
================================================================================
2026-07-28 22:49:24 | TRAIN (FROM SCRATCH): CViTLw | Fold 1/5 | batch=128 | lr=1.00e-04 | classes=4
2026-07-28 22:49:24 | ================================================================================
2026-07-28 22:49:24 |   [INFO] CViTLw: CNN branch = ImageNet pretrain, ViT branch = FROM SCRATCH
2026-07-28 22:49:44 |   [OOM FALLBACK] CViTLw Fold 1 exceeded VRAM with batch_size=128.
2026-07-28 22:49:44 |   -> Automatically reducing batch_size to 64 and retrying without intervention!
2026-07-28 22:49:45 | 
================================================================================
2026-07-28 22:49:45 | TRAIN (FROM SCRATCH): CViTLw | Fold 1/5 | batch=64 | lr=1.00e-04 | classes=4
2026-07-28 22:49:45 | ================================================================================
2026-07-28 22:49:46 |   [INFO] CViTLw: CNN branch = ImageNet pretrain, ViT branch = FROM SCRATCH
2026-07-28 22:50:18 | Log: C:\Users\Admin\Desktop\hai\ConViTX\code ViT_8 block CNN\HybridModel_PlantVillage_Corn_NoPretrain\results\training.log
2026-07-28 22:50:18 | Device      : cuda
2026-07-28 22:50:18 | Dataset dir : C:\Users\Admin\Desktop\Dataset\PlantVillage
2026-07-28 22:50:18 | *** MODE: 8 baselines FROM SCRATCH | CViTLw = CNN branch pretrained + ViT branch FROM SCRATCH ***
2026-07-28 22:50:18 | CPU cores       : 16
2026-07-28 22:50:18 | GPU             : NVIDIA GeForce RTX 5070 Ti (cc 12.0)
2026-07-28 22:50:18 | VRAM            : 15.65 GB free / 17.09 GB total
2026-07-28 22:50:18 | BF16 supported  : True
2026-07-28 22:50:18 | AMP dtype       : torch.bfloat16
2026-07-28 22:50:18 | Classes (4):
2026-07-28 22:50:18 |   [0] Corn_(maize)___Cercospora_leaf_spot Gray_leaf_spot
2026-07-28 22:50:18 |   [1] Corn_(maize)___Common_rust_
2026-07-28 22:50:18 |   [2] Corn_(maize)___Northern_Leaf_Blight
2026-07-28 22:50:18 |   [3] Corn_(maize)___healthy
2026-07-28 22:50:18 | Models : ['CViTLw']
2026-07-28 22:50:18 | Folds  : [1]
2026-07-28 22:50:18 | Total samples: 3852
2026-07-28 22:50:18 |   [0] Corn_(maize)___Cercospora_leaf_spot Gray_leaf_spot: 513 images
2026-07-28 22:50:18 |   [1] Corn_(maize)___Common_rust_: 1192 images
2026-07-28 22:50:18 |   [2] Corn_(maize)___Northern_Leaf_Blight: 985 images
2026-07-28 22:50:18 |   [3] Corn_(maize)___healthy: 1162 images
2026-07-28 22:50:18 |   [params] CViTLw           = 0.33 M  (FROM SCRATCH)
2026-07-28 22:50:18 | 
================================================================================
2026-07-28 22:50:18 | TRAIN (FROM SCRATCH): CViTLw | Fold 1/5 | batch=128 | lr=1.00e-04 | classes=4
2026-07-28 22:50:18 | ================================================================================
2026-07-28 22:50:18 |   [INFO] CViTLw: CNN branch = ImageNet pretrain, ViT branch = FROM SCRATCH
2026-07-28 22:50:37 |   [OOM FALLBACK] CViTLw Fold 1 exceeded VRAM with batch_size=128.
2026-07-28 22:50:37 |   -> Automatically reducing batch_size to 64 and retrying without intervention!
2026-07-28 22:50:38 | 
================================================================================
2026-07-28 22:50:38 | TRAIN (FROM SCRATCH): CViTLw | Fold 1/5 | batch=64 | lr=1.00e-04 | classes=4
2026-07-28 22:50:38 | ================================================================================
2026-07-28 22:50:39 |   [INFO] CViTLw: CNN branch = ImageNet pretrain, ViT branch = FROM SCRATCH
2026-07-28 22:51:25 | Ep 01/50 | Loss 1.2612 Acc 63.25% | Val 1.0410 Acc 82.75% | 46.7s
2026-07-28 22:51:25 |   -> saved best
2026-07-28 22:51:36 | Ep 02/50 | Loss 0.9500 Acc 82.78% | Val 0.6488 Acc 85.21% | 10.6s
2026-07-28 22:51:36 |   -> saved best
2026-07-28 22:51:47 | Ep 03/50 | Loss 0.6843 Acc 85.29% | Val 0.4379 Acc 85.47% | 10.4s
2026-07-28 22:51:47 |   -> saved best
2026-07-28 22:51:57 | Ep 04/50 | Loss 0.4661 Acc 87.89% | Val 0.2926 Acc 88.20% | 10.2s
2026-07-28 22:51:57 |   -> saved best
2026-07-28 22:52:07 | Ep 05/50 | Loss 0.3196 Acc 92.15% | Val 0.1838 Acc 94.55% | 10.2s
2026-07-28 22:52:07 |   -> saved best
2026-07-28 22:52:17 | Ep 06/50 | Loss 0.2095 Acc 95.57% | Val 0.1283 Acc 94.68% | 10.2s
2026-07-28 22:52:17 |   -> saved best
2026-07-28 22:52:28 | Ep 07/50 | Loss 0.1649 Acc 95.74% | Val 0.1081 Acc 95.98% | 10.2s
2026-07-28 22:52:28 |   -> saved best
2026-07-28 22:52:38 | Ep 08/50 | Loss 0.1344 Acc 96.32% | Val 0.0924 Acc 96.89% | 10.2s
2026-07-28 22:52:38 |   -> saved best
2026-07-28 22:52:48 | Ep 09/50 | Loss 0.1175 Acc 96.35% | Val 0.0865 Acc 96.37% | 10.2s
2026-07-28 22:52:48 |   -> saved best
2026-07-28 22:52:58 | Ep 10/50 | Loss 0.0995 Acc 96.88% | Val 0.0828 Acc 96.37% | 10.2s
2026-07-28 22:52:58 |   -> saved best
2026-07-28 22:53:09 | Ep 11/50 | Loss 0.0876 Acc 97.69% | Val 0.0740 Acc 97.15% | 10.2s
2026-07-28 22:53:09 |   -> saved best
2026-07-28 22:53:19 | Ep 12/50 | Loss 0.0894 Acc 97.33% | Val 0.0732 Acc 96.37% | 10.3s
2026-07-28 22:53:19 |   -> saved best
2026-07-28 22:53:30 | Ep 13/50 | Loss 0.0859 Acc 97.49% | Val 0.0731 Acc 96.63% | 10.4s
2026-07-28 22:53:30 |   -> saved best
2026-07-28 22:53:40 | Ep 14/50 | Loss 0.0781 Acc 97.69% | Val 0.0645 Acc 97.41% | 10.3s
2026-07-28 22:53:40 |   -> saved best
2026-07-28 22:53:50 | Ep 15/50 | Loss 0.0701 Acc 97.95% | Val 0.0642 Acc 96.89% | 10.5s
2026-07-28 22:53:51 |   -> saved best
2026-07-28 22:54:01 | Ep 16/50 | Loss 0.0693 Acc 97.75% | Val 0.0613 Acc 97.54% | 10.4s
2026-07-28 22:54:01 |   -> saved best
2026-07-28 22:54:11 | Ep 17/50 | Loss 0.0621 Acc 97.98% | Val 0.0607 Acc 97.54% | 10.2s
2026-07-28 22:54:11 |   -> saved best
2026-07-28 22:54:22 | Ep 18/50 | Loss 0.0640 Acc 98.24% | Val 0.0619 Acc 97.41% | 10.4s
2026-07-28 22:54:32 | Ep 19/50 | Loss 0.0576 Acc 98.01% | Val 0.0621 Acc 97.54% | 10.2s
2026-07-28 22:54:42 | Ep 20/50 | Loss 0.0564 Acc 98.11% | Val 0.0547 Acc 97.15% | 10.2s
2026-07-28 22:54:42 |   -> saved best
2026-07-28 22:54:53 | Ep 21/50 | Loss 0.0577 Acc 98.05% | Val 0.0615 Acc 97.41% | 10.3s
2026-07-28 22:55:03 | Ep 22/50 | Loss 0.0546 Acc 98.37% | Val 0.0580 Acc 97.41% | 10.4s
2026-07-28 22:55:13 | Ep 23/50 | Loss 0.0476 Acc 98.63% | Val 0.0647 Acc 97.54% | 10.3s
2026-07-28 22:55:24 | Ep 24/50 | Loss 0.0455 Acc 98.76% | Val 0.0643 Acc 96.89% | 10.2s
2026-07-28 22:55:34 | Ep 25/50 | Loss 0.0475 Acc 98.54% | Val 0.0534 Acc 97.92% | 10.2s
2026-07-28 22:55:34 |   -> saved best
2026-07-28 22:55:44 | Ep 26/50 | Loss 0.0480 Acc 98.34% | Val 0.0570 Acc 97.67% | 10.1s
2026-07-28 22:55:54 | Ep 27/50 | Loss 0.0443 Acc 98.50% | Val 0.0570 Acc 97.67% | 10.2s
2026-07-28 22:56:05 | Ep 28/50 | Loss 0.0457 Acc 98.50% | Val 0.0587 Acc 97.80% | 10.4s
2026-07-28 22:56:15 | Ep 29/50 | Loss 0.0352 Acc 98.99% | Val 0.0615 Acc 97.41% | 10.4s
2026-07-28 22:56:26 | Ep 30/50 | Loss 0.0410 Acc 98.76% | Val 0.0573 Acc 97.92% | 10.4s
2026-07-28 22:56:36 | Ep 31/50 | Loss 0.0378 Acc 98.76% | Val 0.0519 Acc 97.67% | 10.9s
2026-07-28 22:56:37 |   -> saved best
2026-07-28 22:56:47 | Ep 32/50 | Loss 0.0343 Acc 98.89% | Val 0.0497 Acc 97.80% | 10.7s
2026-07-28 22:56:47 |   -> saved best
2026-07-28 22:56:58 | Ep 33/50 | Loss 0.0404 Acc 98.54% | Val 0.0576 Acc 97.80% | 10.4s
2026-07-28 22:57:08 | Ep 34/50 | Loss 0.0355 Acc 98.63% | Val 0.0627 Acc 97.67% | 10.3s
2026-07-28 22:57:19 | Ep 35/50 | Loss 0.0376 Acc 98.63% | Val 0.0532 Acc 98.05% | 10.4s
2026-07-28 22:57:29 | Ep 36/50 | Loss 0.0352 Acc 98.96% | Val 0.0544 Acc 98.18% | 10.4s
2026-07-28 22:57:39 | Ep 37/50 | Loss 0.0331 Acc 98.93% | Val 0.0556 Acc 97.80% | 10.2s
2026-07-28 22:57:49 | Ep 38/50 | Loss 0.0396 Acc 98.54% | Val 0.0649 Acc 97.28% | 10.2s
2026-07-28 22:58:00 | Ep 39/50 | Loss 0.0297 Acc 99.06% | Val 0.0576 Acc 97.80% | 10.2s
2026-07-28 22:58:10 | Ep 40/50 | Loss 0.0288 Acc 99.02% | Val 0.0519 Acc 97.92% | 10.2s
2026-07-28 22:58:20 | Ep 41/50 | Loss 0.0332 Acc 98.99% | Val 0.0574 Acc 97.92% | 10.1s
2026-07-28 22:58:30 | Ep 42/50 | Loss 0.0288 Acc 98.99% | Val 0.0696 Acc 97.28% | 10.2s
2026-07-28 22:58:40 | Ep 43/50 | Loss 0.0259 Acc 99.15% | Val 0.0626 Acc 97.54% | 10.2s
2026-07-28 22:58:51 | Ep 44/50 | Loss 0.0261 Acc 99.28% | Val 0.0701 Acc 97.54% | 10.2s
2026-07-28 22:59:01 | Ep 45/50 | Loss 0.0335 Acc 98.80% | Val 0.0597 Acc 97.80% | 10.2s
2026-07-28 22:59:11 | Ep 46/50 | Loss 0.0251 Acc 99.15% | Val 0.0578 Acc 97.92% | 10.2s
2026-07-28 22:59:21 | Ep 47/50 | Loss 0.0242 Acc 99.41% | Val 0.0533 Acc 98.18% | 10.2s
2026-07-28 22:59:21 |   Early stop at epoch 47
2026-07-28 22:59:21 | Done in 8.71 min
2026-07-28 22:59:24 | 
================================================================================
2026-07-28 22:59:24 | FINAL SUMMARY  --  PlantVillage Corn (5-fold CV, baselines scratch / CViTLw ViT-branch scratch)
2026-07-28 22:59:24 | ================================================================================
2026-07-28 22:59:24 | 
|        |   Params (M) |   n_folds | Accuracy       | Precision      | Recall         | F1-Score       | Kappa             | AUC               | Train Time (min)   |
|:-------|-------------:|----------:|:---------------|:---------------|:---------------|:---------------|:------------------|:------------------|:-------------------|
| CViTLw |         0.33 |         1 | 97.80 +/- 0.00 | 96.67 +/- 0.00 | 97.15 +/- 0.00 | 96.89 +/- 0.00 | 0.9698 +/- 0.0000 | 0.9986 +/- 0.0000 | 8.71 +/- 0.00      |
2026-07-28 22:59:24 | 
Saved: C:\Users\Admin\Desktop\hai\ConViTX\code ViT_8 block CNN\HybridModel_PlantVillage_Corn_NoPretrain\results\comparison_results.json
2026-07-28 22:59:24 | Progress: C:\Users\Admin\Desktop\hai\ConViTX\code ViT_8 block CNN\HybridModel_PlantVillage_Corn_NoPretrain\results\training_progress.json
2026-07-28 23:02:15 | Log: C:\Users\Admin\Desktop\hai\ConViTX\code ViT_8 block CNN\HybridModel_PlantVillage_Corn_NoPretrain\results\training.log
2026-07-28 23:02:15 | Device      : cuda
2026-07-28 23:02:15 | Dataset dir : C:\Users\Admin\Desktop\Dataset\PlantVillage
2026-07-28 23:02:15 | *** MODE: 8 baselines FROM SCRATCH | CViTLw = CNN branch pretrained + ViT branch FROM SCRATCH ***
2026-07-28 23:02:15 | CPU cores       : 16
2026-07-28 23:02:15 | GPU             : NVIDIA GeForce RTX 5070 Ti (cc 12.0)
2026-07-28 23:02:15 | VRAM            : 15.65 GB free / 17.09 GB total
2026-07-28 23:02:15 | BF16 supported  : True
2026-07-28 23:02:15 | AMP dtype       : torch.bfloat16
2026-07-28 23:02:15 | Classes (4):
2026-07-28 23:02:15 |   [0] Corn_(maize)___Cercospora_leaf_spot Gray_leaf_spot
2026-07-28 23:02:15 |   [1] Corn_(maize)___Common_rust_
2026-07-28 23:02:15 |   [2] Corn_(maize)___Northern_Leaf_Blight
2026-07-28 23:02:15 |   [3] Corn_(maize)___healthy
2026-07-28 23:02:15 | Models : ['CViTLw', 'MobileNetV2', 'EfficientNet-B0', 'ResNet-50', 'ViT-B/16', 'Swin-Tiny', 'DeiT-Small', 'MobileViT-S', 'ConvNeXt-Base']
2026-07-28 23:02:15 | Folds  : [1, 2, 3, 4, 5]
2026-07-28 23:02:15 | Resume: 1 runs done
2026-07-28 23:02:15 | Total samples: 3852
2026-07-28 23:02:15 |   [0] Corn_(maize)___Cercospora_leaf_spot Gray_leaf_spot: 513 images
2026-07-28 23:02:15 |   [1] Corn_(maize)___Common_rust_: 1192 images
2026-07-28 23:02:15 |   [2] Corn_(maize)___Northern_Leaf_Blight: 985 images
2026-07-28 23:02:15 |   [3] Corn_(maize)___healthy: 1162 images
2026-07-28 23:02:16 |   [params] CViTLw           = 0.33 M  (FROM SCRATCH)
2026-07-28 23:02:16 |   [params] MobileNetV2      = 2.229 M  (FROM SCRATCH)
2026-07-28 23:02:16 |   [params] EfficientNet-B0  = 4.013 M  (FROM SCRATCH)
2026-07-28 23:02:16 |   [params] ResNet-50        = 23.516 M  (FROM SCRATCH)
2026-07-28 23:02:16 |   [params] ViT-B/16         = 85.802 M  (FROM SCRATCH)
2026-07-28 23:02:17 |   [params] Swin-Tiny        = 27.522 M  (FROM SCRATCH)
2026-07-28 23:02:17 |   [params] DeiT-Small       = 21.667 M  (FROM SCRATCH)
2026-07-28 23:02:17 |   [params] MobileViT-S      = 4.94 M  (FROM SCRATCH)
2026-07-28 23:02:18 |   [params] ConvNeXt-Base    = 87.571 M  (FROM SCRATCH)
2026-07-28 23:02:18 | [SKIP] CViTLw_fold1 already done
2026-07-28 23:02:18 | 
================================================================================
2026-07-28 23:02:18 | TRAIN (FROM SCRATCH): CViTLw | Fold 2/5 | batch=128 | lr=1.00e-04 | classes=4
2026-07-28 23:02:18 | ================================================================================
2026-07-28 23:02:18 |   [INFO] CViTLw: CNN branch = ImageNet pretrain, ViT branch = FROM SCRATCH
2026-07-28 23:02:37 |   [OOM FALLBACK] CViTLw Fold 2 exceeded VRAM with batch_size=128.
2026-07-28 23:02:37 |   -> Automatically reducing batch_size to 64 and retrying without intervention!
2026-07-28 23:02:38 | 
================================================================================
2026-07-28 23:02:38 | TRAIN (FROM SCRATCH): CViTLw | Fold 2/5 | batch=64 | lr=1.00e-04 | classes=4
2026-07-28 23:02:38 | ================================================================================
2026-07-28 23:02:39 |   [INFO] CViTLw: CNN branch = ImageNet pretrain, ViT branch = FROM SCRATCH
2026-07-28 23:03:25 | Ep 01/50 | Loss 1.2692 Acc 63.48% | Val 1.0406 Acc 85.21% | 46.7s
2026-07-28 23:03:25 |   -> saved best
2026-07-28 23:03:36 | Ep 02/50 | Loss 0.9801 Acc 81.58% | Val 0.7057 Acc 85.60% | 10.5s
2026-07-28 23:03:36 |   -> saved best
2026-07-28 23:03:46 | Ep 03/50 | Loss 0.7380 Acc 85.55% | Val 0.5022 Acc 85.60% | 10.1s
2026-07-28 23:03:46 |   -> saved best
2026-07-28 23:03:56 | Ep 04/50 | Loss 0.5170 Acc 88.41% | Val 0.3465 Acc 90.27% | 10.1s
2026-07-28 23:03:56 |   -> saved best
2026-07-28 23:04:07 | Ep 05/50 | Loss 0.3492 Acc 92.29% | Val 0.2151 Acc 93.64% | 10.1s
2026-07-28 23:04:07 |   -> saved best
2026-07-28 23:04:17 | Ep 06/50 | Loss 0.2241 Acc 94.82% | Val 0.1732 Acc 94.42% | 10.2s
2026-07-28 23:04:17 |   -> saved best
2026-07-28 23:04:27 | Ep 07/50 | Loss 0.1704 Acc 95.41% | Val 0.1359 Acc 94.68% | 10.1s
2026-07-28 23:04:27 |   -> saved best
2026-07-28 23:04:37 | Ep 08/50 | Loss 0.1405 Acc 95.93% | Val 0.1218 Acc 95.59% | 10.1s
2026-07-28 23:04:37 |   -> saved best
2026-07-28 23:04:47 | Ep 09/50 | Loss 0.1149 Acc 96.94% | Val 0.1377 Acc 93.64% | 10.1s
2026-07-28 23:04:58 | Ep 10/50 | Loss 0.1083 Acc 96.65% | Val 0.0914 Acc 96.89% | 10.3s
2026-07-28 23:04:58 |   -> saved best
2026-07-28 23:05:08 | Ep 11/50 | Loss 0.0965 Acc 96.71% | Val 0.0911 Acc 95.46% | 10.1s
2026-07-28 23:05:08 |   -> saved best
2026-07-28 23:05:18 | Ep 12/50 | Loss 0.0875 Acc 97.23% | Val 0.0894 Acc 96.89% | 10.5s
2026-07-28 23:05:18 |   -> saved best
2026-07-28 23:05:29 | Ep 13/50 | Loss 0.0853 Acc 97.20% | Val 0.0822 Acc 96.89% | 10.3s
2026-07-28 23:05:29 |   -> saved best
2026-07-28 23:05:39 | Ep 14/50 | Loss 0.0816 Acc 97.40% | Val 0.0824 Acc 95.85% | 10.2s
2026-07-28 23:05:49 | Ep 15/50 | Loss 0.0722 Acc 97.40% | Val 0.0741 Acc 97.28% | 10.1s
2026-07-28 23:05:49 |   -> saved best
2026-07-28 23:05:59 | Ep 16/50 | Loss 0.0724 Acc 97.66% | Val 0.0716 Acc 97.02% | 10.1s
2026-07-28 23:05:59 |   -> saved best
2026-07-28 23:06:09 | Ep 17/50 | Loss 0.0659 Acc 97.85% | Val 0.0718 Acc 96.89% | 10.1s
2026-07-28 23:06:20 | Ep 18/50 | Loss 0.0683 Acc 97.66% | Val 0.0692 Acc 97.02% | 10.1s
2026-07-28 23:06:20 |   -> saved best
2026-07-28 23:06:30 | Ep 19/50 | Loss 0.0642 Acc 97.95% | Val 0.0798 Acc 96.50% | 10.1s
2026-07-28 23:06:40 | Ep 20/50 | Loss 0.0611 Acc 97.92% | Val 0.0706 Acc 97.02% | 10.1s
2026-07-28 23:06:50 | Ep 21/50 | Loss 0.0589 Acc 98.34% | Val 0.0724 Acc 96.63% | 10.1s
2026-07-28 23:07:00 | Ep 22/50 | Loss 0.0603 Acc 97.98% | Val 0.0609 Acc 97.15% | 10.1s
2026-07-28 23:07:00 |   -> saved best
2026-07-28 23:07:10 | Ep 23/50 | Loss 0.0573 Acc 98.21% | Val 0.0662 Acc 96.63% | 10.3s
2026-07-28 23:07:21 | Ep 24/50 | Loss 0.0546 Acc 98.24% | Val 0.0606 Acc 97.41% | 10.2s
2026-07-28 23:07:21 |   -> saved best
2026-07-28 23:07:31 | Ep 25/50 | Loss 0.0608 Acc 97.66% | Val 0.0651 Acc 96.76% | 10.1s
2026-07-28 23:07:41 | Ep 26/50 | Loss 0.0500 Acc 98.40% | Val 0.0588 Acc 97.28% | 10.1s
2026-07-28 23:07:41 |   -> saved best
2026-07-28 23:07:51 | Ep 27/50 | Loss 0.0510 Acc 98.01% | Val 0.0770 Acc 96.63% | 10.2s
2026-07-28 23:08:02 | Ep 28/50 | Loss 0.0442 Acc 98.54% | Val 0.0623 Acc 97.28% | 10.3s
2026-07-28 23:08:12 | Ep 29/50 | Loss 0.0467 Acc 98.54% | Val 0.0679 Acc 96.76% | 10.2s
2026-07-28 23:08:22 | Ep 30/50 | Loss 0.0477 Acc 98.60% | Val 0.0571 Acc 97.28% | 10.1s
2026-07-28 23:08:22 |   -> saved best
2026-07-28 23:08:32 | Ep 31/50 | Loss 0.0416 Acc 98.60% | Val 0.0565 Acc 97.54% | 10.1s
2026-07-28 23:08:32 |   -> saved best
2026-07-28 23:08:42 | Ep 32/50 | Loss 0.0417 Acc 98.60% | Val 0.0764 Acc 97.28% | 10.2s
2026-07-28 23:08:53 | Ep 33/50 | Loss 0.0380 Acc 99.02% | Val 0.0570 Acc 97.54% | 10.3s
2026-07-28 23:09:03 | Ep 34/50 | Loss 0.0386 Acc 98.76% | Val 0.0562 Acc 98.05% | 10.1s
2026-07-28 23:09:03 |   -> saved best
2026-07-28 23:09:13 | Ep 35/50 | Loss 0.0406 Acc 98.57% | Val 0.0605 Acc 97.02% | 10.1s
2026-07-28 23:09:23 | Ep 36/50 | Loss 0.0400 Acc 98.73% | Val 0.0566 Acc 97.67% | 10.2s
2026-07-28 23:09:33 | Ep 37/50 | Loss 0.0366 Acc 98.76% | Val 0.0522 Acc 97.92% | 10.1s
2026-07-28 23:09:33 |   -> saved best
2026-07-28 23:09:43 | Ep 38/50 | Loss 0.0314 Acc 98.93% | Val 0.0515 Acc 97.92% | 10.0s
2026-07-28 23:09:43 |   -> saved best
2026-07-28 23:09:53 | Ep 39/50 | Loss 0.0375 Acc 98.57% | Val 0.0650 Acc 97.67% | 10.0s
2026-07-28 23:10:04 | Ep 40/50 | Loss 0.0304 Acc 98.96% | Val 0.0652 Acc 97.67% | 10.2s
2026-07-28 23:10:14 | Ep 41/50 | Loss 0.0412 Acc 98.44% | Val 0.0517 Acc 97.92% | 10.3s
2026-07-28 23:10:24 | Ep 42/50 | Loss 0.0355 Acc 98.70% | Val 0.0477 Acc 98.05% | 10.2s
2026-07-28 23:10:24 |   -> saved best
2026-07-28 23:10:34 | Ep 43/50 | Loss 0.0258 Acc 99.22% | Val 0.0571 Acc 97.41% | 10.1s
2026-07-28 23:10:44 | Ep 44/50 | Loss 0.0290 Acc 98.96% | Val 0.0510 Acc 97.92% | 10.0s
2026-07-28 23:10:55 | Ep 45/50 | Loss 0.0318 Acc 98.80% | Val 0.0530 Acc 98.05% | 10.1s
2026-07-28 23:11:05 | Ep 46/50 | Loss 0.0292 Acc 98.89% | Val 0.0508 Acc 98.18% | 10.2s
2026-07-28 23:11:15 | Ep 47/50 | Loss 0.0327 Acc 98.73% | Val 0.0993 Acc 95.98% | 10.4s
2026-07-28 23:11:25 | Ep 48/50 | Loss 0.0299 Acc 98.93% | Val 0.0488 Acc 98.31% | 10.1s
2026-07-28 23:11:35 | Ep 49/50 | Loss 0.0235 Acc 99.19% | Val 0.0508 Acc 98.44% | 10.1s
2026-07-28 23:11:46 | Ep 50/50 | Loss 0.0264 Acc 99.09% | Val 0.0469 Acc 98.18% | 10.1s
2026-07-28 23:11:46 |   -> saved best
2026-07-28 23:11:46 | Done in 9.11 min
2026-07-28 23:11:48 | 
================================================================================
2026-07-28 23:11:48 | TRAIN (FROM SCRATCH): CViTLw | Fold 3/5 | batch=128 | lr=1.00e-04 | classes=4
2026-07-28 23:11:48 | ================================================================================
2026-07-28 23:11:48 |   [INFO] CViTLw: CNN branch = ImageNet pretrain, ViT branch = FROM SCRATCH
2026-07-28 23:12:02 |   [OOM FALLBACK] CViTLw Fold 3 exceeded VRAM with batch_size=128.
2026-07-28 23:12:02 |   -> Automatically reducing batch_size to 64 and retrying without intervention!
2026-07-28 23:12:03 | 
================================================================================
2026-07-28 23:12:03 | TRAIN (FROM SCRATCH): CViTLw | Fold 3/5 | batch=64 | lr=1.00e-04 | classes=4
2026-07-28 23:12:03 | ================================================================================
2026-07-28 23:12:04 |   [INFO] CViTLw: CNN branch = ImageNet pretrain, ViT branch = FROM SCRATCH
2026-07-28 23:12:40 | Ep 01/50 | Loss 1.2371 Acc 61.20% | Val 0.9499 Acc 72.47% | 35.7s
2026-07-28 23:12:40 |   -> saved best
2026-07-28 23:12:50 | Ep 02/50 | Loss 0.8843 Acc 76.99% | Val 0.5715 Acc 82.60% | 10.4s
2026-07-28 23:12:50 |   -> saved best
2026-07-28 23:13:00 | Ep 03/50 | Loss 0.6185 Acc 84.77% | Val 0.4080 Acc 84.94% | 10.0s
2026-07-28 23:13:00 |   -> saved best
2026-07-28 23:13:11 | Ep 04/50 | Loss 0.4471 Acc 87.14% | Val 0.2988 Acc 90.26% | 10.1s
2026-07-28 23:13:11 |   -> saved best
2026-07-28 23:13:21 | Ep 05/50 | Loss 0.3174 Acc 92.35% | Val 0.1889 Acc 94.16% | 10.1s
2026-07-28 23:13:21 |   -> saved best
2026-07-28 23:13:31 | Ep 06/50 | Loss 0.2137 Acc 94.76% | Val 0.1341 Acc 95.84% | 10.1s
2026-07-28 23:13:31 |   -> saved best
2026-07-28 23:13:41 | Ep 07/50 | Loss 0.1626 Acc 95.61% | Val 0.1067 Acc 95.84% | 10.1s
2026-07-28 23:13:41 |   -> saved best
2026-07-28 23:13:51 | Ep 08/50 | Loss 0.1361 Acc 96.19% | Val 0.0907 Acc 96.23% | 10.1s
2026-07-28 23:13:51 |   -> saved best
2026-07-28 23:14:01 | Ep 09/50 | Loss 0.1188 Acc 96.52% | Val 0.0854 Acc 96.75% | 10.1s
2026-07-28 23:14:01 |   -> saved best
2026-07-28 23:14:11 | Ep 10/50 | Loss 0.1068 Acc 96.71% | Val 0.0863 Acc 96.36% | 10.1s
2026-07-28 23:14:21 | Ep 11/50 | Loss 0.1024 Acc 96.88% | Val 0.0711 Acc 97.01% | 10.0s
2026-07-28 23:14:22 |   -> saved best
2026-07-28 23:14:32 | Ep 12/50 | Loss 0.0910 Acc 97.40% | Val 0.0752 Acc 96.49% | 10.1s
2026-07-28 23:14:42 | Ep 13/50 | Loss 0.0813 Acc 97.49% | Val 0.0559 Acc 97.66% | 10.1s
2026-07-28 23:14:42 |   -> saved best
2026-07-28 23:14:52 | Ep 14/50 | Loss 0.0822 Acc 97.30% | Val 0.0546 Acc 97.53% | 10.1s
2026-07-28 23:14:52 |   -> saved best
2026-07-28 23:15:02 | Ep 15/50 | Loss 0.0755 Acc 97.49% | Val 0.0595 Acc 97.53% | 10.1s
2026-07-28 23:15:12 | Ep 16/50 | Loss 0.0690 Acc 97.82% | Val 0.0484 Acc 98.18% | 10.1s
2026-07-28 23:15:12 |   -> saved best
2026-07-28 23:15:22 | Ep 17/50 | Loss 0.0698 Acc 97.69% | Val 0.0523 Acc 97.79% | 10.1s
2026-07-28 23:15:33 | Ep 18/50 | Loss 0.0691 Acc 97.72% | Val 0.0465 Acc 97.66% | 10.1s
2026-07-28 23:15:33 |   -> saved best
2026-07-28 23:15:43 | Ep 19/50 | Loss 0.0629 Acc 97.85% | Val 0.0449 Acc 98.44% | 10.1s
2026-07-28 23:15:43 |   -> saved best
2026-07-28 23:15:53 | Ep 20/50 | Loss 0.0604 Acc 97.85% | Val 0.0428 Acc 98.44% | 10.2s
2026-07-28 23:15:53 |   -> saved best
2026-07-28 23:16:03 | Ep 21/50 | Loss 0.0634 Acc 97.92% | Val 0.0732 Acc 96.23% | 10.1s
2026-07-28 23:16:13 | Ep 22/50 | Loss 0.0646 Acc 97.75% | Val 0.0393 Acc 98.44% | 10.2s
2026-07-28 23:16:13 |   -> saved best
2026-07-28 23:16:24 | Ep 23/50 | Loss 0.0518 Acc 98.31% | Val 0.0581 Acc 97.14% | 10.2s
2026-07-28 23:16:34 | Ep 24/50 | Loss 0.0507 Acc 98.44% | Val 0.0468 Acc 97.92% | 10.2s
2026-07-28 23:16:44 | Ep 25/50 | Loss 0.0489 Acc 98.60% | Val 0.0575 Acc 97.40% | 10.3s
2026-07-28 23:16:55 | Ep 26/50 | Loss 0.0503 Acc 98.34% | Val 0.0410 Acc 98.05% | 10.2s
2026-07-28 23:17:05 | Ep 27/50 | Loss 0.0464 Acc 98.27% | Val 0.0513 Acc 97.40% | 10.1s
2026-07-28 23:17:15 | Ep 28/50 | Loss 0.0494 Acc 98.18% | Val 0.0302 Acc 98.96% | 10.1s
2026-07-28 23:17:15 |   -> saved best
2026-07-28 23:17:25 | Ep 29/50 | Loss 0.0474 Acc 98.47% | Val 0.0334 Acc 98.70% | 10.3s
2026-07-28 23:17:36 | Ep 30/50 | Loss 0.0442 Acc 98.47% | Val 0.0465 Acc 98.44% | 10.9s
2026-07-28 23:17:47 | Ep 31/50 | Loss 0.0417 Acc 98.31% | Val 0.0386 Acc 98.44% | 10.9s
2026-07-28 23:17:58 | Ep 32/50 | Loss 0.0401 Acc 98.67% | Val 0.0308 Acc 98.31% | 10.8s
2026-07-28 23:18:08 | Ep 33/50 | Loss 0.0411 Acc 98.60% | Val 0.0394 Acc 98.44% | 10.4s
2026-07-28 23:18:19 | Ep 34/50 | Loss 0.0414 Acc 98.70% | Val 0.0373 Acc 97.79% | 10.3s
2026-07-28 23:18:29 | Ep 35/50 | Loss 0.0362 Acc 98.86% | Val 0.0328 Acc 98.70% | 10.6s
2026-07-28 23:18:40 | Ep 36/50 | Loss 0.0373 Acc 98.83% | Val 0.0360 Acc 98.83% | 10.5s
2026-07-28 23:18:51 | Ep 37/50 | Loss 0.0376 Acc 98.76% | Val 0.0309 Acc 98.44% | 10.5s
2026-07-28 23:19:01 | Ep 38/50 | Loss 0.0330 Acc 98.86% | Val 0.0361 Acc 98.70% | 10.5s
2026-07-28 23:19:12 | Ep 39/50 | Loss 0.0349 Acc 98.93% | Val 0.0256 Acc 99.22% | 10.6s
2026-07-28 23:19:12 |   -> saved best
2026-07-28 23:19:22 | Ep 40/50 | Loss 0.0306 Acc 99.12% | Val 0.0371 Acc 98.44% | 10.5s
2026-07-28 23:19:33 | Ep 41/50 | Loss 0.0351 Acc 98.86% | Val 0.0262 Acc 99.22% | 10.5s
2026-07-28 23:19:43 | Ep 42/50 | Loss 0.0314 Acc 98.96% | Val 0.0283 Acc 99.22% | 10.2s
2026-07-28 23:19:53 | Ep 43/50 | Loss 0.0352 Acc 98.67% | Val 0.0716 Acc 96.88% | 10.1s
2026-07-28 23:20:03 | Ep 44/50 | Loss 0.0346 Acc 98.63% | Val 0.0273 Acc 98.96% | 10.0s
2026-07-28 23:20:14 | Ep 45/50 | Loss 0.0277 Acc 99.06% | Val 0.0293 Acc 99.09% | 10.4s
2026-07-28 23:20:24 | Ep 46/50 | Loss 0.0316 Acc 99.02% | Val 0.0265 Acc 98.96% | 10.2s
2026-07-28 23:20:34 | Ep 47/50 | Loss 0.0312 Acc 99.09% | Val 0.0228 Acc 99.22% | 10.1s
2026-07-28 23:20:34 |   -> saved best
2026-07-28 23:20:45 | Ep 48/50 | Loss 0.0278 Acc 98.93% | Val 0.0274 Acc 98.96% | 10.2s
2026-07-28 23:20:55 | Ep 49/50 | Loss 0.0288 Acc 99.15% | Val 0.0282 Acc 98.83% | 10.2s
2026-07-28 23:21:05 | Ep 50/50 | Loss 0.0242 Acc 99.22% | Val 0.0262 Acc 98.96% | 10.1s
2026-07-28 23:21:05 | Done in 9.01 min
2026-07-28 23:21:08 | 
================================================================================
2026-07-28 23:21:08 | TRAIN (FROM SCRATCH): CViTLw | Fold 4/5 | batch=128 | lr=1.00e-04 | classes=4
2026-07-28 23:21:08 | ================================================================================
2026-07-28 23:21:08 |   [INFO] CViTLw: CNN branch = ImageNet pretrain, ViT branch = FROM SCRATCH
2026-07-28 23:21:20 |   [OOM FALLBACK] CViTLw Fold 4 exceeded VRAM with batch_size=128.
2026-07-28 23:21:20 |   -> Automatically reducing batch_size to 64 and retrying without intervention!
2026-07-28 23:21:21 | 
================================================================================
2026-07-28 23:21:21 | TRAIN (FROM SCRATCH): CViTLw | Fold 4/5 | batch=64 | lr=1.00e-04 | classes=4
2026-07-28 23:21:21 | ================================================================================
2026-07-28 23:21:22 |   [INFO] CViTLw: CNN branch = ImageNet pretrain, ViT branch = FROM SCRATCH
2026-07-28 23:21:51 | Ep 01/50 | Loss 1.2414 Acc 62.27% | Val 0.9756 Acc 82.21% | 29.5s
2026-07-28 23:21:51 |   -> saved best
2026-07-28 23:22:01 | Ep 02/50 | Loss 0.9303 Acc 83.27% | Val 0.6480 Acc 84.81% | 10.1s
2026-07-28 23:22:01 |   -> saved best
2026-07-28 23:22:12 | Ep 03/50 | Loss 0.6801 Acc 84.83% | Val 0.4548 Acc 86.10% | 10.2s
2026-07-28 23:22:12 |   -> saved best
2026-07-28 23:22:22 | Ep 04/50 | Loss 0.4567 Acc 89.71% | Val 0.2824 Acc 92.86% | 10.2s
2026-07-28 23:22:22 |   -> saved best
2026-07-28 23:22:32 | Ep 05/50 | Loss 0.2949 Acc 93.52% | Val 0.1586 Acc 96.36% | 10.1s
2026-07-28 23:22:32 |   -> saved best
2026-07-28 23:22:42 | Ep 06/50 | Loss 0.2050 Acc 94.99% | Val 0.1187 Acc 96.88% | 10.1s
2026-07-28 23:22:42 |   -> saved best
2026-07-28 23:22:52 | Ep 07/50 | Loss 0.1614 Acc 95.87% | Val 0.1077 Acc 96.88% | 10.2s
2026-07-28 23:22:52 |   -> saved best
2026-07-28 23:23:03 | Ep 08/50 | Loss 0.1359 Acc 96.13% | Val 0.0861 Acc 97.14% | 10.3s
2026-07-28 23:23:03 |   -> saved best
2026-07-28 23:23:13 | Ep 09/50 | Loss 0.1117 Acc 96.88% | Val 0.0738 Acc 97.79% | 9.9s
2026-07-28 23:23:13 |   -> saved best
2026-07-28 23:23:23 | Ep 10/50 | Loss 0.1049 Acc 97.04% | Val 0.0634 Acc 98.05% | 9.9s
2026-07-28 23:23:23 |   -> saved best
2026-07-28 23:23:33 | Ep 11/50 | Loss 0.1024 Acc 97.01% | Val 0.0623 Acc 97.66% | 9.8s
2026-07-28 23:23:33 |   -> saved best
2026-07-28 23:23:42 | Ep 12/50 | Loss 0.0926 Acc 97.14% | Val 0.0548 Acc 97.79% | 9.8s
2026-07-28 23:23:42 |   -> saved best
2026-07-28 23:23:52 | Ep 13/50 | Loss 0.0864 Acc 97.14% | Val 0.0532 Acc 98.05% | 9.8s
2026-07-28 23:23:52 |   -> saved best
2026-07-28 23:24:02 | Ep 14/50 | Loss 0.0823 Acc 97.17% | Val 0.0572 Acc 97.66% | 9.8s
2026-07-28 23:24:12 | Ep 15/50 | Loss 0.0720 Acc 97.62% | Val 0.0479 Acc 98.18% | 9.8s
2026-07-28 23:24:12 |   -> saved best
2026-07-28 23:24:22 | Ep 16/50 | Loss 0.0700 Acc 97.66% | Val 0.0496 Acc 98.31% | 9.8s
2026-07-28 23:24:32 | Ep 17/50 | Loss 0.0733 Acc 97.33% | Val 0.0473 Acc 98.18% | 9.8s
2026-07-28 23:24:32 |   -> saved best
2026-07-28 23:24:42 | Ep 18/50 | Loss 0.0645 Acc 97.82% | Val 0.0692 Acc 97.01% | 9.8s
2026-07-28 23:24:52 | Ep 19/50 | Loss 0.0676 Acc 97.62% | Val 0.0401 Acc 98.57% | 9.8s
2026-07-28 23:24:52 |   -> saved best
2026-07-28 23:25:01 | Ep 20/50 | Loss 0.0604 Acc 98.01% | Val 0.0446 Acc 98.18% | 9.8s
2026-07-28 23:25:11 | Ep 21/50 | Loss 0.0596 Acc 97.95% | Val 0.0391 Acc 98.57% | 9.8s
2026-07-28 23:25:11 |   -> saved best
2026-07-28 23:25:21 | Ep 22/50 | Loss 0.0595 Acc 98.14% | Val 0.0350 Acc 98.70% | 9.8s
2026-07-28 23:25:21 |   -> saved best
2026-07-28 23:25:31 | Ep 23/50 | Loss 0.0528 Acc 98.14% | Val 0.0360 Acc 98.05% | 9.8s
2026-07-28 23:25:41 | Ep 24/50 | Loss 0.0556 Acc 98.05% | Val 0.0341 Acc 98.57% | 9.8s
2026-07-28 23:25:41 |   -> saved best
2026-07-28 23:25:50 | Ep 25/50 | Loss 0.0622 Acc 97.98% | Val 0.0407 Acc 98.44% | 9.8s
2026-07-28 23:26:00 | Ep 26/50 | Loss 0.0543 Acc 98.27% | Val 0.0297 Acc 98.96% | 9.8s
2026-07-28 23:26:00 |   -> saved best
2026-07-28 23:26:10 | Ep 27/50 | Loss 0.0450 Acc 98.54% | Val 0.0335 Acc 98.44% | 9.8s
2026-07-28 23:26:20 | Ep 28/50 | Loss 0.0428 Acc 98.80% | Val 0.0286 Acc 98.57% | 9.8s
2026-07-28 23:26:20 |   -> saved best
2026-07-28 23:26:30 | Ep 29/50 | Loss 0.0457 Acc 98.27% | Val 0.0312 Acc 98.70% | 9.8s
2026-07-28 23:26:40 | Ep 30/50 | Loss 0.0515 Acc 98.08% | Val 0.0331 Acc 98.70% | 9.8s
2026-07-28 23:26:49 | Ep 31/50 | Loss 0.0454 Acc 98.40% | Val 0.0275 Acc 98.70% | 9.8s
2026-07-28 23:26:49 |   -> saved best
2026-07-28 23:26:59 | Ep 32/50 | Loss 0.0402 Acc 98.60% | Val 0.0277 Acc 98.96% | 9.8s
2026-07-28 23:27:09 | Ep 33/50 | Loss 0.0390 Acc 98.89% | Val 0.0262 Acc 98.70% | 9.8s
2026-07-28 23:27:09 |   -> saved best
2026-07-28 23:27:19 | Ep 34/50 | Loss 0.0419 Acc 98.54% | Val 0.0278 Acc 99.09% | 9.8s
2026-07-28 23:27:29 | Ep 35/50 | Loss 0.0360 Acc 98.80% | Val 0.0271 Acc 98.96% | 9.8s
2026-07-28 23:27:39 | Ep 36/50 | Loss 0.0365 Acc 98.76% | Val 0.0247 Acc 99.09% | 9.8s
2026-07-28 23:27:39 |   -> saved best
2026-07-28 23:27:48 | Ep 37/50 | Loss 0.0363 Acc 98.76% | Val 0.0281 Acc 98.96% | 9.8s
2026-07-28 23:27:58 | Ep 38/50 | Loss 0.0442 Acc 98.54% | Val 0.0275 Acc 98.83% | 9.8s
2026-07-28 23:28:08 | Ep 39/50 | Loss 0.0414 Acc 98.34% | Val 0.0297 Acc 98.83% | 9.8s
2026-07-28 23:28:18 | Ep 40/50 | Loss 0.0365 Acc 98.76% | Val 0.0284 Acc 98.96% | 9.8s
2026-07-28 23:28:28 | Ep 41/50 | Loss 0.0307 Acc 98.99% | Val 0.0346 Acc 98.31% | 9.8s
2026-07-28 23:28:38 | Ep 42/50 | Loss 0.0320 Acc 98.89% | Val 0.0229 Acc 98.83% | 10.0s
2026-07-28 23:28:38 |   -> saved best
2026-07-28 23:28:48 | Ep 43/50 | Loss 0.0307 Acc 98.83% | Val 0.0221 Acc 98.96% | 10.2s
2026-07-28 23:28:48 |   -> saved best
2026-07-28 23:28:58 | Ep 44/50 | Loss 0.0336 Acc 98.83% | Val 0.0383 Acc 98.31% | 10.2s
2026-07-28 23:29:09 | Ep 45/50 | Loss 0.0377 Acc 98.60% | Val 0.0422 Acc 98.70% | 10.2s
2026-07-28 23:29:19 | Ep 46/50 | Loss 0.0311 Acc 98.96% | Val 0.0248 Acc 98.96% | 10.1s
2026-07-28 23:29:29 | Ep 47/50 | Loss 0.0300 Acc 99.02% | Val 0.0256 Acc 98.96% | 10.1s
2026-07-28 23:29:39 | Ep 48/50 | Loss 0.0286 Acc 99.12% | Val 0.0230 Acc 99.09% | 10.2s
2026-07-28 23:29:49 | Ep 49/50 | Loss 0.0307 Acc 98.96% | Val 0.0190 Acc 99.22% | 10.1s
2026-07-28 23:29:49 |   -> saved best
2026-07-28 23:30:00 | Ep 50/50 | Loss 0.0365 Acc 98.67% | Val 0.0222 Acc 98.96% | 10.1s
2026-07-28 23:30:00 | Done in 8.63 min
2026-07-28 23:30:02 | 
================================================================================
2026-07-28 23:30:02 | TRAIN (FROM SCRATCH): CViTLw | Fold 5/5 | batch=128 | lr=1.00e-04 | classes=4
2026-07-28 23:30:02 | ================================================================================
2026-07-28 23:30:03 |   [INFO] CViTLw: CNN branch = ImageNet pretrain, ViT branch = FROM SCRATCH
2026-07-28 23:30:15 |   [OOM FALLBACK] CViTLw Fold 5 exceeded VRAM with batch_size=128.
2026-07-28 23:30:15 |   -> Automatically reducing batch_size to 64 and retrying without intervention!
2026-07-28 23:30:16 | 
================================================================================
2026-07-28 23:30:16 | TRAIN (FROM SCRATCH): CViTLw | Fold 5/5 | batch=64 | lr=1.00e-04 | classes=4
2026-07-28 23:30:16 | ================================================================================
2026-07-28 23:30:17 |   [INFO] CViTLw: CNN branch = ImageNet pretrain, ViT branch = FROM SCRATCH
2026-07-28 23:30:46 | Ep 01/50 | Loss 1.2386 Acc 70.44% | Val 0.9895 Acc 81.56% | 29.4s
2026-07-28 23:30:46 |   -> saved best
2026-07-28 23:30:56 | Ep 02/50 | Loss 0.9368 Acc 81.80% | Val 0.6621 Acc 85.45% | 10.0s
2026-07-28 23:30:56 |   -> saved best
2026-07-28 23:31:06 | Ep 03/50 | Loss 0.6730 Acc 84.90% | Val 0.4303 Acc 88.70% | 10.0s
2026-07-28 23:31:06 |   -> saved best
2026-07-28 23:31:16 | Ep 04/50 | Loss 0.4555 Acc 89.58% | Val 0.2845 Acc 95.06% | 10.0s
2026-07-28 23:31:16 |   -> saved best
2026-07-28 23:31:26 | Ep 05/50 | Loss 0.3046 Acc 92.55% | Val 0.1844 Acc 94.68% | 10.0s
2026-07-28 23:31:26 |   -> saved best
2026-07-28 23:31:36 | Ep 06/50 | Loss 0.2178 Acc 94.56% | Val 0.1344 Acc 96.10% | 10.0s
2026-07-28 23:31:37 |   -> saved best
2026-07-28 23:31:47 | Ep 07/50 | Loss 0.1687 Acc 95.41% | Val 0.1106 Acc 96.49% | 10.0s
2026-07-28 23:31:47 |   -> saved best
2026-07-28 23:31:57 | Ep 08/50 | Loss 0.1371 Acc 96.13% | Val 0.0964 Acc 96.10% | 10.0s
2026-07-28 23:31:57 |   -> saved best
2026-07-28 23:32:07 | Ep 09/50 | Loss 0.1194 Acc 96.42% | Val 0.0904 Acc 96.88% | 10.0s
2026-07-28 23:32:07 |   -> saved best
2026-07-28 23:32:17 | Ep 10/50 | Loss 0.1083 Acc 96.55% | Val 0.0895 Acc 96.62% | 10.0s
2026-07-28 23:32:17 |   -> saved best
2026-07-28 23:32:27 | Ep 11/50 | Loss 0.0971 Acc 96.68% | Val 0.0811 Acc 96.88% | 10.1s
2026-07-28 23:32:27 |   -> saved best
2026-07-28 23:32:37 | Ep 12/50 | Loss 0.0860 Acc 97.10% | Val 0.0769 Acc 96.75% | 10.2s
2026-07-28 23:32:37 |   -> saved best
2026-07-28 23:32:47 | Ep 13/50 | Loss 0.0834 Acc 97.43% | Val 0.0810 Acc 97.27% | 10.2s
2026-07-28 23:32:58 | Ep 14/50 | Loss 0.0790 Acc 97.72% | Val 0.0713 Acc 96.88% | 10.2s
2026-07-28 23:32:58 |   -> saved best
2026-07-28 23:33:08 | Ep 15/50 | Loss 0.0711 Acc 97.49% | Val 0.0819 Acc 97.27% | 10.2s
2026-07-28 23:33:18 | Ep 16/50 | Loss 0.0655 Acc 98.05% | Val 0.0790 Acc 96.88% | 10.2s
2026-07-28 23:33:28 | Ep 17/50 | Loss 0.0616 Acc 98.01% | Val 0.0817 Acc 96.88% | 10.2s
2026-07-28 23:33:38 | Ep 18/50 | Loss 0.0553 Acc 98.11% | Val 0.0777 Acc 97.40% | 10.1s
2026-07-28 23:33:49 | Ep 19/50 | Loss 0.0592 Acc 98.05% | Val 0.0848 Acc 97.01% | 10.2s
2026-07-28 23:33:59 | Ep 20/50 | Loss 0.0560 Acc 97.92% | Val 0.0734 Acc 97.01% | 10.2s
2026-07-28 23:34:09 | Ep 21/50 | Loss 0.0503 Acc 98.34% | Val 0.0669 Acc 97.01% | 10.2s
2026-07-28 23:34:09 |   -> saved best
2026-07-28 23:34:19 | Ep 22/50 | Loss 0.0490 Acc 98.47% | Val 0.0739 Acc 97.27% | 10.2s
2026-07-28 23:34:30 | Ep 23/50 | Loss 0.0493 Acc 98.24% | Val 0.0756 Acc 97.53% | 10.2s
2026-07-28 23:34:40 | Ep 24/50 | Loss 0.0480 Acc 98.40% | Val 0.0682 Acc 97.79% | 10.2s
2026-07-28 23:34:50 | Ep 25/50 | Loss 0.0464 Acc 98.34% | Val 0.0704 Acc 97.66% | 10.2s
2026-07-28 23:35:00 | Ep 26/50 | Loss 0.0417 Acc 98.70% | Val 0.0721 Acc 97.53% | 10.2s
2026-07-28 23:35:11 | Ep 27/50 | Loss 0.0401 Acc 98.67% | Val 0.0714 Acc 97.27% | 10.2s
2026-07-28 23:35:21 | Ep 28/50 | Loss 0.0381 Acc 98.60% | Val 0.0778 Acc 97.53% | 10.2s
2026-07-28 23:35:31 | Ep 29/50 | Loss 0.0368 Acc 98.70% | Val 0.0676 Acc 97.92% | 10.2s
2026-07-28 23:35:41 | Ep 30/50 | Loss 0.0414 Acc 98.44% | Val 0.0640 Acc 97.79% | 10.2s
2026-07-28 23:35:41 |   -> saved best
2026-07-28 23:35:52 | Ep 31/50 | Loss 0.0354 Acc 98.80% | Val 0.1035 Acc 96.49% | 10.2s
2026-07-28 23:36:02 | Ep 32/50 | Loss 0.0316 Acc 99.09% | Val 0.0778 Acc 97.40% | 10.2s
2026-07-28 23:36:12 | Ep 33/50 | Loss 0.0270 Acc 98.96% | Val 0.0701 Acc 97.92% | 10.2s
2026-07-28 23:36:22 | Ep 34/50 | Loss 0.0327 Acc 98.93% | Val 0.0707 Acc 97.92% | 10.2s
2026-07-28 23:36:33 | Ep 35/50 | Loss 0.0302 Acc 99.06% | Val 0.0661 Acc 98.18% | 10.2s
2026-07-28 23:36:43 | Ep 36/50 | Loss 0.0368 Acc 98.73% | Val 0.0720 Acc 97.92% | 10.2s
2026-07-28 23:36:53 | Ep 37/50 | Loss 0.0293 Acc 99.19% | Val 0.0769 Acc 97.79% | 10.2s
2026-07-28 23:37:03 | Ep 38/50 | Loss 0.0310 Acc 99.06% | Val 0.0728 Acc 97.79% | 10.2s
2026-07-28 23:37:13 | Ep 39/50 | Loss 0.0266 Acc 99.02% | Val 0.0777 Acc 97.92% | 10.1s
2026-07-28 23:37:24 | Ep 40/50 | Loss 0.0273 Acc 99.19% | Val 0.0749 Acc 97.79% | 10.1s
2026-07-28 23:37:34 | Ep 41/50 | Loss 0.0254 Acc 99.19% | Val 0.0928 Acc 96.88% | 10.1s
2026-07-28 23:37:44 | Ep 42/50 | Loss 0.0300 Acc 98.86% | Val 0.0867 Acc 97.27% | 10.1s
2026-07-28 23:37:54 | Ep 43/50 | Loss 0.0227 Acc 99.22% | Val 0.0700 Acc 98.18% | 10.0s
2026-07-28 23:38:04 | Ep 44/50 | Loss 0.0249 Acc 99.19% | Val 0.0918 Acc 97.53% | 10.1s
2026-07-28 23:38:14 | Ep 45/50 | Loss 0.0198 Acc 99.45% | Val 0.0804 Acc 97.79% | 10.1s
2026-07-28 23:38:14 |   Early stop at epoch 45
2026-07-28 23:38:14 | Done in 7.96 min
2026-07-28 23:38:17 | 
================================================================================
2026-07-28 23:38:17 | TRAIN (FROM SCRATCH): MobileNetV2 | Fold 1/5 | batch=256 | lr=1.00e-04 | classes=4
2026-07-28 23:38:17 | ================================================================================
2026-07-28 23:38:17 |   [INFO] MobileNetV2 initialized FROM SCRATCH (no pretrained weights)
2026-07-28 23:38:50 | Ep 01/50 | Loss 1.2844 Acc 42.71% | Val 1.3006 Acc 30.22% | 33.0s
2026-07-28 23:38:50 |   -> saved best
2026-07-28 23:38:56 | Ep 02/50 | Loss 0.9740 Acc 62.47% | Val 1.3725 Acc 30.22% | 5.9s
2026-07-28 23:39:02 | Ep 03/50 | Loss 0.6941 Acc 73.47% | Val 1.5197 Acc 25.55% | 5.9s
2026-07-28 23:39:08 | Ep 04/50 | Loss 0.5170 Acc 79.72% | Val 1.7115 Acc 25.55% | 5.8s
2026-07-28 23:39:14 | Ep 05/50 | Loss 0.4271 Acc 82.42% | Val 1.8958 Acc 45.65% | 5.9s
2026-07-28 23:39:20 | Ep 06/50 | Loss 0.3901 Acc 83.56% | Val 1.4103 Acc 49.29% | 5.6s
2026-07-28 23:39:25 | Ep 07/50 | Loss 0.3648 Acc 84.31% | Val 0.5163 Acc 77.82% | 5.5s
2026-07-28 23:39:25 |   -> saved best
2026-07-28 23:39:31 | Ep 08/50 | Loss 0.3450 Acc 84.70% | Val 0.3713 Acc 84.05% | 5.9s
2026-07-28 23:39:31 |   -> saved best
2026-07-28 23:39:37 | Ep 09/50 | Loss 0.3293 Acc 86.26% | Val 0.3688 Acc 85.60% | 5.8s
2026-07-28 23:39:37 |   -> saved best
2026-07-28 23:39:43 | Ep 10/50 | Loss 0.3067 Acc 87.14% | Val 0.3155 Acc 87.55% | 5.7s
2026-07-28 23:39:43 |   -> saved best
2026-07-28 23:39:49 | Ep 11/50 | Loss 0.2991 Acc 86.95% | Val 0.3418 Acc 87.42% | 5.9s
2026-07-28 23:39:55 | Ep 12/50 | Loss 0.2924 Acc 87.11% | Val 0.2775 Acc 87.03% | 5.8s
2026-07-28 23:39:55 |   -> saved best
2026-07-28 23:40:00 | Ep 13/50 | Loss 0.2832 Acc 87.96% | Val 0.3457 Acc 88.07% | 5.5s
2026-07-28 23:40:07 | Ep 14/50 | Loss 0.2854 Acc 87.73% | Val 0.3123 Acc 87.16% | 6.1s
2026-07-28 23:40:12 | Ep 15/50 | Loss 0.2624 Acc 88.12% | Val 0.2515 Acc 89.62% | 5.9s
2026-07-28 23:40:13 |   -> saved best
2026-07-28 23:40:18 | Ep 16/50 | Loss 0.2615 Acc 88.09% | Val 0.2405 Acc 87.16% | 5.6s
2026-07-28 23:40:18 |   -> saved best
2026-07-28 23:40:24 | Ep 17/50 | Loss 0.2464 Acc 90.20% | Val 0.2755 Acc 88.46% | 5.6s
2026-07-28 23:40:29 | Ep 18/50 | Loss 0.2504 Acc 88.64% | Val 0.2625 Acc 88.07% | 5.5s
2026-07-28 23:40:35 | Ep 19/50 | Loss 0.2486 Acc 88.96% | Val 0.2107 Acc 89.49% | 5.4s
2026-07-28 23:40:35 |   -> saved best
2026-07-28 23:40:41 | Ep 20/50 | Loss 0.2442 Acc 88.70% | Val 0.2410 Acc 87.68% | 5.6s
2026-07-28 23:40:46 | Ep 21/50 | Loss 0.2427 Acc 89.39% | Val 0.1986 Acc 90.14% | 5.5s
2026-07-28 23:40:46 |   -> saved best
2026-07-28 23:40:52 | Ep 22/50 | Loss 0.2286 Acc 89.84% | Val 0.2556 Acc 88.20% | 5.8s
2026-07-28 23:40:58 | Ep 23/50 | Loss 0.2246 Acc 89.91% | Val 0.1729 Acc 90.53% | 5.5s
2026-07-28 23:40:58 |   -> saved best
2026-07-28 23:41:03 | Ep 24/50 | Loss 0.2219 Acc 90.14% | Val 0.1835 Acc 89.88% | 5.5s
2026-07-28 23:41:09 | Ep 25/50 | Loss 0.2162 Acc 90.85% | Val 0.1702 Acc 90.27% | 5.7s
2026-07-28 23:41:09 |   -> saved best
2026-07-28 23:41:15 | Ep 26/50 | Loss 0.2160 Acc 90.59% | Val 0.1634 Acc 90.53% | 5.6s
2026-07-28 23:41:15 |   -> saved best
2026-07-28 23:41:21 | Ep 27/50 | Loss 0.2032 Acc 90.82% | Val 0.1649 Acc 90.92% | 6.3s
2026-07-28 23:41:27 | Ep 28/50 | Loss 0.2056 Acc 91.28% | Val 0.1663 Acc 90.40% | 6.0s
2026-07-28 23:41:33 | Ep 29/50 | Loss 0.1993 Acc 91.28% | Val 0.1587 Acc 91.70% | 6.0s
2026-07-28 23:41:33 |   -> saved best
2026-07-28 23:41:39 | Ep 30/50 | Loss 0.1978 Acc 91.67% | Val 0.1695 Acc 90.92% | 6.0s
2026-07-28 23:41:45 | Ep 31/50 | Loss 0.1902 Acc 91.89% | Val 0.1554 Acc 91.44% | 5.9s
2026-07-28 23:41:45 |   -> saved best
2026-07-28 23:41:51 | Ep 32/50 | Loss 0.1967 Acc 91.08% | Val 0.1631 Acc 90.79% | 5.8s
2026-07-28 23:41:57 | Ep 33/50 | Loss 0.1933 Acc 91.41% | Val 0.1884 Acc 89.88% | 5.6s
2026-07-28 23:42:02 | Ep 34/50 | Loss 0.1818 Acc 91.67% | Val 0.1368 Acc 91.44% | 5.6s
2026-07-28 23:42:02 |   -> saved best
2026-07-28 23:42:08 | Ep 35/50 | Loss 0.1760 Acc 92.84% | Val 0.1363 Acc 92.22% | 5.5s
2026-07-28 23:42:08 |   -> saved best
2026-07-28 23:42:14 | Ep 36/50 | Loss 0.1694 Acc 92.06% | Val 0.1478 Acc 90.92% | 5.6s
2026-07-28 23:42:20 | Ep 37/50 | Loss 0.1767 Acc 92.68% | Val 0.1304 Acc 92.74% | 5.8s
2026-07-28 23:42:20 |   -> saved best
2026-07-28 23:42:25 | Ep 38/50 | Loss 0.1635 Acc 93.20% | Val 0.1310 Acc 93.00% | 5.4s
2026-07-28 23:42:31 | Ep 39/50 | Loss 0.1609 Acc 93.13% | Val 0.1317 Acc 92.35% | 5.6s
2026-07-28 23:42:36 | Ep 40/50 | Loss 0.1684 Acc 92.84% | Val 0.1627 Acc 91.57% | 5.4s
2026-07-28 23:42:42 | Ep 41/50 | Loss 0.1523 Acc 93.91% | Val 0.1232 Acc 92.87% | 5.5s
2026-07-28 23:42:42 |   -> saved best
2026-07-28 23:42:47 | Ep 42/50 | Loss 0.1503 Acc 93.91% | Val 0.1296 Acc 93.13% | 5.6s
2026-07-28 23:42:53 | Ep 43/50 | Loss 0.1524 Acc 93.33% | Val 0.1216 Acc 93.64% | 5.9s
2026-07-28 23:42:53 |   -> saved best
2026-07-28 23:42:59 | Ep 44/50 | Loss 0.1466 Acc 94.11% | Val 0.1413 Acc 92.35% | 5.8s
2026-07-28 23:43:05 | Ep 45/50 | Loss 0.1452 Acc 94.14% | Val 0.1066 Acc 94.03% | 5.6s
2026-07-28 23:43:05 |   -> saved best
2026-07-28 23:43:10 | Ep 46/50 | Loss 0.1393 Acc 94.27% | Val 0.1721 Acc 91.31% | 5.6s
2026-07-28 23:43:16 | Ep 47/50 | Loss 0.1382 Acc 94.24% | Val 0.1381 Acc 93.39% | 5.7s
2026-07-28 23:43:22 | Ep 48/50 | Loss 0.1332 Acc 94.50% | Val 0.0989 Acc 93.64% | 5.6s
2026-07-28 23:43:22 |   -> saved best
2026-07-28 23:43:28 | Ep 49/50 | Loss 0.1307 Acc 94.63% | Val 0.1626 Acc 91.44% | 5.7s
2026-07-28 23:43:33 | Ep 50/50 | Loss 0.1249 Acc 95.08% | Val 0.1029 Acc 94.42% | 5.5s
2026-07-28 23:43:33 | Done in 5.27 min
2026-07-28 23:43:36 | 
================================================================================
2026-07-28 23:43:36 | TRAIN (FROM SCRATCH): MobileNetV2 | Fold 2/5 | batch=256 | lr=1.00e-04 | classes=4
2026-07-28 23:43:36 | ================================================================================
2026-07-28 23:43:36 |   [INFO] MobileNetV2 initialized FROM SCRATCH (no pretrained weights)
2026-07-28 23:43:58 | Ep 01/50 | Loss 1.2754 Acc 43.20% | Val 1.3199 Acc 30.22% | 21.5s
2026-07-28 23:43:58 |   -> saved best
2026-07-28 23:44:03 | Ep 02/50 | Loss 1.0554 Acc 57.94% | Val 1.4583 Acc 25.55% | 5.8s
2026-07-28 23:44:09 | Ep 03/50 | Loss 0.7521 Acc 71.61% | Val 1.5993 Acc 30.22% | 5.6s
2026-07-28 23:44:15 | Ep 04/50 | Loss 0.5303 Acc 79.56% | Val 1.6816 Acc 30.22% | 5.4s
2026-07-28 23:44:21 | Ep 05/50 | Loss 0.4261 Acc 82.42% | Val 1.8244 Acc 30.22% | 6.0s
2026-07-28 23:44:27 | Ep 06/50 | Loss 0.3794 Acc 83.04% | Val 1.7897 Acc 30.35% | 5.9s
2026-07-28 23:44:33 | Ep 07/50 | Loss 0.3637 Acc 84.18% | Val 0.5160 Acc 75.10% | 6.0s
2026-07-28 23:44:33 |   -> saved best
2026-07-28 23:44:39 | Ep 08/50 | Loss 0.3439 Acc 84.83% | Val 0.2835 Acc 82.75% | 5.8s
2026-07-28 23:44:39 |   -> saved best
2026-07-28 23:44:45 | Ep 09/50 | Loss 0.3258 Acc 85.25% | Val 0.2641 Acc 83.14% | 5.9s
2026-07-28 23:44:45 |   -> saved best
2026-07-28 23:44:50 | Ep 10/50 | Loss 0.3170 Acc 85.58% | Val 0.2480 Acc 84.05% | 5.8s
2026-07-28 23:44:50 |   -> saved best
2026-07-28 23:44:56 | Ep 11/50 | Loss 0.3097 Acc 86.30% | Val 0.2424 Acc 84.70% | 5.6s
2026-07-28 23:44:56 |   -> saved best
2026-07-28 23:45:02 | Ep 12/50 | Loss 0.3040 Acc 86.30% | Val 0.2280 Acc 85.34% | 5.8s
2026-07-28 23:45:02 |   -> saved best
2026-07-28 23:45:08 | Ep 13/50 | Loss 0.2888 Acc 87.40% | Val 0.2544 Acc 83.66% | 5.7s
2026-07-28 23:45:13 | Ep 14/50 | Loss 0.2777 Acc 87.53% | Val 0.2118 Acc 86.90% | 5.3s
2026-07-28 23:45:13 |   -> saved best
2026-07-28 23:45:19 | Ep 15/50 | Loss 0.2846 Acc 86.88% | Val 0.2090 Acc 87.29% | 5.3s
2026-07-28 23:45:19 |   -> saved best
2026-07-28 23:45:24 | Ep 16/50 | Loss 0.2738 Acc 88.12% | Val 0.2089 Acc 87.81% | 5.3s
2026-07-28 23:45:24 |   -> saved best
2026-07-28 23:45:30 | Ep 17/50 | Loss 0.2775 Acc 87.17% | Val 0.1961 Acc 88.46% | 5.5s
2026-07-28 23:45:30 |   -> saved best
2026-07-28 23:45:35 | Ep 18/50 | Loss 0.2699 Acc 87.60% | Val 0.1990 Acc 88.72% | 5.5s
2026-07-28 23:45:40 | Ep 19/50 | Loss 0.2597 Acc 88.12% | Val 0.1924 Acc 87.81% | 5.3s
2026-07-28 23:45:40 |   -> saved best
2026-07-28 23:45:46 | Ep 20/50 | Loss 0.2570 Acc 88.38% | Val 0.1972 Acc 87.42% | 5.5s
2026-07-28 23:45:51 | Ep 21/50 | Loss 0.2489 Acc 89.00% | Val 0.1944 Acc 87.42% | 5.3s
2026-07-28 23:45:57 | Ep 22/50 | Loss 0.2530 Acc 88.22% | Val 0.2230 Acc 87.68% | 5.3s
2026-07-28 23:46:02 | Ep 23/50 | Loss 0.2367 Acc 89.62% | Val 0.1794 Acc 89.88% | 5.6s
2026-07-28 23:46:03 |   -> saved best
2026-07-28 23:46:08 | Ep 24/50 | Loss 0.2379 Acc 89.52% | Val 0.1859 Acc 87.81% | 5.3s
2026-07-28 23:46:14 | Ep 25/50 | Loss 0.2342 Acc 89.55% | Val 0.1785 Acc 88.20% | 5.6s
2026-07-28 23:46:14 |   -> saved best
2026-07-28 23:46:19 | Ep 26/50 | Loss 0.2383 Acc 88.96% | Val 0.1513 Acc 90.40% | 5.3s
2026-07-28 23:46:19 |   -> saved best
2026-07-28 23:46:25 | Ep 27/50 | Loss 0.2241 Acc 89.97% | Val 0.1814 Acc 88.59% | 5.6s
2026-07-28 23:46:30 | Ep 28/50 | Loss 0.2119 Acc 90.46% | Val 0.1544 Acc 91.05% | 5.6s
2026-07-28 23:46:36 | Ep 29/50 | Loss 0.2139 Acc 90.23% | Val 0.1986 Acc 88.46% | 5.6s
2026-07-28 23:46:42 | Ep 30/50 | Loss 0.2049 Acc 90.85% | Val 0.1471 Acc 91.83% | 5.6s
2026-07-28 23:46:42 |   -> saved best
2026-07-28 23:46:47 | Ep 31/50 | Loss 0.2023 Acc 91.54% | Val 0.1442 Acc 91.57% | 5.4s
2026-07-28 23:46:47 |   -> saved best
2026-07-28 23:46:53 | Ep 32/50 | Loss 0.1898 Acc 91.96% | Val 0.1573 Acc 91.96% | 5.4s
2026-07-28 23:46:58 | Ep 33/50 | Loss 0.1947 Acc 91.41% | Val 0.1537 Acc 91.31% | 5.6s
2026-07-28 23:47:04 | Ep 34/50 | Loss 0.1800 Acc 92.45% | Val 0.1330 Acc 92.48% | 5.5s
2026-07-28 23:47:04 |   -> saved best
2026-07-28 23:47:09 | Ep 35/50 | Loss 0.1671 Acc 93.03% | Val 0.1205 Acc 92.87% | 5.1s
2026-07-28 23:47:09 |   -> saved best
2026-07-28 23:47:14 | Ep 36/50 | Loss 0.1773 Acc 92.77% | Val 0.1273 Acc 92.09% | 5.2s
2026-07-28 23:47:20 | Ep 37/50 | Loss 0.1725 Acc 92.74% | Val 0.1237 Acc 93.39% | 5.1s
2026-07-28 23:47:25 | Ep 38/50 | Loss 0.1606 Acc 93.59% | Val 0.1306 Acc 92.48% | 5.1s
2026-07-28 23:47:30 | Ep 39/50 | Loss 0.1651 Acc 93.20% | Val 0.1084 Acc 94.16% | 5.2s
2026-07-28 23:47:30 |   -> saved best
2026-07-28 23:47:36 | Ep 40/50 | Loss 0.1579 Acc 93.42% | Val 0.1059 Acc 93.64% | 5.4s
2026-07-28 23:47:36 |   -> saved best
2026-07-28 23:47:41 | Ep 41/50 | Loss 0.1671 Acc 92.90% | Val 0.1453 Acc 90.92% | 5.7s
2026-07-28 23:47:47 | Ep 42/50 | Loss 0.1605 Acc 93.95% | Val 0.1106 Acc 93.51% | 5.4s
2026-07-28 23:47:52 | Ep 43/50 | Loss 0.1532 Acc 93.75% | Val 0.1112 Acc 93.51% | 5.2s
2026-07-28 23:47:57 | Ep 44/50 | Loss 0.1504 Acc 93.72% | Val 0.0995 Acc 95.20% | 5.3s
2026-07-28 23:47:57 |   -> saved best
2026-07-28 23:48:03 | Ep 45/50 | Loss 0.1421 Acc 94.43% | Val 0.0995 Acc 94.55% | 5.3s
2026-07-28 23:48:03 |   -> saved best
2026-07-28 23:48:08 | Ep 46/50 | Loss 0.1385 Acc 94.60% | Val 0.0923 Acc 95.33% | 5.3s
2026-07-28 23:48:08 |   -> saved best
2026-07-28 23:48:14 | Ep 47/50 | Loss 0.1420 Acc 94.01% | Val 0.1150 Acc 93.39% | 5.3s
2026-07-28 23:48:19 | Ep 48/50 | Loss 0.1369 Acc 94.73% | Val 0.0966 Acc 94.94% | 5.5s
2026-07-28 23:48:25 | Ep 49/50 | Loss 0.1379 Acc 94.56% | Val 0.1202 Acc 93.13% | 5.3s
2026-07-28 23:48:30 | Ep 50/50 | Loss 0.1340 Acc 94.56% | Val 0.0940 Acc 94.68% | 5.3s
2026-07-28 23:48:30 | Done in 4.90 min
2026-07-28 23:48:33 | 
================================================================================
2026-07-28 23:48:33 | TRAIN (FROM SCRATCH): MobileNetV2 | Fold 3/5 | batch=256 | lr=1.00e-04 | classes=4
2026-07-28 23:48:33 | ================================================================================
2026-07-28 23:48:33 |   [INFO] MobileNetV2 initialized FROM SCRATCH (no pretrained weights)
2026-07-28 23:48:57 | Ep 01/50 | Loss 1.2922 Acc 42.22% | Val 1.3631 Acc 30.13% | 24.2s
2026-07-28 23:48:57 |   -> saved best
2026-07-28 23:49:03 | Ep 02/50 | Loss 1.0515 Acc 60.16% | Val 1.5925 Acc 25.58% | 5.6s
2026-07-28 23:49:08 | Ep 03/50 | Loss 0.6823 Acc 74.90% | Val 1.7352 Acc 25.58% | 5.3s
2026-07-28 23:49:13 | Ep 04/50 | Loss 0.5047 Acc 80.21% | Val 1.8145 Acc 30.13% | 5.5s
2026-07-28 23:49:19 | Ep 05/50 | Loss 0.4113 Acc 82.81% | Val 2.3770 Acc 30.13% | 5.3s
2026-07-28 23:49:24 | Ep 06/50 | Loss 0.3652 Acc 84.73% | Val 2.5776 Acc 30.13% | 5.5s
2026-07-28 23:49:30 | Ep 07/50 | Loss 0.3460 Acc 84.96% | Val 0.6013 Acc 71.95% | 5.6s
2026-07-28 23:49:30 |   -> saved best
2026-07-28 23:49:35 | Ep 08/50 | Loss 0.3435 Acc 84.47% | Val 0.2412 Acc 85.32% | 5.3s
2026-07-28 23:49:35 |   -> saved best
2026-07-28 23:49:41 | Ep 09/50 | Loss 0.3204 Acc 86.69% | Val 0.2390 Acc 86.10% | 5.3s
2026-07-28 23:49:41 |   -> saved best
2026-07-28 23:49:46 | Ep 10/50 | Loss 0.3083 Acc 86.52% | Val 0.2103 Acc 86.62% | 5.4s
2026-07-28 23:49:46 |   -> saved best
2026-07-28 23:49:52 | Ep 11/50 | Loss 0.2974 Acc 86.91% | Val 0.1920 Acc 87.40% | 5.3s
2026-07-28 23:49:52 |   -> saved best
2026-07-28 23:49:57 | Ep 12/50 | Loss 0.2889 Acc 87.21% | Val 0.1894 Acc 88.57% | 5.3s
2026-07-28 23:49:57 |   -> saved best
2026-07-28 23:50:03 | Ep 13/50 | Loss 0.2912 Acc 86.56% | Val 0.1733 Acc 89.61% | 5.3s
2026-07-28 23:50:03 |   -> saved best
2026-07-28 23:50:08 | Ep 14/50 | Loss 0.2908 Acc 86.75% | Val 0.1995 Acc 86.49% | 5.3s
2026-07-28 23:50:14 | Ep 15/50 | Loss 0.2631 Acc 88.25% | Val 0.1757 Acc 89.87% | 5.3s
2026-07-28 23:50:19 | Ep 16/50 | Loss 0.2681 Acc 87.79% | Val 0.1639 Acc 89.87% | 5.6s
2026-07-28 23:50:19 |   -> saved best
2026-07-28 23:50:25 | Ep 17/50 | Loss 0.2646 Acc 88.48% | Val 0.1820 Acc 87.79% | 5.2s
2026-07-28 23:50:30 | Ep 18/50 | Loss 0.2546 Acc 88.28% | Val 0.1616 Acc 89.87% | 5.3s
2026-07-28 23:50:30 |   -> saved best
2026-07-28 23:50:35 | Ep 19/50 | Loss 0.2478 Acc 89.26% | Val 0.1666 Acc 90.52% | 5.4s
2026-07-28 23:50:41 | Ep 20/50 | Loss 0.2439 Acc 89.29% | Val 0.1601 Acc 90.78% | 5.4s
2026-07-28 23:50:41 |   -> saved best
2026-07-28 23:50:46 | Ep 21/50 | Loss 0.2436 Acc 89.42% | Val 0.2030 Acc 87.66% | 5.4s
2026-07-28 23:50:52 | Ep 22/50 | Loss 0.2349 Acc 89.97% | Val 0.1450 Acc 90.91% | 5.4s
2026-07-28 23:50:52 |   -> saved best
2026-07-28 23:50:57 | Ep 23/50 | Loss 0.2278 Acc 90.01% | Val 0.1380 Acc 91.82% | 5.3s
2026-07-28 23:50:57 |   -> saved best
2026-07-28 23:51:03 | Ep 24/50 | Loss 0.2168 Acc 89.97% | Val 0.1358 Acc 90.91% | 5.2s
2026-07-28 23:51:03 |   -> saved best
2026-07-28 23:51:08 | Ep 25/50 | Loss 0.2006 Acc 91.93% | Val 0.1316 Acc 91.95% | 5.2s
2026-07-28 23:51:08 |   -> saved best
2026-07-28 23:51:13 | Ep 26/50 | Loss 0.1979 Acc 91.31% | Val 0.1228 Acc 92.73% | 5.3s
2026-07-28 23:51:13 |   -> saved best
2026-07-28 23:51:19 | Ep 27/50 | Loss 0.1973 Acc 91.86% | Val 0.1323 Acc 91.56% | 5.4s
2026-07-28 23:51:25 | Ep 28/50 | Loss 0.1793 Acc 92.48% | Val 0.1126 Acc 93.12% | 5.8s
2026-07-28 23:51:25 |   -> saved best
2026-07-28 23:51:30 | Ep 29/50 | Loss 0.1774 Acc 92.48% | Val 0.1169 Acc 94.16% | 5.4s
2026-07-28 23:51:35 | Ep 30/50 | Loss 0.1766 Acc 92.29% | Val 0.1160 Acc 92.73% | 5.3s
2026-07-28 23:51:41 | Ep 31/50 | Loss 0.1716 Acc 93.36% | Val 0.1131 Acc 94.16% | 5.4s
2026-07-28 23:51:46 | Ep 32/50 | Loss 0.1768 Acc 92.77% | Val 0.1387 Acc 92.08% | 5.3s
2026-07-28 23:51:52 | Ep 33/50 | Loss 0.1731 Acc 93.16% | Val 0.1056 Acc 94.42% | 5.4s
2026-07-28 23:51:52 |   -> saved best
2026-07-28 23:51:57 | Ep 34/50 | Loss 0.1678 Acc 92.81% | Val 0.1036 Acc 94.55% | 5.4s
2026-07-28 23:51:57 |   -> saved best
2026-07-28 23:52:03 | Ep 35/50 | Loss 0.1592 Acc 93.23% | Val 0.1519 Acc 91.69% | 5.3s
2026-07-28 23:52:08 | Ep 36/50 | Loss 0.1613 Acc 92.74% | Val 0.0977 Acc 94.68% | 5.3s
2026-07-28 23:52:08 |   -> saved best
2026-07-28 23:52:13 | Ep 37/50 | Loss 0.1482 Acc 94.24% | Val 0.0961 Acc 94.55% | 5.3s
2026-07-28 23:52:13 |   -> saved best
2026-07-28 23:52:19 | Ep 38/50 | Loss 0.1553 Acc 93.65% | Val 0.1025 Acc 94.29% | 5.4s
2026-07-28 23:52:24 | Ep 39/50 | Loss 0.1511 Acc 93.88% | Val 0.0916 Acc 95.45% | 5.3s
2026-07-28 23:52:24 |   -> saved best
2026-07-28 23:52:30 | Ep 40/50 | Loss 0.1460 Acc 94.17% | Val 0.0911 Acc 95.97% | 5.4s
2026-07-28 23:52:30 |   -> saved best
2026-07-28 23:52:35 | Ep 41/50 | Loss 0.1421 Acc 94.50% | Val 0.0997 Acc 94.94% | 5.3s
2026-07-28 23:52:40 | Ep 42/50 | Loss 0.1504 Acc 94.14% | Val 0.0964 Acc 94.55% | 5.3s
2026-07-28 23:52:46 | Ep 43/50 | Loss 0.1443 Acc 93.68% | Val 0.1043 Acc 94.29% | 5.3s
2026-07-28 23:52:51 | Ep 44/50 | Loss 0.1380 Acc 94.43% | Val 0.0977 Acc 94.68% | 5.3s
2026-07-28 23:52:57 | Ep 45/50 | Loss 0.1391 Acc 94.69% | Val 0.0934 Acc 94.94% | 5.4s
2026-07-28 23:53:02 | Ep 46/50 | Loss 0.1401 Acc 94.73% | Val 0.0927 Acc 95.45% | 5.4s
2026-07-28 23:53:08 | Ep 47/50 | Loss 0.1375 Acc 94.37% | Val 0.0895 Acc 94.81% | 5.4s
2026-07-28 23:53:08 |   -> saved best
2026-07-28 23:53:13 | Ep 48/50 | Loss 0.1391 Acc 94.27% | Val 0.0843 Acc 95.45% | 5.4s
2026-07-28 23:53:13 |   -> saved best
2026-07-28 23:53:19 | Ep 49/50 | Loss 0.1272 Acc 95.12% | Val 0.0796 Acc 95.45% | 5.4s
2026-07-28 23:53:19 |   -> saved best
2026-07-28 23:53:24 | Ep 50/50 | Loss 0.1265 Acc 95.12% | Val 0.0955 Acc 94.16% | 5.4s
2026-07-28 23:53:24 | Done in 4.86 min
2026-07-28 23:53:27 | 
================================================================================
2026-07-28 23:53:27 | TRAIN (FROM SCRATCH): MobileNetV2 | Fold 4/5 | batch=256 | lr=1.00e-04 | classes=4
2026-07-28 23:53:27 | ================================================================================
2026-07-28 23:53:27 |   [INFO] MobileNetV2 initialized FROM SCRATCH (no pretrained weights)
2026-07-28 23:53:47 | Ep 01/50 | Loss 1.2556 Acc 44.34% | Val 1.2849 Acc 30.13% | 20.5s
2026-07-28 23:53:47 |   -> saved best
2026-07-28 23:53:53 | Ep 02/50 | Loss 1.0548 Acc 54.23% | Val 1.3846 Acc 30.13% | 5.3s
2026-07-28 23:53:58 | Ep 03/50 | Loss 0.7739 Acc 70.57% | Val 1.4931 Acc 30.13% | 5.3s
2026-07-28 23:54:03 | Ep 04/50 | Loss 0.5465 Acc 79.17% | Val 1.7011 Acc 30.13% | 5.4s
2026-07-28 23:54:09 | Ep 05/50 | Loss 0.4547 Acc 81.48% | Val 2.2507 Acc 30.13% | 5.3s
2026-07-28 23:54:14 | Ep 06/50 | Loss 0.4071 Acc 83.04% | Val 2.4699 Acc 30.13% | 5.3s
2026-07-28 23:54:20 | Ep 07/50 | Loss 0.3654 Acc 84.21% | Val 0.6480 Acc 69.61% | 5.3s
2026-07-28 23:54:20 |   -> saved best
2026-07-28 23:54:25 | Ep 08/50 | Loss 0.3388 Acc 84.67% | Val 0.2895 Acc 83.51% | 5.4s
2026-07-28 23:54:25 |   -> saved best
2026-07-28 23:54:31 | Ep 09/50 | Loss 0.3282 Acc 86.20% | Val 0.2185 Acc 86.62% | 5.6s
2026-07-28 23:54:31 |   -> saved best
2026-07-28 23:54:36 | Ep 10/50 | Loss 0.3124 Acc 86.10% | Val 0.2187 Acc 86.10% | 5.5s
2026-07-28 23:54:42 | Ep 11/50 | Loss 0.3061 Acc 86.78% | Val 0.1827 Acc 88.83% | 5.4s
2026-07-28 23:54:42 |   -> saved best
2026-07-28 23:54:47 | Ep 12/50 | Loss 0.2855 Acc 87.24% | Val 0.1888 Acc 88.05% | 5.4s
2026-07-28 23:54:53 | Ep 13/50 | Loss 0.2725 Acc 87.37% | Val 0.1727 Acc 90.26% | 5.6s
2026-07-28 23:54:53 |   -> saved best
2026-07-28 23:54:59 | Ep 14/50 | Loss 0.2655 Acc 88.02% | Val 0.1864 Acc 88.96% | 5.6s
2026-07-28 23:55:04 | Ep 15/50 | Loss 0.2636 Acc 88.54% | Val 0.1743 Acc 88.31% | 5.5s
2026-07-28 23:55:10 | Ep 16/50 | Loss 0.2641 Acc 89.00% | Val 0.1550 Acc 91.04% | 5.4s
2026-07-28 23:55:10 |   -> saved best
2026-07-28 23:55:15 | Ep 17/50 | Loss 0.2474 Acc 88.96% | Val 0.1548 Acc 90.65% | 5.6s
2026-07-28 23:55:15 |   -> saved best
2026-07-28 23:55:21 | Ep 18/50 | Loss 0.2449 Acc 89.45% | Val 0.1518 Acc 91.17% | 5.7s
2026-07-28 23:55:21 |   -> saved best
2026-07-28 23:55:27 | Ep 19/50 | Loss 0.2523 Acc 88.77% | Val 0.1789 Acc 88.31% | 5.5s
2026-07-28 23:55:32 | Ep 20/50 | Loss 0.2332 Acc 90.27% | Val 0.1476 Acc 92.34% | 5.5s
2026-07-28 23:55:32 |   -> saved best
2026-07-28 23:55:38 | Ep 21/50 | Loss 0.2461 Acc 89.13% | Val 0.1492 Acc 90.91% | 5.7s
2026-07-28 23:55:44 | Ep 22/50 | Loss 0.2309 Acc 89.39% | Val 0.1322 Acc 92.99% | 5.5s
2026-07-28 23:55:44 |   -> saved best
2026-07-28 23:55:49 | Ep 23/50 | Loss 0.2259 Acc 89.62% | Val 0.1356 Acc 93.12% | 5.6s
2026-07-28 23:55:55 | Ep 24/50 | Loss 0.2209 Acc 90.30% | Val 0.1379 Acc 91.30% | 5.8s
2026-07-28 23:56:01 | Ep 25/50 | Loss 0.2123 Acc 90.49% | Val 0.1293 Acc 93.51% | 5.5s
2026-07-28 23:56:01 |   -> saved best
2026-07-28 23:56:07 | Ep 26/50 | Loss 0.2140 Acc 90.43% | Val 0.1171 Acc 93.77% | 5.7s
2026-07-28 23:56:07 |   -> saved best
2026-07-28 23:56:12 | Ep 27/50 | Loss 0.2134 Acc 90.46% | Val 0.1194 Acc 93.38% | 5.6s
2026-07-28 23:56:18 | Ep 28/50 | Loss 0.1960 Acc 91.44% | Val 0.1196 Acc 93.38% | 5.7s
2026-07-28 23:56:24 | Ep 29/50 | Loss 0.1946 Acc 91.70% | Val 0.1164 Acc 93.64% | 5.5s
2026-07-28 23:56:24 |   -> saved best
2026-07-28 23:56:29 | Ep 30/50 | Loss 0.1899 Acc 91.57% | Val 0.1099 Acc 94.68% | 5.6s
2026-07-28 23:56:29 |   -> saved best
2026-07-28 23:56:35 | Ep 31/50 | Loss 0.1841 Acc 92.38% | Val 0.1063 Acc 94.81% | 5.4s
2026-07-28 23:56:35 |   -> saved best
2026-07-28 23:56:40 | Ep 32/50 | Loss 0.1949 Acc 91.63% | Val 0.1271 Acc 92.60% | 5.4s
2026-07-28 23:56:46 | Ep 33/50 | Loss 0.1831 Acc 91.76% | Val 0.1016 Acc 95.06% | 5.6s
2026-07-28 23:56:46 |   -> saved best
2026-07-28 23:56:52 | Ep 34/50 | Loss 0.1792 Acc 92.48% | Val 0.1078 Acc 94.03% | 5.4s
2026-07-28 23:56:57 | Ep 35/50 | Loss 0.1683 Acc 92.51% | Val 0.1128 Acc 92.99% | 5.4s
2026-07-28 23:57:03 | Ep 36/50 | Loss 0.1622 Acc 93.26% | Val 0.1025 Acc 94.29% | 5.4s
2026-07-28 23:57:08 | Ep 37/50 | Loss 0.1806 Acc 92.29% | Val 0.1010 Acc 94.16% | 5.6s
2026-07-28 23:57:08 |   -> saved best
2026-07-28 23:57:14 | Ep 38/50 | Loss 0.1642 Acc 93.52% | Val 0.0943 Acc 94.81% | 5.6s
2026-07-28 23:57:14 |   -> saved best
2026-07-28 23:57:20 | Ep 39/50 | Loss 0.1652 Acc 93.03% | Val 0.0984 Acc 95.32% | 5.8s
2026-07-28 23:57:25 | Ep 40/50 | Loss 0.1642 Acc 93.42% | Val 0.0878 Acc 95.71% | 5.6s
2026-07-28 23:57:26 |   -> saved best
2026-07-28 23:57:31 | Ep 41/50 | Loss 0.1581 Acc 93.16% | Val 0.1095 Acc 94.68% | 5.5s
2026-07-28 23:57:37 | Ep 42/50 | Loss 0.1468 Acc 94.30% | Val 0.0998 Acc 93.77% | 5.7s
2026-07-28 23:57:43 | Ep 43/50 | Loss 0.1410 Acc 93.75% | Val 0.0807 Acc 96.49% | 5.7s
2026-07-28 23:57:43 |   -> saved best
2026-07-28 23:57:48 | Ep 44/50 | Loss 0.1328 Acc 94.76% | Val 0.0869 Acc 96.10% | 5.7s
2026-07-28 23:57:54 | Ep 45/50 | Loss 0.1401 Acc 94.37% | Val 0.1082 Acc 93.77% | 5.6s
2026-07-28 23:58:00 | Ep 46/50 | Loss 0.1436 Acc 94.01% | Val 0.0824 Acc 95.84% | 5.4s
2026-07-28 23:58:05 | Ep 47/50 | Loss 0.1371 Acc 94.17% | Val 0.0846 Acc 96.23% | 5.5s
2026-07-28 23:58:11 | Ep 48/50 | Loss 0.1250 Acc 95.15% | Val 0.0823 Acc 95.32% | 5.4s
2026-07-28 23:58:16 | Ep 49/50 | Loss 0.1276 Acc 95.18% | Val 0.0833 Acc 96.36% | 5.4s
2026-07-28 23:58:22 | Ep 50/50 | Loss 0.1204 Acc 95.08% | Val 0.0709 Acc 96.88% | 5.5s
2026-07-28 23:58:22 |   -> saved best
2026-07-28 23:58:22 | Done in 4.92 min
2026-07-28 23:58:24 | 
================================================================================
2026-07-28 23:58:24 | TRAIN (FROM SCRATCH): MobileNetV2 | Fold 5/5 | batch=256 | lr=1.00e-04 | classes=4
2026-07-28 23:58:24 | ================================================================================
2026-07-28 23:58:24 |   [INFO] MobileNetV2 initialized FROM SCRATCH (no pretrained weights)
2026-07-28 23:58:46 | Ep 01/50 | Loss 1.2903 Acc 41.60% | Val 1.2785 Acc 30.13% | 21.1s
2026-07-28 23:58:46 |   -> saved best
2026-07-28 23:58:51 | Ep 02/50 | Loss 1.1079 Acc 54.75% | Val 1.3358 Acc 30.13% | 5.8s
2026-07-28 23:58:57 | Ep 03/50 | Loss 0.7893 Acc 71.26% | Val 1.4290 Acc 25.58% | 5.7s
2026-07-28 23:59:03 | Ep 04/50 | Loss 0.5443 Acc 78.81% | Val 1.5008 Acc 30.13% | 5.6s
2026-07-28 23:59:09 | Ep 05/50 | Loss 0.4332 Acc 82.68% | Val 1.7274 Acc 30.13% | 5.8s
2026-07-28 23:59:15 | Ep 06/50 | Loss 0.3881 Acc 83.50% | Val 1.2022 Acc 43.64% | 5.8s
2026-07-28 23:59:15 |   -> saved best
2026-07-28 23:59:20 | Ep 07/50 | Loss 0.3580 Acc 84.44% | Val 0.3872 Acc 81.04% | 5.7s
2026-07-28 23:59:20 |   -> saved best
2026-07-28 23:59:26 | Ep 08/50 | Loss 0.3327 Acc 86.13% | Val 0.2658 Acc 84.68% | 5.8s
2026-07-28 23:59:26 |   -> saved best
2026-07-28 23:59:32 | Ep 09/50 | Loss 0.3270 Acc 85.61% | Val 0.2158 Acc 87.53% | 5.6s
2026-07-28 23:59:32 |   -> saved best
2026-07-28 23:59:38 | Ep 10/50 | Loss 0.3120 Acc 86.39% | Val 0.2361 Acc 86.88% | 5.6s
2026-07-28 23:59:43 | Ep 11/50 | Loss 0.3070 Acc 86.39% | Val 0.2044 Acc 87.92% | 5.6s
2026-07-28 23:59:43 |   -> saved best
2026-07-28 23:59:49 | Ep 12/50 | Loss 0.2954 Acc 86.75% | Val 0.2181 Acc 87.14% | 5.6s
2026-07-28 23:59:55 | Ep 13/50 | Loss 0.2962 Acc 87.17% | Val 0.2186 Acc 87.40% | 5.5s
2026-07-29 00:00:00 | Ep 14/50 | Loss 0.2806 Acc 86.82% | Val 0.2154 Acc 87.92% | 5.6s
2026-07-29 00:00:06 | Ep 15/50 | Loss 0.2667 Acc 87.86% | Val 0.2008 Acc 88.96% | 5.5s
2026-07-29 00:00:06 |   -> saved best
2026-07-29 00:00:11 | Ep 16/50 | Loss 0.2623 Acc 88.22% | Val 0.2246 Acc 87.79% | 5.4s
2026-07-29 00:00:17 | Ep 17/50 | Loss 0.2618 Acc 88.38% | Val 0.2098 Acc 88.05% | 5.3s
2026-07-29 00:00:22 | Ep 18/50 | Loss 0.2551 Acc 88.93% | Val 0.2055 Acc 88.83% | 5.4s
2026-07-29 00:00:28 | Ep 19/50 | Loss 0.2440 Acc 89.19% | Val 0.2320 Acc 87.40% | 5.4s
2026-07-29 00:00:33 | Ep 20/50 | Loss 0.2372 Acc 89.58% | Val 0.2187 Acc 88.83% | 5.4s
2026-07-29 00:00:39 | Ep 21/50 | Loss 0.2256 Acc 89.91% | Val 0.2258 Acc 89.22% | 5.7s
2026-07-29 00:00:44 | Ep 22/50 | Loss 0.2214 Acc 90.27% | Val 0.1811 Acc 90.26% | 5.5s
2026-07-29 00:00:44 |   -> saved best
2026-07-29 00:00:50 | Ep 23/50 | Loss 0.2242 Acc 90.14% | Val 0.2003 Acc 89.74% | 5.4s
2026-07-29 00:00:56 | Ep 24/50 | Loss 0.2179 Acc 90.43% | Val 0.1784 Acc 90.13% | 5.6s
2026-07-29 00:00:56 |   -> saved best
2026-07-29 00:01:01 | Ep 25/50 | Loss 0.2086 Acc 91.15% | Val 0.1873 Acc 90.52% | 5.5s
2026-07-29 00:01:07 | Ep 26/50 | Loss 0.2169 Acc 90.46% | Val 0.2010 Acc 90.00% | 5.4s
2026-07-29 00:01:12 | Ep 27/50 | Loss 0.2108 Acc 90.40% | Val 0.1847 Acc 90.78% | 5.5s
2026-07-29 00:01:18 | Ep 28/50 | Loss 0.1942 Acc 91.80% | Val 0.1697 Acc 91.30% | 5.5s
2026-07-29 00:01:18 |   -> saved best
2026-07-29 00:01:23 | Ep 29/50 | Loss 0.1878 Acc 91.67% | Val 0.1664 Acc 90.91% | 5.7s
2026-07-29 00:01:23 |   -> saved best
2026-07-29 00:01:29 | Ep 30/50 | Loss 0.1862 Acc 91.60% | Val 0.1639 Acc 91.82% | 5.5s
2026-07-29 00:01:29 |   -> saved best
2026-07-29 00:01:35 | Ep 31/50 | Loss 0.1855 Acc 92.12% | Val 0.1722 Acc 90.52% | 5.4s
2026-07-29 00:01:40 | Ep 32/50 | Loss 0.1793 Acc 92.15% | Val 0.1540 Acc 91.95% | 5.5s
2026-07-29 00:01:40 |   -> saved best
2026-07-29 00:01:46 | Ep 33/50 | Loss 0.1849 Acc 92.25% | Val 0.1492 Acc 91.56% | 5.6s
2026-07-29 00:01:46 |   -> saved best
2026-07-29 00:01:51 | Ep 34/50 | Loss 0.1758 Acc 91.73% | Val 0.1576 Acc 90.78% | 5.6s
2026-07-29 00:01:57 | Ep 35/50 | Loss 0.1824 Acc 92.02% | Val 0.1484 Acc 92.34% | 5.6s
2026-07-29 00:01:57 |   -> saved best
2026-07-29 00:02:03 | Ep 36/50 | Loss 0.1660 Acc 92.68% | Val 0.1362 Acc 92.34% | 5.5s
2026-07-29 00:02:03 |   -> saved best
2026-07-29 00:02:08 | Ep 37/50 | Loss 0.1553 Acc 93.36% | Val 0.1311 Acc 92.21% | 5.5s
2026-07-29 00:02:08 |   -> saved best
2026-07-29 00:02:14 | Ep 38/50 | Loss 0.1641 Acc 92.84% | Val 0.1540 Acc 91.95% | 5.7s
2026-07-29 00:02:20 | Ep 39/50 | Loss 0.1685 Acc 92.81% | Val 0.1260 Acc 93.77% | 5.5s
2026-07-29 00:02:20 |   -> saved best
2026-07-29 00:02:25 | Ep 40/50 | Loss 0.1556 Acc 93.72% | Val 0.1262 Acc 92.73% | 5.8s
2026-07-29 00:02:31 | Ep 41/50 | Loss 0.1405 Acc 93.78% | Val 0.1336 Acc 92.34% | 5.4s
2026-07-29 00:02:36 | Ep 42/50 | Loss 0.1409 Acc 94.17% | Val 0.1253 Acc 93.51% | 5.4s
2026-07-29 00:02:36 |   -> saved best
2026-07-29 00:02:42 | Ep 43/50 | Loss 0.1411 Acc 94.17% | Val 0.1159 Acc 93.64% | 5.6s
2026-07-29 00:02:42 |   -> saved best
2026-07-29 00:02:48 | Ep 44/50 | Loss 0.1383 Acc 94.37% | Val 0.1071 Acc 94.81% | 5.5s
2026-07-29 00:02:48 |   -> saved best
2026-07-29 00:02:53 | Ep 45/50 | Loss 0.1329 Acc 94.40% | Val 0.1288 Acc 92.99% | 5.1s
2026-07-29 00:02:58 | Ep 46/50 | Loss 0.1386 Acc 94.24% | Val 0.1151 Acc 94.16% | 5.3s
2026-07-29 00:03:03 | Ep 47/50 | Loss 0.1277 Acc 94.73% | Val 0.1074 Acc 94.81% | 5.1s
2026-07-29 00:03:09 | Ep 48/50 | Loss 0.1293 Acc 94.76% | Val 0.1158 Acc 94.16% | 5.1s
2026-07-29 00:03:14 | Ep 49/50 | Loss 0.1052 Acc 95.80% | Val 0.1038 Acc 95.06% | 5.3s
2026-07-29 00:03:14 |   -> saved best
2026-07-29 00:03:19 | Ep 50/50 | Loss 0.1114 Acc 95.48% | Val 0.0987 Acc 95.19% | 5.1s
2026-07-29 00:03:19 |   -> saved best
2026-07-29 00:03:19 | Done in 4.91 min
2026-07-29 00:03:22 | 
================================================================================
2026-07-29 00:03:22 | TRAIN (FROM SCRATCH): EfficientNet-B0 | Fold 1/5 | batch=256 | lr=1.00e-04 | classes=4
2026-07-29 00:03:22 | ================================================================================
2026-07-29 00:03:22 |   [INFO] EfficientNet-B0 initialized FROM SCRATCH (no pretrained weights)
2026-07-29 00:03:58 | Ep 01/50 | Loss 1.3216 Acc 37.14% | Val 1.3618 Acc 25.55% | 36.2s
2026-07-29 00:03:58 |   -> saved best
2026-07-29 00:04:04 | Ep 02/50 | Loss 1.2107 Acc 47.79% | Val 1.3433 Acc 25.55% | 5.6s
2026-07-29 00:04:04 |   -> saved best
2026-07-29 00:04:09 | Ep 03/50 | Loss 0.9648 Acc 61.30% | Val 1.3427 Acc 25.55% | 5.5s
2026-07-29 00:04:09 |   -> saved best
2026-07-29 00:04:15 | Ep 04/50 | Loss 0.7007 Acc 73.24% | Val 1.3863 Acc 25.55% | 5.3s
2026-07-29 00:04:20 | Ep 05/50 | Loss 0.5206 Acc 79.65% | Val 1.4641 Acc 25.68% | 5.3s
2026-07-29 00:04:26 | Ep 06/50 | Loss 0.4349 Acc 81.74% | Val 0.7288 Acc 73.54% | 5.3s
2026-07-29 00:04:26 |   -> saved best
2026-07-29 00:04:31 | Ep 07/50 | Loss 0.3742 Acc 84.77% | Val 0.3806 Acc 84.31% | 5.3s
2026-07-29 00:04:31 |   -> saved best
2026-07-29 00:04:37 | Ep 08/50 | Loss 0.3444 Acc 85.38% | Val 0.2841 Acc 85.21% | 5.3s
2026-07-29 00:04:37 |   -> saved best
2026-07-29 00:04:42 | Ep 09/50 | Loss 0.3273 Acc 85.22% | Val 0.2262 Acc 85.21% | 5.4s
2026-07-29 00:04:42 |   -> saved best
2026-07-29 00:04:48 | Ep 10/50 | Loss 0.3043 Acc 86.98% | Val 0.2289 Acc 87.68% | 5.3s
2026-07-29 00:04:53 | Ep 11/50 | Loss 0.2695 Acc 88.18% | Val 0.2136 Acc 86.77% | 5.5s
2026-07-29 00:04:53 |   -> saved best
2026-07-29 00:04:59 | Ep 12/50 | Loss 0.2646 Acc 88.02% | Val 0.1745 Acc 89.62% | 5.3s
2026-07-29 00:04:59 |   -> saved best
2026-07-29 00:05:04 | Ep 13/50 | Loss 0.2487 Acc 89.16% | Val 0.1765 Acc 89.62% | 5.3s
2026-07-29 00:05:10 | Ep 14/50 | Loss 0.2331 Acc 90.01% | Val 0.1881 Acc 89.88% | 5.4s
2026-07-29 00:05:15 | Ep 15/50 | Loss 0.2190 Acc 90.72% | Val 0.1777 Acc 89.75% | 5.4s
2026-07-29 00:05:20 | Ep 16/50 | Loss 0.2148 Acc 91.05% | Val 0.1819 Acc 90.14% | 5.3s
2026-07-29 00:05:26 | Ep 17/50 | Loss 0.1805 Acc 92.74% | Val 0.1469 Acc 92.48% | 5.4s
2026-07-29 00:05:26 |   -> saved best
2026-07-29 00:05:31 | Ep 18/50 | Loss 0.1726 Acc 92.97% | Val 0.1624 Acc 92.09% | 5.4s
2026-07-29 00:05:37 | Ep 19/50 | Loss 0.1539 Acc 94.04% | Val 0.1087 Acc 94.42% | 5.3s
2026-07-29 00:05:37 |   -> saved best
2026-07-29 00:05:42 | Ep 20/50 | Loss 0.1614 Acc 94.17% | Val 0.1415 Acc 92.61% | 5.5s
2026-07-29 00:05:48 | Ep 21/50 | Loss 0.1563 Acc 93.91% | Val 0.1068 Acc 94.94% | 5.3s
2026-07-29 00:05:48 |   -> saved best
2026-07-29 00:05:53 | Ep 22/50 | Loss 0.1327 Acc 94.66% | Val 0.1118 Acc 94.42% | 5.5s
2026-07-29 00:05:59 | Ep 23/50 | Loss 0.1298 Acc 95.41% | Val 0.0774 Acc 96.50% | 5.3s
2026-07-29 00:05:59 |   -> saved best
2026-07-29 00:06:04 | Ep 24/50 | Loss 0.1284 Acc 95.41% | Val 0.0988 Acc 94.68% | 5.3s
2026-07-29 00:06:10 | Ep 25/50 | Loss 0.1235 Acc 95.61% | Val 0.0813 Acc 95.98% | 5.4s
2026-07-29 00:06:15 | Ep 26/50 | Loss 0.1194 Acc 95.87% | Val 0.1107 Acc 94.55% | 5.4s
2026-07-29 00:06:21 | Ep 27/50 | Loss 0.1127 Acc 95.93% | Val 0.1138 Acc 94.68% | 5.4s
2026-07-29 00:06:26 | Ep 28/50 | Loss 0.1126 Acc 95.90% | Val 0.0678 Acc 97.02% | 5.7s
2026-07-29 00:06:27 |   -> saved best
2026-07-29 00:06:32 | Ep 29/50 | Loss 0.1122 Acc 95.54% | Val 0.0838 Acc 95.98% | 5.4s
2026-07-29 00:06:37 | Ep 30/50 | Loss 0.1072 Acc 95.80% | Val 0.0982 Acc 95.07% | 5.4s
2026-07-29 00:06:43 | Ep 31/50 | Loss 0.1009 Acc 96.32% | Val 0.1225 Acc 94.16% | 5.3s
2026-07-29 00:06:48 | Ep 32/50 | Loss 0.1087 Acc 95.87% | Val 0.0841 Acc 95.85% | 5.4s
2026-07-29 00:06:54 | Ep 33/50 | Loss 0.1020 Acc 96.22% | Val 0.0849 Acc 95.98% | 5.3s
2026-07-29 00:06:59 | Ep 34/50 | Loss 0.0970 Acc 96.61% | Val 0.0789 Acc 95.59% | 5.4s
2026-07-29 00:07:05 | Ep 35/50 | Loss 0.0973 Acc 96.16% | Val 0.0671 Acc 96.63% | 5.4s
2026-07-29 00:07:05 |   -> saved best
2026-07-29 00:07:10 | Ep 36/50 | Loss 0.0965 Acc 96.48% | Val 0.0625 Acc 97.41% | 5.3s
2026-07-29 00:07:10 |   -> saved best
2026-07-29 00:07:16 | Ep 37/50 | Loss 0.0996 Acc 96.26% | Val 0.0715 Acc 96.24% | 5.3s
2026-07-29 00:07:21 | Ep 38/50 | Loss 0.0920 Acc 96.88% | Val 0.0779 Acc 95.85% | 5.4s
2026-07-29 00:07:27 | Ep 39/50 | Loss 0.0887 Acc 96.88% | Val 0.0587 Acc 97.67% | 5.9s
2026-07-29 00:07:27 |   -> saved best
2026-07-29 00:07:33 | Ep 40/50 | Loss 0.0952 Acc 96.58% | Val 0.0877 Acc 95.72% | 5.9s
2026-07-29 00:07:39 | Ep 41/50 | Loss 0.0888 Acc 97.04% | Val 0.0671 Acc 96.76% | 5.9s
2026-07-29 00:07:45 | Ep 42/50 | Loss 0.0868 Acc 96.84% | Val 0.0694 Acc 96.24% | 5.8s
2026-07-29 00:07:51 | Ep 43/50 | Loss 0.0838 Acc 97.07% | Val 0.0837 Acc 95.20% | 5.8s
2026-07-29 00:07:57 | Ep 44/50 | Loss 0.0770 Acc 97.30% | Val 0.0575 Acc 97.15% | 5.8s
2026-07-29 00:07:57 |   -> saved best
2026-07-29 00:08:03 | Ep 45/50 | Loss 0.0761 Acc 97.14% | Val 0.0547 Acc 97.28% | 5.7s
2026-07-29 00:08:03 |   -> saved best
2026-07-29 00:08:09 | Ep 46/50 | Loss 0.0791 Acc 97.27% | Val 0.1201 Acc 94.42% | 5.8s
2026-07-29 00:08:15 | Ep 47/50 | Loss 0.0770 Acc 96.84% | Val 0.0565 Acc 97.67% | 5.9s
2026-07-29 00:08:20 | Ep 48/50 | Loss 0.0827 Acc 97.20% | Val 0.0634 Acc 96.63% | 5.9s
2026-07-29 00:08:26 | Ep 49/50 | Loss 0.0774 Acc 97.20% | Val 0.0738 Acc 95.59% | 5.9s
2026-07-29 00:08:32 | Ep 50/50 | Loss 0.0715 Acc 97.23% | Val 0.0533 Acc 97.80% | 5.8s
2026-07-29 00:08:32 |   -> saved best
2026-07-29 00:08:32 | Done in 5.18 min
2026-07-29 00:08:35 | 
================================================================================
2026-07-29 00:08:35 | TRAIN (FROM SCRATCH): EfficientNet-B0 | Fold 2/5 | batch=256 | lr=1.00e-04 | classes=4
2026-07-29 00:08:35 | ================================================================================
2026-07-29 00:08:35 |   [INFO] EfficientNet-B0 initialized FROM SCRATCH (no pretrained weights)
2026-07-29 00:08:57 | Ep 01/50 | Loss 1.3089 Acc 38.61% | Val 1.3982 Acc 25.55% | 22.1s
2026-07-29 00:08:58 |   -> saved best
2026-07-29 00:09:04 | Ep 02/50 | Loss 1.1548 Acc 49.74% | Val 1.3789 Acc 25.55% | 6.1s
2026-07-29 00:09:04 |   -> saved best
2026-07-29 00:09:10 | Ep 03/50 | Loss 0.8416 Acc 67.45% | Val 1.3919 Acc 25.55% | 6.2s
2026-07-29 00:09:16 | Ep 04/50 | Loss 0.6503 Acc 73.37% | Val 1.5140 Acc 25.55% | 6.3s
2026-07-29 00:09:23 | Ep 05/50 | Loss 0.5144 Acc 78.84% | Val 1.6394 Acc 25.55% | 6.3s
2026-07-29 00:09:29 | Ep 06/50 | Loss 0.4339 Acc 82.19% | Val 0.8999 Acc 55.51% | 6.1s
2026-07-29 00:09:29 |   -> saved best
2026-07-29 00:09:35 | Ep 07/50 | Loss 0.3749 Acc 83.72% | Val 0.2893 Acc 83.01% | 6.0s
2026-07-29 00:09:35 |   -> saved best
2026-07-29 00:09:41 | Ep 08/50 | Loss 0.3358 Acc 84.96% | Val 0.2574 Acc 83.66% | 5.8s
2026-07-29 00:09:41 |   -> saved best
2026-07-29 00:09:47 | Ep 09/50 | Loss 0.3187 Acc 86.17% | Val 0.2292 Acc 85.60% | 5.6s
2026-07-29 00:09:47 |   -> saved best
2026-07-29 00:09:53 | Ep 10/50 | Loss 0.3169 Acc 85.64% | Val 0.2039 Acc 87.68% | 5.6s
2026-07-29 00:09:53 |   -> saved best
2026-07-29 00:09:58 | Ep 11/50 | Loss 0.2945 Acc 86.30% | Val 0.2117 Acc 85.86% | 5.7s
2026-07-29 00:10:04 | Ep 12/50 | Loss 0.2859 Acc 87.11% | Val 0.2092 Acc 85.73% | 5.7s
2026-07-29 00:10:10 | Ep 13/50 | Loss 0.2942 Acc 86.69% | Val 0.1993 Acc 86.25% | 5.3s
2026-07-29 00:10:10 |   -> saved best
2026-07-29 00:10:15 | Ep 14/50 | Loss 0.2765 Acc 87.34% | Val 0.2000 Acc 87.68% | 5.4s
2026-07-29 00:10:21 | Ep 15/50 | Loss 0.2711 Acc 87.79% | Val 0.2108 Acc 87.16% | 5.4s
2026-07-29 00:10:26 | Ep 16/50 | Loss 0.2636 Acc 88.12% | Val 0.1931 Acc 88.85% | 5.4s
2026-07-29 00:10:26 |   -> saved best
2026-07-29 00:10:32 | Ep 17/50 | Loss 0.2639 Acc 89.00% | Val 0.1712 Acc 89.23% | 5.4s
2026-07-29 00:10:32 |   -> saved best
2026-07-29 00:10:37 | Ep 18/50 | Loss 0.2470 Acc 88.87% | Val 0.1878 Acc 88.20% | 5.5s
2026-07-29 00:10:43 | Ep 19/50 | Loss 0.2464 Acc 89.23% | Val 0.1725 Acc 88.59% | 5.4s
2026-07-29 00:10:48 | Ep 20/50 | Loss 0.2204 Acc 90.76% | Val 0.1991 Acc 89.49% | 5.4s
2026-07-29 00:10:54 | Ep 21/50 | Loss 0.2052 Acc 91.63% | Val 0.1435 Acc 90.79% | 5.4s
2026-07-29 00:10:54 |   -> saved best
2026-07-29 00:10:59 | Ep 22/50 | Loss 0.1826 Acc 92.64% | Val 0.1367 Acc 92.35% | 5.4s
2026-07-29 00:11:00 |   -> saved best
2026-07-29 00:11:05 | Ep 23/50 | Loss 0.1815 Acc 92.51% | Val 0.1122 Acc 94.42% | 5.4s
2026-07-29 00:11:05 |   -> saved best
2026-07-29 00:11:11 | Ep 24/50 | Loss 0.1850 Acc 92.12% | Val 0.1965 Acc 89.36% | 5.6s
2026-07-29 00:11:16 | Ep 25/50 | Loss 0.1669 Acc 93.03% | Val 0.1037 Acc 94.42% | 5.4s
2026-07-29 00:11:16 |   -> saved best
2026-07-29 00:11:22 | Ep 26/50 | Loss 0.1578 Acc 93.52% | Val 0.1100 Acc 94.29% | 5.4s
2026-07-29 00:11:27 | Ep 27/50 | Loss 0.1619 Acc 93.07% | Val 0.1014 Acc 94.81% | 5.6s
2026-07-29 00:11:28 |   -> saved best
2026-07-29 00:11:33 | Ep 28/50 | Loss 0.1420 Acc 94.56% | Val 0.0968 Acc 94.81% | 5.5s
2026-07-29 00:11:33 |   -> saved best
2026-07-29 00:11:39 | Ep 29/50 | Loss 0.1461 Acc 94.08% | Val 0.1064 Acc 94.55% | 5.4s
2026-07-29 00:11:44 | Ep 30/50 | Loss 0.1433 Acc 94.27% | Val 0.0949 Acc 94.68% | 5.4s
2026-07-29 00:11:44 |   -> saved best
2026-07-29 00:11:50 | Ep 31/50 | Loss 0.1370 Acc 94.69% | Val 0.0987 Acc 94.68% | 5.4s
2026-07-29 00:11:55 | Ep 32/50 | Loss 0.1308 Acc 94.50% | Val 0.0898 Acc 95.33% | 5.4s
2026-07-29 00:11:55 |   -> saved best
2026-07-29 00:12:01 | Ep 33/50 | Loss 0.1356 Acc 94.92% | Val 0.1079 Acc 93.77% | 5.4s
2026-07-29 00:12:06 | Ep 34/50 | Loss 0.1252 Acc 94.86% | Val 0.0851 Acc 95.59% | 5.4s
2026-07-29 00:12:06 |   -> saved best
2026-07-29 00:12:12 | Ep 35/50 | Loss 0.1256 Acc 94.92% | Val 0.0842 Acc 95.85% | 5.4s
2026-07-29 00:12:12 |   -> saved best
2026-07-29 00:12:17 | Ep 36/50 | Loss 0.1183 Acc 95.48% | Val 0.0886 Acc 95.59% | 5.4s
2026-07-29 00:12:23 | Ep 37/50 | Loss 0.1220 Acc 95.57% | Val 0.0827 Acc 96.24% | 5.4s
2026-07-29 00:12:23 |   -> saved best
2026-07-29 00:12:28 | Ep 38/50 | Loss 0.1087 Acc 95.90% | Val 0.0958 Acc 95.72% | 5.4s
2026-07-29 00:12:34 | Ep 39/50 | Loss 0.1164 Acc 95.57% | Val 0.0776 Acc 96.63% | 5.4s
2026-07-29 00:12:34 |   -> saved best
2026-07-29 00:12:39 | Ep 40/50 | Loss 0.1124 Acc 95.51% | Val 0.0892 Acc 95.59% | 5.4s
2026-07-29 00:12:45 | Ep 41/50 | Loss 0.1158 Acc 95.54% | Val 0.0878 Acc 95.72% | 5.6s
2026-07-29 00:12:51 | Ep 42/50 | Loss 0.1193 Acc 95.70% | Val 0.0895 Acc 95.33% | 5.4s
2026-07-29 00:12:56 | Ep 43/50 | Loss 0.1105 Acc 95.15% | Val 0.0978 Acc 94.42% | 5.4s
2026-07-29 00:13:02 | Ep 44/50 | Loss 0.1037 Acc 96.00% | Val 0.0746 Acc 96.37% | 5.4s
2026-07-29 00:13:02 |   -> saved best
2026-07-29 00:13:07 | Ep 45/50 | Loss 0.0972 Acc 96.03% | Val 0.0729 Acc 95.98% | 5.4s
2026-07-29 00:13:07 |   -> saved best
2026-07-29 00:13:13 | Ep 46/50 | Loss 0.1012 Acc 96.22% | Val 0.0758 Acc 95.85% | 5.3s
2026-07-29 00:13:18 | Ep 47/50 | Loss 0.1071 Acc 95.48% | Val 0.0714 Acc 95.98% | 5.4s
2026-07-29 00:13:18 |   -> saved best
2026-07-29 00:13:24 | Ep 48/50 | Loss 0.1115 Acc 95.70% | Val 0.0736 Acc 96.50% | 5.5s
2026-07-29 00:13:29 | Ep 49/50 | Loss 0.0911 Acc 96.81% | Val 0.0700 Acc 96.63% | 5.5s
2026-07-29 00:13:29 |   -> saved best
2026-07-29 00:13:35 | Ep 50/50 | Loss 0.1033 Acc 96.19% | Val 0.0736 Acc 96.76% | 5.3s
2026-07-29 00:13:35 | Done in 4.99 min
2026-07-29 00:13:37 | 
================================================================================
2026-07-29 00:13:37 | TRAIN (FROM SCRATCH): EfficientNet-B0 | Fold 3/5 | batch=256 | lr=1.00e-04 | classes=4
2026-07-29 00:13:37 | ================================================================================
2026-07-29 00:13:37 |   [INFO] EfficientNet-B0 initialized FROM SCRATCH (no pretrained weights)
2026-07-29 00:14:06 | Ep 01/50 | Loss 1.3437 Acc 35.16% | Val 1.3998 Acc 25.58% | 28.4s
2026-07-29 00:14:06 |   -> saved best
2026-07-29 00:14:11 | Ep 02/50 | Loss 1.1768 Acc 46.06% | Val 1.4015 Acc 25.58% | 5.4s
2026-07-29 00:14:17 | Ep 03/50 | Loss 0.9606 Acc 58.72% | Val 1.3859 Acc 25.58% | 5.4s
2026-07-29 00:14:17 |   -> saved best
2026-07-29 00:14:22 | Ep 04/50 | Loss 0.7729 Acc 68.95% | Val 1.4356 Acc 25.58% | 5.3s
2026-07-29 00:14:28 | Ep 05/50 | Loss 0.5892 Acc 76.14% | Val 1.5052 Acc 25.58% | 5.4s
2026-07-29 00:14:33 | Ep 06/50 | Loss 0.4582 Acc 81.41% | Val 0.8051 Acc 66.75% | 5.4s
2026-07-29 00:14:33 |   -> saved best
2026-07-29 00:14:39 | Ep 07/50 | Loss 0.3922 Acc 83.53% | Val 0.3384 Acc 81.69% | 5.5s
2026-07-29 00:14:39 |   -> saved best
2026-07-29 00:14:44 | Ep 08/50 | Loss 0.3712 Acc 84.08% | Val 0.2601 Acc 83.90% | 5.3s
2026-07-29 00:14:44 |   -> saved best
2026-07-29 00:14:50 | Ep 09/50 | Loss 0.3377 Acc 85.64% | Val 0.3010 Acc 83.25% | 5.5s
2026-07-29 00:14:55 | Ep 10/50 | Loss 0.3218 Acc 86.26% | Val 0.2540 Acc 84.68% | 5.3s
2026-07-29 00:14:55 |   -> saved best
2026-07-29 00:15:01 | Ep 11/50 | Loss 0.3032 Acc 86.59% | Val 0.1945 Acc 87.92% | 5.4s
2026-07-29 00:15:01 |   -> saved best
2026-07-29 00:15:06 | Ep 12/50 | Loss 0.2885 Acc 88.09% | Val 0.1740 Acc 90.39% | 5.3s
2026-07-29 00:15:06 |   -> saved best
2026-07-29 00:15:12 | Ep 13/50 | Loss 0.2778 Acc 87.92% | Val 0.1803 Acc 88.18% | 5.3s
2026-07-29 00:15:17 | Ep 14/50 | Loss 0.2689 Acc 88.64% | Val 0.2055 Acc 87.40% | 5.4s
2026-07-29 00:15:23 | Ep 15/50 | Loss 0.2403 Acc 89.94% | Val 0.1660 Acc 90.65% | 5.5s
2026-07-29 00:15:23 |   -> saved best
2026-07-29 00:15:29 | Ep 16/50 | Loss 0.2130 Acc 91.54% | Val 0.1423 Acc 91.82% | 5.3s
2026-07-29 00:15:29 |   -> saved best
2026-07-29 00:15:34 | Ep 17/50 | Loss 0.2245 Acc 90.82% | Val 0.1304 Acc 91.95% | 5.4s
2026-07-29 00:15:34 |   -> saved best
2026-07-29 00:15:40 | Ep 18/50 | Loss 0.2108 Acc 91.05% | Val 0.1124 Acc 93.90% | 5.4s
2026-07-29 00:15:40 |   -> saved best
2026-07-29 00:15:45 | Ep 19/50 | Loss 0.1902 Acc 92.55% | Val 0.1072 Acc 94.55% | 5.4s
2026-07-29 00:15:45 |   -> saved best
2026-07-29 00:15:51 | Ep 20/50 | Loss 0.1908 Acc 92.51% | Val 0.1339 Acc 92.47% | 5.4s
2026-07-29 00:15:56 | Ep 21/50 | Loss 0.1890 Acc 92.71% | Val 0.0960 Acc 94.81% | 5.5s
2026-07-29 00:15:56 |   -> saved best
2026-07-29 00:16:02 | Ep 22/50 | Loss 0.1697 Acc 93.52% | Val 0.0929 Acc 94.55% | 5.3s
2026-07-29 00:16:02 |   -> saved best
2026-07-29 00:16:07 | Ep 23/50 | Loss 0.1729 Acc 93.78% | Val 0.0925 Acc 95.32% | 5.4s
2026-07-29 00:16:07 |   -> saved best
2026-07-29 00:16:13 | Ep 24/50 | Loss 0.1565 Acc 93.98% | Val 0.0895 Acc 95.58% | 5.4s
2026-07-29 00:16:13 |   -> saved best
2026-07-29 00:16:18 | Ep 25/50 | Loss 0.1488 Acc 94.27% | Val 0.1063 Acc 94.42% | 5.3s
2026-07-29 00:16:24 | Ep 26/50 | Loss 0.1517 Acc 94.14% | Val 0.0940 Acc 94.94% | 5.4s
2026-07-29 00:16:29 | Ep 27/50 | Loss 0.1442 Acc 94.60% | Val 0.0958 Acc 95.06% | 5.6s
2026-07-29 00:16:35 | Ep 28/50 | Loss 0.1387 Acc 94.56% | Val 0.1043 Acc 94.94% | 5.4s
2026-07-29 00:16:40 | Ep 29/50 | Loss 0.1332 Acc 94.69% | Val 0.0889 Acc 94.94% | 5.6s
2026-07-29 00:16:40 |   -> saved best
2026-07-29 00:16:46 | Ep 30/50 | Loss 0.1201 Acc 95.44% | Val 0.0888 Acc 95.45% | 5.3s
2026-07-29 00:16:46 |   -> saved best
2026-07-29 00:16:51 | Ep 31/50 | Loss 0.1197 Acc 95.51% | Val 0.0896 Acc 95.71% | 5.4s
2026-07-29 00:16:57 | Ep 32/50 | Loss 0.1305 Acc 94.99% | Val 0.0872 Acc 95.71% | 5.4s
2026-07-29 00:16:57 |   -> saved best
2026-07-29 00:17:02 | Ep 33/50 | Loss 0.1156 Acc 95.44% | Val 0.0744 Acc 96.10% | 5.4s
2026-07-29 00:17:03 |   -> saved best
2026-07-29 00:17:08 | Ep 34/50 | Loss 0.1175 Acc 95.48% | Val 0.0849 Acc 96.23% | 5.4s
2026-07-29 00:17:13 | Ep 35/50 | Loss 0.1223 Acc 95.28% | Val 0.0743 Acc 96.23% | 5.4s
2026-07-29 00:17:14 |   -> saved best
2026-07-29 00:17:19 | Ep 36/50 | Loss 0.1067 Acc 95.96% | Val 0.0755 Acc 96.36% | 5.5s
2026-07-29 00:17:25 | Ep 37/50 | Loss 0.1124 Acc 96.19% | Val 0.0777 Acc 95.84% | 5.5s
2026-07-29 00:17:30 | Ep 38/50 | Loss 0.1086 Acc 96.06% | Val 0.0889 Acc 95.58% | 5.4s
2026-07-29 00:17:36 | Ep 39/50 | Loss 0.1061 Acc 96.03% | Val 0.0587 Acc 97.01% | 5.4s
2026-07-29 00:17:36 |   -> saved best
2026-07-29 00:17:41 | Ep 40/50 | Loss 0.0980 Acc 96.16% | Val 0.0797 Acc 96.23% | 5.5s
2026-07-29 00:17:47 | Ep 41/50 | Loss 0.0991 Acc 96.45% | Val 0.0652 Acc 96.88% | 5.4s
2026-07-29 00:17:52 | Ep 42/50 | Loss 0.1008 Acc 95.93% | Val 0.0706 Acc 96.62% | 5.3s
2026-07-29 00:17:58 | Ep 43/50 | Loss 0.1073 Acc 95.74% | Val 0.0527 Acc 97.66% | 5.4s
2026-07-29 00:17:58 |   -> saved best
2026-07-29 00:18:03 | Ep 44/50 | Loss 0.1032 Acc 96.16% | Val 0.0822 Acc 95.45% | 5.5s
2026-07-29 00:18:09 | Ep 45/50 | Loss 0.0922 Acc 96.58% | Val 0.0689 Acc 96.62% | 5.5s
2026-07-29 00:18:15 | Ep 46/50 | Loss 0.0987 Acc 96.22% | Val 0.0479 Acc 97.40% | 5.5s
2026-07-29 00:18:15 |   -> saved best
2026-07-29 00:18:20 | Ep 47/50 | Loss 0.1002 Acc 96.06% | Val 0.0560 Acc 97.14% | 5.4s
2026-07-29 00:18:26 | Ep 48/50 | Loss 0.0899 Acc 96.74% | Val 0.0621 Acc 96.88% | 5.4s
2026-07-29 00:18:31 | Ep 49/50 | Loss 0.0951 Acc 96.71% | Val 0.0488 Acc 97.53% | 5.5s
2026-07-29 00:18:37 | Ep 50/50 | Loss 0.0860 Acc 97.01% | Val 0.0468 Acc 97.79% | 5.4s
2026-07-29 00:18:37 |   -> saved best
2026-07-29 00:18:37 | Done in 4.99 min
2026-07-29 00:18:39 | 
================================================================================
2026-07-29 00:18:39 | TRAIN (FROM SCRATCH): EfficientNet-B0 | Fold 4/5 | batch=256 | lr=1.00e-04 | classes=4
2026-07-29 00:18:39 | ================================================================================
2026-07-29 00:18:39 |   [INFO] EfficientNet-B0 initialized FROM SCRATCH (no pretrained weights)
2026-07-29 00:19:00 | Ep 01/50 | Loss 1.3336 Acc 36.04% | Val 1.3946 Acc 25.58% | 20.1s
2026-07-29 00:19:00 |   -> saved best
2026-07-29 00:19:05 | Ep 02/50 | Loss 1.2218 Acc 44.82% | Val 1.3811 Acc 25.58% | 5.7s
2026-07-29 00:19:05 |   -> saved best
2026-07-29 00:19:11 | Ep 03/50 | Loss 0.8964 Acc 66.41% | Val 1.3862 Acc 25.58% | 5.6s
2026-07-29 00:19:17 | Ep 04/50 | Loss 0.5539 Acc 79.33% | Val 1.4863 Acc 25.58% | 5.8s
2026-07-29 00:19:23 | Ep 05/50 | Loss 0.4287 Acc 82.10% | Val 1.4593 Acc 25.58% | 5.8s
2026-07-29 00:19:29 | Ep 06/50 | Loss 0.3743 Acc 83.92% | Val 0.4766 Acc 79.48% | 5.6s
2026-07-29 00:19:29 |   -> saved best
2026-07-29 00:19:34 | Ep 07/50 | Loss 0.3585 Acc 84.60% | Val 0.2214 Acc 85.71% | 5.5s
2026-07-29 00:19:34 |   -> saved best
2026-07-29 00:19:40 | Ep 08/50 | Loss 0.3385 Acc 84.83% | Val 0.2159 Acc 86.23% | 5.5s
2026-07-29 00:19:40 |   -> saved best
2026-07-29 00:19:45 | Ep 09/50 | Loss 0.3285 Acc 85.94% | Val 0.1971 Acc 86.88% | 5.4s
2026-07-29 00:19:45 |   -> saved best
2026-07-29 00:19:51 | Ep 10/50 | Loss 0.3125 Acc 86.04% | Val 0.1843 Acc 88.83% | 5.6s
2026-07-29 00:19:51 |   -> saved best
2026-07-29 00:19:57 | Ep 11/50 | Loss 0.3007 Acc 86.82% | Val 0.1729 Acc 88.96% | 5.7s
2026-07-29 00:19:57 |   -> saved best
2026-07-29 00:20:03 | Ep 12/50 | Loss 0.2754 Acc 87.89% | Val 0.1873 Acc 87.40% | 5.6s
2026-07-29 00:20:08 | Ep 13/50 | Loss 0.2862 Acc 87.27% | Val 0.1708 Acc 89.61% | 5.3s
2026-07-29 00:20:08 |   -> saved best
2026-07-29 00:20:13 | Ep 14/50 | Loss 0.2731 Acc 87.92% | Val 0.1633 Acc 90.13% | 5.3s
2026-07-29 00:20:14 |   -> saved best
2026-07-29 00:20:19 | Ep 15/50 | Loss 0.2473 Acc 89.26% | Val 0.1561 Acc 91.04% | 5.3s
2026-07-29 00:20:19 |   -> saved best
2026-07-29 00:20:24 | Ep 16/50 | Loss 0.2592 Acc 88.87% | Val 0.1660 Acc 89.35% | 5.4s
2026-07-29 00:20:30 | Ep 17/50 | Loss 0.2434 Acc 89.32% | Val 0.1674 Acc 90.00% | 5.5s
2026-07-29 00:20:35 | Ep 18/50 | Loss 0.2363 Acc 90.14% | Val 0.1767 Acc 89.09% | 5.2s
2026-07-29 00:20:41 | Ep 19/50 | Loss 0.2294 Acc 90.10% | Val 0.1655 Acc 89.61% | 5.2s
2026-07-29 00:20:46 | Ep 20/50 | Loss 0.2177 Acc 91.57% | Val 0.1461 Acc 90.78% | 5.3s
2026-07-29 00:20:46 |   -> saved best
2026-07-29 00:20:52 | Ep 21/50 | Loss 0.2093 Acc 91.24% | Val 0.1132 Acc 94.16% | 5.3s
2026-07-29 00:20:52 |   -> saved best
2026-07-29 00:20:57 | Ep 22/50 | Loss 0.1928 Acc 91.83% | Val 0.1072 Acc 94.42% | 5.2s
2026-07-29 00:20:57 |   -> saved best
2026-07-29 00:21:02 | Ep 23/50 | Loss 0.1874 Acc 92.84% | Val 0.1259 Acc 93.90% | 5.2s
2026-07-29 00:21:08 | Ep 24/50 | Loss 0.2018 Acc 92.29% | Val 0.1218 Acc 93.64% | 5.2s
2026-07-29 00:21:13 | Ep 25/50 | Loss 0.1768 Acc 93.20% | Val 0.1011 Acc 95.19% | 5.4s
2026-07-29 00:21:13 |   -> saved best
2026-07-29 00:21:18 | Ep 26/50 | Loss 0.1711 Acc 93.72% | Val 0.1038 Acc 94.03% | 5.3s
2026-07-29 00:21:24 | Ep 27/50 | Loss 0.1711 Acc 93.42% | Val 0.0813 Acc 95.58% | 5.2s
2026-07-29 00:21:24 |   -> saved best
2026-07-29 00:21:30 | Ep 28/50 | Loss 0.1429 Acc 94.63% | Val 0.0850 Acc 95.58% | 5.6s
2026-07-29 00:21:35 | Ep 29/50 | Loss 0.1590 Acc 93.68% | Val 0.0848 Acc 96.23% | 5.3s
2026-07-29 00:21:40 | Ep 30/50 | Loss 0.1540 Acc 94.11% | Val 0.0851 Acc 94.68% | 5.3s
2026-07-29 00:21:46 | Ep 31/50 | Loss 0.1463 Acc 94.47% | Val 0.0709 Acc 96.36% | 5.3s
2026-07-29 00:21:46 |   -> saved best
2026-07-29 00:21:51 | Ep 32/50 | Loss 0.1369 Acc 94.76% | Val 0.0730 Acc 95.71% | 5.3s
2026-07-29 00:21:57 | Ep 33/50 | Loss 0.1327 Acc 94.89% | Val 0.0914 Acc 95.45% | 5.3s
2026-07-29 00:22:02 | Ep 34/50 | Loss 0.1269 Acc 95.38% | Val 0.0692 Acc 96.62% | 5.3s
2026-07-29 00:22:02 |   -> saved best
2026-07-29 00:22:08 | Ep 35/50 | Loss 0.1344 Acc 94.76% | Val 0.0651 Acc 96.36% | 5.3s
2026-07-29 00:22:08 |   -> saved best
2026-07-29 00:22:13 | Ep 36/50 | Loss 0.1242 Acc 95.25% | Val 0.0626 Acc 96.23% | 5.4s
2026-07-29 00:22:13 |   -> saved best
2026-07-29 00:22:19 | Ep 37/50 | Loss 0.1243 Acc 95.15% | Val 0.0702 Acc 96.36% | 5.4s
2026-07-29 00:22:24 | Ep 38/50 | Loss 0.1336 Acc 94.79% | Val 0.0666 Acc 96.88% | 5.3s
2026-07-29 00:22:29 | Ep 39/50 | Loss 0.1261 Acc 94.99% | Val 0.0633 Acc 96.88% | 5.3s
2026-07-29 00:22:35 | Ep 40/50 | Loss 0.1258 Acc 95.18% | Val 0.0656 Acc 96.36% | 5.5s
2026-07-29 00:22:41 | Ep 41/50 | Loss 0.1349 Acc 95.54% | Val 0.0720 Acc 96.49% | 5.7s
2026-07-29 00:22:47 | Ep 42/50 | Loss 0.1217 Acc 95.51% | Val 0.0616 Acc 96.88% | 5.6s
2026-07-29 00:22:47 |   -> saved best
2026-07-29 00:22:52 | Ep 43/50 | Loss 0.1213 Acc 95.38% | Val 0.0631 Acc 96.88% | 5.5s
2026-07-29 00:22:58 | Ep 44/50 | Loss 0.1020 Acc 96.35% | Val 0.0657 Acc 96.75% | 5.4s
2026-07-29 00:23:03 | Ep 45/50 | Loss 0.1163 Acc 95.57% | Val 0.0649 Acc 96.49% | 5.5s
2026-07-29 00:23:09 | Ep 46/50 | Loss 0.1116 Acc 95.51% | Val 0.0772 Acc 96.23% | 5.4s
2026-07-29 00:23:14 | Ep 47/50 | Loss 0.1057 Acc 96.19% | Val 0.0513 Acc 97.92% | 5.5s
2026-07-29 00:23:14 |   -> saved best
2026-07-29 00:23:20 | Ep 48/50 | Loss 0.0978 Acc 96.55% | Val 0.0517 Acc 97.92% | 5.6s
2026-07-29 00:23:26 | Ep 49/50 | Loss 0.0975 Acc 96.29% | Val 0.0536 Acc 97.40% | 5.5s
2026-07-29 00:23:31 | Ep 50/50 | Loss 0.0897 Acc 96.61% | Val 0.0606 Acc 97.01% | 5.4s
2026-07-29 00:23:31 | Done in 4.86 min
2026-07-29 00:23:34 | 
================================================================================
2026-07-29 00:23:34 | TRAIN (FROM SCRATCH): EfficientNet-B0 | Fold 5/5 | batch=256 | lr=1.00e-04 | classes=4
2026-07-29 00:23:34 | ================================================================================
2026-07-29 00:23:34 |   [INFO] EfficientNet-B0 initialized FROM SCRATCH (no pretrained weights)
2026-07-29 00:23:55 | Ep 01/50 | Loss 1.3534 Acc 32.19% | Val 1.3992 Acc 25.58% | 20.9s
2026-07-29 00:23:55 |   -> saved best
2026-07-29 00:24:01 | Ep 02/50 | Loss 1.2252 Acc 46.52% | Val 1.4002 Acc 25.58% | 5.6s
2026-07-29 00:24:06 | Ep 03/50 | Loss 0.9416 Acc 63.57% | Val 1.4318 Acc 25.58% | 5.6s
2026-07-29 00:24:12 | Ep 04/50 | Loss 0.7371 Acc 72.43% | Val 1.5161 Acc 25.58% | 5.5s
2026-07-29 00:24:18 | Ep 05/50 | Loss 0.5982 Acc 77.15% | Val 1.5655 Acc 25.58% | 5.5s
2026-07-29 00:24:23 | Ep 06/50 | Loss 0.4643 Acc 81.22% | Val 0.6055 Acc 71.30% | 5.5s
2026-07-29 00:24:23 |   -> saved best
2026-07-29 00:24:29 | Ep 07/50 | Loss 0.3959 Acc 82.45% | Val 0.2821 Acc 83.38% | 5.6s
2026-07-29 00:24:29 |   -> saved best
2026-07-29 00:24:35 | Ep 08/50 | Loss 0.3490 Acc 84.99% | Val 0.2475 Acc 85.45% | 5.6s
2026-07-29 00:24:35 |   -> saved best
2026-07-29 00:24:40 | Ep 09/50 | Loss 0.3340 Acc 85.09% | Val 0.2093 Acc 86.23% | 5.5s
2026-07-29 00:24:40 |   -> saved best
2026-07-29 00:24:46 | Ep 10/50 | Loss 0.2995 Acc 86.43% | Val 0.2558 Acc 86.10% | 5.7s
2026-07-29 00:24:52 | Ep 11/50 | Loss 0.2809 Acc 87.34% | Val 0.2268 Acc 86.10% | 5.5s
2026-07-29 00:24:57 | Ep 12/50 | Loss 0.2657 Acc 87.99% | Val 0.2379 Acc 85.84% | 5.5s
2026-07-29 00:25:03 | Ep 13/50 | Loss 0.2650 Acc 87.79% | Val 0.2695 Acc 86.23% | 5.6s
2026-07-29 00:25:09 | Ep 14/50 | Loss 0.2554 Acc 88.77% | Val 0.1797 Acc 89.09% | 5.5s
2026-07-29 00:25:09 |   -> saved best
2026-07-29 00:25:14 | Ep 15/50 | Loss 0.2428 Acc 89.10% | Val 0.2234 Acc 87.66% | 5.5s
2026-07-29 00:25:20 | Ep 16/50 | Loss 0.2270 Acc 89.91% | Val 0.1888 Acc 88.18% | 5.6s
2026-07-29 00:25:26 | Ep 17/50 | Loss 0.2189 Acc 90.10% | Val 0.2074 Acc 88.70% | 5.5s
2026-07-29 00:25:31 | Ep 18/50 | Loss 0.2141 Acc 91.15% | Val 0.1563 Acc 91.43% | 5.5s
2026-07-29 00:25:31 |   -> saved best
2026-07-29 00:25:37 | Ep 19/50 | Loss 0.1934 Acc 91.89% | Val 0.3012 Acc 87.53% | 5.5s
2026-07-29 00:25:43 | Ep 20/50 | Loss 0.1967 Acc 91.93% | Val 0.2833 Acc 87.92% | 5.7s
2026-07-29 00:25:48 | Ep 21/50 | Loss 0.1750 Acc 93.20% | Val 0.1427 Acc 92.34% | 5.4s
2026-07-29 00:25:48 |   -> saved best
2026-07-29 00:25:54 | Ep 22/50 | Loss 0.1745 Acc 92.61% | Val 0.1378 Acc 92.08% | 5.5s
2026-07-29 00:25:54 |   -> saved best
2026-07-29 00:25:59 | Ep 23/50 | Loss 0.1781 Acc 92.94% | Val 0.1395 Acc 93.38% | 5.5s
2026-07-29 00:26:05 | Ep 24/50 | Loss 0.1686 Acc 93.23% | Val 0.1288 Acc 92.99% | 5.4s
2026-07-29 00:26:05 |   -> saved best
2026-07-29 00:26:10 | Ep 25/50 | Loss 0.1634 Acc 93.00% | Val 0.1222 Acc 94.55% | 5.4s
2026-07-29 00:26:10 |   -> saved best
2026-07-29 00:26:16 | Ep 26/50 | Loss 0.1547 Acc 93.39% | Val 0.2063 Acc 90.26% | 5.5s
2026-07-29 00:26:22 | Ep 27/50 | Loss 0.1533 Acc 94.01% | Val 0.1438 Acc 93.12% | 5.4s
2026-07-29 00:26:27 | Ep 28/50 | Loss 0.1481 Acc 94.01% | Val 0.1404 Acc 92.60% | 5.6s
2026-07-29 00:26:33 | Ep 29/50 | Loss 0.1415 Acc 93.95% | Val 0.1146 Acc 93.77% | 5.6s
2026-07-29 00:26:33 |   -> saved best
2026-07-29 00:26:38 | Ep 30/50 | Loss 0.1427 Acc 94.30% | Val 0.1047 Acc 95.19% | 5.3s
2026-07-29 00:26:38 |   -> saved best
2026-07-29 00:26:44 | Ep 31/50 | Loss 0.1376 Acc 95.08% | Val 0.1512 Acc 92.47% | 5.4s
2026-07-29 00:26:49 | Ep 32/50 | Loss 0.1214 Acc 95.08% | Val 0.0978 Acc 95.06% | 5.3s
2026-07-29 00:26:49 |   -> saved best
2026-07-29 00:26:55 | Ep 33/50 | Loss 0.1279 Acc 94.60% | Val 0.1153 Acc 94.03% | 5.4s
2026-07-29 00:27:00 | Ep 34/50 | Loss 0.1197 Acc 95.35% | Val 0.1064 Acc 94.68% | 5.4s
2026-07-29 00:27:06 | Ep 35/50 | Loss 0.1264 Acc 94.89% | Val 0.1566 Acc 91.95% | 5.4s
2026-07-29 00:27:12 | Ep 36/50 | Loss 0.1167 Acc 95.31% | Val 0.0967 Acc 95.97% | 5.6s
2026-07-29 00:27:12 |   -> saved best
2026-07-29 00:27:17 | Ep 37/50 | Loss 0.1192 Acc 95.44% | Val 0.1095 Acc 94.55% | 5.4s
2026-07-29 00:27:23 | Ep 38/50 | Loss 0.1212 Acc 95.02% | Val 0.1030 Acc 95.32% | 5.5s
2026-07-29 00:27:28 | Ep 39/50 | Loss 0.1189 Acc 95.25% | Val 0.0987 Acc 95.97% | 5.5s
2026-07-29 00:27:34 | Ep 40/50 | Loss 0.1170 Acc 95.41% | Val 0.1015 Acc 94.94% | 5.4s
2026-07-29 00:27:39 | Ep 41/50 | Loss 0.1119 Acc 95.48% | Val 0.0974 Acc 95.58% | 5.4s
2026-07-29 00:27:45 | Ep 42/50 | Loss 0.1098 Acc 95.31% | Val 0.0991 Acc 95.97% | 5.4s
2026-07-29 00:27:50 | Ep 43/50 | Loss 0.1035 Acc 96.00% | Val 0.1056 Acc 95.06% | 5.5s
2026-07-29 00:27:56 | Ep 44/50 | Loss 0.1017 Acc 95.74% | Val 0.1098 Acc 94.42% | 5.5s
2026-07-29 00:28:02 | Ep 45/50 | Loss 0.1030 Acc 96.03% | Val 0.0850 Acc 96.49% | 5.5s
2026-07-29 00:28:02 |   -> saved best
2026-07-29 00:28:07 | Ep 46/50 | Loss 0.1028 Acc 95.96% | Val 0.0957 Acc 95.58% | 5.4s
2026-07-29 00:28:13 | Ep 47/50 | Loss 0.0899 Acc 96.81% | Val 0.0961 Acc 95.97% | 5.4s
2026-07-29 00:28:18 | Ep 48/50 | Loss 0.0943 Acc 96.65% | Val 0.0844 Acc 96.75% | 5.5s
2026-07-29 00:28:18 |   -> saved best
2026-07-29 00:28:24 | Ep 49/50 | Loss 0.0911 Acc 96.32% | Val 0.0887 Acc 96.62% | 5.4s
2026-07-29 00:28:29 | Ep 50/50 | Loss 0.0909 Acc 96.16% | Val 0.0840 Acc 96.62% | 5.6s
2026-07-29 00:28:29 |   -> saved best
2026-07-29 00:28:30 | Done in 4.93 min
2026-07-29 00:28:32 | 
================================================================================
2026-07-29 00:28:32 | TRAIN (FROM SCRATCH): ResNet-50 | Fold 1/5 | batch=128 | lr=1.00e-04 | classes=4
2026-07-29 00:28:32 | ================================================================================
2026-07-29 00:28:33 |   [INFO] ResNet-50 initialized FROM SCRATCH (no pretrained weights)
2026-07-29 00:29:13 | Ep 01/50 | Loss 0.8191 Acc 67.87% | Val 1.7536 Acc 47.08% | 40.3s
2026-07-29 00:29:13 |   -> saved best
2026-07-29 00:29:19 | Ep 02/50 | Loss 0.3600 Acc 84.80% | Val 0.2710 Acc 85.21% | 5.5s
2026-07-29 00:29:19 |   -> saved best
2026-07-29 00:29:25 | Ep 03/50 | Loss 0.3028 Acc 87.14% | Val 0.2378 Acc 86.12% | 5.5s
2026-07-29 00:29:25 |   -> saved best
2026-07-29 00:29:31 | Ep 04/50 | Loss 0.2687 Acc 88.05% | Val 0.2786 Acc 86.77% | 5.4s
2026-07-29 00:29:37 | Ep 05/50 | Loss 0.2681 Acc 88.12% | Val 0.2024 Acc 88.72% | 5.4s
2026-07-29 00:29:37 |   -> saved best
2026-07-29 00:29:42 | Ep 06/50 | Loss 0.2365 Acc 89.62% | Val 0.3429 Acc 86.12% | 5.3s
2026-07-29 00:29:48 | Ep 07/50 | Loss 0.2212 Acc 90.69% | Val 0.1870 Acc 91.18% | 5.3s
2026-07-29 00:29:48 |   -> saved best
2026-07-29 00:29:53 | Ep 08/50 | Loss 0.2076 Acc 91.57% | Val 0.2997 Acc 86.64% | 5.3s
2026-07-29 00:29:59 | Ep 09/50 | Loss 0.1832 Acc 93.29% | Val 0.1565 Acc 93.64% | 5.2s
2026-07-29 00:29:59 |   -> saved best
2026-07-29 00:30:05 | Ep 10/50 | Loss 0.1577 Acc 93.65% | Val 0.1104 Acc 94.94% | 5.2s
2026-07-29 00:30:05 |   -> saved best
2026-07-29 00:30:10 | Ep 11/50 | Loss 0.1549 Acc 93.65% | Val 0.1552 Acc 92.61% | 5.1s
2026-07-29 00:30:15 | Ep 12/50 | Loss 0.1515 Acc 93.98% | Val 0.1085 Acc 94.94% | 5.2s
2026-07-29 00:30:16 |   -> saved best
2026-07-29 00:30:21 | Ep 13/50 | Loss 0.1387 Acc 94.69% | Val 0.3287 Acc 89.75% | 5.2s
2026-07-29 00:30:27 | Ep 14/50 | Loss 0.1564 Acc 94.04% | Val 0.1006 Acc 94.81% | 5.2s
2026-07-29 00:30:27 |   -> saved best
2026-07-29 00:30:32 | Ep 15/50 | Loss 0.1236 Acc 95.18% | Val 0.1386 Acc 93.77% | 5.1s
2026-07-29 00:30:38 | Ep 16/50 | Loss 0.1159 Acc 95.77% | Val 0.0894 Acc 96.50% | 5.3s
2026-07-29 00:30:38 |   -> saved best
2026-07-29 00:30:43 | Ep 17/50 | Loss 0.1184 Acc 95.31% | Val 0.0947 Acc 95.33% | 5.1s
2026-07-29 00:30:48 | Ep 18/50 | Loss 0.1261 Acc 95.41% | Val 0.0963 Acc 95.72% | 5.2s
2026-07-29 00:30:54 | Ep 19/50 | Loss 0.1113 Acc 96.03% | Val 0.1082 Acc 95.20% | 5.3s
2026-07-29 00:30:59 | Ep 20/50 | Loss 0.1124 Acc 95.83% | Val 0.0830 Acc 96.89% | 5.1s
2026-07-29 00:30:59 |   -> saved best
2026-07-29 00:31:05 | Ep 21/50 | Loss 0.1010 Acc 96.19% | Val 0.1122 Acc 95.59% | 5.2s
2026-07-29 00:31:11 | Ep 22/50 | Loss 0.1034 Acc 96.09% | Val 0.0920 Acc 96.37% | 5.3s
2026-07-29 00:31:16 | Ep 23/50 | Loss 0.1046 Acc 96.19% | Val 0.0889 Acc 96.11% | 5.2s
2026-07-29 00:31:22 | Ep 24/50 | Loss 0.0956 Acc 96.55% | Val 0.0870 Acc 95.85% | 5.3s
2026-07-29 00:31:27 | Ep 25/50 | Loss 0.0915 Acc 96.81% | Val 0.1030 Acc 96.37% | 5.2s
2026-07-29 00:31:32 | Ep 26/50 | Loss 0.1175 Acc 95.18% | Val 0.1027 Acc 95.33% | 5.2s
2026-07-29 00:31:38 | Ep 27/50 | Loss 0.0895 Acc 96.74% | Val 0.0716 Acc 97.02% | 5.1s
2026-07-29 00:31:38 |   -> saved best
2026-07-29 00:31:43 | Ep 28/50 | Loss 0.0754 Acc 97.20% | Val 0.0776 Acc 96.24% | 5.2s
2026-07-29 00:31:49 | Ep 29/50 | Loss 0.0869 Acc 96.78% | Val 0.0662 Acc 97.28% | 5.2s
2026-07-29 00:31:49 |   -> saved best
2026-07-29 00:31:54 | Ep 30/50 | Loss 0.0823 Acc 97.10% | Val 0.0720 Acc 96.89% | 5.2s
2026-07-29 00:32:00 | Ep 31/50 | Loss 0.0906 Acc 96.78% | Val 0.0663 Acc 97.41% | 5.2s
2026-07-29 00:32:05 | Ep 32/50 | Loss 0.0890 Acc 96.58% | Val 0.0862 Acc 96.11% | 5.2s
2026-07-29 00:32:11 | Ep 33/50 | Loss 0.0841 Acc 96.97% | Val 0.1209 Acc 95.07% | 5.2s
2026-07-29 00:32:16 | Ep 34/50 | Loss 0.0912 Acc 96.81% | Val 0.0794 Acc 96.76% | 5.1s
2026-07-29 00:32:21 | Ep 35/50 | Loss 0.0827 Acc 97.07% | Val 0.0730 Acc 96.37% | 5.1s
2026-07-29 00:32:27 | Ep 36/50 | Loss 0.0741 Acc 97.30% | Val 0.0673 Acc 97.54% | 5.2s
2026-07-29 00:32:32 | Ep 37/50 | Loss 0.0735 Acc 97.14% | Val 0.0714 Acc 96.89% | 5.1s
2026-07-29 00:32:38 | Ep 38/50 | Loss 0.0735 Acc 97.59% | Val 0.0751 Acc 97.02% | 5.1s
2026-07-29 00:32:43 | Ep 39/50 | Loss 0.0742 Acc 97.62% | Val 0.0717 Acc 97.15% | 5.1s
2026-07-29 00:32:48 | Ep 40/50 | Loss 0.0634 Acc 97.79% | Val 0.0778 Acc 96.89% | 5.1s
2026-07-29 00:32:54 | Ep 41/50 | Loss 0.0670 Acc 97.59% | Val 0.0683 Acc 96.50% | 5.1s
2026-07-29 00:32:59 | Ep 42/50 | Loss 0.0616 Acc 97.66% | Val 0.0675 Acc 97.15% | 5.1s
2026-07-29 00:33:05 | Ep 43/50 | Loss 0.0714 Acc 97.43% | Val 0.0596 Acc 97.67% | 5.1s
2026-07-29 00:33:05 |   -> saved best
2026-07-29 00:33:10 | Ep 44/50 | Loss 0.0629 Acc 97.85% | Val 0.0458 Acc 97.80% | 5.1s
2026-07-29 00:33:10 |   -> saved best
2026-07-29 00:33:15 | Ep 45/50 | Loss 0.0644 Acc 97.62% | Val 0.0692 Acc 97.02% | 5.1s
2026-07-29 00:33:21 | Ep 46/50 | Loss 0.0649 Acc 97.88% | Val 0.0821 Acc 96.37% | 5.1s
2026-07-29 00:33:26 | Ep 47/50 | Loss 0.0651 Acc 97.53% | Val 0.0732 Acc 96.37% | 5.1s
2026-07-29 00:33:32 | Ep 48/50 | Loss 0.0708 Acc 97.72% | Val 0.0514 Acc 97.80% | 5.1s
2026-07-29 00:33:37 | Ep 49/50 | Loss 0.0573 Acc 97.82% | Val 0.0625 Acc 97.80% | 5.2s
2026-07-29 00:33:43 | Ep 50/50 | Loss 0.0559 Acc 98.18% | Val 0.1809 Acc 93.00% | 5.2s
2026-07-29 00:33:43 | Done in 5.17 min
2026-07-29 00:33:45 | 
================================================================================
2026-07-29 00:33:45 | TRAIN (FROM SCRATCH): ResNet-50 | Fold 2/5 | batch=128 | lr=1.00e-04 | classes=4
2026-07-29 00:33:45 | ================================================================================
2026-07-29 00:33:45 |   [INFO] ResNet-50 initialized FROM SCRATCH (no pretrained weights)
2026-07-29 00:34:06 | Ep 01/50 | Loss 0.8239 Acc 67.25% | Val 7.5379 Acc 30.22% | 20.2s
2026-07-29 00:34:06 |   -> saved best
2026-07-29 00:34:11 | Ep 02/50 | Loss 0.3839 Acc 82.85% | Val 0.3281 Acc 84.31% | 5.5s
2026-07-29 00:34:12 |   -> saved best
2026-07-29 00:34:17 | Ep 03/50 | Loss 0.3203 Acc 85.87% | Val 0.2362 Acc 88.07% | 5.4s
2026-07-29 00:34:17 |   -> saved best
2026-07-29 00:34:23 | Ep 04/50 | Loss 0.2685 Acc 87.60% | Val 0.2858 Acc 85.21% | 5.3s
2026-07-29 00:34:29 | Ep 05/50 | Loss 0.2448 Acc 89.23% | Val 0.5215 Acc 77.95% | 5.3s
2026-07-29 00:34:34 | Ep 06/50 | Loss 0.2223 Acc 91.08% | Val 0.1730 Acc 91.44% | 5.4s
2026-07-29 00:34:34 |   -> saved best
2026-07-29 00:34:40 | Ep 07/50 | Loss 0.1966 Acc 92.25% | Val 0.1269 Acc 94.16% | 5.4s
2026-07-29 00:34:40 |   -> saved best
2026-07-29 00:34:46 | Ep 08/50 | Loss 0.1840 Acc 92.84% | Val 0.1680 Acc 92.87% | 5.4s
2026-07-29 00:34:51 | Ep 09/50 | Loss 0.1539 Acc 93.98% | Val 0.1085 Acc 95.07% | 5.3s
2026-07-29 00:34:51 |   -> saved best
2026-07-29 00:34:57 | Ep 10/50 | Loss 0.1347 Acc 94.50% | Val 0.0873 Acc 96.37% | 5.2s
2026-07-29 00:34:57 |   -> saved best
2026-07-29 00:35:03 | Ep 11/50 | Loss 0.1677 Acc 92.90% | Val 0.0995 Acc 95.72% | 5.4s
2026-07-29 00:35:08 | Ep 12/50 | Loss 0.1477 Acc 94.27% | Val 0.1672 Acc 93.51% | 5.1s
2026-07-29 00:35:14 | Ep 13/50 | Loss 0.1585 Acc 94.17% | Val 0.1096 Acc 95.33% | 5.2s
2026-07-29 00:35:19 | Ep 14/50 | Loss 0.1258 Acc 95.15% | Val 0.0989 Acc 96.11% | 5.3s
2026-07-29 00:35:24 | Ep 15/50 | Loss 0.1330 Acc 94.37% | Val 0.1000 Acc 96.11% | 5.2s
2026-07-29 00:35:30 | Ep 16/50 | Loss 0.1242 Acc 95.38% | Val 0.0920 Acc 96.63% | 5.2s
2026-07-29 00:35:35 | Ep 17/50 | Loss 0.1138 Acc 95.96% | Val 0.0784 Acc 96.24% | 5.1s
2026-07-29 00:35:35 |   -> saved best
2026-07-29 00:35:41 | Ep 18/50 | Loss 0.1056 Acc 95.90% | Val 0.1443 Acc 94.68% | 5.1s
2026-07-29 00:35:46 | Ep 19/50 | Loss 0.1204 Acc 95.35% | Val 0.0901 Acc 96.63% | 5.2s
2026-07-29 00:35:52 | Ep 20/50 | Loss 0.1142 Acc 96.06% | Val 0.0861 Acc 96.50% | 5.2s
2026-07-29 00:35:57 | Ep 21/50 | Loss 0.1045 Acc 96.06% | Val 0.1066 Acc 95.59% | 5.1s
2026-07-29 00:36:03 | Ep 22/50 | Loss 0.1037 Acc 95.77% | Val 0.0840 Acc 96.24% | 5.2s
2026-07-29 00:36:08 | Ep 23/50 | Loss 0.1137 Acc 95.74% | Val 0.1261 Acc 94.03% | 5.2s
2026-07-29 00:36:14 | Ep 24/50 | Loss 0.1061 Acc 96.03% | Val 0.0791 Acc 96.89% | 5.3s
2026-07-29 00:36:19 | Ep 25/50 | Loss 0.0888 Acc 96.58% | Val 0.0756 Acc 96.89% | 5.1s
2026-07-29 00:36:19 |   -> saved best
2026-07-29 00:36:24 | Ep 26/50 | Loss 0.0825 Acc 97.01% | Val 0.0826 Acc 96.89% | 5.2s
2026-07-29 00:36:30 | Ep 27/50 | Loss 0.1004 Acc 95.96% | Val 0.0813 Acc 96.63% | 5.2s
2026-07-29 00:36:36 | Ep 28/50 | Loss 0.0792 Acc 96.81% | Val 0.0889 Acc 95.98% | 5.4s
2026-07-29 00:36:41 | Ep 29/50 | Loss 0.0848 Acc 96.78% | Val 0.0669 Acc 97.67% | 5.2s
2026-07-29 00:36:41 |   -> saved best
2026-07-29 00:36:47 | Ep 30/50 | Loss 0.0883 Acc 96.71% | Val 0.0925 Acc 96.76% | 5.2s
2026-07-29 00:36:52 | Ep 31/50 | Loss 0.0860 Acc 96.78% | Val 0.1192 Acc 95.20% | 5.2s
2026-07-29 00:36:58 | Ep 32/50 | Loss 0.0786 Acc 97.30% | Val 0.1049 Acc 95.59% | 5.2s
2026-07-29 00:37:03 | Ep 33/50 | Loss 0.0833 Acc 96.84% | Val 0.0778 Acc 97.28% | 5.2s
2026-07-29 00:37:09 | Ep 34/50 | Loss 0.0783 Acc 97.10% | Val 0.1775 Acc 93.39% | 5.2s
2026-07-29 00:37:14 | Ep 35/50 | Loss 0.0829 Acc 97.40% | Val 0.0943 Acc 96.24% | 5.1s
2026-07-29 00:37:20 | Ep 36/50 | Loss 0.0786 Acc 97.23% | Val 0.0826 Acc 96.63% | 5.2s
2026-07-29 00:37:25 | Ep 37/50 | Loss 0.0673 Acc 97.49% | Val 0.0700 Acc 97.41% | 5.2s
2026-07-29 00:37:30 | Ep 38/50 | Loss 0.0685 Acc 97.62% | Val 0.0640 Acc 97.54% | 5.2s
2026-07-29 00:37:31 |   -> saved best
2026-07-29 00:37:36 | Ep 39/50 | Loss 0.0626 Acc 97.75% | Val 0.0835 Acc 96.76% | 5.1s
2026-07-29 00:37:41 | Ep 40/50 | Loss 0.0787 Acc 97.46% | Val 0.0919 Acc 96.11% | 5.1s
2026-07-29 00:37:47 | Ep 41/50 | Loss 0.0751 Acc 96.81% | Val 0.0890 Acc 97.02% | 5.1s
2026-07-29 00:37:52 | Ep 42/50 | Loss 0.0684 Acc 97.49% | Val 0.0724 Acc 97.41% | 4.9s
2026-07-29 00:37:57 | Ep 43/50 | Loss 0.0571 Acc 97.69% | Val 0.0807 Acc 97.15% | 5.0s
2026-07-29 00:38:02 | Ep 44/50 | Loss 0.0658 Acc 97.72% | Val 0.0697 Acc 97.41% | 4.9s
2026-07-29 00:38:07 | Ep 45/50 | Loss 0.0655 Acc 97.85% | Val 0.0834 Acc 96.50% | 4.9s
2026-07-29 00:38:13 | Ep 46/50 | Loss 0.0605 Acc 97.66% | Val 0.0664 Acc 97.02% | 5.0s
2026-07-29 00:38:18 | Ep 47/50 | Loss 0.0623 Acc 97.75% | Val 0.0664 Acc 97.67% | 4.9s
2026-07-29 00:38:23 | Ep 48/50 | Loss 0.0649 Acc 97.66% | Val 0.0651 Acc 97.41% | 4.9s
2026-07-29 00:38:28 | Ep 49/50 | Loss 0.0516 Acc 98.18% | Val 0.0777 Acc 96.50% | 4.9s
2026-07-29 00:38:34 | Ep 50/50 | Loss 0.0606 Acc 97.92% | Val 0.0781 Acc 97.15% | 4.9s
2026-07-29 00:38:34 | Done in 4.81 min
2026-07-29 00:38:37 | 
================================================================================
2026-07-29 00:38:37 | TRAIN (FROM SCRATCH): ResNet-50 | Fold 3/5 | batch=128 | lr=1.00e-04 | classes=4
2026-07-29 00:38:37 | ================================================================================
2026-07-29 00:38:37 |   [INFO] ResNet-50 initialized FROM SCRATCH (no pretrained weights)
2026-07-29 00:39:04 | Ep 01/50 | Loss 0.8964 Acc 65.27% | Val 3.3812 Acc 31.95% | 26.6s
2026-07-29 00:39:04 |   -> saved best
2026-07-29 00:39:09 | Ep 02/50 | Loss 0.3786 Acc 83.20% | Val 0.2757 Acc 84.55% | 5.3s
2026-07-29 00:39:09 |   -> saved best
2026-07-29 00:39:15 | Ep 03/50 | Loss 0.3236 Acc 85.35% | Val 0.2019 Acc 89.09% | 5.0s
2026-07-29 00:39:15 |   -> saved best
2026-07-29 00:39:20 | Ep 04/50 | Loss 0.2779 Acc 87.40% | Val 0.1949 Acc 90.00% | 5.0s
2026-07-29 00:39:20 |   -> saved best
2026-07-29 00:39:25 | Ep 05/50 | Loss 0.2628 Acc 88.22% | Val 0.3341 Acc 85.32% | 4.9s
2026-07-29 00:39:30 | Ep 06/50 | Loss 0.2572 Acc 89.39% | Val 0.3082 Acc 87.01% | 5.0s
2026-07-29 00:39:36 | Ep 07/50 | Loss 0.2261 Acc 90.98% | Val 0.1919 Acc 90.52% | 5.1s
2026-07-29 00:39:36 |   -> saved best
2026-07-29 00:39:41 | Ep 08/50 | Loss 0.2113 Acc 91.44% | Val 0.1421 Acc 92.08% | 5.1s
2026-07-29 00:39:41 |   -> saved best
2026-07-29 00:39:47 | Ep 09/50 | Loss 0.2005 Acc 92.22% | Val 0.2392 Acc 89.35% | 5.1s
2026-07-29 00:39:52 | Ep 10/50 | Loss 0.1785 Acc 92.97% | Val 0.1303 Acc 93.64% | 5.1s
2026-07-29 00:39:52 |   -> saved best
2026-07-29 00:39:57 | Ep 11/50 | Loss 0.1798 Acc 92.81% | Val 0.1308 Acc 93.25% | 5.1s
2026-07-29 00:40:03 | Ep 12/50 | Loss 0.1320 Acc 94.60% | Val 0.1294 Acc 92.73% | 5.0s
2026-07-29 00:40:03 |   -> saved best
2026-07-29 00:40:08 | Ep 13/50 | Loss 0.1489 Acc 93.68% | Val 0.0900 Acc 95.32% | 5.2s
2026-07-29 00:40:08 |   -> saved best
2026-07-29 00:40:14 | Ep 14/50 | Loss 0.1297 Acc 95.35% | Val 0.0942 Acc 95.58% | 5.0s
2026-07-29 00:40:19 | Ep 15/50 | Loss 0.1219 Acc 95.25% | Val 0.0999 Acc 95.58% | 5.1s
2026-07-29 00:40:24 | Ep 16/50 | Loss 0.1331 Acc 95.02% | Val 0.0780 Acc 96.49% | 5.2s
2026-07-29 00:40:24 |   -> saved best
2026-07-29 00:40:30 | Ep 17/50 | Loss 0.1071 Acc 95.74% | Val 0.1074 Acc 95.06% | 5.1s
2026-07-29 00:40:35 | Ep 18/50 | Loss 0.1191 Acc 95.54% | Val 0.0833 Acc 95.97% | 5.0s
2026-07-29 00:40:40 | Ep 19/50 | Loss 0.1323 Acc 95.05% | Val 0.0735 Acc 96.49% | 5.1s
2026-07-29 00:40:40 |   -> saved best
2026-07-29 00:40:46 | Ep 20/50 | Loss 0.1126 Acc 95.96% | Val 0.0731 Acc 96.75% | 5.0s
2026-07-29 00:40:46 |   -> saved best
2026-07-29 00:40:51 | Ep 21/50 | Loss 0.1212 Acc 95.70% | Val 0.1876 Acc 91.30% | 4.9s
2026-07-29 00:40:56 | Ep 22/50 | Loss 0.1160 Acc 95.21% | Val 0.0903 Acc 96.49% | 5.1s
2026-07-29 00:41:02 | Ep 23/50 | Loss 0.1037 Acc 95.70% | Val 0.1089 Acc 95.84% | 5.0s
2026-07-29 00:41:07 | Ep 24/50 | Loss 0.0971 Acc 96.68% | Val 0.0651 Acc 96.75% | 5.0s
2026-07-29 00:41:07 |   -> saved best
2026-07-29 00:41:12 | Ep 25/50 | Loss 0.1071 Acc 96.06% | Val 0.0705 Acc 97.14% | 5.0s
2026-07-29 00:41:17 | Ep 26/50 | Loss 0.1061 Acc 96.13% | Val 0.1871 Acc 91.56% | 4.9s
2026-07-29 00:41:23 | Ep 27/50 | Loss 0.0969 Acc 96.16% | Val 0.0783 Acc 96.88% | 5.0s
2026-07-29 00:41:28 | Ep 28/50 | Loss 0.0932 Acc 96.39% | Val 0.0621 Acc 97.27% | 5.0s
2026-07-29 00:41:28 |   -> saved best
2026-07-29 00:41:33 | Ep 29/50 | Loss 0.0995 Acc 96.19% | Val 0.0970 Acc 95.71% | 5.0s
2026-07-29 00:41:39 | Ep 30/50 | Loss 0.0893 Acc 96.55% | Val 0.0678 Acc 97.27% | 5.0s
2026-07-29 00:41:44 | Ep 31/50 | Loss 0.0847 Acc 97.07% | Val 0.0715 Acc 97.27% | 5.0s
2026-07-29 00:41:49 | Ep 32/50 | Loss 0.0923 Acc 96.52% | Val 0.0900 Acc 95.97% | 4.9s
2026-07-29 00:41:54 | Ep 33/50 | Loss 0.0914 Acc 96.68% | Val 0.0564 Acc 97.66% | 4.9s
2026-07-29 00:41:54 |   -> saved best
2026-07-29 00:41:59 | Ep 34/50 | Loss 0.0819 Acc 96.78% | Val 0.0666 Acc 97.27% | 4.9s
2026-07-29 00:42:05 | Ep 35/50 | Loss 0.0827 Acc 96.78% | Val 0.0583 Acc 97.01% | 5.0s
2026-07-29 00:42:10 | Ep 36/50 | Loss 0.1048 Acc 96.00% | Val 0.0677 Acc 97.14% | 5.0s
2026-07-29 00:42:15 | Ep 37/50 | Loss 0.0831 Acc 97.04% | Val 0.0517 Acc 97.66% | 4.9s
2026-07-29 00:42:15 |   -> saved best
2026-07-29 00:42:20 | Ep 38/50 | Loss 0.0750 Acc 97.07% | Val 0.0556 Acc 97.40% | 5.0s
2026-07-29 00:42:26 | Ep 39/50 | Loss 0.0804 Acc 96.91% | Val 0.0471 Acc 97.92% | 5.0s
2026-07-29 00:42:26 |   -> saved best
2026-07-29 00:42:31 | Ep 40/50 | Loss 0.0680 Acc 97.49% | Val 0.0660 Acc 97.40% | 5.0s
2026-07-29 00:42:36 | Ep 41/50 | Loss 0.0775 Acc 97.14% | Val 0.0509 Acc 97.79% | 5.0s
2026-07-29 00:42:41 | Ep 42/50 | Loss 0.0636 Acc 97.66% | Val 0.0530 Acc 97.66% | 4.9s
2026-07-29 00:42:47 | Ep 43/50 | Loss 0.0741 Acc 97.59% | Val 0.0870 Acc 96.23% | 5.0s
2026-07-29 00:42:52 | Ep 44/50 | Loss 0.0653 Acc 97.69% | Val 0.0487 Acc 97.53% | 5.0s
2026-07-29 00:42:57 | Ep 45/50 | Loss 0.0609 Acc 97.75% | Val 0.0421 Acc 98.18% | 4.9s
2026-07-29 00:42:57 |   -> saved best
2026-07-29 00:43:02 | Ep 46/50 | Loss 0.0749 Acc 97.17% | Val 0.0527 Acc 97.92% | 5.0s
2026-07-29 00:43:08 | Ep 47/50 | Loss 0.0716 Acc 97.49% | Val 0.0508 Acc 97.66% | 5.0s
2026-07-29 00:43:13 | Ep 48/50 | Loss 0.0634 Acc 97.53% | Val 0.0509 Acc 97.92% | 5.0s
2026-07-29 00:43:18 | Ep 49/50 | Loss 0.0730 Acc 97.23% | Val 0.0753 Acc 96.75% | 5.0s
2026-07-29 00:43:23 | Ep 50/50 | Loss 0.0658 Acc 97.56% | Val 0.0374 Acc 98.31% | 5.0s
2026-07-29 00:43:23 |   -> saved best
2026-07-29 00:43:24 | Done in 4.78 min
2026-07-29 00:43:26 | 
================================================================================
2026-07-29 00:43:26 | TRAIN (FROM SCRATCH): ResNet-50 | Fold 4/5 | batch=128 | lr=1.00e-04 | classes=4
2026-07-29 00:43:26 | ================================================================================
2026-07-29 00:43:26 |   [INFO] ResNet-50 initialized FROM SCRATCH (no pretrained weights)
2026-07-29 00:43:45 | Ep 01/50 | Loss 0.8100 Acc 68.23% | Val 0.9642 Acc 53.90% | 19.3s
2026-07-29 00:43:46 |   -> saved best
2026-07-29 00:43:51 | Ep 02/50 | Loss 0.3751 Acc 83.24% | Val 0.2310 Acc 88.31% | 5.3s
2026-07-29 00:43:51 |   -> saved best
2026-07-29 00:43:57 | Ep 03/50 | Loss 0.3172 Acc 85.68% | Val 0.2008 Acc 89.35% | 5.3s
2026-07-29 00:43:57 |   -> saved best
2026-07-29 00:44:02 | Ep 04/50 | Loss 0.2785 Acc 87.14% | Val 0.2233 Acc 88.18% | 5.1s
2026-07-29 00:44:07 | Ep 05/50 | Loss 0.2648 Acc 88.35% | Val 0.1630 Acc 90.52% | 5.0s
2026-07-29 00:44:08 |   -> saved best
2026-07-29 00:44:13 | Ep 06/50 | Loss 0.2507 Acc 88.67% | Val 0.2245 Acc 88.18% | 5.0s
2026-07-29 00:44:18 | Ep 07/50 | Loss 0.2364 Acc 89.32% | Val 0.1433 Acc 92.60% | 4.9s
2026-07-29 00:44:18 |   -> saved best
2026-07-29 00:44:23 | Ep 08/50 | Loss 0.2189 Acc 91.24% | Val 0.1222 Acc 93.77% | 4.9s
2026-07-29 00:44:23 |   -> saved best
2026-07-29 00:44:29 | Ep 09/50 | Loss 0.1819 Acc 92.58% | Val 0.2856 Acc 87.92% | 5.0s
2026-07-29 00:44:34 | Ep 10/50 | Loss 0.1885 Acc 91.34% | Val 0.1583 Acc 92.60% | 4.9s
2026-07-29 00:44:39 | Ep 11/50 | Loss 0.1656 Acc 93.62% | Val 0.1156 Acc 94.16% | 5.0s
2026-07-29 00:44:39 |   -> saved best
2026-07-29 00:44:44 | Ep 12/50 | Loss 0.1543 Acc 94.14% | Val 0.1170 Acc 94.16% | 5.2s
2026-07-29 00:44:50 | Ep 13/50 | Loss 0.1589 Acc 93.13% | Val 0.1043 Acc 94.42% | 5.1s
2026-07-29 00:44:50 |   -> saved best
2026-07-29 00:44:55 | Ep 14/50 | Loss 0.1408 Acc 94.37% | Val 0.1001 Acc 95.97% | 5.1s
2026-07-29 00:44:55 |   -> saved best
2026-07-29 00:45:01 | Ep 15/50 | Loss 0.1383 Acc 94.66% | Val 0.0777 Acc 96.23% | 5.2s
2026-07-29 00:45:01 |   -> saved best
2026-07-29 00:45:06 | Ep 16/50 | Loss 0.1307 Acc 94.79% | Val 0.0886 Acc 95.45% | 5.0s
2026-07-29 00:45:12 | Ep 17/50 | Loss 0.1252 Acc 95.05% | Val 0.0700 Acc 96.49% | 5.3s
2026-07-29 00:45:12 |   -> saved best
2026-07-29 00:45:17 | Ep 18/50 | Loss 0.1404 Acc 94.63% | Val 0.0826 Acc 95.58% | 5.1s
2026-07-29 00:45:22 | Ep 19/50 | Loss 0.1300 Acc 95.28% | Val 0.0906 Acc 96.49% | 5.0s
2026-07-29 00:45:28 | Ep 20/50 | Loss 0.1207 Acc 95.18% | Val 0.0781 Acc 97.14% | 5.2s
2026-07-29 00:45:33 | Ep 21/50 | Loss 0.1171 Acc 95.38% | Val 0.0686 Acc 96.88% | 5.1s
2026-07-29 00:45:33 |   -> saved best
2026-07-29 00:45:39 | Ep 22/50 | Loss 0.1061 Acc 96.03% | Val 0.0617 Acc 97.66% | 5.2s
2026-07-29 00:45:39 |   -> saved best
2026-07-29 00:45:44 | Ep 23/50 | Loss 0.0943 Acc 96.42% | Val 0.0861 Acc 96.62% | 5.1s
2026-07-29 00:45:50 | Ep 24/50 | Loss 0.1096 Acc 96.19% | Val 0.0862 Acc 96.62% | 5.0s
2026-07-29 00:45:55 | Ep 25/50 | Loss 0.1122 Acc 95.90% | Val 0.0659 Acc 97.27% | 5.0s
2026-07-29 00:46:00 | Ep 26/50 | Loss 0.1087 Acc 95.74% | Val 0.1065 Acc 95.71% | 5.0s
2026-07-29 00:46:05 | Ep 27/50 | Loss 0.0847 Acc 97.01% | Val 0.0781 Acc 96.75% | 5.0s
2026-07-29 00:46:10 | Ep 28/50 | Loss 0.0865 Acc 96.74% | Val 0.0691 Acc 97.66% | 5.0s
2026-07-29 00:46:16 | Ep 29/50 | Loss 0.0965 Acc 96.13% | Val 0.0919 Acc 95.97% | 5.0s
2026-07-29 00:46:21 | Ep 30/50 | Loss 0.0882 Acc 96.97% | Val 0.0645 Acc 96.88% | 4.9s
2026-07-29 00:46:26 | Ep 31/50 | Loss 0.0823 Acc 96.97% | Val 0.0596 Acc 98.05% | 5.0s
2026-07-29 00:46:26 |   -> saved best
2026-07-29 00:46:31 | Ep 32/50 | Loss 0.0829 Acc 96.78% | Val 0.0641 Acc 97.53% | 4.9s
2026-07-29 00:46:37 | Ep 33/50 | Loss 0.0788 Acc 96.97% | Val 0.0614 Acc 97.79% | 5.1s
2026-07-29 00:46:42 | Ep 34/50 | Loss 0.0715 Acc 97.36% | Val 0.0622 Acc 97.40% | 4.9s
2026-07-29 00:46:47 | Ep 35/50 | Loss 0.0684 Acc 97.49% | Val 0.0582 Acc 98.05% | 5.0s
2026-07-29 00:46:47 |   -> saved best
2026-07-29 00:46:53 | Ep 36/50 | Loss 0.0814 Acc 97.14% | Val 0.0578 Acc 98.05% | 5.1s
2026-07-29 00:46:53 |   -> saved best
2026-07-29 00:46:58 | Ep 37/50 | Loss 0.0778 Acc 97.17% | Val 0.0706 Acc 97.14% | 5.0s
2026-07-29 00:47:03 | Ep 38/50 | Loss 0.0823 Acc 97.14% | Val 0.0470 Acc 97.79% | 5.1s
2026-07-29 00:47:03 |   -> saved best
2026-07-29 00:47:09 | Ep 39/50 | Loss 0.0689 Acc 97.79% | Val 0.0553 Acc 97.92% | 5.0s
2026-07-29 00:47:14 | Ep 40/50 | Loss 0.0779 Acc 97.07% | Val 0.0895 Acc 96.49% | 5.0s
2026-07-29 00:47:19 | Ep 41/50 | Loss 0.0728 Acc 97.43% | Val 0.0859 Acc 96.49% | 5.0s
2026-07-29 00:47:24 | Ep 42/50 | Loss 0.0735 Acc 97.20% | Val 0.0548 Acc 97.66% | 5.0s
2026-07-29 00:47:30 | Ep 43/50 | Loss 0.0691 Acc 97.56% | Val 0.0492 Acc 98.31% | 5.0s
2026-07-29 00:47:35 | Ep 44/50 | Loss 0.0595 Acc 98.05% | Val 0.0718 Acc 97.79% | 5.0s
2026-07-29 00:47:40 | Ep 45/50 | Loss 0.0650 Acc 97.36% | Val 0.0604 Acc 97.27% | 5.0s
2026-07-29 00:47:45 | Ep 46/50 | Loss 0.0760 Acc 96.88% | Val 0.0608 Acc 97.27% | 5.0s
2026-07-29 00:47:51 | Ep 47/50 | Loss 0.0658 Acc 97.75% | Val 0.0536 Acc 97.79% | 5.0s
2026-07-29 00:47:56 | Ep 48/50 | Loss 0.0662 Acc 97.82% | Val 0.0693 Acc 97.40% | 5.0s
2026-07-29 00:48:01 | Ep 49/50 | Loss 0.0717 Acc 97.53% | Val 0.0840 Acc 96.75% | 5.0s
2026-07-29 00:48:06 | Ep 50/50 | Loss 0.0728 Acc 97.53% | Val 0.1159 Acc 95.84% | 5.0s
2026-07-29 00:48:07 | Done in 4.67 min
2026-07-29 00:48:09 | 
================================================================================
2026-07-29 00:48:09 | TRAIN (FROM SCRATCH): ResNet-50 | Fold 5/5 | batch=128 | lr=1.00e-04 | classes=4
2026-07-29 00:48:09 | ================================================================================
2026-07-29 00:48:09 |   [INFO] ResNet-50 initialized FROM SCRATCH (no pretrained weights)
2026-07-29 00:48:28 | Ep 01/50 | Loss 0.8138 Acc 67.64% | Val 2.1762 Acc 45.45% | 19.2s
2026-07-29 00:48:29 |   -> saved best
2026-07-29 00:48:34 | Ep 02/50 | Loss 0.3396 Acc 84.70% | Val 0.3503 Acc 85.32% | 5.2s
2026-07-29 00:48:34 |   -> saved best
2026-07-29 00:48:40 | Ep 03/50 | Loss 0.2970 Acc 86.36% | Val 0.3422 Acc 85.19% | 5.3s
2026-07-29 00:48:40 |   -> saved best
2026-07-29 00:48:45 | Ep 04/50 | Loss 0.2467 Acc 88.70% | Val 0.2953 Acc 87.14% | 5.2s
2026-07-29 00:48:45 |   -> saved best
2026-07-29 00:48:51 | Ep 05/50 | Loss 0.2282 Acc 89.91% | Val 0.2113 Acc 91.04% | 5.2s
2026-07-29 00:48:51 |   -> saved best
2026-07-29 00:48:56 | Ep 06/50 | Loss 0.2231 Acc 90.85% | Val 0.1980 Acc 90.91% | 5.1s
2026-07-29 00:48:56 |   -> saved best
2026-07-29 00:49:02 | Ep 07/50 | Loss 0.2161 Acc 91.05% | Val 0.1770 Acc 92.99% | 5.1s
2026-07-29 00:49:02 |   -> saved best
2026-07-29 00:49:07 | Ep 08/50 | Loss 0.1920 Acc 92.29% | Val 0.2320 Acc 91.82% | 5.1s
2026-07-29 00:49:12 | Ep 09/50 | Loss 0.1780 Acc 92.61% | Val 0.1954 Acc 91.30% | 5.0s
2026-07-29 00:49:18 | Ep 10/50 | Loss 0.1676 Acc 93.10% | Val 0.1460 Acc 94.03% | 5.1s
2026-07-29 00:49:18 |   -> saved best
2026-07-29 00:49:23 | Ep 11/50 | Loss 0.1453 Acc 94.50% | Val 0.1356 Acc 93.90% | 5.1s
2026-07-29 00:49:23 |   -> saved best
2026-07-29 00:49:29 | Ep 12/50 | Loss 0.1337 Acc 95.35% | Val 0.1227 Acc 95.32% | 5.0s
2026-07-29 00:49:29 |   -> saved best
2026-07-29 00:49:34 | Ep 13/50 | Loss 0.1450 Acc 94.08% | Val 0.1351 Acc 94.68% | 5.1s
2026-07-29 00:49:39 | Ep 14/50 | Loss 0.1525 Acc 94.21% | Val 0.1943 Acc 92.99% | 5.1s
2026-07-29 00:49:45 | Ep 15/50 | Loss 0.1363 Acc 93.91% | Val 0.1341 Acc 94.94% | 5.0s
2026-07-29 00:49:50 | Ep 16/50 | Loss 0.1127 Acc 95.80% | Val 0.1202 Acc 95.58% | 5.1s
2026-07-29 00:49:50 |   -> saved best
2026-07-29 00:49:55 | Ep 17/50 | Loss 0.1082 Acc 96.19% | Val 0.1050 Acc 96.49% | 5.0s
2026-07-29 00:49:55 |   -> saved best
2026-07-29 00:50:01 | Ep 18/50 | Loss 0.0905 Acc 96.81% | Val 0.1281 Acc 96.10% | 5.1s
2026-07-29 00:50:06 | Ep 19/50 | Loss 0.0976 Acc 96.22% | Val 0.1217 Acc 95.45% | 5.1s
2026-07-29 00:50:11 | Ep 20/50 | Loss 0.1155 Acc 95.38% | Val 0.1274 Acc 95.06% | 5.1s
2026-07-29 00:50:17 | Ep 21/50 | Loss 0.0954 Acc 96.39% | Val 0.1351 Acc 94.55% | 5.0s
2026-07-29 00:50:22 | Ep 22/50 | Loss 0.0941 Acc 96.29% | Val 0.1150 Acc 96.88% | 5.0s
2026-07-29 00:50:27 | Ep 23/50 | Loss 0.0906 Acc 96.48% | Val 0.1171 Acc 96.23% | 5.1s
2026-07-29 00:50:33 | Ep 24/50 | Loss 0.1052 Acc 95.90% | Val 0.1400 Acc 94.81% | 5.0s
2026-07-29 00:50:38 | Ep 25/50 | Loss 0.0914 Acc 96.39% | Val 0.1349 Acc 95.71% | 4.9s
2026-07-29 00:50:43 | Ep 26/50 | Loss 0.0814 Acc 96.61% | Val 0.1418 Acc 95.58% | 4.9s
2026-07-29 00:50:48 | Ep 27/50 | Loss 0.0750 Acc 97.01% | Val 0.1333 Acc 95.71% | 5.0s
2026-07-29 00:50:53 | Ep 28/50 | Loss 0.0906 Acc 96.45% | Val 0.1053 Acc 96.36% | 4.9s
2026-07-29 00:50:59 | Ep 29/50 | Loss 0.0850 Acc 96.94% | Val 0.1021 Acc 96.88% | 4.9s
2026-07-29 00:50:59 |   -> saved best
2026-07-29 00:51:04 | Ep 30/50 | Loss 0.0825 Acc 96.81% | Val 0.1946 Acc 93.38% | 4.9s
2026-07-29 00:51:09 | Ep 31/50 | Loss 0.0823 Acc 96.71% | Val 0.1018 Acc 96.49% | 4.9s
2026-07-29 00:51:09 |   -> saved best
2026-07-29 00:51:14 | Ep 32/50 | Loss 0.0749 Acc 97.23% | Val 0.1141 Acc 96.49% | 5.0s
2026-07-29 00:51:19 | Ep 33/50 | Loss 0.0729 Acc 97.17% | Val 0.0906 Acc 96.62% | 4.9s
2026-07-29 00:51:20 |   -> saved best
2026-07-29 00:51:25 | Ep 34/50 | Loss 0.0887 Acc 96.48% | Val 0.1149 Acc 95.19% | 5.0s
2026-07-29 00:51:30 | Ep 35/50 | Loss 0.0779 Acc 97.14% | Val 0.0969 Acc 97.01% | 5.0s
2026-07-29 00:51:35 | Ep 36/50 | Loss 0.0700 Acc 97.46% | Val 0.1058 Acc 96.75% | 5.0s
2026-07-29 00:51:41 | Ep 37/50 | Loss 0.0751 Acc 97.14% | Val 0.0967 Acc 96.75% | 5.0s
2026-07-29 00:51:46 | Ep 38/50 | Loss 0.0731 Acc 97.27% | Val 0.1205 Acc 95.32% | 5.0s
2026-07-29 00:51:51 | Ep 39/50 | Loss 0.0655 Acc 97.43% | Val 0.1121 Acc 96.49% | 5.0s
2026-07-29 00:51:56 | Ep 40/50 | Loss 0.0601 Acc 97.92% | Val 0.1184 Acc 96.62% | 4.9s
2026-07-29 00:52:02 | Ep 41/50 | Loss 0.0672 Acc 97.46% | Val 0.1183 Acc 96.36% | 5.0s
2026-07-29 00:52:07 | Ep 42/50 | Loss 0.0652 Acc 97.33% | Val 0.0984 Acc 96.88% | 4.9s
2026-07-29 00:52:12 | Ep 43/50 | Loss 0.0583 Acc 97.82% | Val 0.1037 Acc 96.36% | 5.0s
2026-07-29 00:52:17 | Ep 44/50 | Loss 0.0530 Acc 98.08% | Val 0.1109 Acc 96.88% | 5.0s
2026-07-29 00:52:23 | Ep 45/50 | Loss 0.0607 Acc 97.75% | Val 0.1276 Acc 96.36% | 5.0s
2026-07-29 00:52:28 | Ep 46/50 | Loss 0.0751 Acc 97.30% | Val 0.1097 Acc 96.10% | 4.9s
2026-07-29 00:52:33 | Ep 47/50 | Loss 0.0553 Acc 98.27% | Val 0.0945 Acc 96.88% | 5.0s
2026-07-29 00:52:38 | Ep 48/50 | Loss 0.0540 Acc 98.18% | Val 0.1067 Acc 96.36% | 5.0s
2026-07-29 00:52:39 |   Early stop at epoch 48
2026-07-29 00:52:39 | Done in 4.49 min
2026-07-29 00:52:41 | 
================================================================================
2026-07-29 00:52:41 | TRAIN (FROM SCRATCH): ViT-B/16 | Fold 1/5 | batch=64 | lr=1.00e-04 | classes=4
2026-07-29 00:52:41 | ================================================================================
2026-07-29 00:52:42 |   [INFO] ViT-B/16 initialized FROM SCRATCH (no pretrained weights)
2026-07-29 00:53:06 | Ep 01/50 | Loss 0.7855 Acc 70.96% | Val 0.3135 Acc 85.73% | 23.7s
2026-07-29 00:53:06 |   -> saved best
2026-07-29 00:53:16 | Ep 02/50 | Loss 0.3307 Acc 84.80% | Val 0.2563 Acc 85.99% | 8.8s
2026-07-29 00:53:16 |   -> saved best
2026-07-29 00:53:26 | Ep 03/50 | Loss 0.2956 Acc 86.65% | Val 0.2093 Acc 90.14% | 8.7s
2026-07-29 00:53:26 |   -> saved best
2026-07-29 00:53:39 | Ep 04/50 | Loss 0.2449 Acc 89.45% | Val 0.1866 Acc 91.70% | 8.7s
2026-07-29 00:53:41 |   -> saved best
2026-07-29 00:53:50 | Ep 05/50 | Loss 0.1916 Acc 92.42% | Val 0.1707 Acc 92.61% | 8.7s
2026-07-29 00:53:50 |   -> saved best
2026-07-29 00:54:00 | Ep 06/50 | Loss 0.1817 Acc 92.68% | Val 0.1457 Acc 92.61% | 8.7s
2026-07-29 00:54:00 |   -> saved best
2026-07-29 00:54:15 | Ep 07/50 | Loss 0.1606 Acc 93.16% | Val 0.1069 Acc 95.46% | 8.7s
2026-07-29 00:54:15 |   -> saved best
2026-07-29 00:54:24 | Ep 08/50 | Loss 0.1846 Acc 93.00% | Val 0.1082 Acc 95.20% | 8.7s
2026-07-29 00:54:34 | Ep 09/50 | Loss 0.1555 Acc 93.95% | Val 0.0786 Acc 96.76% | 8.7s
2026-07-29 00:54:34 |   -> saved best
2026-07-29 00:54:50 | Ep 10/50 | Loss 0.1394 Acc 94.60% | Val 0.0853 Acc 95.85% | 8.8s
2026-07-29 00:55:10 | Ep 11/50 | Loss 0.1458 Acc 94.69% | Val 0.0909 Acc 96.50% | 8.9s
2026-07-29 00:55:19 | Ep 12/50 | Loss 0.1280 Acc 94.79% | Val 0.1643 Acc 92.22% | 8.7s
2026-07-29 00:55:29 | Ep 13/50 | Loss 0.1291 Acc 94.92% | Val 0.1524 Acc 92.61% | 8.7s
2026-07-29 00:55:38 | Ep 14/50 | Loss 0.1284 Acc 94.60% | Val 0.0794 Acc 97.28% | 8.7s
2026-07-29 00:55:51 | Ep 15/50 | Loss 0.1256 Acc 94.86% | Val 0.1477 Acc 93.90% | 8.7s
2026-07-29 00:56:01 | Ep 16/50 | Loss 0.1152 Acc 95.83% | Val 0.1299 Acc 93.26% | 8.7s
2026-07-29 00:56:10 | Ep 17/50 | Loss 0.1010 Acc 96.09% | Val 0.0594 Acc 98.05% | 8.7s
2026-07-29 00:56:10 |   -> saved best
2026-07-29 00:56:20 | Ep 18/50 | Loss 0.1136 Acc 95.61% | Val 0.0812 Acc 96.50% | 8.7s
2026-07-29 00:56:30 | Ep 19/50 | Loss 0.1120 Acc 95.31% | Val 0.1273 Acc 93.77% | 8.7s
2026-07-29 00:56:39 | Ep 20/50 | Loss 0.1052 Acc 96.29% | Val 0.0618 Acc 97.41% | 8.7s
2026-07-29 00:56:52 | Ep 21/50 | Loss 0.0926 Acc 96.48% | Val 0.0829 Acc 96.76% | 8.7s
2026-07-29 00:57:02 | Ep 22/50 | Loss 0.0891 Acc 96.65% | Val 0.1312 Acc 94.94% | 8.7s
2026-07-29 00:57:11 | Ep 23/50 | Loss 0.0957 Acc 96.65% | Val 0.0975 Acc 95.59% | 8.7s
2026-07-29 00:57:21 | Ep 24/50 | Loss 0.0989 Acc 96.29% | Val 0.1043 Acc 94.81% | 8.7s
2026-07-29 00:57:32 | Ep 25/50 | Loss 0.0784 Acc 97.33% | Val 0.1455 Acc 93.13% | 8.7s
2026-07-29 00:57:56 | Ep 26/50 | Loss 0.0789 Acc 97.17% | Val 0.0634 Acc 97.41% | 8.9s
2026-07-29 00:58:05 | Ep 27/50 | Loss 0.1075 Acc 95.93% | Val 0.0532 Acc 98.31% | 8.7s
2026-07-29 00:58:05 |   -> saved best
2026-07-29 00:58:15 | Ep 28/50 | Loss 0.0767 Acc 97.07% | Val 0.0482 Acc 97.54% | 8.7s
2026-07-29 00:58:15 |   -> saved best
2026-07-29 00:58:25 | Ep 29/50 | Loss 0.0738 Acc 97.04% | Val 0.0951 Acc 95.33% | 8.7s
2026-07-29 00:58:36 | Ep 30/50 | Loss 0.1025 Acc 95.93% | Val 0.0899 Acc 96.24% | 8.8s
2026-07-29 00:58:47 | Ep 31/50 | Loss 0.1022 Acc 95.93% | Val 0.1244 Acc 94.68% | 8.7s
2026-07-29 00:58:57 | Ep 32/50 | Loss 0.0837 Acc 97.04% | Val 0.0819 Acc 96.24% | 8.7s
2026-07-29 00:59:06 | Ep 33/50 | Loss 0.0782 Acc 97.01% | Val 0.0410 Acc 98.44% | 8.7s
2026-07-29 00:59:07 |   -> saved best
2026-07-29 00:59:16 | Ep 34/50 | Loss 0.0777 Acc 96.78% | Val 0.0536 Acc 97.92% | 8.7s
2026-07-29 00:59:26 | Ep 35/50 | Loss 0.0718 Acc 97.17% | Val 0.0616 Acc 97.02% | 8.7s
2026-07-29 00:59:39 | Ep 36/50 | Loss 0.0656 Acc 97.72% | Val 0.1069 Acc 95.33% | 8.7s
2026-07-29 00:59:48 | Ep 37/50 | Loss 0.0746 Acc 97.30% | Val 0.0770 Acc 96.50% | 8.7s
2026-07-29 00:59:58 | Ep 38/50 | Loss 0.0856 Acc 96.52% | Val 0.0461 Acc 98.31% | 8.7s
2026-07-29 01:00:07 | Ep 39/50 | Loss 0.0735 Acc 96.94% | Val 0.0842 Acc 95.85% | 8.7s
2026-07-29 01:00:19 | Ep 40/50 | Loss 0.0769 Acc 97.40% | Val 0.0525 Acc 97.92% | 8.7s
2026-07-29 01:00:42 | Ep 41/50 | Loss 0.0635 Acc 97.56% | Val 0.0652 Acc 97.54% | 8.9s
2026-07-29 01:00:52 | Ep 42/50 | Loss 0.0693 Acc 97.69% | Val 0.0431 Acc 98.31% | 8.7s
2026-07-29 01:01:01 | Ep 43/50 | Loss 0.0606 Acc 97.98% | Val 0.0511 Acc 97.80% | 8.7s
2026-07-29 01:01:11 | Ep 44/50 | Loss 0.0494 Acc 98.24% | Val 0.0452 Acc 98.31% | 8.7s
2026-07-29 01:01:20 | Ep 45/50 | Loss 0.0757 Acc 97.40% | Val 0.0493 Acc 98.18% | 8.7s
2026-07-29 01:01:30 | Ep 46/50 | Loss 0.0628 Acc 97.46% | Val 0.0594 Acc 97.02% | 8.7s
2026-07-29 01:01:44 | Ep 47/50 | Loss 0.0516 Acc 98.05% | Val 0.0869 Acc 96.76% | 8.9s
2026-07-29 01:01:54 | Ep 48/50 | Loss 0.0651 Acc 97.59% | Val 0.0497 Acc 97.80% | 8.7s
2026-07-29 01:01:55 |   Early stop at epoch 48
2026-07-29 01:01:55 | Done in 9.21 min
2026-07-29 01:01:57 | 
================================================================================
2026-07-29 01:01:57 | TRAIN (FROM SCRATCH): ViT-B/16 | Fold 2/5 | batch=64 | lr=1.00e-04 | classes=4
2026-07-29 01:01:57 | ================================================================================
2026-07-29 01:01:58 |   [INFO] ViT-B/16 initialized FROM SCRATCH (no pretrained weights)
2026-07-29 01:02:21 | Ep 01/50 | Loss 0.7362 Acc 72.36% | Val 0.3195 Acc 84.57% | 23.0s
2026-07-29 01:02:21 |   -> saved best
2026-07-29 01:02:30 | Ep 02/50 | Loss 0.3091 Acc 85.64% | Val 0.2242 Acc 88.33% | 8.7s
2026-07-29 01:02:31 |   -> saved best
2026-07-29 01:02:49 | Ep 03/50 | Loss 0.2611 Acc 88.54% | Val 0.2583 Acc 87.68% | 8.9s
2026-07-29 01:02:59 | Ep 04/50 | Loss 0.2357 Acc 90.49% | Val 0.1549 Acc 92.35% | 8.7s
2026-07-29 01:02:59 |   -> saved best
2026-07-29 01:03:08 | Ep 05/50 | Loss 0.1881 Acc 92.15% | Val 0.1452 Acc 92.61% | 8.6s
2026-07-29 01:03:09 |   -> saved best
2026-07-29 01:03:25 | Ep 06/50 | Loss 0.1662 Acc 93.00% | Val 0.1593 Acc 91.96% | 9.0s
2026-07-29 01:03:45 | Ep 07/50 | Loss 0.1597 Acc 93.91% | Val 0.1196 Acc 95.46% | 8.8s
2026-07-29 01:03:45 |   -> saved best
2026-07-29 01:03:55 | Ep 08/50 | Loss 0.1463 Acc 94.24% | Val 0.1808 Acc 90.92% | 8.7s
2026-07-29 01:04:04 | Ep 09/50 | Loss 0.1365 Acc 94.89% | Val 0.1269 Acc 94.81% | 8.7s
2026-07-29 01:04:17 | Ep 10/50 | Loss 0.1388 Acc 94.66% | Val 0.1826 Acc 92.22% | 8.7s
2026-07-29 01:04:27 | Ep 11/50 | Loss 0.1218 Acc 95.38% | Val 0.1323 Acc 94.03% | 8.7s
2026-07-29 01:04:36 | Ep 12/50 | Loss 0.1136 Acc 95.83% | Val 0.1374 Acc 94.55% | 8.7s
2026-07-29 01:04:46 | Ep 13/50 | Loss 0.1352 Acc 94.76% | Val 0.1937 Acc 92.61% | 8.7s
2026-07-29 01:04:56 | Ep 14/50 | Loss 0.1147 Acc 95.51% | Val 0.1669 Acc 92.61% | 8.7s
2026-07-29 01:05:05 | Ep 15/50 | Loss 0.1184 Acc 95.54% | Val 0.1147 Acc 95.59% | 8.7s
2026-07-29 01:05:08 |   -> saved best
2026-07-29 01:05:26 | Ep 16/50 | Loss 0.0951 Acc 96.55% | Val 0.1026 Acc 96.50% | 8.9s
2026-07-29 01:05:27 |   -> saved best
2026-07-29 01:05:36 | Ep 17/50 | Loss 0.1139 Acc 95.41% | Val 0.1670 Acc 94.16% | 8.7s
2026-07-29 01:05:46 | Ep 18/50 | Loss 0.0999 Acc 96.22% | Val 0.1863 Acc 92.87% | 8.7s
2026-07-29 01:05:55 | Ep 19/50 | Loss 0.1019 Acc 96.22% | Val 0.1701 Acc 93.39% | 8.7s
2026-07-29 01:06:14 | Ep 20/50 | Loss 0.1057 Acc 95.96% | Val 0.1016 Acc 95.46% | 8.9s
2026-07-29 01:06:21 |   -> saved best
2026-07-29 01:06:31 | Ep 21/50 | Loss 0.0937 Acc 96.48% | Val 0.1483 Acc 94.68% | 8.9s
2026-07-29 01:06:41 | Ep 22/50 | Loss 0.0864 Acc 96.68% | Val 0.1084 Acc 95.20% | 8.7s
2026-07-29 01:06:50 | Ep 23/50 | Loss 0.0885 Acc 96.61% | Val 0.1365 Acc 95.33% | 8.7s
2026-07-29 01:07:00 | Ep 24/50 | Loss 0.0758 Acc 96.81% | Val 0.1416 Acc 94.94% | 8.7s
2026-07-29 01:07:09 | Ep 25/50 | Loss 0.1066 Acc 95.83% | Val 0.1587 Acc 94.16% | 8.7s
2026-07-29 01:07:22 | Ep 26/50 | Loss 0.1123 Acc 95.48% | Val 0.1026 Acc 96.24% | 8.7s
2026-07-29 01:07:32 | Ep 27/50 | Loss 0.0916 Acc 96.58% | Val 0.1624 Acc 92.87% | 8.7s
2026-07-29 01:07:41 | Ep 28/50 | Loss 0.0786 Acc 96.91% | Val 0.0918 Acc 96.37% | 8.7s
2026-07-29 01:07:41 |   -> saved best
2026-07-29 01:07:51 | Ep 29/50 | Loss 0.0822 Acc 96.78% | Val 0.1176 Acc 95.20% | 8.7s
2026-07-29 01:08:01 | Ep 30/50 | Loss 0.0786 Acc 96.97% | Val 0.1241 Acc 94.94% | 8.7s
2026-07-29 01:08:16 | Ep 31/50 | Loss 0.0785 Acc 96.84% | Val 0.1156 Acc 95.72% | 8.7s
2026-07-29 01:08:25 | Ep 32/50 | Loss 0.0787 Acc 97.04% | Val 0.0815 Acc 97.02% | 8.7s
2026-07-29 01:08:26 |   -> saved best
2026-07-29 01:08:35 | Ep 33/50 | Loss 0.0769 Acc 97.33% | Val 0.1880 Acc 92.87% | 8.7s
2026-07-29 01:08:45 | Ep 34/50 | Loss 0.0737 Acc 97.49% | Val 0.0869 Acc 96.63% | 8.7s
2026-07-29 01:08:54 | Ep 35/50 | Loss 0.0721 Acc 97.40% | Val 0.0886 Acc 96.89% | 8.7s
2026-07-29 01:09:10 | Ep 36/50 | Loss 0.0900 Acc 96.26% | Val 0.0804 Acc 97.15% | 8.7s
2026-07-29 01:09:10 |   -> saved best
2026-07-29 01:09:31 | Ep 37/50 | Loss 0.0912 Acc 96.78% | Val 0.0990 Acc 95.85% | 8.9s
2026-07-29 01:09:41 | Ep 38/50 | Loss 0.0646 Acc 97.59% | Val 0.1146 Acc 96.11% | 8.7s
2026-07-29 01:09:50 | Ep 39/50 | Loss 0.0529 Acc 98.21% | Val 0.1194 Acc 95.98% | 8.7s
2026-07-29 01:10:00 | Ep 40/50 | Loss 0.0643 Acc 97.72% | Val 0.1037 Acc 96.76% | 8.7s
2026-07-29 01:10:09 | Ep 41/50 | Loss 0.0952 Acc 96.45% | Val 0.0888 Acc 96.76% | 8.7s
2026-07-29 01:10:21 | Ep 42/50 | Loss 0.0641 Acc 97.62% | Val 0.1232 Acc 94.81% | 8.7s
2026-07-29 01:10:32 | Ep 43/50 | Loss 0.0699 Acc 97.53% | Val 0.0838 Acc 96.89% | 8.7s
2026-07-29 01:10:41 | Ep 44/50 | Loss 0.0625 Acc 97.23% | Val 0.1183 Acc 95.59% | 8.7s
2026-07-29 01:10:51 | Ep 45/50 | Loss 0.0673 Acc 97.30% | Val 0.1669 Acc 94.29% | 8.7s
2026-07-29 01:11:00 | Ep 46/50 | Loss 0.0886 Acc 96.94% | Val 0.1009 Acc 96.37% | 8.7s
2026-07-29 01:11:10 | Ep 47/50 | Loss 0.0599 Acc 97.53% | Val 0.0859 Acc 97.41% | 8.7s
2026-07-29 01:11:19 | Ep 48/50 | Loss 0.0565 Acc 97.72% | Val 0.1026 Acc 95.20% | 8.7s
2026-07-29 01:11:33 | Ep 49/50 | Loss 0.0478 Acc 98.08% | Val 0.0781 Acc 97.80% | 8.7s
2026-07-29 01:11:34 |   -> saved best
2026-07-29 01:11:43 | Ep 50/50 | Loss 0.0715 Acc 97.14% | Val 0.0971 Acc 96.24% | 8.7s
2026-07-29 01:11:44 | Done in 9.77 min
2026-07-29 01:11:47 | 
================================================================================
2026-07-29 01:11:47 | TRAIN (FROM SCRATCH): ViT-B/16 | Fold 3/5 | batch=64 | lr=1.00e-04 | classes=4
2026-07-29 01:11:47 | ================================================================================
2026-07-29 01:11:47 |   [INFO] ViT-B/16 initialized FROM SCRATCH (no pretrained weights)
2026-07-29 01:12:10 | Ep 01/50 | Loss 0.7236 Acc 75.07% | Val 0.2280 Acc 88.18% | 23.2s
2026-07-29 01:12:10 |   -> saved best
2026-07-29 01:12:20 | Ep 02/50 | Loss 0.2953 Acc 85.68% | Val 0.1998 Acc 90.13% | 8.8s
2026-07-29 01:12:20 |   -> saved best
2026-07-29 01:12:43 | Ep 03/50 | Loss 0.2451 Acc 89.88% | Val 0.2173 Acc 89.48% | 8.9s
2026-07-29 01:12:56 | Ep 04/50 | Loss 0.2202 Acc 90.98% | Val 0.1769 Acc 90.65% | 8.7s
2026-07-29 01:12:56 |   -> saved best
2026-07-29 01:13:06 | Ep 05/50 | Loss 0.2081 Acc 91.89% | Val 0.1366 Acc 93.25% | 8.7s
2026-07-29 01:13:06 |   -> saved best
2026-07-29 01:13:15 | Ep 06/50 | Loss 0.1876 Acc 92.68% | Val 0.1640 Acc 91.43% | 8.6s
2026-07-29 01:13:31 | Ep 07/50 | Loss 0.1722 Acc 93.62% | Val 0.1919 Acc 91.17% | 8.8s
2026-07-29 01:13:41 | Ep 08/50 | Loss 0.1445 Acc 94.30% | Val 0.1050 Acc 95.19% | 8.6s
2026-07-29 01:13:41 |   -> saved best
2026-07-29 01:13:51 | Ep 09/50 | Loss 0.1582 Acc 93.36% | Val 0.0901 Acc 95.71% | 8.7s
2026-07-29 01:13:51 |   -> saved best
2026-07-29 01:14:12 | Ep 10/50 | Loss 0.1250 Acc 95.12% | Val 0.1487 Acc 92.73% | 8.8s
2026-07-29 01:14:21 | Ep 11/50 | Loss 0.1317 Acc 94.89% | Val 0.0816 Acc 96.49% | 8.7s
2026-07-29 01:14:22 |   -> saved best
2026-07-29 01:14:31 | Ep 12/50 | Loss 0.1286 Acc 94.69% | Val 0.1151 Acc 94.55% | 8.7s
2026-07-29 01:14:41 | Ep 13/50 | Loss 0.1180 Acc 96.03% | Val 0.0708 Acc 97.01% | 8.7s
2026-07-29 01:14:43 |   -> saved best
2026-07-29 01:15:10 | Ep 14/50 | Loss 0.1285 Acc 94.69% | Val 0.0724 Acc 97.14% | 8.8s
2026-07-29 01:15:20 | Ep 15/50 | Loss 0.1019 Acc 95.93% | Val 0.1086 Acc 96.10% | 8.7s
2026-07-29 01:15:29 | Ep 16/50 | Loss 0.1241 Acc 95.12% | Val 0.0884 Acc 95.97% | 8.7s
2026-07-29 01:15:39 | Ep 17/50 | Loss 0.1056 Acc 95.74% | Val 0.0879 Acc 96.75% | 8.7s
2026-07-29 01:15:51 | Ep 18/50 | Loss 0.0998 Acc 96.39% | Val 0.1122 Acc 95.84% | 8.7s
2026-07-29 01:16:01 | Ep 19/50 | Loss 0.0905 Acc 96.35% | Val 0.0748 Acc 96.49% | 8.7s
2026-07-29 01:16:11 | Ep 20/50 | Loss 0.1001 Acc 96.03% | Val 0.0622 Acc 97.40% | 8.7s
2026-07-29 01:16:11 |   -> saved best
2026-07-29 01:16:21 | Ep 21/50 | Loss 0.0838 Acc 96.97% | Val 0.0872 Acc 96.23% | 8.7s
2026-07-29 01:16:30 | Ep 22/50 | Loss 0.1066 Acc 95.93% | Val 0.0648 Acc 97.14% | 8.7s
2026-07-29 01:16:40 | Ep 23/50 | Loss 0.0913 Acc 96.58% | Val 0.1605 Acc 93.51% | 8.7s
2026-07-29 01:16:58 | Ep 24/50 | Loss 0.0766 Acc 97.27% | Val 0.1127 Acc 95.19% | 8.9s
2026-07-29 01:17:07 | Ep 25/50 | Loss 0.0846 Acc 96.84% | Val 0.0851 Acc 97.53% | 8.7s
2026-07-29 01:17:17 | Ep 26/50 | Loss 0.0848 Acc 96.78% | Val 0.0867 Acc 96.23% | 8.7s
2026-07-29 01:17:26 | Ep 27/50 | Loss 0.0858 Acc 96.71% | Val 0.0919 Acc 96.10% | 8.7s
2026-07-29 01:17:36 | Ep 28/50 | Loss 0.0858 Acc 96.78% | Val 0.0721 Acc 97.40% | 8.7s
2026-07-29 01:17:52 | Ep 29/50 | Loss 0.1040 Acc 95.74% | Val 0.0908 Acc 96.75% | 8.9s
2026-07-29 01:18:11 | Ep 30/50 | Loss 0.1027 Acc 96.03% | Val 0.1754 Acc 93.64% | 8.9s
2026-07-29 01:18:21 | Ep 31/50 | Loss 0.0884 Acc 96.74% | Val 0.0912 Acc 95.84% | 8.7s
2026-07-29 01:18:30 | Ep 32/50 | Loss 0.0696 Acc 97.14% | Val 0.1283 Acc 95.45% | 8.6s
2026-07-29 01:18:40 | Ep 33/50 | Loss 0.0976 Acc 96.09% | Val 0.0859 Acc 96.49% | 8.7s
2026-07-29 01:18:49 | Ep 34/50 | Loss 0.0775 Acc 97.10% | Val 0.1396 Acc 94.42% | 8.7s
2026-07-29 01:19:01 | Ep 35/50 | Loss 0.0715 Acc 97.43% | Val 0.0544 Acc 97.53% | 8.7s
2026-07-29 01:19:02 |   -> saved best
2026-07-29 01:19:12 | Ep 36/50 | Loss 0.0543 Acc 98.14% | Val 0.0529 Acc 97.66% | 8.7s
2026-07-29 01:19:12 |   -> saved best
2026-07-29 01:19:22 | Ep 37/50 | Loss 0.0788 Acc 97.04% | Val 0.0657 Acc 97.79% | 8.7s
2026-07-29 01:19:31 | Ep 38/50 | Loss 0.0788 Acc 97.07% | Val 0.0774 Acc 96.88% | 8.7s
2026-07-29 01:19:41 | Ep 39/50 | Loss 0.0768 Acc 97.30% | Val 0.0666 Acc 97.27% | 8.7s
2026-07-29 01:19:55 | Ep 40/50 | Loss 0.0711 Acc 97.40% | Val 0.1247 Acc 95.58% | 8.7s
2026-07-29 01:20:04 | Ep 41/50 | Loss 0.0602 Acc 97.66% | Val 0.0547 Acc 97.79% | 8.7s
2026-07-29 01:20:14 | Ep 42/50 | Loss 0.0728 Acc 97.36% | Val 0.0654 Acc 97.27% | 8.7s
2026-07-29 01:20:23 | Ep 43/50 | Loss 0.0563 Acc 97.72% | Val 0.0856 Acc 97.01% | 8.7s
2026-07-29 01:20:33 | Ep 44/50 | Loss 0.0766 Acc 97.01% | Val 0.0914 Acc 96.49% | 8.7s
2026-07-29 01:20:42 | Ep 45/50 | Loss 0.0847 Acc 96.88% | Val 0.0803 Acc 96.88% | 8.7s
2026-07-29 01:21:01 | Ep 46/50 | Loss 0.0686 Acc 97.56% | Val 0.0719 Acc 97.27% | 8.9s
2026-07-29 01:21:12 | Ep 47/50 | Loss 0.0573 Acc 97.95% | Val 0.1369 Acc 95.71% | 8.7s
2026-07-29 01:21:21 | Ep 48/50 | Loss 0.0865 Acc 96.81% | Val 0.1447 Acc 95.32% | 8.7s
2026-07-29 01:21:31 | Ep 49/50 | Loss 0.0705 Acc 97.46% | Val 0.0570 Acc 98.05% | 8.7s
2026-07-29 01:21:40 | Ep 50/50 | Loss 0.0656 Acc 97.46% | Val 0.0878 Acc 96.88% | 8.7s
2026-07-29 01:21:41 | Done in 9.90 min
2026-07-29 01:21:44 | 
================================================================================
2026-07-29 01:21:44 | TRAIN (FROM SCRATCH): ViT-B/16 | Fold 4/5 | batch=64 | lr=1.00e-04 | classes=4
2026-07-29 01:21:44 | ================================================================================
2026-07-29 01:21:44 |   [INFO] ViT-B/16 initialized FROM SCRATCH (no pretrained weights)
2026-07-29 01:22:07 | Ep 01/50 | Loss 0.7138 Acc 74.84% | Val 0.2526 Acc 87.14% | 23.2s
2026-07-29 01:22:08 |   -> saved best
2026-07-29 01:22:27 | Ep 02/50 | Loss 0.3013 Acc 85.74% | Val 0.1867 Acc 92.34% | 8.9s
2026-07-29 01:22:27 |   -> saved best
2026-07-29 01:22:37 | Ep 03/50 | Loss 0.2444 Acc 89.97% | Val 0.1950 Acc 91.82% | 8.7s
2026-07-29 01:22:46 | Ep 04/50 | Loss 0.2286 Acc 90.40% | Val 0.1539 Acc 92.86% | 8.6s
2026-07-29 01:22:46 |   -> saved best
2026-07-29 01:22:56 | Ep 05/50 | Loss 0.2029 Acc 91.80% | Val 0.1849 Acc 90.39% | 8.7s
2026-07-29 01:23:12 | Ep 06/50 | Loss 0.2129 Acc 90.56% | Val 0.1292 Acc 94.42% | 9.0s
2026-07-29 01:23:12 |   -> saved best
2026-07-29 01:23:22 | Ep 07/50 | Loss 0.1749 Acc 93.07% | Val 0.1601 Acc 93.38% | 8.7s
2026-07-29 01:23:31 | Ep 08/50 | Loss 0.1600 Acc 94.11% | Val 0.1482 Acc 92.73% | 8.7s
2026-07-29 01:23:41 | Ep 09/50 | Loss 0.1391 Acc 94.56% | Val 0.1020 Acc 95.58% | 8.7s
2026-07-29 01:23:41 |   -> saved best
2026-07-29 01:24:00 | Ep 10/50 | Loss 0.1402 Acc 94.53% | Val 0.1290 Acc 94.16% | 8.9s
2026-07-29 01:24:17 | Ep 11/50 | Loss 0.1422 Acc 94.21% | Val 0.0984 Acc 96.36% | 8.9s
2026-07-29 01:24:18 |   -> saved best
2026-07-29 01:24:27 | Ep 12/50 | Loss 0.1408 Acc 94.24% | Val 0.0999 Acc 96.62% | 8.7s
2026-07-29 01:24:37 | Ep 13/50 | Loss 0.1081 Acc 96.06% | Val 0.0972 Acc 95.97% | 8.7s
2026-07-29 01:24:37 |   -> saved best
2026-07-29 01:24:53 | Ep 14/50 | Loss 0.1212 Acc 95.48% | Val 0.1433 Acc 94.55% | 8.9s
2026-07-29 01:25:03 | Ep 15/50 | Loss 0.1496 Acc 94.53% | Val 0.0971 Acc 96.10% | 8.7s
2026-07-29 01:25:03 |   -> saved best
2026-07-29 01:25:12 | Ep 16/50 | Loss 0.1162 Acc 95.41% | Val 0.0659 Acc 97.66% | 8.7s
2026-07-29 01:25:13 |   -> saved best
2026-07-29 01:25:22 | Ep 17/50 | Loss 0.0968 Acc 96.06% | Val 0.0629 Acc 97.01% | 8.7s
2026-07-29 01:25:25 |   -> saved best
2026-07-29 01:25:44 | Ep 18/50 | Loss 0.1053 Acc 95.80% | Val 0.1101 Acc 94.81% | 8.9s
2026-07-29 01:25:54 | Ep 19/50 | Loss 0.1091 Acc 95.70% | Val 0.1890 Acc 92.34% | 8.7s
2026-07-29 01:26:03 | Ep 20/50 | Loss 0.1072 Acc 95.90% | Val 0.1109 Acc 95.84% | 8.7s
2026-07-29 01:26:13 | Ep 21/50 | Loss 0.1128 Acc 95.21% | Val 0.0917 Acc 96.62% | 8.7s
2026-07-29 01:26:25 | Ep 22/50 | Loss 0.0889 Acc 96.45% | Val 0.0601 Acc 97.66% | 8.7s
2026-07-29 01:26:28 |   -> saved best
2026-07-29 01:26:47 | Ep 23/50 | Loss 0.0734 Acc 97.10% | Val 0.0585 Acc 97.40% | 8.8s
2026-07-29 01:26:48 |   -> saved best
2026-07-29 01:26:57 | Ep 24/50 | Loss 0.0838 Acc 97.10% | Val 0.0576 Acc 97.92% | 8.7s
2026-07-29 01:26:58 |   -> saved best
2026-07-29 01:27:07 | Ep 25/50 | Loss 0.0695 Acc 97.30% | Val 0.0635 Acc 97.66% | 8.7s
2026-07-29 01:27:17 | Ep 26/50 | Loss 0.0734 Acc 97.59% | Val 0.0597 Acc 97.79% | 8.7s
2026-07-29 01:27:35 | Ep 27/50 | Loss 0.0748 Acc 97.30% | Val 0.0625 Acc 97.79% | 8.8s
2026-07-29 01:27:45 | Ep 28/50 | Loss 0.0967 Acc 96.32% | Val 0.0791 Acc 96.88% | 8.7s
2026-07-29 01:27:54 | Ep 29/50 | Loss 0.0890 Acc 96.55% | Val 0.0625 Acc 97.79% | 8.7s
2026-07-29 01:28:04 | Ep 30/50 | Loss 0.0728 Acc 96.78% | Val 0.0974 Acc 96.36% | 8.7s
2026-07-29 01:28:13 | Ep 31/50 | Loss 0.0768 Acc 97.20% | Val 0.0618 Acc 97.79% | 8.7s
2026-07-29 01:28:23 | Ep 32/50 | Loss 0.0727 Acc 97.56% | Val 0.0707 Acc 97.79% | 8.7s
2026-07-29 01:28:36 | Ep 33/50 | Loss 0.0607 Acc 97.59% | Val 0.0790 Acc 97.01% | 8.7s
2026-07-29 01:28:45 | Ep 34/50 | Loss 0.0776 Acc 97.40% | Val 0.0598 Acc 97.92% | 8.7s
2026-07-29 01:28:55 | Ep 35/50 | Loss 0.0661 Acc 97.66% | Val 0.0751 Acc 97.14% | 8.7s
2026-07-29 01:29:04 | Ep 36/50 | Loss 0.0798 Acc 97.10% | Val 0.0777 Acc 96.88% | 8.7s
2026-07-29 01:29:14 | Ep 37/50 | Loss 0.0673 Acc 97.36% | Val 0.0651 Acc 96.88% | 8.7s
2026-07-29 01:29:29 | Ep 38/50 | Loss 0.0682 Acc 97.59% | Val 0.0916 Acc 97.14% | 8.8s
2026-07-29 01:29:49 | Ep 39/50 | Loss 0.0728 Acc 97.49% | Val 0.1047 Acc 96.36% | 8.9s
2026-07-29 01:29:50 |   Early stop at epoch 39
2026-07-29 01:29:50 | Done in 8.10 min
2026-07-29 01:29:53 | 
================================================================================
2026-07-29 01:29:53 | TRAIN (FROM SCRATCH): ViT-B/16 | Fold 5/5 | batch=64 | lr=1.00e-04 | classes=4
2026-07-29 01:29:53 | ================================================================================
2026-07-29 01:29:53 |   [INFO] ViT-B/16 initialized FROM SCRATCH (no pretrained weights)
2026-07-29 01:30:16 | Ep 01/50 | Loss 0.6765 Acc 74.71% | Val 0.3293 Acc 85.32% | 23.3s
2026-07-29 01:30:17 |   -> saved best
2026-07-29 01:30:26 | Ep 02/50 | Loss 0.3220 Acc 85.42% | Val 0.2577 Acc 88.44% | 8.7s
2026-07-29 01:30:27 |   -> saved best
2026-07-29 01:30:36 | Ep 03/50 | Loss 0.2453 Acc 89.81% | Val 0.2091 Acc 90.91% | 8.7s
2026-07-29 01:30:36 |   -> saved best
2026-07-29 01:30:56 | Ep 04/50 | Loss 0.2189 Acc 89.84% | Val 0.2198 Acc 89.74% | 8.8s
2026-07-29 01:31:05 | Ep 05/50 | Loss 0.1848 Acc 92.42% | Val 0.2060 Acc 90.52% | 8.7s
2026-07-29 01:31:05 |   -> saved best
2026-07-29 01:31:15 | Ep 06/50 | Loss 0.1757 Acc 92.77% | Val 0.1908 Acc 91.04% | 8.7s
2026-07-29 01:31:15 |   -> saved best
2026-07-29 01:31:25 | Ep 07/50 | Loss 0.1506 Acc 94.34% | Val 0.1811 Acc 91.56% | 8.7s
2026-07-29 01:31:28 |   -> saved best
2026-07-29 01:31:46 | Ep 08/50 | Loss 0.1435 Acc 94.27% | Val 0.2233 Acc 90.13% | 8.9s
2026-07-29 01:31:56 | Ep 09/50 | Loss 0.1355 Acc 94.79% | Val 0.1733 Acc 93.77% | 8.7s
2026-07-29 01:31:56 |   -> saved best
2026-07-29 01:32:06 | Ep 10/50 | Loss 0.1299 Acc 94.76% | Val 0.1798 Acc 93.25% | 8.7s
2026-07-29 01:32:16 | Ep 11/50 | Loss 0.1212 Acc 95.02% | Val 0.1380 Acc 94.16% | 8.7s
2026-07-29 01:32:19 |   -> saved best
2026-07-29 01:32:41 | Ep 12/50 | Loss 0.1213 Acc 95.21% | Val 0.1681 Acc 92.86% | 8.8s
2026-07-29 01:32:50 | Ep 13/50 | Loss 0.1333 Acc 94.63% | Val 0.1223 Acc 94.81% | 8.7s
2026-07-29 01:32:51 |   -> saved best
2026-07-29 01:33:00 | Ep 14/50 | Loss 0.1194 Acc 95.28% | Val 0.1248 Acc 94.55% | 8.7s
2026-07-29 01:33:10 | Ep 15/50 | Loss 0.1102 Acc 95.83% | Val 0.1045 Acc 96.36% | 8.7s
2026-07-29 01:33:12 |   -> saved best
2026-07-29 01:33:31 | Ep 16/50 | Loss 0.0913 Acc 96.35% | Val 0.1287 Acc 96.10% | 8.9s
2026-07-29 01:33:41 | Ep 17/50 | Loss 0.1088 Acc 95.61% | Val 0.1043 Acc 95.19% | 8.7s
2026-07-29 01:33:41 |   -> saved best
2026-07-29 01:33:51 | Ep 18/50 | Loss 0.0823 Acc 97.40% | Val 0.0997 Acc 95.84% | 8.7s
2026-07-29 01:33:51 |   -> saved best
2026-07-29 01:34:00 | Ep 19/50 | Loss 0.0793 Acc 96.97% | Val 0.2416 Acc 91.95% | 8.7s
2026-07-29 01:34:13 | Ep 20/50 | Loss 0.0898 Acc 96.65% | Val 0.0832 Acc 96.88% | 8.7s
2026-07-29 01:34:14 |   -> saved best
2026-07-29 01:34:23 | Ep 21/50 | Loss 0.1030 Acc 95.57% | Val 0.1289 Acc 95.71% | 8.7s
2026-07-29 01:34:33 | Ep 22/50 | Loss 0.0772 Acc 97.20% | Val 0.1306 Acc 96.10% | 8.7s
2026-07-29 01:34:47 | Ep 23/50 | Loss 0.0882 Acc 96.71% | Val 0.1652 Acc 94.42% | 8.7s
2026-07-29 01:35:08 | Ep 24/50 | Loss 0.0801 Acc 96.78% | Val 0.1857 Acc 92.73% | 8.9s
2026-07-29 01:35:18 | Ep 25/50 | Loss 0.0712 Acc 97.27% | Val 0.0975 Acc 97.01% | 8.7s
2026-07-29 01:35:28 | Ep 26/50 | Loss 0.0728 Acc 97.07% | Val 0.0934 Acc 96.62% | 8.7s
2026-07-29 01:35:37 | Ep 27/50 | Loss 0.0758 Acc 96.97% | Val 0.1251 Acc 94.94% | 8.7s
2026-07-29 01:35:47 | Ep 28/50 | Loss 0.0772 Acc 96.91% | Val 0.0822 Acc 97.27% | 8.7s
2026-07-29 01:35:47 |   -> saved best
2026-07-29 01:36:01 | Ep 29/50 | Loss 0.0588 Acc 97.53% | Val 0.1293 Acc 95.58% | 8.7s
2026-07-29 01:36:11 | Ep 30/50 | Loss 0.0787 Acc 97.14% | Val 0.0742 Acc 97.66% | 8.7s
2026-07-29 01:36:11 |   -> saved best
2026-07-29 01:36:20 | Ep 31/50 | Loss 0.0955 Acc 96.00% | Val 0.0818 Acc 97.14% | 8.7s
2026-07-29 01:36:30 | Ep 32/50 | Loss 0.0654 Acc 97.72% | Val 0.0783 Acc 97.27% | 8.7s
2026-07-29 01:36:40 | Ep 33/50 | Loss 0.0715 Acc 97.23% | Val 0.0889 Acc 97.01% | 8.7s
2026-07-29 01:36:53 | Ep 34/50 | Loss 0.0633 Acc 97.36% | Val 0.0709 Acc 97.53% | 8.7s
2026-07-29 01:36:54 |   -> saved best
2026-07-29 01:37:03 | Ep 35/50 | Loss 0.0772 Acc 97.33% | Val 0.0734 Acc 97.53% | 8.7s
2026-07-29 01:37:13 | Ep 36/50 | Loss 0.0685 Acc 97.43% | Val 0.1449 Acc 94.42% | 8.7s
2026-07-29 01:37:22 | Ep 37/50 | Loss 0.0756 Acc 97.17% | Val 0.1260 Acc 95.19% | 8.7s
2026-07-29 01:37:32 | Ep 38/50 | Loss 0.0556 Acc 98.08% | Val 0.0911 Acc 96.88% | 8.7s
2026-07-29 01:37:41 | Ep 39/50 | Loss 0.0677 Acc 97.27% | Val 0.0635 Acc 97.79% | 8.7s
2026-07-29 01:37:43 |   -> saved best
2026-07-29 01:38:03 | Ep 40/50 | Loss 0.0453 Acc 98.18% | Val 0.0616 Acc 98.05% | 8.8s
2026-07-29 01:38:06 |   -> saved best
2026-07-29 01:38:15 | Ep 41/50 | Loss 0.0457 Acc 98.18% | Val 0.1519 Acc 94.94% | 8.7s
2026-07-29 01:38:25 | Ep 42/50 | Loss 0.0887 Acc 96.74% | Val 0.0787 Acc 97.27% | 8.7s
2026-07-29 01:38:34 | Ep 43/50 | Loss 0.0606 Acc 97.62% | Val 0.0747 Acc 96.36% | 8.7s
2026-07-29 01:38:44 | Ep 44/50 | Loss 0.0484 Acc 98.18% | Val 0.1063 Acc 95.45% | 8.7s
2026-07-29 01:38:53 | Ep 45/50 | Loss 0.0918 Acc 96.26% | Val 0.0924 Acc 95.45% | 8.7s
2026-07-29 01:39:10 | Ep 46/50 | Loss 0.0470 Acc 98.31% | Val 0.0780 Acc 96.75% | 8.8s
2026-07-29 01:39:20 | Ep 47/50 | Loss 0.0583 Acc 97.85% | Val 0.1273 Acc 95.19% | 8.7s
2026-07-29 01:39:29 | Ep 48/50 | Loss 0.0450 Acc 97.92% | Val 0.1041 Acc 95.84% | 8.7s
2026-07-29 01:39:39 | Ep 49/50 | Loss 0.0578 Acc 98.18% | Val 0.0908 Acc 97.01% | 8.7s
2026-07-29 01:39:48 | Ep 50/50 | Loss 0.0724 Acc 97.30% | Val 0.0736 Acc 96.49% | 8.7s
2026-07-29 01:39:49 | Done in 9.93 min
2026-07-29 01:39:51 | 
================================================================================
2026-07-29 01:39:51 | TRAIN (FROM SCRATCH): Swin-Tiny | Fold 1/5 | batch=128 | lr=1.00e-04 | classes=4
2026-07-29 01:39:51 | ================================================================================
2026-07-29 01:39:52 |   [INFO] Swin-Tiny initialized FROM SCRATCH (no pretrained weights)
2026-07-29 01:40:13 | Ep 01/50 | Loss 0.9768 Acc 60.19% | Val 0.5891 Acc 76.39% | 21.3s
2026-07-29 01:40:13 |   -> saved best
2026-07-29 01:40:19 | Ep 02/50 | Loss 0.5388 Acc 78.22% | Val 0.3983 Acc 80.93% | 6.0s
2026-07-29 01:40:19 |   -> saved best
2026-07-29 01:40:26 | Ep 03/50 | Loss 0.3453 Acc 84.96% | Val 0.2306 Acc 87.55% | 5.9s
2026-07-29 01:40:26 |   -> saved best
2026-07-29 01:40:32 | Ep 04/50 | Loss 0.3126 Acc 86.59% | Val 0.2018 Acc 90.01% | 5.9s
2026-07-29 01:40:32 |   -> saved best
2026-07-29 01:40:38 | Ep 05/50 | Loss 0.2868 Acc 87.08% | Val 0.2192 Acc 87.68% | 5.9s
2026-07-29 01:40:45 | Ep 06/50 | Loss 0.2495 Acc 89.36% | Val 0.2113 Acc 88.07% | 5.9s
2026-07-29 01:40:51 | Ep 07/50 | Loss 0.2152 Acc 91.57% | Val 0.1406 Acc 92.48% | 5.9s
2026-07-29 01:40:51 |   -> saved best
2026-07-29 01:40:57 | Ep 08/50 | Loss 0.2028 Acc 91.99% | Val 0.1074 Acc 94.29% | 6.0s
2026-07-29 01:40:57 |   -> saved best
2026-07-29 01:41:03 | Ep 09/50 | Loss 0.1605 Acc 93.16% | Val 0.0906 Acc 95.72% | 6.0s
2026-07-29 01:41:04 |   -> saved best
2026-07-29 01:41:10 | Ep 10/50 | Loss 0.1513 Acc 93.78% | Val 0.0996 Acc 95.33% | 6.0s
2026-07-29 01:41:16 | Ep 11/50 | Loss 0.2151 Acc 91.21% | Val 0.1256 Acc 93.00% | 5.9s
2026-07-29 01:41:22 | Ep 12/50 | Loss 0.1619 Acc 93.88% | Val 0.0863 Acc 95.98% | 5.9s
2026-07-29 01:41:22 |   -> saved best
2026-07-29 01:41:29 | Ep 13/50 | Loss 0.1305 Acc 94.92% | Val 0.1090 Acc 94.55% | 5.9s
2026-07-29 01:41:35 | Ep 14/50 | Loss 0.1353 Acc 94.76% | Val 0.0734 Acc 96.50% | 5.9s
2026-07-29 01:41:35 |   -> saved best
2026-07-29 01:41:41 | Ep 15/50 | Loss 0.1209 Acc 95.31% | Val 0.1126 Acc 93.90% | 6.0s
2026-07-29 01:41:47 | Ep 16/50 | Loss 0.1192 Acc 95.77% | Val 0.1022 Acc 95.20% | 5.9s
2026-07-29 01:41:54 | Ep 17/50 | Loss 0.1305 Acc 94.47% | Val 0.1277 Acc 92.87% | 6.0s
2026-07-29 01:42:00 | Ep 18/50 | Loss 0.1054 Acc 96.32% | Val 0.0866 Acc 95.46% | 5.9s
2026-07-29 01:42:06 | Ep 19/50 | Loss 0.0989 Acc 96.03% | Val 0.0858 Acc 95.33% | 5.9s
2026-07-29 01:42:12 | Ep 20/50 | Loss 0.1261 Acc 95.12% | Val 0.1001 Acc 94.81% | 5.9s
2026-07-29 01:42:18 | Ep 21/50 | Loss 0.1267 Acc 95.38% | Val 0.1063 Acc 95.07% | 5.9s
2026-07-29 01:42:25 | Ep 22/50 | Loss 0.1065 Acc 96.26% | Val 0.0774 Acc 96.37% | 6.0s
2026-07-29 01:42:31 | Ep 23/50 | Loss 0.0964 Acc 96.48% | Val 0.0582 Acc 97.67% | 5.9s
2026-07-29 01:42:31 |   -> saved best
2026-07-29 01:42:37 | Ep 24/50 | Loss 0.0756 Acc 97.17% | Val 0.0543 Acc 97.80% | 5.9s
2026-07-29 01:42:37 |   -> saved best
2026-07-29 01:42:43 | Ep 25/50 | Loss 0.0948 Acc 96.42% | Val 0.0853 Acc 95.20% | 5.9s
2026-07-29 01:42:50 | Ep 26/50 | Loss 0.0881 Acc 96.48% | Val 0.0501 Acc 98.05% | 5.9s
2026-07-29 01:42:50 |   -> saved best
2026-07-29 01:42:56 | Ep 27/50 | Loss 0.0891 Acc 96.58% | Val 0.0593 Acc 97.54% | 5.9s
2026-07-29 01:43:02 | Ep 28/50 | Loss 0.1037 Acc 96.26% | Val 0.1730 Acc 92.22% | 5.9s
2026-07-29 01:43:08 | Ep 29/50 | Loss 0.0800 Acc 97.36% | Val 0.0620 Acc 97.28% | 5.9s
2026-07-29 01:43:15 | Ep 30/50 | Loss 0.0835 Acc 96.91% | Val 0.0541 Acc 97.80% | 5.9s
2026-07-29 01:43:21 | Ep 31/50 | Loss 0.0765 Acc 96.97% | Val 0.1566 Acc 92.61% | 5.9s
2026-07-29 01:43:27 | Ep 32/50 | Loss 0.0980 Acc 95.93% | Val 0.0548 Acc 97.67% | 5.9s
2026-07-29 01:43:33 | Ep 33/50 | Loss 0.0833 Acc 96.78% | Val 0.0503 Acc 97.92% | 5.9s
2026-07-29 01:43:39 | Ep 34/50 | Loss 0.0725 Acc 97.46% | Val 0.0564 Acc 97.41% | 5.9s
2026-07-29 01:43:45 | Ep 35/50 | Loss 0.0672 Acc 97.62% | Val 0.0828 Acc 96.37% | 5.9s
2026-07-29 01:43:52 | Ep 36/50 | Loss 0.0709 Acc 97.10% | Val 0.0728 Acc 96.76% | 5.9s
2026-07-29 01:43:58 | Ep 37/50 | Loss 0.0632 Acc 97.79% | Val 0.0667 Acc 97.41% | 5.9s
2026-07-29 01:44:04 | Ep 38/50 | Loss 0.0617 Acc 97.46% | Val 0.0402 Acc 97.54% | 5.9s
2026-07-29 01:44:04 |   -> saved best
2026-07-29 01:44:10 | Ep 39/50 | Loss 0.0713 Acc 97.43% | Val 0.0399 Acc 98.18% | 5.9s
2026-07-29 01:44:11 |   -> saved best
2026-07-29 01:44:17 | Ep 40/50 | Loss 0.0705 Acc 97.30% | Val 0.0390 Acc 98.05% | 5.9s
2026-07-29 01:44:17 |   -> saved best
2026-07-29 01:44:23 | Ep 41/50 | Loss 0.0575 Acc 97.88% | Val 0.0680 Acc 97.02% | 5.9s
2026-07-29 01:44:29 | Ep 42/50 | Loss 0.0635 Acc 97.56% | Val 0.0509 Acc 96.89% | 5.9s
2026-07-29 01:44:35 | Ep 43/50 | Loss 0.0565 Acc 97.75% | Val 0.0487 Acc 97.92% | 5.9s
2026-07-29 01:44:42 | Ep 44/50 | Loss 0.0654 Acc 97.75% | Val 0.0385 Acc 98.18% | 5.9s
2026-07-29 01:44:42 |   -> saved best
2026-07-29 01:44:48 | Ep 45/50 | Loss 0.0803 Acc 96.84% | Val 0.0362 Acc 98.83% | 5.9s
2026-07-29 01:44:48 |   -> saved best
2026-07-29 01:44:54 | Ep 46/50 | Loss 0.0752 Acc 97.23% | Val 0.0444 Acc 98.18% | 5.9s
2026-07-29 01:45:00 | Ep 47/50 | Loss 0.0531 Acc 97.85% | Val 0.0413 Acc 97.92% | 5.9s
2026-07-29 01:45:07 | Ep 48/50 | Loss 0.0470 Acc 98.27% | Val 0.0389 Acc 98.44% | 5.9s
2026-07-29 01:45:13 | Ep 49/50 | Loss 0.0618 Acc 97.88% | Val 0.0442 Acc 97.80% | 5.9s
2026-07-29 01:45:19 | Ep 50/50 | Loss 0.0558 Acc 97.92% | Val 0.0548 Acc 97.41% | 5.9s
2026-07-29 01:45:19 | Done in 5.46 min
2026-07-29 01:45:22 | 
================================================================================
2026-07-29 01:45:22 | TRAIN (FROM SCRATCH): Swin-Tiny | Fold 2/5 | batch=128 | lr=1.00e-04 | classes=4
2026-07-29 01:45:22 | ================================================================================
2026-07-29 01:45:22 |   [INFO] Swin-Tiny initialized FROM SCRATCH (no pretrained weights)
2026-07-29 01:45:43 | Ep 01/50 | Loss 0.8254 Acc 67.48% | Val 0.3743 Acc 81.45% | 20.7s
2026-07-29 01:45:43 |   -> saved best
2026-07-29 01:45:49 | Ep 02/50 | Loss 0.4241 Acc 81.77% | Val 0.2112 Acc 88.59% | 6.0s
2026-07-29 01:45:49 |   -> saved best
2026-07-29 01:45:55 | Ep 03/50 | Loss 0.3224 Acc 86.17% | Val 0.2376 Acc 86.12% | 5.9s
2026-07-29 01:46:02 | Ep 04/50 | Loss 0.2800 Acc 87.96% | Val 0.1822 Acc 91.44% | 5.9s
2026-07-29 01:46:02 |   -> saved best
2026-07-29 01:46:08 | Ep 05/50 | Loss 0.2288 Acc 90.17% | Val 0.1938 Acc 89.23% | 5.9s
2026-07-29 01:46:14 | Ep 06/50 | Loss 0.2103 Acc 91.50% | Val 0.1516 Acc 93.51% | 5.9s
2026-07-29 01:46:14 |   -> saved best
2026-07-29 01:46:20 | Ep 07/50 | Loss 0.1949 Acc 92.29% | Val 0.1203 Acc 95.07% | 5.9s
2026-07-29 01:46:21 |   -> saved best
2026-07-29 01:46:27 | Ep 08/50 | Loss 0.1925 Acc 92.51% | Val 0.2402 Acc 88.07% | 5.9s
2026-07-29 01:46:33 | Ep 09/50 | Loss 0.1701 Acc 93.10% | Val 0.1213 Acc 95.07% | 5.9s
2026-07-29 01:46:39 | Ep 10/50 | Loss 0.1508 Acc 94.37% | Val 0.1044 Acc 95.72% | 6.0s
2026-07-29 01:46:39 |   -> saved best
2026-07-29 01:46:45 | Ep 11/50 | Loss 0.1511 Acc 94.27% | Val 0.0921 Acc 96.37% | 5.9s
2026-07-29 01:46:46 |   -> saved best
2026-07-29 01:46:52 | Ep 12/50 | Loss 0.1352 Acc 94.79% | Val 0.1079 Acc 95.46% | 5.9s
2026-07-29 01:46:58 | Ep 13/50 | Loss 0.1444 Acc 94.27% | Val 0.1180 Acc 95.33% | 5.9s
2026-07-29 01:47:04 | Ep 14/50 | Loss 0.1333 Acc 94.92% | Val 0.1041 Acc 95.85% | 5.9s
2026-07-29 01:47:10 | Ep 15/50 | Loss 0.1407 Acc 94.50% | Val 0.1508 Acc 92.22% | 5.9s
2026-07-29 01:47:17 | Ep 16/50 | Loss 0.1147 Acc 95.48% | Val 0.0988 Acc 96.24% | 5.9s
2026-07-29 01:47:23 | Ep 17/50 | Loss 0.1124 Acc 96.00% | Val 0.1033 Acc 95.33% | 5.9s
2026-07-29 01:47:29 | Ep 18/50 | Loss 0.1062 Acc 96.13% | Val 0.0914 Acc 96.11% | 5.9s
2026-07-29 01:47:29 |   -> saved best
2026-07-29 01:47:36 | Ep 19/50 | Loss 0.0973 Acc 96.74% | Val 0.0842 Acc 97.15% | 5.9s
2026-07-29 01:47:36 |   -> saved best
2026-07-29 01:47:43 | Ep 20/50 | Loss 0.0892 Acc 96.84% | Val 0.0772 Acc 97.02% | 5.9s
2026-07-29 01:47:43 |   -> saved best
2026-07-29 01:47:49 | Ep 21/50 | Loss 0.0878 Acc 96.71% | Val 0.1022 Acc 95.59% | 5.9s
2026-07-29 01:47:55 | Ep 22/50 | Loss 0.0850 Acc 97.04% | Val 0.2010 Acc 92.22% | 5.9s
2026-07-29 01:48:01 | Ep 23/50 | Loss 0.0915 Acc 96.55% | Val 0.0638 Acc 97.92% | 5.9s
2026-07-29 01:48:02 |   -> saved best
2026-07-29 01:48:08 | Ep 24/50 | Loss 0.0878 Acc 96.32% | Val 0.1025 Acc 95.72% | 5.9s
2026-07-29 01:48:14 | Ep 25/50 | Loss 0.0861 Acc 96.65% | Val 0.0937 Acc 96.11% | 5.9s
2026-07-29 01:48:20 | Ep 26/50 | Loss 0.0900 Acc 96.52% | Val 0.0993 Acc 95.98% | 6.0s
2026-07-29 01:48:26 | Ep 27/50 | Loss 0.0700 Acc 97.40% | Val 0.0692 Acc 96.89% | 5.9s
2026-07-29 01:48:33 | Ep 28/50 | Loss 0.0823 Acc 96.84% | Val 0.1128 Acc 95.46% | 5.9s
2026-07-29 01:48:39 | Ep 29/50 | Loss 0.0749 Acc 96.91% | Val 0.0777 Acc 96.89% | 5.9s
2026-07-29 01:48:45 | Ep 30/50 | Loss 0.0757 Acc 97.23% | Val 0.1020 Acc 95.59% | 5.9s
2026-07-29 01:48:51 | Ep 31/50 | Loss 0.0768 Acc 97.14% | Val 0.0912 Acc 95.85% | 5.9s
2026-07-29 01:48:57 | Ep 32/50 | Loss 0.0814 Acc 96.68% | Val 0.0962 Acc 96.37% | 5.9s
2026-07-29 01:49:04 | Ep 33/50 | Loss 0.0616 Acc 97.82% | Val 0.0828 Acc 97.28% | 5.9s
2026-07-29 01:49:10 | Ep 34/50 | Loss 0.0725 Acc 96.81% | Val 0.0881 Acc 95.46% | 5.9s
2026-07-29 01:49:16 | Ep 35/50 | Loss 0.0590 Acc 97.62% | Val 0.0584 Acc 97.92% | 5.9s
2026-07-29 01:49:16 |   -> saved best
2026-07-29 01:49:22 | Ep 36/50 | Loss 0.0572 Acc 97.95% | Val 0.0604 Acc 98.05% | 5.9s
2026-07-29 01:49:28 | Ep 37/50 | Loss 0.0572 Acc 98.11% | Val 0.0722 Acc 97.15% | 5.9s
2026-07-29 01:49:35 | Ep 38/50 | Loss 0.0557 Acc 97.69% | Val 0.0822 Acc 96.89% | 5.9s
2026-07-29 01:49:41 | Ep 39/50 | Loss 0.0535 Acc 98.21% | Val 0.0742 Acc 97.54% | 5.9s
2026-07-29 01:49:47 | Ep 40/50 | Loss 0.0715 Acc 97.27% | Val 0.0612 Acc 97.92% | 5.9s
2026-07-29 01:49:53 | Ep 41/50 | Loss 0.0550 Acc 97.95% | Val 0.0718 Acc 97.28% | 5.9s
2026-07-29 01:49:59 | Ep 42/50 | Loss 0.0486 Acc 98.24% | Val 0.0671 Acc 97.67% | 5.9s
2026-07-29 01:50:05 | Ep 43/50 | Loss 0.0497 Acc 98.14% | Val 0.0588 Acc 98.44% | 5.9s
2026-07-29 01:50:12 | Ep 44/50 | Loss 0.0591 Acc 97.88% | Val 0.0884 Acc 96.76% | 5.9s
2026-07-29 01:50:18 | Ep 45/50 | Loss 0.0526 Acc 98.08% | Val 0.0847 Acc 96.89% | 5.9s
2026-07-29 01:50:24 | Ep 46/50 | Loss 0.0467 Acc 97.98% | Val 0.1050 Acc 95.85% | 5.9s
2026-07-29 01:50:30 | Ep 47/50 | Loss 0.0509 Acc 98.11% | Val 0.0677 Acc 97.15% | 5.9s
2026-07-29 01:50:36 | Ep 48/50 | Loss 0.0590 Acc 97.59% | Val 0.0688 Acc 97.28% | 5.9s
2026-07-29 01:50:43 | Ep 49/50 | Loss 0.0452 Acc 98.44% | Val 0.0904 Acc 96.50% | 5.9s
2026-07-29 01:50:49 | Ep 50/50 | Loss 0.0538 Acc 98.05% | Val 0.0697 Acc 98.05% | 6.0s
2026-07-29 01:50:49 |   Early stop at epoch 50
2026-07-29 01:50:49 | Done in 5.45 min
2026-07-29 01:50:52 | 
================================================================================
2026-07-29 01:50:52 | TRAIN (FROM SCRATCH): Swin-Tiny | Fold 3/5 | batch=128 | lr=1.00e-04 | classes=4
2026-07-29 01:50:52 | ================================================================================
2026-07-29 01:50:52 |   [INFO] Swin-Tiny initialized FROM SCRATCH (no pretrained weights)
2026-07-29 01:51:13 | Ep 01/50 | Loss 0.9751 Acc 60.94% | Val 0.4730 Acc 79.61% | 20.8s
2026-07-29 01:51:13 |   -> saved best
2026-07-29 01:51:19 | Ep 02/50 | Loss 0.5033 Acc 79.30% | Val 0.3006 Acc 84.94% | 5.9s
2026-07-29 01:51:19 |   -> saved best
2026-07-29 01:51:25 | Ep 03/50 | Loss 0.3397 Acc 84.90% | Val 0.2153 Acc 88.96% | 5.9s
2026-07-29 01:51:26 |   -> saved best
2026-07-29 01:51:32 | Ep 04/50 | Loss 0.2968 Acc 86.49% | Val 0.3101 Acc 83.38% | 6.0s
2026-07-29 01:51:38 | Ep 05/50 | Loss 0.2820 Acc 88.02% | Val 0.1819 Acc 89.35% | 6.0s
2026-07-29 01:51:38 |   -> saved best
2026-07-29 01:51:46 | Ep 06/50 | Loss 0.2297 Acc 90.62% | Val 0.1386 Acc 93.38% | 6.0s
2026-07-29 01:51:46 |   -> saved best
2026-07-29 01:51:53 | Ep 07/50 | Loss 0.2072 Acc 90.30% | Val 0.1814 Acc 91.56% | 6.0s
2026-07-29 01:51:59 | Ep 08/50 | Loss 0.2672 Acc 88.61% | Val 0.1890 Acc 91.56% | 6.0s
2026-07-29 01:52:05 | Ep 09/50 | Loss 0.2227 Acc 91.21% | Val 0.1147 Acc 95.32% | 6.0s
2026-07-29 01:52:05 |   -> saved best
2026-07-29 01:52:12 | Ep 10/50 | Loss 0.1724 Acc 93.39% | Val 0.1755 Acc 89.87% | 5.9s
2026-07-29 01:52:18 | Ep 11/50 | Loss 0.1690 Acc 93.49% | Val 0.1124 Acc 95.06% | 5.9s
2026-07-29 01:52:18 |   -> saved best
2026-07-29 01:52:24 | Ep 12/50 | Loss 0.1436 Acc 93.95% | Val 0.0914 Acc 96.36% | 5.9s
2026-07-29 01:52:24 |   -> saved best
2026-07-29 01:52:30 | Ep 13/50 | Loss 0.1660 Acc 93.23% | Val 0.1313 Acc 92.99% | 5.9s
2026-07-29 01:52:37 | Ep 14/50 | Loss 0.1346 Acc 94.69% | Val 0.0820 Acc 96.49% | 6.0s
2026-07-29 01:52:37 |   -> saved best
2026-07-29 01:52:43 | Ep 15/50 | Loss 0.1095 Acc 95.64% | Val 0.0821 Acc 96.23% | 6.0s
2026-07-29 01:52:49 | Ep 16/50 | Loss 0.1198 Acc 95.74% | Val 0.0860 Acc 97.27% | 6.0s
2026-07-29 01:52:55 | Ep 17/50 | Loss 0.1305 Acc 95.25% | Val 0.0705 Acc 97.53% | 5.9s
2026-07-29 01:52:56 |   -> saved best
2026-07-29 01:53:02 | Ep 18/50 | Loss 0.1052 Acc 95.83% | Val 0.0697 Acc 97.01% | 6.0s
2026-07-29 01:53:02 |   -> saved best
2026-07-29 01:53:08 | Ep 19/50 | Loss 0.1080 Acc 95.90% | Val 0.0745 Acc 96.88% | 5.9s
2026-07-29 01:53:14 | Ep 20/50 | Loss 0.1048 Acc 96.09% | Val 0.0590 Acc 97.53% | 6.0s
2026-07-29 01:53:15 |   -> saved best
2026-07-29 01:53:21 | Ep 21/50 | Loss 0.1205 Acc 95.25% | Val 0.0966 Acc 95.32% | 5.9s
2026-07-29 01:53:27 | Ep 22/50 | Loss 0.1206 Acc 95.25% | Val 0.0863 Acc 96.36% | 6.0s
2026-07-29 01:53:33 | Ep 23/50 | Loss 0.1145 Acc 95.64% | Val 0.0968 Acc 95.45% | 6.0s
2026-07-29 01:53:39 | Ep 24/50 | Loss 0.0920 Acc 96.16% | Val 0.0687 Acc 97.27% | 6.0s
2026-07-29 01:53:46 | Ep 25/50 | Loss 0.0872 Acc 96.58% | Val 0.0818 Acc 96.62% | 6.0s
2026-07-29 01:53:52 | Ep 26/50 | Loss 0.0779 Acc 97.07% | Val 0.0702 Acc 96.62% | 6.0s
2026-07-29 01:53:58 | Ep 27/50 | Loss 0.0868 Acc 96.55% | Val 0.0898 Acc 96.10% | 6.0s
2026-07-29 01:54:04 | Ep 28/50 | Loss 0.0891 Acc 96.74% | Val 0.0674 Acc 97.40% | 5.9s
2026-07-29 01:54:11 | Ep 29/50 | Loss 0.0790 Acc 97.07% | Val 0.0669 Acc 97.14% | 5.9s
2026-07-29 01:54:17 | Ep 30/50 | Loss 0.0759 Acc 97.33% | Val 0.0905 Acc 97.01% | 6.0s
2026-07-29 01:54:23 | Ep 31/50 | Loss 0.0937 Acc 96.52% | Val 0.0784 Acc 97.27% | 6.0s
2026-07-29 01:54:29 | Ep 32/50 | Loss 0.0775 Acc 97.07% | Val 0.0874 Acc 95.45% | 6.0s
2026-07-29 01:54:36 | Ep 33/50 | Loss 0.0716 Acc 97.40% | Val 0.0555 Acc 97.40% | 6.0s
2026-07-29 01:54:36 |   -> saved best
2026-07-29 01:54:42 | Ep 34/50 | Loss 0.0763 Acc 97.23% | Val 0.0610 Acc 97.53% | 5.9s
2026-07-29 01:54:48 | Ep 35/50 | Loss 0.0616 Acc 97.75% | Val 0.0648 Acc 97.53% | 5.9s
2026-07-29 01:54:54 | Ep 36/50 | Loss 0.0764 Acc 97.07% | Val 0.0587 Acc 97.79% | 5.9s
2026-07-29 01:55:01 | Ep 37/50 | Loss 0.0815 Acc 97.20% | Val 0.0569 Acc 97.92% | 5.9s
2026-07-29 01:55:07 | Ep 38/50 | Loss 0.0702 Acc 97.53% | Val 0.0484 Acc 98.05% | 5.9s
2026-07-29 01:55:07 |   -> saved best
2026-07-29 01:55:13 | Ep 39/50 | Loss 0.0646 Acc 97.59% | Val 0.0498 Acc 97.92% | 5.9s
2026-07-29 01:55:19 | Ep 40/50 | Loss 0.0760 Acc 96.52% | Val 0.0512 Acc 97.92% | 5.9s
2026-07-29 01:55:26 | Ep 41/50 | Loss 0.1007 Acc 95.35% | Val 0.0788 Acc 96.62% | 6.0s
2026-07-29 01:55:32 | Ep 42/50 | Loss 0.0891 Acc 96.58% | Val 0.0798 Acc 97.01% | 6.0s
2026-07-29 01:55:38 | Ep 43/50 | Loss 0.0596 Acc 97.95% | Val 0.0636 Acc 97.40% | 5.9s
2026-07-29 01:55:44 | Ep 44/50 | Loss 0.0874 Acc 97.14% | Val 0.0616 Acc 97.27% | 5.9s
2026-07-29 01:55:51 | Ep 45/50 | Loss 0.0630 Acc 97.69% | Val 0.0491 Acc 98.05% | 5.9s
2026-07-29 01:55:57 | Ep 46/50 | Loss 0.0652 Acc 97.56% | Val 0.0558 Acc 97.66% | 5.9s
2026-07-29 01:56:03 | Ep 47/50 | Loss 0.0537 Acc 97.95% | Val 0.0525 Acc 97.79% | 5.9s
2026-07-29 01:56:09 | Ep 48/50 | Loss 0.0527 Acc 97.79% | Val 0.0908 Acc 96.49% | 6.0s
2026-07-29 01:56:15 | Ep 49/50 | Loss 0.0571 Acc 97.82% | Val 0.0524 Acc 98.31% | 5.9s
2026-07-29 01:56:22 | Ep 50/50 | Loss 0.0492 Acc 98.27% | Val 0.0613 Acc 97.66% | 5.9s
2026-07-29 01:56:22 | Done in 5.50 min
2026-07-29 01:56:25 | 
================================================================================
2026-07-29 01:56:25 | TRAIN (FROM SCRATCH): Swin-Tiny | Fold 4/5 | batch=128 | lr=1.00e-04 | classes=4
2026-07-29 01:56:25 | ================================================================================
2026-07-29 01:56:25 |   [INFO] Swin-Tiny initialized FROM SCRATCH (no pretrained weights)
2026-07-29 01:56:46 | Ep 01/50 | Loss 0.8215 Acc 67.02% | Val 0.3433 Acc 84.55% | 20.8s
2026-07-29 01:56:46 |   -> saved best
2026-07-29 01:56:52 | Ep 02/50 | Loss 0.3972 Acc 82.91% | Val 0.2394 Acc 87.92% | 5.9s
2026-07-29 01:56:52 |   -> saved best
2026-07-29 01:56:58 | Ep 03/50 | Loss 0.2984 Acc 86.59% | Val 0.1931 Acc 89.61% | 5.9s
2026-07-29 01:56:58 |   -> saved best
2026-07-29 01:57:04 | Ep 04/50 | Loss 0.2718 Acc 87.17% | Val 0.2067 Acc 90.00% | 6.0s
2026-07-29 01:57:11 | Ep 05/50 | Loss 0.2850 Acc 88.44% | Val 0.1588 Acc 93.77% | 5.9s
2026-07-29 01:57:11 |   -> saved best
2026-07-29 01:57:17 | Ep 06/50 | Loss 0.2326 Acc 89.84% | Val 0.1361 Acc 94.94% | 5.9s
2026-07-29 01:57:17 |   -> saved best
2026-07-29 01:57:23 | Ep 07/50 | Loss 0.2066 Acc 91.63% | Val 0.1627 Acc 91.95% | 6.0s
2026-07-29 01:57:30 | Ep 08/50 | Loss 0.2171 Acc 91.08% | Val 0.1262 Acc 94.42% | 5.9s
2026-07-29 01:57:30 |   -> saved best
2026-07-29 01:57:36 | Ep 09/50 | Loss 0.1903 Acc 92.71% | Val 0.0948 Acc 96.36% | 5.9s
2026-07-29 01:57:36 |   -> saved best
2026-07-29 01:57:42 | Ep 10/50 | Loss 0.1715 Acc 93.55% | Val 0.0927 Acc 96.10% | 5.9s
2026-07-29 01:57:42 |   -> saved best
2026-07-29 01:57:49 | Ep 11/50 | Loss 0.1753 Acc 93.49% | Val 0.1024 Acc 96.23% | 5.9s
2026-07-29 01:57:55 | Ep 12/50 | Loss 0.1413 Acc 94.63% | Val 0.1719 Acc 91.43% | 5.9s
2026-07-29 01:58:01 | Ep 13/50 | Loss 0.1564 Acc 93.65% | Val 0.0911 Acc 95.58% | 5.9s
2026-07-29 01:58:01 |   -> saved best
2026-07-29 01:58:07 | Ep 14/50 | Loss 0.1520 Acc 94.24% | Val 0.0749 Acc 96.88% | 5.9s
2026-07-29 01:58:07 |   -> saved best
2026-07-29 01:58:14 | Ep 15/50 | Loss 0.1485 Acc 93.82% | Val 0.0777 Acc 97.27% | 5.9s
2026-07-29 01:58:20 | Ep 16/50 | Loss 0.1296 Acc 95.15% | Val 0.0560 Acc 97.40% | 5.9s
2026-07-29 01:58:20 |   -> saved best
2026-07-29 01:58:26 | Ep 17/50 | Loss 0.1215 Acc 95.57% | Val 0.0569 Acc 97.66% | 5.9s
2026-07-29 01:58:32 | Ep 18/50 | Loss 0.1119 Acc 95.90% | Val 0.0559 Acc 97.66% | 5.9s
2026-07-29 01:58:32 |   -> saved best
2026-07-29 01:58:39 | Ep 19/50 | Loss 0.1107 Acc 95.70% | Val 0.0600 Acc 97.14% | 5.9s
2026-07-29 01:58:45 | Ep 20/50 | Loss 0.1196 Acc 95.83% | Val 0.0549 Acc 97.53% | 5.9s
2026-07-29 01:58:45 |   -> saved best
2026-07-29 01:58:51 | Ep 21/50 | Loss 0.0984 Acc 96.45% | Val 0.0374 Acc 98.70% | 5.9s
2026-07-29 01:58:51 |   -> saved best
2026-07-29 01:58:57 | Ep 22/50 | Loss 0.1044 Acc 96.09% | Val 0.0789 Acc 97.01% | 5.9s
2026-07-29 01:59:04 | Ep 23/50 | Loss 0.1151 Acc 95.41% | Val 0.0658 Acc 96.88% | 5.9s
2026-07-29 01:59:10 | Ep 24/50 | Loss 0.1031 Acc 96.00% | Val 0.0526 Acc 97.66% | 6.0s
2026-07-29 01:59:16 | Ep 25/50 | Loss 0.0982 Acc 96.35% | Val 0.0476 Acc 97.92% | 6.0s
2026-07-29 01:59:22 | Ep 26/50 | Loss 0.0856 Acc 96.94% | Val 0.0551 Acc 97.66% | 6.0s
2026-07-29 01:59:29 | Ep 27/50 | Loss 0.0882 Acc 96.91% | Val 0.0615 Acc 97.27% | 5.9s
2026-07-29 01:59:35 | Ep 28/50 | Loss 0.0856 Acc 96.65% | Val 0.0691 Acc 96.75% | 5.9s
2026-07-29 01:59:41 | Ep 29/50 | Loss 0.0856 Acc 96.58% | Val 0.0475 Acc 97.92% | 5.9s
2026-07-29 01:59:47 | Ep 30/50 | Loss 0.0876 Acc 96.74% | Val 0.0479 Acc 97.53% | 5.9s
2026-07-29 01:59:53 | Ep 31/50 | Loss 0.0916 Acc 96.68% | Val 0.0541 Acc 97.40% | 5.9s
2026-07-29 02:00:00 | Ep 32/50 | Loss 0.0891 Acc 96.42% | Val 0.0357 Acc 98.83% | 5.9s
2026-07-29 02:00:00 |   -> saved best
2026-07-29 02:00:06 | Ep 33/50 | Loss 0.0643 Acc 97.79% | Val 0.0551 Acc 97.53% | 5.9s
2026-07-29 02:00:12 | Ep 34/50 | Loss 0.0743 Acc 96.91% | Val 0.0767 Acc 96.23% | 5.9s
2026-07-29 02:00:18 | Ep 35/50 | Loss 0.0830 Acc 96.78% | Val 0.0313 Acc 98.70% | 5.9s
2026-07-29 02:00:19 |   -> saved best
2026-07-29 02:00:25 | Ep 36/50 | Loss 0.0624 Acc 97.66% | Val 0.0304 Acc 98.57% | 5.9s
2026-07-29 02:00:25 |   -> saved best
2026-07-29 02:00:31 | Ep 37/50 | Loss 0.0827 Acc 96.97% | Val 0.0512 Acc 97.92% | 6.0s
2026-07-29 02:00:37 | Ep 38/50 | Loss 0.0874 Acc 96.26% | Val 0.0503 Acc 98.44% | 5.9s
2026-07-29 02:00:43 | Ep 39/50 | Loss 0.0794 Acc 97.46% | Val 0.0648 Acc 97.01% | 5.9s
2026-07-29 02:00:50 | Ep 40/50 | Loss 0.0866 Acc 96.91% | Val 0.0580 Acc 97.27% | 5.9s
2026-07-29 02:00:56 | Ep 41/50 | Loss 0.0701 Acc 97.49% | Val 0.0631 Acc 97.14% | 5.9s
2026-07-29 02:01:02 | Ep 42/50 | Loss 0.0578 Acc 97.88% | Val 0.0289 Acc 98.70% | 5.9s
2026-07-29 02:01:02 |   -> saved best
2026-07-29 02:01:08 | Ep 43/50 | Loss 0.0576 Acc 97.79% | Val 0.0302 Acc 98.44% | 6.0s
2026-07-29 02:01:15 | Ep 44/50 | Loss 0.0656 Acc 97.59% | Val 0.0303 Acc 98.44% | 5.9s
2026-07-29 02:01:21 | Ep 45/50 | Loss 0.0496 Acc 98.18% | Val 0.0378 Acc 98.05% | 5.9s
2026-07-29 02:01:27 | Ep 46/50 | Loss 0.0772 Acc 97.17% | Val 0.0661 Acc 97.79% | 5.9s
2026-07-29 02:01:33 | Ep 47/50 | Loss 0.0570 Acc 97.98% | Val 0.0365 Acc 98.05% | 5.9s
2026-07-29 02:01:39 | Ep 48/50 | Loss 0.0642 Acc 97.33% | Val 0.0469 Acc 97.79% | 5.9s
2026-07-29 02:01:46 | Ep 49/50 | Loss 0.0692 Acc 97.49% | Val 0.0363 Acc 98.31% | 5.9s
2026-07-29 02:01:52 | Ep 50/50 | Loss 0.0554 Acc 97.92% | Val 0.0360 Acc 98.31% | 5.9s
2026-07-29 02:01:52 | Done in 5.45 min
2026-07-29 02:01:55 | 
================================================================================
2026-07-29 02:01:55 | TRAIN (FROM SCRATCH): Swin-Tiny | Fold 5/5 | batch=128 | lr=1.00e-04 | classes=4
2026-07-29 02:01:55 | ================================================================================
2026-07-29 02:01:55 |   [INFO] Swin-Tiny initialized FROM SCRATCH (no pretrained weights)
2026-07-29 02:02:16 | Ep 01/50 | Loss 0.9581 Acc 63.09% | Val 0.4041 Acc 83.90% | 20.8s
2026-07-29 02:02:16 |   -> saved best
2026-07-29 02:02:22 | Ep 02/50 | Loss 0.4316 Acc 82.58% | Val 0.2907 Acc 85.97% | 5.9s
2026-07-29 02:02:22 |   -> saved best
2026-07-29 02:02:28 | Ep 03/50 | Loss 0.3101 Acc 86.49% | Val 0.2507 Acc 87.14% | 5.9s
2026-07-29 02:02:28 |   -> saved best
2026-07-29 02:02:34 | Ep 04/50 | Loss 0.2634 Acc 87.63% | Val 0.2495 Acc 87.14% | 5.8s
2026-07-29 02:02:34 |   -> saved best
2026-07-29 02:02:41 | Ep 05/50 | Loss 0.2282 Acc 89.94% | Val 0.2134 Acc 89.35% | 5.9s
2026-07-29 02:02:41 |   -> saved best
2026-07-29 02:02:47 | Ep 06/50 | Loss 0.2439 Acc 89.62% | Val 0.2052 Acc 89.87% | 5.9s
2026-07-29 02:02:47 |   -> saved best
2026-07-29 02:02:53 | Ep 07/50 | Loss 0.1778 Acc 92.71% | Val 0.1973 Acc 91.30% | 5.9s
2026-07-29 02:02:53 |   -> saved best
2026-07-29 02:03:00 | Ep 08/50 | Loss 0.1647 Acc 93.46% | Val 0.2184 Acc 90.26% | 5.9s
2026-07-29 02:03:06 | Ep 09/50 | Loss 0.1771 Acc 93.16% | Val 0.2617 Acc 89.48% | 5.9s
2026-07-29 02:03:12 | Ep 10/50 | Loss 0.1893 Acc 92.61% | Val 0.1947 Acc 90.91% | 5.9s
2026-07-29 02:03:12 |   -> saved best
2026-07-29 02:03:19 | Ep 11/50 | Loss 0.1510 Acc 94.24% | Val 0.1551 Acc 92.21% | 5.9s
2026-07-29 02:03:19 |   -> saved best
2026-07-29 02:03:25 | Ep 12/50 | Loss 0.1262 Acc 94.86% | Val 0.1178 Acc 94.68% | 5.9s
2026-07-29 02:03:25 |   -> saved best
2026-07-29 02:03:31 | Ep 13/50 | Loss 0.1533 Acc 94.27% | Val 0.2089 Acc 91.56% | 5.9s
2026-07-29 02:03:37 | Ep 14/50 | Loss 0.1280 Acc 95.15% | Val 0.1435 Acc 93.64% | 5.9s
2026-07-29 02:03:44 | Ep 15/50 | Loss 0.1452 Acc 94.73% | Val 0.1641 Acc 92.34% | 5.9s
2026-07-29 02:03:50 | Ep 16/50 | Loss 0.1244 Acc 95.31% | Val 0.1238 Acc 94.94% | 5.9s
2026-07-29 02:03:56 | Ep 17/50 | Loss 0.1156 Acc 95.64% | Val 0.1596 Acc 92.34% | 5.9s
2026-07-29 02:04:02 | Ep 18/50 | Loss 0.0960 Acc 96.35% | Val 0.1319 Acc 94.55% | 5.9s
2026-07-29 02:04:08 | Ep 19/50 | Loss 0.0853 Acc 96.58% | Val 0.1842 Acc 91.82% | 5.9s
2026-07-29 02:04:15 | Ep 20/50 | Loss 0.1121 Acc 95.44% | Val 0.1204 Acc 95.71% | 5.9s
2026-07-29 02:04:21 | Ep 21/50 | Loss 0.0986 Acc 96.32% | Val 0.1057 Acc 95.71% | 5.9s
2026-07-29 02:04:21 |   -> saved best
2026-07-29 02:04:27 | Ep 22/50 | Loss 0.0959 Acc 96.09% | Val 0.1165 Acc 95.84% | 5.9s
2026-07-29 02:04:33 | Ep 23/50 | Loss 0.0855 Acc 96.42% | Val 0.0968 Acc 95.84% | 5.9s
2026-07-29 02:04:33 |   -> saved best
2026-07-29 02:04:40 | Ep 24/50 | Loss 0.0735 Acc 97.20% | Val 0.0996 Acc 96.10% | 5.9s
2026-07-29 02:04:46 | Ep 25/50 | Loss 0.0811 Acc 97.14% | Val 0.1112 Acc 95.58% | 5.9s
2026-07-29 02:04:52 | Ep 26/50 | Loss 0.0968 Acc 96.48% | Val 0.2637 Acc 90.91% | 5.9s
2026-07-29 02:04:58 | Ep 27/50 | Loss 0.0902 Acc 96.52% | Val 0.1230 Acc 94.94% | 5.9s
2026-07-29 02:05:04 | Ep 28/50 | Loss 0.0734 Acc 97.53% | Val 0.1067 Acc 95.97% | 5.9s
2026-07-29 02:05:11 | Ep 29/50 | Loss 0.0711 Acc 97.27% | Val 0.0875 Acc 96.49% | 5.9s
2026-07-29 02:05:11 |   -> saved best
2026-07-29 02:05:17 | Ep 30/50 | Loss 0.0839 Acc 97.10% | Val 0.0824 Acc 96.75% | 5.9s
2026-07-29 02:05:17 |   -> saved best
2026-07-29 02:05:23 | Ep 31/50 | Loss 0.0802 Acc 97.20% | Val 0.1371 Acc 94.68% | 5.9s
2026-07-29 02:05:29 | Ep 32/50 | Loss 0.0888 Acc 96.61% | Val 0.0812 Acc 96.88% | 5.9s
2026-07-29 02:05:30 |   -> saved best
2026-07-29 02:05:36 | Ep 33/50 | Loss 0.0815 Acc 96.88% | Val 0.1180 Acc 95.45% | 5.9s
2026-07-29 02:05:42 | Ep 34/50 | Loss 0.0751 Acc 97.43% | Val 0.0791 Acc 95.97% | 5.9s
2026-07-29 02:05:42 |   -> saved best
2026-07-29 02:05:48 | Ep 35/50 | Loss 0.0670 Acc 97.66% | Val 0.0793 Acc 96.62% | 5.9s
2026-07-29 02:05:54 | Ep 36/50 | Loss 0.0733 Acc 97.23% | Val 0.0773 Acc 96.88% | 5.9s
2026-07-29 02:05:54 |   -> saved best
2026-07-29 02:06:01 | Ep 37/50 | Loss 0.0714 Acc 97.62% | Val 0.0841 Acc 96.62% | 5.9s
2026-07-29 02:06:07 | Ep 38/50 | Loss 0.0565 Acc 97.79% | Val 0.0805 Acc 96.75% | 5.9s
2026-07-29 02:06:14 | Ep 39/50 | Loss 0.0785 Acc 96.81% | Val 0.0789 Acc 96.36% | 5.9s
2026-07-29 02:06:20 | Ep 40/50 | Loss 0.0668 Acc 97.53% | Val 0.0817 Acc 96.75% | 6.0s
2026-07-29 02:06:26 | Ep 41/50 | Loss 0.0515 Acc 98.21% | Val 0.1058 Acc 96.23% | 5.9s
2026-07-29 02:06:32 | Ep 42/50 | Loss 0.0713 Acc 97.30% | Val 0.1027 Acc 96.23% | 5.9s
2026-07-29 02:06:38 | Ep 43/50 | Loss 0.0514 Acc 98.14% | Val 0.0709 Acc 97.40% | 5.9s
2026-07-29 02:06:39 |   -> saved best
2026-07-29 02:06:45 | Ep 44/50 | Loss 0.0593 Acc 97.59% | Val 0.0861 Acc 96.88% | 5.9s
2026-07-29 02:06:51 | Ep 45/50 | Loss 0.0570 Acc 97.88% | Val 0.0821 Acc 97.27% | 5.9s
2026-07-29 02:06:57 | Ep 46/50 | Loss 0.0391 Acc 98.83% | Val 0.0699 Acc 97.40% | 5.9s
2026-07-29 02:06:57 |   -> saved best
2026-07-29 02:07:03 | Ep 47/50 | Loss 0.0515 Acc 98.21% | Val 0.1115 Acc 95.45% | 5.9s
2026-07-29 02:07:10 | Ep 48/50 | Loss 0.0683 Acc 97.82% | Val 0.1219 Acc 95.97% | 5.9s
2026-07-29 02:07:16 | Ep 49/50 | Loss 0.0611 Acc 97.75% | Val 0.0962 Acc 96.49% | 5.9s
2026-07-29 02:07:22 | Ep 50/50 | Loss 0.0774 Acc 97.40% | Val 0.0770 Acc 97.01% | 5.9s
2026-07-29 02:07:22 | Done in 5.46 min
2026-07-29 02:07:25 | 
================================================================================
2026-07-29 02:07:25 | TRAIN (FROM SCRATCH): DeiT-Small | Fold 1/5 | batch=128 | lr=1.00e-04 | classes=4
2026-07-29 02:07:25 | ================================================================================
2026-07-29 02:07:25 |   [INFO] DeiT-Small initialized FROM SCRATCH (no pretrained weights)
2026-07-29 02:07:44 | Ep 01/50 | Loss 0.7358 Acc 70.44% | Val 0.3915 Acc 83.01% | 19.2s
2026-07-29 02:07:44 |   -> saved best
2026-07-29 02:07:49 | Ep 02/50 | Loss 0.3868 Acc 83.11% | Val 0.2629 Acc 85.73% | 4.8s
2026-07-29 02:07:49 |   -> saved best
2026-07-29 02:07:54 | Ep 03/50 | Loss 0.3150 Acc 85.32% | Val 0.2614 Acc 85.47% | 4.8s
2026-07-29 02:07:54 |   -> saved best
2026-07-29 02:08:00 | Ep 04/50 | Loss 0.2866 Acc 87.14% | Val 0.2461 Acc 86.90% | 4.8s
2026-07-29 02:08:00 |   -> saved best
2026-07-29 02:08:05 | Ep 05/50 | Loss 0.2476 Acc 89.97% | Val 0.1978 Acc 90.40% | 4.8s
2026-07-29 02:08:05 |   -> saved best
2026-07-29 02:08:10 | Ep 06/50 | Loss 0.1990 Acc 91.70% | Val 0.1839 Acc 88.46% | 4.9s
2026-07-29 02:08:10 |   -> saved best
2026-07-29 02:08:15 | Ep 07/50 | Loss 0.1954 Acc 92.38% | Val 0.1654 Acc 93.00% | 4.7s
2026-07-29 02:08:15 |   -> saved best
2026-07-29 02:08:20 | Ep 08/50 | Loss 0.1865 Acc 91.96% | Val 0.1650 Acc 91.83% | 4.8s
2026-07-29 02:08:20 |   -> saved best
2026-07-29 02:08:25 | Ep 09/50 | Loss 0.1784 Acc 92.84% | Val 0.1466 Acc 91.96% | 4.8s
2026-07-29 02:08:25 |   -> saved best
2026-07-29 02:08:30 | Ep 10/50 | Loss 0.1463 Acc 94.30% | Val 0.1604 Acc 91.57% | 4.7s
2026-07-29 02:08:35 | Ep 11/50 | Loss 0.1533 Acc 93.95% | Val 0.1853 Acc 90.66% | 4.8s
2026-07-29 02:08:40 | Ep 12/50 | Loss 0.1355 Acc 94.56% | Val 0.0968 Acc 95.33% | 4.8s
2026-07-29 02:08:40 |   -> saved best
2026-07-29 02:08:45 | Ep 13/50 | Loss 0.1263 Acc 95.08% | Val 0.1086 Acc 95.72% | 4.8s
2026-07-29 02:08:50 | Ep 14/50 | Loss 0.1111 Acc 95.74% | Val 0.1140 Acc 94.03% | 4.8s
2026-07-29 02:08:55 | Ep 15/50 | Loss 0.1130 Acc 95.48% | Val 0.1830 Acc 90.66% | 4.8s
2026-07-29 02:09:00 | Ep 16/50 | Loss 0.1191 Acc 95.44% | Val 0.0947 Acc 95.85% | 4.8s
2026-07-29 02:09:00 |   -> saved best
2026-07-29 02:09:05 | Ep 17/50 | Loss 0.1149 Acc 95.38% | Val 0.1246 Acc 92.61% | 4.8s
2026-07-29 02:09:11 | Ep 18/50 | Loss 0.1179 Acc 95.48% | Val 0.0609 Acc 97.67% | 4.8s
2026-07-29 02:09:11 |   -> saved best
2026-07-29 02:09:16 | Ep 19/50 | Loss 0.1184 Acc 95.51% | Val 0.2475 Acc 88.72% | 4.9s
2026-07-29 02:09:21 | Ep 20/50 | Loss 0.1176 Acc 95.31% | Val 0.0616 Acc 97.54% | 4.8s
2026-07-29 02:09:26 | Ep 21/50 | Loss 0.1140 Acc 95.48% | Val 0.1355 Acc 93.39% | 4.8s
2026-07-29 02:09:31 | Ep 22/50 | Loss 0.0913 Acc 96.61% | Val 0.0624 Acc 97.67% | 4.9s
2026-07-29 02:09:36 | Ep 23/50 | Loss 0.1228 Acc 95.54% | Val 0.0944 Acc 95.07% | 4.8s
2026-07-29 02:09:41 | Ep 24/50 | Loss 0.0971 Acc 96.52% | Val 0.1032 Acc 95.33% | 4.8s
2026-07-29 02:09:46 | Ep 25/50 | Loss 0.0947 Acc 96.29% | Val 0.1159 Acc 94.68% | 4.9s
2026-07-29 02:09:51 | Ep 26/50 | Loss 0.0828 Acc 96.84% | Val 0.0707 Acc 96.50% | 4.9s
2026-07-29 02:09:56 | Ep 27/50 | Loss 0.0836 Acc 97.49% | Val 0.0796 Acc 96.24% | 4.9s
2026-07-29 02:10:01 | Ep 28/50 | Loss 0.0709 Acc 97.36% | Val 0.0467 Acc 98.18% | 4.8s
2026-07-29 02:10:01 |   -> saved best
2026-07-29 02:10:06 | Ep 29/50 | Loss 0.1137 Acc 95.93% | Val 0.0633 Acc 96.37% | 4.8s
2026-07-29 02:10:11 | Ep 30/50 | Loss 0.0762 Acc 97.14% | Val 0.0611 Acc 97.80% | 4.8s
2026-07-29 02:10:17 | Ep 31/50 | Loss 0.0684 Acc 97.79% | Val 0.1422 Acc 94.81% | 4.9s
2026-07-29 02:10:22 | Ep 32/50 | Loss 0.0825 Acc 96.91% | Val 0.0636 Acc 97.28% | 4.9s
2026-07-29 02:10:27 | Ep 33/50 | Loss 0.0653 Acc 97.36% | Val 0.0476 Acc 98.05% | 4.9s
2026-07-29 02:10:32 | Ep 34/50 | Loss 0.0733 Acc 97.14% | Val 0.0421 Acc 98.05% | 4.8s
2026-07-29 02:10:32 |   -> saved best
2026-07-29 02:10:37 | Ep 35/50 | Loss 0.0893 Acc 96.61% | Val 0.0686 Acc 96.50% | 4.9s
2026-07-29 02:10:42 | Ep 36/50 | Loss 0.0628 Acc 97.66% | Val 0.1126 Acc 95.20% | 4.9s
2026-07-29 02:10:47 | Ep 37/50 | Loss 0.0649 Acc 97.46% | Val 0.0442 Acc 98.18% | 4.9s
2026-07-29 02:10:52 | Ep 38/50 | Loss 0.0602 Acc 97.79% | Val 0.0937 Acc 96.63% | 4.9s
2026-07-29 02:10:57 | Ep 39/50 | Loss 0.0611 Acc 97.59% | Val 0.0546 Acc 97.41% | 4.9s
2026-07-29 02:11:03 | Ep 40/50 | Loss 0.0779 Acc 97.07% | Val 0.0592 Acc 98.18% | 4.9s
2026-07-29 02:11:08 | Ep 41/50 | Loss 0.0587 Acc 97.75% | Val 0.1169 Acc 95.07% | 4.9s
2026-07-29 02:11:13 | Ep 42/50 | Loss 0.0629 Acc 97.56% | Val 0.0693 Acc 97.28% | 4.9s
2026-07-29 02:11:18 | Ep 43/50 | Loss 0.0565 Acc 97.98% | Val 0.1216 Acc 94.68% | 4.9s
2026-07-29 02:11:23 | Ep 44/50 | Loss 0.0611 Acc 97.92% | Val 0.0507 Acc 97.41% | 4.9s
2026-07-29 02:11:28 | Ep 45/50 | Loss 0.0635 Acc 97.85% | Val 0.0624 Acc 97.15% | 4.9s
2026-07-29 02:11:33 | Ep 46/50 | Loss 0.0980 Acc 97.01% | Val 0.1044 Acc 95.72% | 4.9s
2026-07-29 02:11:39 | Ep 47/50 | Loss 0.0988 Acc 96.26% | Val 0.0612 Acc 97.41% | 4.9s
2026-07-29 02:11:44 | Ep 48/50 | Loss 0.0636 Acc 97.95% | Val 0.0569 Acc 97.54% | 4.9s
2026-07-29 02:11:49 | Ep 49/50 | Loss 0.0556 Acc 98.27% | Val 0.0872 Acc 96.11% | 4.9s
2026-07-29 02:11:49 |   Early stop at epoch 49
2026-07-29 02:11:49 | Done in 4.40 min
2026-07-29 02:11:51 | 
================================================================================
2026-07-29 02:11:51 | TRAIN (FROM SCRATCH): DeiT-Small | Fold 2/5 | batch=128 | lr=1.00e-04 | classes=4
2026-07-29 02:11:51 | ================================================================================
2026-07-29 02:11:51 |   [INFO] DeiT-Small initialized FROM SCRATCH (no pretrained weights)
2026-07-29 02:12:11 | Ep 01/50 | Loss 0.8242 Acc 67.61% | Val 0.3642 Acc 81.97% | 19.2s
2026-07-29 02:12:11 |   -> saved best
2026-07-29 02:12:16 | Ep 02/50 | Loss 0.4164 Acc 81.87% | Val 0.2514 Acc 86.90% | 5.0s
2026-07-29 02:12:16 |   -> saved best
2026-07-29 02:12:21 | Ep 03/50 | Loss 0.3178 Acc 85.74% | Val 0.2521 Acc 85.73% | 4.8s
2026-07-29 02:12:26 | Ep 04/50 | Loss 0.2952 Acc 86.36% | Val 0.2057 Acc 90.01% | 4.8s
2026-07-29 02:12:26 |   -> saved best
2026-07-29 02:12:31 | Ep 05/50 | Loss 0.2382 Acc 89.45% | Val 0.2198 Acc 87.68% | 4.8s
2026-07-29 02:12:36 | Ep 06/50 | Loss 0.2319 Acc 90.33% | Val 0.1750 Acc 92.09% | 4.8s
2026-07-29 02:12:36 |   -> saved best
2026-07-29 02:12:41 | Ep 07/50 | Loss 0.2043 Acc 91.31% | Val 0.1586 Acc 92.22% | 4.8s
2026-07-29 02:12:42 |   -> saved best
2026-07-29 02:12:47 | Ep 08/50 | Loss 0.1864 Acc 92.45% | Val 0.1610 Acc 91.70% | 4.8s
2026-07-29 02:12:52 | Ep 09/50 | Loss 0.1651 Acc 93.29% | Val 0.1832 Acc 92.48% | 4.8s
2026-07-29 02:12:57 | Ep 10/50 | Loss 0.1453 Acc 94.56% | Val 0.2587 Acc 88.07% | 4.9s
2026-07-29 02:13:02 | Ep 11/50 | Loss 0.1859 Acc 92.61% | Val 0.0946 Acc 96.24% | 4.8s
2026-07-29 02:13:02 |   -> saved best
2026-07-29 02:13:07 | Ep 12/50 | Loss 0.1399 Acc 94.37% | Val 0.1030 Acc 95.46% | 4.8s
2026-07-29 02:13:12 | Ep 13/50 | Loss 0.1202 Acc 95.61% | Val 0.1287 Acc 95.20% | 4.8s
2026-07-29 02:13:17 | Ep 14/50 | Loss 0.1329 Acc 95.12% | Val 0.1519 Acc 93.00% | 4.8s
2026-07-29 02:13:22 | Ep 15/50 | Loss 0.1353 Acc 94.21% | Val 0.1924 Acc 90.66% | 4.8s
2026-07-29 02:13:27 | Ep 16/50 | Loss 0.1079 Acc 95.93% | Val 0.1319 Acc 94.03% | 4.8s
2026-07-29 02:13:32 | Ep 17/50 | Loss 0.1371 Acc 94.76% | Val 0.1164 Acc 94.94% | 4.8s
2026-07-29 02:13:37 | Ep 18/50 | Loss 0.1270 Acc 94.82% | Val 0.1198 Acc 94.68% | 4.7s
2026-07-29 02:13:42 | Ep 19/50 | Loss 0.0989 Acc 96.09% | Val 0.1082 Acc 95.46% | 4.7s
2026-07-29 02:13:47 | Ep 20/50 | Loss 0.1006 Acc 96.45% | Val 0.0956 Acc 96.89% | 4.7s
2026-07-29 02:13:52 | Ep 21/50 | Loss 0.0994 Acc 96.06% | Val 0.1074 Acc 96.11% | 4.7s
2026-07-29 02:13:57 | Ep 22/50 | Loss 0.1161 Acc 95.70% | Val 0.2265 Acc 90.01% | 4.7s
2026-07-29 02:14:02 | Ep 23/50 | Loss 0.1171 Acc 95.70% | Val 0.1103 Acc 96.11% | 4.7s
2026-07-29 02:14:07 | Ep 24/50 | Loss 0.1048 Acc 96.22% | Val 0.1131 Acc 94.55% | 4.7s
2026-07-29 02:14:11 | Ep 25/50 | Loss 0.0887 Acc 97.07% | Val 0.1158 Acc 95.59% | 4.7s
2026-07-29 02:14:16 | Ep 26/50 | Loss 0.0844 Acc 96.74% | Val 0.1787 Acc 92.35% | 4.8s
2026-07-29 02:14:17 |   Early stop at epoch 26
2026-07-29 02:14:17 | Done in 2.42 min
2026-07-29 02:14:19 | 
================================================================================
2026-07-29 02:14:19 | TRAIN (FROM SCRATCH): DeiT-Small | Fold 3/5 | batch=128 | lr=1.00e-04 | classes=4
2026-07-29 02:14:19 | ================================================================================
2026-07-29 02:14:19 |   [INFO] DeiT-Small initialized FROM SCRATCH (no pretrained weights)
2026-07-29 02:14:38 | Ep 01/50 | Loss 0.8502 Acc 66.67% | Val 0.3072 Acc 84.55% | 19.0s
2026-07-29 02:14:38 |   -> saved best
2026-07-29 02:14:43 | Ep 02/50 | Loss 0.3546 Acc 84.70% | Val 0.2305 Acc 86.36% | 4.9s
2026-07-29 02:14:43 |   -> saved best
2026-07-29 02:14:48 | Ep 03/50 | Loss 0.3539 Acc 84.83% | Val 0.2284 Acc 87.66% | 4.8s
2026-07-29 02:14:49 |   -> saved best
2026-07-29 02:14:54 | Ep 04/50 | Loss 0.2794 Acc 86.88% | Val 0.1994 Acc 89.74% | 4.8s
2026-07-29 02:14:54 |   -> saved best
2026-07-29 02:14:59 | Ep 05/50 | Loss 0.2459 Acc 89.55% | Val 0.1594 Acc 92.86% | 4.8s
2026-07-29 02:14:59 |   -> saved best
2026-07-29 02:15:04 | Ep 06/50 | Loss 0.2109 Acc 92.06% | Val 0.1616 Acc 93.12% | 4.8s
2026-07-29 02:15:09 | Ep 07/50 | Loss 0.2043 Acc 91.83% | Val 0.1234 Acc 94.29% | 4.8s
2026-07-29 02:15:09 |   -> saved best
2026-07-29 02:15:14 | Ep 08/50 | Loss 0.1861 Acc 92.71% | Val 0.1180 Acc 94.55% | 4.8s
2026-07-29 02:15:14 |   -> saved best
2026-07-29 02:15:19 | Ep 09/50 | Loss 0.1824 Acc 92.71% | Val 0.1187 Acc 94.29% | 4.8s
2026-07-29 02:15:24 | Ep 10/50 | Loss 0.1550 Acc 94.24% | Val 0.0980 Acc 95.71% | 4.8s
2026-07-29 02:15:24 |   -> saved best
2026-07-29 02:15:29 | Ep 11/50 | Loss 0.1448 Acc 94.34% | Val 0.1452 Acc 93.38% | 4.8s
2026-07-29 02:15:34 | Ep 12/50 | Loss 0.1529 Acc 94.17% | Val 0.1026 Acc 95.45% | 4.8s
2026-07-29 02:15:39 | Ep 13/50 | Loss 0.1365 Acc 95.02% | Val 0.0860 Acc 95.45% | 4.8s
2026-07-29 02:15:39 |   -> saved best
2026-07-29 02:15:44 | Ep 14/50 | Loss 0.1583 Acc 93.85% | Val 0.1180 Acc 94.42% | 4.8s
2026-07-29 02:15:49 | Ep 15/50 | Loss 0.1305 Acc 95.02% | Val 0.1086 Acc 94.42% | 4.8s
2026-07-29 02:15:54 | Ep 16/50 | Loss 0.1210 Acc 95.48% | Val 0.0638 Acc 97.14% | 4.8s
2026-07-29 02:15:54 |   -> saved best
2026-07-29 02:15:59 | Ep 17/50 | Loss 0.1102 Acc 95.90% | Val 0.0818 Acc 96.49% | 4.8s
2026-07-29 02:16:04 | Ep 18/50 | Loss 0.0979 Acc 96.55% | Val 0.0975 Acc 96.10% | 4.9s
2026-07-29 02:16:10 | Ep 19/50 | Loss 0.1120 Acc 95.83% | Val 0.0996 Acc 95.19% | 4.9s
2026-07-29 02:16:15 | Ep 20/50 | Loss 0.1078 Acc 95.83% | Val 0.0618 Acc 97.79% | 4.9s
2026-07-29 02:16:15 |   -> saved best
2026-07-29 02:16:20 | Ep 21/50 | Loss 0.1080 Acc 95.57% | Val 0.0716 Acc 97.27% | 4.8s
2026-07-29 02:16:25 | Ep 22/50 | Loss 0.1016 Acc 96.45% | Val 0.0666 Acc 97.40% | 4.8s
2026-07-29 02:16:30 | Ep 23/50 | Loss 0.0868 Acc 96.97% | Val 0.1195 Acc 94.55% | 4.8s
2026-07-29 02:16:35 | Ep 24/50 | Loss 0.0954 Acc 96.26% | Val 0.0685 Acc 96.36% | 4.8s
2026-07-29 02:16:40 | Ep 25/50 | Loss 0.0985 Acc 96.19% | Val 0.0551 Acc 97.66% | 4.9s
2026-07-29 02:16:40 |   -> saved best
2026-07-29 02:16:45 | Ep 26/50 | Loss 0.0911 Acc 96.45% | Val 0.0493 Acc 98.31% | 4.9s
2026-07-29 02:16:45 |   -> saved best
2026-07-29 02:16:50 | Ep 27/50 | Loss 0.0793 Acc 96.84% | Val 0.0649 Acc 97.27% | 4.9s
2026-07-29 02:16:56 | Ep 28/50 | Loss 0.0936 Acc 96.32% | Val 0.1442 Acc 93.90% | 4.9s
2026-07-29 02:17:01 | Ep 29/50 | Loss 0.1031 Acc 95.90% | Val 0.1014 Acc 94.55% | 4.9s
2026-07-29 02:17:06 | Ep 30/50 | Loss 0.0912 Acc 96.71% | Val 0.1148 Acc 94.68% | 4.9s
2026-07-29 02:17:11 | Ep 31/50 | Loss 0.0889 Acc 96.71% | Val 0.0691 Acc 97.01% | 4.8s
2026-07-29 02:17:16 | Ep 32/50 | Loss 0.0729 Acc 96.97% | Val 0.0941 Acc 96.36% | 4.9s
2026-07-29 02:17:21 | Ep 33/50 | Loss 0.0868 Acc 96.91% | Val 0.0641 Acc 97.27% | 4.9s
2026-07-29 02:17:26 | Ep 34/50 | Loss 0.0810 Acc 97.14% | Val 0.0667 Acc 97.66% | 4.9s
2026-07-29 02:17:31 | Ep 35/50 | Loss 0.0749 Acc 96.97% | Val 0.0590 Acc 97.53% | 4.9s
2026-07-29 02:17:36 | Ep 36/50 | Loss 0.0679 Acc 97.30% | Val 0.0760 Acc 97.27% | 4.9s
2026-07-29 02:17:41 | Ep 37/50 | Loss 0.0666 Acc 97.46% | Val 0.0881 Acc 96.49% | 4.8s
2026-07-29 02:17:46 | Ep 38/50 | Loss 0.0777 Acc 97.10% | Val 0.0684 Acc 97.40% | 4.8s
2026-07-29 02:17:52 | Ep 39/50 | Loss 0.0614 Acc 97.85% | Val 0.0495 Acc 97.79% | 4.9s
2026-07-29 02:17:57 | Ep 40/50 | Loss 0.0662 Acc 97.59% | Val 0.0487 Acc 98.18% | 4.9s
2026-07-29 02:17:57 |   -> saved best
2026-07-29 02:18:02 | Ep 41/50 | Loss 0.0835 Acc 96.84% | Val 0.1437 Acc 94.29% | 4.9s
2026-07-29 02:18:07 | Ep 42/50 | Loss 0.1013 Acc 95.93% | Val 0.0634 Acc 98.18% | 4.8s
2026-07-29 02:18:12 | Ep 43/50 | Loss 0.0742 Acc 97.27% | Val 0.0791 Acc 96.62% | 4.9s
2026-07-29 02:18:17 | Ep 44/50 | Loss 0.0577 Acc 97.98% | Val 0.0736 Acc 97.40% | 4.9s
2026-07-29 02:18:22 | Ep 45/50 | Loss 0.0503 Acc 97.85% | Val 0.0534 Acc 97.92% | 4.9s
2026-07-29 02:18:27 | Ep 46/50 | Loss 0.0616 Acc 97.56% | Val 0.0632 Acc 97.40% | 4.9s
2026-07-29 02:18:32 | Ep 47/50 | Loss 0.0589 Acc 97.69% | Val 0.1028 Acc 96.62% | 4.9s
2026-07-29 02:18:38 | Ep 48/50 | Loss 0.0685 Acc 97.27% | Val 0.1021 Acc 95.84% | 4.8s
2026-07-29 02:18:43 | Ep 49/50 | Loss 0.0754 Acc 97.20% | Val 0.0492 Acc 98.05% | 4.8s
2026-07-29 02:18:48 | Ep 50/50 | Loss 0.0634 Acc 97.53% | Val 0.0974 Acc 95.97% | 4.9s
2026-07-29 02:18:48 | Done in 4.48 min
2026-07-29 02:18:50 | 
================================================================================
2026-07-29 02:18:50 | TRAIN (FROM SCRATCH): DeiT-Small | Fold 4/5 | batch=128 | lr=1.00e-04 | classes=4
2026-07-29 02:18:50 | ================================================================================
2026-07-29 02:18:50 |   [INFO] DeiT-Small initialized FROM SCRATCH (no pretrained weights)
2026-07-29 02:19:10 | Ep 01/50 | Loss 0.8251 Acc 67.51% | Val 0.2758 Acc 85.32% | 19.1s
2026-07-29 02:19:10 |   -> saved best
2026-07-29 02:19:15 | Ep 02/50 | Loss 0.3753 Acc 83.72% | Val 0.2715 Acc 86.75% | 4.9s
2026-07-29 02:19:15 |   -> saved best
2026-07-29 02:19:20 | Ep 03/50 | Loss 0.3115 Acc 85.68% | Val 0.2108 Acc 88.31% | 4.8s
2026-07-29 02:19:20 |   -> saved best
2026-07-29 02:19:25 | Ep 04/50 | Loss 0.2572 Acc 88.09% | Val 0.1652 Acc 92.47% | 4.8s
2026-07-29 02:19:25 |   -> saved best
2026-07-29 02:19:30 | Ep 05/50 | Loss 0.2846 Acc 87.73% | Val 0.1765 Acc 91.30% | 4.8s
2026-07-29 02:19:35 | Ep 06/50 | Loss 0.2152 Acc 91.73% | Val 0.1607 Acc 92.47% | 4.8s
2026-07-29 02:19:35 |   -> saved best
2026-07-29 02:19:40 | Ep 07/50 | Loss 0.2032 Acc 91.67% | Val 0.1384 Acc 94.16% | 4.8s
2026-07-29 02:19:40 |   -> saved best
2026-07-29 02:19:45 | Ep 08/50 | Loss 0.2182 Acc 90.85% | Val 0.1300 Acc 94.16% | 4.7s
2026-07-29 02:19:45 |   -> saved best
2026-07-29 02:19:50 | Ep 09/50 | Loss 0.1926 Acc 91.63% | Val 0.1144 Acc 95.97% | 4.7s
2026-07-29 02:19:50 |   -> saved best
2026-07-29 02:19:55 | Ep 10/50 | Loss 0.1699 Acc 92.94% | Val 0.0978 Acc 96.49% | 4.8s
2026-07-29 02:19:55 |   -> saved best
2026-07-29 02:20:00 | Ep 11/50 | Loss 0.1669 Acc 92.90% | Val 0.1202 Acc 94.55% | 4.7s
2026-07-29 02:20:05 | Ep 12/50 | Loss 0.1954 Acc 92.38% | Val 0.1534 Acc 93.25% | 4.7s
2026-07-29 02:20:10 | Ep 13/50 | Loss 0.1505 Acc 94.47% | Val 0.2078 Acc 91.95% | 4.7s
2026-07-29 02:20:15 | Ep 14/50 | Loss 0.1604 Acc 93.88% | Val 0.1116 Acc 95.58% | 4.7s
2026-07-29 02:20:20 | Ep 15/50 | Loss 0.1430 Acc 94.24% | Val 0.0926 Acc 96.23% | 4.7s
2026-07-29 02:20:20 |   -> saved best
2026-07-29 02:20:25 | Ep 16/50 | Loss 0.1286 Acc 95.38% | Val 0.0926 Acc 96.36% | 4.7s
2026-07-29 02:20:25 |   -> saved best
2026-07-29 02:20:30 | Ep 17/50 | Loss 0.1622 Acc 93.59% | Val 0.1574 Acc 93.51% | 4.7s
2026-07-29 02:20:35 | Ep 18/50 | Loss 0.1302 Acc 94.76% | Val 0.1250 Acc 94.55% | 4.7s
2026-07-29 02:20:40 | Ep 19/50 | Loss 0.1318 Acc 94.99% | Val 0.1016 Acc 95.58% | 4.7s
2026-07-29 02:20:45 | Ep 20/50 | Loss 0.1200 Acc 95.67% | Val 0.1260 Acc 94.29% | 4.8s
2026-07-29 02:20:50 | Ep 21/50 | Loss 0.1109 Acc 95.90% | Val 0.0860 Acc 96.75% | 4.7s
2026-07-29 02:20:50 |   -> saved best
2026-07-29 02:20:55 | Ep 22/50 | Loss 0.1056 Acc 95.83% | Val 0.0711 Acc 97.14% | 4.7s
2026-07-29 02:20:55 |   -> saved best
2026-07-29 02:21:00 | Ep 23/50 | Loss 0.1100 Acc 95.80% | Val 0.0864 Acc 96.88% | 4.8s
2026-07-29 02:21:05 | Ep 24/50 | Loss 0.1381 Acc 94.66% | Val 0.0748 Acc 96.75% | 4.7s
2026-07-29 02:21:10 | Ep 25/50 | Loss 0.1142 Acc 95.48% | Val 0.0671 Acc 97.66% | 4.8s
2026-07-29 02:21:10 |   -> saved best
2026-07-29 02:21:15 | Ep 26/50 | Loss 0.1003 Acc 96.19% | Val 0.0966 Acc 96.10% | 4.8s
2026-07-29 02:21:20 | Ep 27/50 | Loss 0.0954 Acc 96.39% | Val 0.0930 Acc 96.10% | 4.8s
2026-07-29 02:21:25 | Ep 28/50 | Loss 0.1223 Acc 95.51% | Val 0.0941 Acc 95.58% | 4.7s
2026-07-29 02:21:30 | Ep 29/50 | Loss 0.0992 Acc 96.32% | Val 0.0786 Acc 96.49% | 4.7s
2026-07-29 02:21:35 | Ep 30/50 | Loss 0.0865 Acc 97.04% | Val 0.0803 Acc 96.62% | 4.8s
2026-07-29 02:21:40 | Ep 31/50 | Loss 0.1118 Acc 95.38% | Val 0.0902 Acc 95.45% | 4.8s
2026-07-29 02:21:45 | Ep 32/50 | Loss 0.0894 Acc 96.65% | Val 0.0768 Acc 96.62% | 4.8s
2026-07-29 02:21:50 | Ep 33/50 | Loss 0.0865 Acc 96.48% | Val 0.0879 Acc 96.10% | 4.8s
2026-07-29 02:21:55 | Ep 34/50 | Loss 0.0933 Acc 96.42% | Val 0.0800 Acc 96.75% | 4.9s
2026-07-29 02:22:01 | Ep 35/50 | Loss 0.0797 Acc 96.84% | Val 0.0630 Acc 97.92% | 4.8s
2026-07-29 02:22:01 |   -> saved best
2026-07-29 02:22:06 | Ep 36/50 | Loss 0.0754 Acc 97.36% | Val 0.0798 Acc 96.88% | 4.8s
2026-07-29 02:22:11 | Ep 37/50 | Loss 0.0721 Acc 97.43% | Val 0.0477 Acc 98.18% | 4.8s
2026-07-29 02:22:11 |   -> saved best
2026-07-29 02:22:16 | Ep 38/50 | Loss 0.0667 Acc 97.46% | Val 0.0510 Acc 98.18% | 4.8s
2026-07-29 02:22:21 | Ep 39/50 | Loss 0.0811 Acc 96.78% | Val 0.0650 Acc 97.27% | 4.8s
2026-07-29 02:22:26 | Ep 40/50 | Loss 0.0758 Acc 97.30% | Val 0.0862 Acc 97.01% | 4.8s
2026-07-29 02:22:31 | Ep 41/50 | Loss 0.0628 Acc 97.59% | Val 0.0825 Acc 96.75% | 4.8s
2026-07-29 02:22:36 | Ep 42/50 | Loss 0.0691 Acc 97.36% | Val 0.0583 Acc 98.18% | 4.8s
2026-07-29 02:22:41 | Ep 43/50 | Loss 0.0735 Acc 97.33% | Val 0.0684 Acc 97.40% | 4.8s
2026-07-29 02:22:46 | Ep 44/50 | Loss 0.0770 Acc 97.27% | Val 0.0683 Acc 97.27% | 4.8s
2026-07-29 02:22:51 | Ep 45/50 | Loss 0.0676 Acc 97.49% | Val 0.0712 Acc 96.88% | 4.8s
2026-07-29 02:22:56 | Ep 46/50 | Loss 0.0769 Acc 97.20% | Val 0.0717 Acc 97.01% | 4.8s
2026-07-29 02:23:01 | Ep 47/50 | Loss 0.0693 Acc 97.30% | Val 0.0827 Acc 96.88% | 4.8s
2026-07-29 02:23:06 | Ep 48/50 | Loss 0.0769 Acc 97.23% | Val 0.0545 Acc 98.05% | 4.8s
2026-07-29 02:23:11 | Ep 49/50 | Loss 0.0601 Acc 97.69% | Val 0.0815 Acc 97.14% | 4.8s
2026-07-29 02:23:16 | Ep 50/50 | Loss 0.0762 Acc 97.30% | Val 0.1315 Acc 94.42% | 4.9s
2026-07-29 02:23:17 | Done in 4.43 min
2026-07-29 02:23:19 | 
================================================================================
2026-07-29 02:23:19 | TRAIN (FROM SCRATCH): DeiT-Small | Fold 5/5 | batch=128 | lr=1.00e-04 | classes=4
2026-07-29 02:23:19 | ================================================================================
2026-07-29 02:23:19 |   [INFO] DeiT-Small initialized FROM SCRATCH (no pretrained weights)
2026-07-29 02:23:38 | Ep 01/50 | Loss 0.7696 Acc 69.01% | Val 0.3238 Acc 84.68% | 19.2s
2026-07-29 02:23:38 |   -> saved best
2026-07-29 02:23:43 | Ep 02/50 | Loss 0.3775 Acc 84.08% | Val 0.2779 Acc 86.23% | 4.9s
2026-07-29 02:23:44 |   -> saved best
2026-07-29 02:23:49 | Ep 03/50 | Loss 0.2975 Acc 86.00% | Val 0.2602 Acc 86.49% | 4.8s
2026-07-29 02:23:49 |   -> saved best
2026-07-29 02:23:54 | Ep 04/50 | Loss 0.2601 Acc 87.70% | Val 0.3063 Acc 85.71% | 4.9s
2026-07-29 02:23:59 | Ep 05/50 | Loss 0.2312 Acc 90.30% | Val 0.3172 Acc 87.66% | 4.8s
2026-07-29 02:24:04 | Ep 06/50 | Loss 0.2034 Acc 91.73% | Val 0.1970 Acc 90.52% | 4.8s
2026-07-29 02:24:04 |   -> saved best
2026-07-29 02:24:09 | Ep 07/50 | Loss 0.1654 Acc 93.39% | Val 0.2401 Acc 89.74% | 4.8s
2026-07-29 02:24:14 | Ep 08/50 | Loss 0.1628 Acc 92.87% | Val 0.2691 Acc 88.44% | 4.9s
2026-07-29 02:24:19 | Ep 09/50 | Loss 0.1867 Acc 92.64% | Val 0.2409 Acc 88.44% | 4.8s
2026-07-29 02:24:24 | Ep 10/50 | Loss 0.1723 Acc 93.13% | Val 0.1881 Acc 90.65% | 4.8s
2026-07-29 02:24:24 |   -> saved best
2026-07-29 02:24:29 | Ep 11/50 | Loss 0.1446 Acc 93.72% | Val 0.1772 Acc 92.21% | 4.8s
2026-07-29 02:24:29 |   -> saved best
2026-07-29 02:24:34 | Ep 12/50 | Loss 0.1276 Acc 95.25% | Val 0.1523 Acc 94.16% | 4.9s
2026-07-29 02:24:34 |   -> saved best
2026-07-29 02:24:39 | Ep 13/50 | Loss 0.1299 Acc 95.05% | Val 0.1880 Acc 91.43% | 4.8s
2026-07-29 02:24:45 | Ep 14/50 | Loss 0.1268 Acc 95.18% | Val 0.1738 Acc 92.60% | 4.8s
2026-07-29 02:24:50 | Ep 15/50 | Loss 0.1280 Acc 94.60% | Val 0.2417 Acc 90.00% | 4.8s
2026-07-29 02:24:55 | Ep 16/50 | Loss 0.1243 Acc 95.31% | Val 0.1276 Acc 94.81% | 4.8s
2026-07-29 02:24:55 |   -> saved best
2026-07-29 02:25:00 | Ep 17/50 | Loss 0.1167 Acc 95.18% | Val 0.2046 Acc 90.13% | 4.9s
2026-07-29 02:25:05 | Ep 18/50 | Loss 0.1195 Acc 95.41% | Val 0.1222 Acc 95.71% | 4.8s
2026-07-29 02:25:05 |   -> saved best
2026-07-29 02:25:10 | Ep 19/50 | Loss 0.0983 Acc 96.26% | Val 0.1419 Acc 94.68% | 4.8s
2026-07-29 02:25:15 | Ep 20/50 | Loss 0.0982 Acc 96.16% | Val 0.1247 Acc 95.84% | 4.8s
2026-07-29 02:25:20 | Ep 21/50 | Loss 0.1055 Acc 95.83% | Val 0.1205 Acc 96.10% | 4.8s
2026-07-29 02:25:20 |   -> saved best
2026-07-29 02:25:25 | Ep 22/50 | Loss 0.1247 Acc 95.67% | Val 0.1170 Acc 95.32% | 4.8s
2026-07-29 02:25:25 |   -> saved best
2026-07-29 02:25:30 | Ep 23/50 | Loss 0.1043 Acc 95.90% | Val 0.1019 Acc 96.36% | 4.8s
2026-07-29 02:25:30 |   -> saved best
2026-07-29 02:25:35 | Ep 24/50 | Loss 0.0986 Acc 96.29% | Val 0.1254 Acc 94.94% | 4.8s
2026-07-29 02:25:40 | Ep 25/50 | Loss 0.0856 Acc 96.71% | Val 0.1092 Acc 96.49% | 4.8s
2026-07-29 02:25:45 | Ep 26/50 | Loss 0.0802 Acc 97.10% | Val 0.1547 Acc 93.64% | 4.7s
2026-07-29 02:25:50 | Ep 27/50 | Loss 0.0744 Acc 97.27% | Val 0.1350 Acc 94.81% | 4.7s
2026-07-29 02:25:55 | Ep 28/50 | Loss 0.0737 Acc 97.53% | Val 0.1100 Acc 96.10% | 4.8s
2026-07-29 02:26:00 | Ep 29/50 | Loss 0.1050 Acc 96.42% | Val 0.1468 Acc 92.99% | 4.8s
2026-07-29 02:26:05 | Ep 30/50 | Loss 0.0859 Acc 96.68% | Val 0.0840 Acc 96.75% | 4.7s
2026-07-29 02:26:05 |   -> saved best
2026-07-29 02:26:10 | Ep 31/50 | Loss 0.0798 Acc 97.07% | Val 0.1054 Acc 96.23% | 4.7s
2026-07-29 02:26:15 | Ep 32/50 | Loss 0.0789 Acc 97.43% | Val 0.1291 Acc 95.58% | 4.7s
2026-07-29 02:26:20 | Ep 33/50 | Loss 0.1013 Acc 96.13% | Val 0.1126 Acc 95.71% | 4.7s
2026-07-29 02:26:25 | Ep 34/50 | Loss 0.0965 Acc 96.45% | Val 0.1272 Acc 95.84% | 4.8s
2026-07-29 02:26:30 | Ep 35/50 | Loss 0.0728 Acc 97.20% | Val 0.1340 Acc 94.42% | 4.7s
2026-07-29 02:26:35 | Ep 36/50 | Loss 0.0645 Acc 97.59% | Val 0.1088 Acc 96.10% | 4.7s
2026-07-29 02:26:40 | Ep 37/50 | Loss 0.0683 Acc 97.62% | Val 0.1182 Acc 96.36% | 4.8s
2026-07-29 02:26:45 | Ep 38/50 | Loss 0.0622 Acc 97.69% | Val 0.1034 Acc 95.97% | 4.8s
2026-07-29 02:26:50 | Ep 39/50 | Loss 0.0622 Acc 97.59% | Val 0.1010 Acc 96.23% | 4.8s
2026-07-29 02:26:55 | Ep 40/50 | Loss 0.0777 Acc 97.36% | Val 0.0900 Acc 95.97% | 4.8s
2026-07-29 02:27:00 | Ep 41/50 | Loss 0.0622 Acc 97.75% | Val 0.1479 Acc 94.68% | 4.8s
2026-07-29 02:27:05 | Ep 42/50 | Loss 0.0576 Acc 97.98% | Val 0.0721 Acc 96.88% | 4.8s
2026-07-29 02:27:05 |   -> saved best
2026-07-29 02:27:10 | Ep 43/50 | Loss 0.0705 Acc 97.40% | Val 0.1031 Acc 95.58% | 4.8s
2026-07-29 02:27:15 | Ep 44/50 | Loss 0.0842 Acc 97.04% | Val 0.1322 Acc 95.32% | 4.8s
2026-07-29 02:27:20 | Ep 45/50 | Loss 0.0833 Acc 97.10% | Val 0.0784 Acc 96.75% | 4.8s
2026-07-29 02:27:25 | Ep 46/50 | Loss 0.0562 Acc 98.05% | Val 0.0717 Acc 97.14% | 4.8s
2026-07-29 02:27:25 |   -> saved best
2026-07-29 02:27:30 | Ep 47/50 | Loss 0.0487 Acc 98.21% | Val 0.1487 Acc 94.42% | 4.7s
2026-07-29 02:27:35 | Ep 48/50 | Loss 0.0645 Acc 97.23% | Val 0.0850 Acc 96.49% | 4.8s
2026-07-29 02:27:40 | Ep 49/50 | Loss 0.0683 Acc 97.36% | Val 0.1037 Acc 95.84% | 4.8s
2026-07-29 02:27:45 | Ep 50/50 | Loss 0.0627 Acc 97.33% | Val 0.0812 Acc 97.27% | 4.8s
2026-07-29 02:27:46 | Done in 4.44 min
2026-07-29 02:27:48 | 
================================================================================
2026-07-29 02:27:48 | TRAIN (FROM SCRATCH): MobileViT-S | Fold 1/5 | batch=128 | lr=1.00e-04 | classes=4
2026-07-29 02:27:48 | ================================================================================
2026-07-29 02:27:48 |   [INFO] MobileViT-S initialized FROM SCRATCH (no pretrained weights)
2026-07-29 02:28:26 | Ep 01/50 | Loss 0.9984 Acc 70.57% | Val 0.8679 Acc 62.52% | 38.1s
2026-07-29 02:28:26 |   -> saved best
2026-07-29 02:28:32 | Ep 02/50 | Loss 0.4778 Acc 82.78% | Val 0.3761 Acc 84.31% | 5.9s
2026-07-29 02:28:32 |   -> saved best
2026-07-29 02:28:38 | Ep 03/50 | Loss 0.3618 Acc 84.57% | Val 0.3256 Acc 85.21% | 5.7s
2026-07-29 02:28:38 |   -> saved best
2026-07-29 02:28:44 | Ep 04/50 | Loss 0.3318 Acc 85.42% | Val 0.2978 Acc 86.64% | 5.7s
2026-07-29 02:28:44 |   -> saved best
2026-07-29 02:28:50 | Ep 05/50 | Loss 0.2941 Acc 87.24% | Val 0.2597 Acc 87.16% | 5.7s
2026-07-29 02:28:50 |   -> saved best
2026-07-29 02:28:56 | Ep 06/50 | Loss 0.2721 Acc 88.12% | Val 0.2150 Acc 88.72% | 5.7s
2026-07-29 02:28:56 |   -> saved best
2026-07-29 02:29:02 | Ep 07/50 | Loss 0.2639 Acc 88.67% | Val 0.2184 Acc 90.53% | 5.7s
2026-07-29 02:29:07 | Ep 08/50 | Loss 0.2466 Acc 89.75% | Val 0.1750 Acc 91.31% | 5.7s
2026-07-29 02:29:07 |   -> saved best
2026-07-29 02:29:13 | Ep 09/50 | Loss 0.2290 Acc 90.46% | Val 0.1708 Acc 91.44% | 5.7s
2026-07-29 02:29:13 |   -> saved best
2026-07-29 02:29:19 | Ep 10/50 | Loss 0.2012 Acc 91.47% | Val 0.1497 Acc 93.26% | 5.7s
2026-07-29 02:29:19 |   -> saved best
2026-07-29 02:29:25 | Ep 11/50 | Loss 0.1940 Acc 91.80% | Val 0.1287 Acc 93.26% | 5.7s
2026-07-29 02:29:25 |   -> saved best
2026-07-29 02:29:31 | Ep 12/50 | Loss 0.1791 Acc 92.84% | Val 0.3180 Acc 88.59% | 5.7s
2026-07-29 02:29:37 | Ep 13/50 | Loss 0.1633 Acc 93.33% | Val 0.1849 Acc 90.40% | 5.7s
2026-07-29 02:29:42 | Ep 14/50 | Loss 0.1542 Acc 93.98% | Val 0.5064 Acc 93.51% | 5.7s
2026-07-29 02:29:48 | Ep 15/50 | Loss 0.1464 Acc 94.53% | Val 0.1047 Acc 95.07% | 5.7s
2026-07-29 02:29:48 |   -> saved best
2026-07-29 02:29:54 | Ep 16/50 | Loss 0.1406 Acc 94.82% | Val 0.0988 Acc 95.33% | 5.7s
2026-07-29 02:29:54 |   -> saved best
2026-07-29 02:30:00 | Ep 17/50 | Loss 0.1248 Acc 95.02% | Val 0.0957 Acc 95.72% | 5.7s
2026-07-29 02:30:00 |   -> saved best
2026-07-29 02:30:06 | Ep 18/50 | Loss 0.1329 Acc 94.47% | Val 0.0918 Acc 95.72% | 5.7s
2026-07-29 02:30:06 |   -> saved best
2026-07-29 02:30:12 | Ep 19/50 | Loss 0.1142 Acc 95.87% | Val 0.1264 Acc 94.55% | 5.7s
2026-07-29 02:30:17 | Ep 20/50 | Loss 0.1332 Acc 94.89% | Val 0.0938 Acc 95.46% | 5.8s
2026-07-29 02:30:23 | Ep 21/50 | Loss 0.1111 Acc 95.77% | Val 0.2337 Acc 95.33% | 5.7s
2026-07-29 02:30:29 | Ep 22/50 | Loss 0.1017 Acc 96.22% | Val 0.0911 Acc 95.98% | 5.7s
2026-07-29 02:30:29 |   -> saved best
2026-07-29 02:30:35 | Ep 23/50 | Loss 0.0983 Acc 96.71% | Val 0.0772 Acc 96.24% | 5.7s
2026-07-29 02:30:35 |   -> saved best
2026-07-29 02:30:41 | Ep 24/50 | Loss 0.0974 Acc 96.55% | Val 0.0586 Acc 97.80% | 5.6s
2026-07-29 02:30:41 |   -> saved best
2026-07-29 02:30:46 | Ep 25/50 | Loss 0.0915 Acc 96.52% | Val 0.0631 Acc 96.89% | 5.6s
2026-07-29 02:30:52 | Ep 26/50 | Loss 0.0973 Acc 96.35% | Val 0.1573 Acc 93.13% | 5.6s
2026-07-29 02:30:58 | Ep 27/50 | Loss 0.0827 Acc 96.97% | Val 0.0625 Acc 97.15% | 5.7s
2026-07-29 02:31:04 | Ep 28/50 | Loss 0.0859 Acc 96.65% | Val 0.0692 Acc 96.37% | 5.7s
2026-07-29 02:31:10 | Ep 29/50 | Loss 0.0818 Acc 96.88% | Val 0.0508 Acc 97.92% | 5.7s
2026-07-29 02:31:10 |   -> saved best
2026-07-29 02:31:15 | Ep 30/50 | Loss 0.0728 Acc 97.36% | Val 0.0764 Acc 96.76% | 5.6s
2026-07-29 02:31:21 | Ep 31/50 | Loss 0.0807 Acc 96.91% | Val 0.0492 Acc 98.05% | 5.7s
2026-07-29 02:31:21 |   -> saved best
2026-07-29 02:31:27 | Ep 32/50 | Loss 0.0816 Acc 97.20% | Val 0.0696 Acc 97.02% | 5.7s
2026-07-29 02:31:33 | Ep 33/50 | Loss 0.0753 Acc 97.33% | Val 0.0605 Acc 97.02% | 5.7s
2026-07-29 02:31:39 | Ep 34/50 | Loss 0.0867 Acc 96.45% | Val 0.0527 Acc 97.67% | 5.7s
2026-07-29 02:31:44 | Ep 35/50 | Loss 0.0724 Acc 97.53% | Val 0.0522 Acc 98.05% | 5.7s
2026-07-29 02:31:50 | Ep 36/50 | Loss 0.0686 Acc 96.91% | Val 0.0570 Acc 97.92% | 5.7s
2026-07-29 02:31:56 | Ep 37/50 | Loss 0.0683 Acc 97.66% | Val 0.0616 Acc 97.54% | 5.7s
2026-07-29 02:32:02 | Ep 38/50 | Loss 0.0662 Acc 97.66% | Val 0.0516 Acc 97.28% | 5.7s
2026-07-29 02:32:07 | Ep 39/50 | Loss 0.0630 Acc 97.72% | Val 0.0419 Acc 98.31% | 5.7s
2026-07-29 02:32:07 |   -> saved best
2026-07-29 02:32:13 | Ep 40/50 | Loss 0.0646 Acc 97.49% | Val 0.0614 Acc 97.02% | 5.7s
2026-07-29 02:32:19 | Ep 41/50 | Loss 0.0612 Acc 97.69% | Val 0.0367 Acc 98.44% | 5.6s
2026-07-29 02:32:19 |   -> saved best
2026-07-29 02:32:25 | Ep 42/50 | Loss 0.0661 Acc 97.53% | Val 0.0532 Acc 97.54% | 5.7s
2026-07-29 02:32:31 | Ep 43/50 | Loss 0.0588 Acc 97.88% | Val 0.0539 Acc 97.15% | 5.7s
2026-07-29 02:32:36 | Ep 44/50 | Loss 0.0600 Acc 97.72% | Val 0.0426 Acc 98.05% | 5.7s
2026-07-29 02:32:42 | Ep 45/50 | Loss 0.0590 Acc 97.62% | Val 0.0589 Acc 97.15% | 5.7s
2026-07-29 02:32:48 | Ep 46/50 | Loss 0.0590 Acc 98.05% | Val 0.0499 Acc 97.92% | 5.7s
2026-07-29 02:32:54 | Ep 47/50 | Loss 0.0526 Acc 98.21% | Val 0.0429 Acc 98.57% | 5.7s
2026-07-29 02:32:59 | Ep 48/50 | Loss 0.0536 Acc 98.08% | Val 0.0394 Acc 98.57% | 5.7s
2026-07-29 02:33:05 | Ep 49/50 | Loss 0.0580 Acc 97.95% | Val 0.0592 Acc 97.67% | 5.7s
2026-07-29 02:33:11 | Ep 50/50 | Loss 0.0592 Acc 97.95% | Val 0.0834 Acc 95.98% | 5.7s
2026-07-29 02:33:11 | Done in 5.39 min
2026-07-29 02:33:14 | 
================================================================================
2026-07-29 02:33:14 | TRAIN (FROM SCRATCH): MobileViT-S | Fold 2/5 | batch=128 | lr=1.00e-04 | classes=4
2026-07-29 02:33:14 | ================================================================================
2026-07-29 02:33:14 |   [INFO] MobileViT-S initialized FROM SCRATCH (no pretrained weights)
2026-07-29 02:33:34 | Ep 01/50 | Loss 1.0282 Acc 68.29% | Val 0.8738 Acc 59.14% | 20.2s
2026-07-29 02:33:34 |   -> saved best
2026-07-29 02:33:40 | Ep 02/50 | Loss 0.4952 Acc 82.88% | Val 0.2737 Acc 85.34% | 5.7s
2026-07-29 02:33:40 |   -> saved best
2026-07-29 02:33:46 | Ep 03/50 | Loss 0.3656 Acc 84.60% | Val 0.3083 Acc 83.79% | 5.7s
2026-07-29 02:33:51 | Ep 04/50 | Loss 0.3161 Acc 85.87% | Val 0.2367 Acc 86.64% | 5.7s
2026-07-29 02:33:51 |   -> saved best
2026-07-29 02:33:57 | Ep 05/50 | Loss 0.3091 Acc 86.65% | Val 0.2476 Acc 85.60% | 5.7s
2026-07-29 02:34:03 | Ep 06/50 | Loss 0.2672 Acc 88.48% | Val 0.2061 Acc 88.59% | 5.8s
2026-07-29 02:34:03 |   -> saved best
2026-07-29 02:34:09 | Ep 07/50 | Loss 0.2544 Acc 89.29% | Val 0.1828 Acc 90.27% | 5.7s
2026-07-29 02:34:09 |   -> saved best
2026-07-29 02:34:15 | Ep 08/50 | Loss 0.2406 Acc 90.17% | Val 0.1720 Acc 90.40% | 5.7s
2026-07-29 02:34:15 |   -> saved best
2026-07-29 02:34:21 | Ep 09/50 | Loss 0.2058 Acc 91.18% | Val 0.1625 Acc 91.96% | 5.7s
2026-07-29 02:34:21 |   -> saved best
2026-07-29 02:34:26 | Ep 10/50 | Loss 0.1887 Acc 92.55% | Val 0.1933 Acc 91.05% | 5.7s
2026-07-29 02:34:32 | Ep 11/50 | Loss 0.1673 Acc 93.49% | Val 0.3038 Acc 87.94% | 5.7s
2026-07-29 02:34:38 | Ep 12/50 | Loss 0.1709 Acc 93.33% | Val 0.1477 Acc 92.09% | 5.8s
2026-07-29 02:34:38 |   -> saved best
2026-07-29 02:34:44 | Ep 13/50 | Loss 0.1618 Acc 94.14% | Val 0.1561 Acc 93.00% | 5.7s
2026-07-29 02:34:50 | Ep 14/50 | Loss 0.1395 Acc 94.86% | Val 0.2037 Acc 91.05% | 5.7s
2026-07-29 02:34:56 | Ep 15/50 | Loss 0.1432 Acc 94.53% | Val 0.1204 Acc 94.68% | 5.7s
2026-07-29 02:34:56 |   -> saved best
2026-07-29 02:35:01 | Ep 16/50 | Loss 0.1289 Acc 95.12% | Val 0.0872 Acc 96.11% | 5.7s
2026-07-29 02:35:01 |   -> saved best
2026-07-29 02:35:07 | Ep 17/50 | Loss 0.1212 Acc 95.67% | Val 0.0965 Acc 96.24% | 5.8s
2026-07-29 02:35:13 | Ep 18/50 | Loss 0.1252 Acc 95.57% | Val 0.1135 Acc 94.68% | 5.8s
2026-07-29 02:35:19 | Ep 19/50 | Loss 0.1231 Acc 95.61% | Val 0.1100 Acc 94.55% | 5.7s
2026-07-29 02:35:25 | Ep 20/50 | Loss 0.1050 Acc 96.19% | Val 0.1208 Acc 94.16% | 5.7s
2026-07-29 02:35:31 | Ep 21/50 | Loss 0.1047 Acc 96.13% | Val 0.1943 Acc 92.35% | 5.7s
2026-07-29 02:35:36 | Ep 22/50 | Loss 0.1021 Acc 96.16% | Val 0.1288 Acc 94.16% | 5.7s
2026-07-29 02:35:42 | Ep 23/50 | Loss 0.0962 Acc 96.26% | Val 0.0691 Acc 97.54% | 5.7s
2026-07-29 02:35:42 |   -> saved best
2026-07-29 02:35:48 | Ep 24/50 | Loss 0.0946 Acc 96.42% | Val 0.0573 Acc 98.44% | 5.7s
2026-07-29 02:35:48 |   -> saved best
2026-07-29 02:35:54 | Ep 25/50 | Loss 0.0912 Acc 96.74% | Val 0.0529 Acc 98.31% | 5.7s
2026-07-29 02:35:54 |   -> saved best
2026-07-29 02:36:00 | Ep 26/50 | Loss 0.0922 Acc 96.61% | Val 0.0637 Acc 97.80% | 5.8s
2026-07-29 02:36:06 | Ep 27/50 | Loss 0.0818 Acc 96.48% | Val 0.0714 Acc 97.28% | 5.7s
2026-07-29 02:36:11 | Ep 28/50 | Loss 0.0719 Acc 97.33% | Val 0.0586 Acc 97.41% | 5.7s
2026-07-29 02:36:17 | Ep 29/50 | Loss 0.0888 Acc 96.78% | Val 0.0938 Acc 96.11% | 5.7s
2026-07-29 02:36:23 | Ep 30/50 | Loss 0.0820 Acc 97.33% | Val 0.0784 Acc 96.50% | 5.7s
2026-07-29 02:36:29 | Ep 31/50 | Loss 0.0828 Acc 97.14% | Val 0.0639 Acc 97.28% | 5.7s
2026-07-29 02:36:35 | Ep 32/50 | Loss 0.0860 Acc 96.97% | Val 0.0599 Acc 98.05% | 5.7s
2026-07-29 02:36:40 | Ep 33/50 | Loss 0.0765 Acc 97.17% | Val 0.0681 Acc 97.67% | 5.7s
2026-07-29 02:36:46 | Ep 34/50 | Loss 0.0798 Acc 96.94% | Val 0.0958 Acc 95.72% | 5.7s
2026-07-29 02:36:52 | Ep 35/50 | Loss 0.0813 Acc 97.10% | Val 0.0642 Acc 98.18% | 5.7s
2026-07-29 02:36:58 | Ep 36/50 | Loss 0.0711 Acc 97.27% | Val 0.0528 Acc 97.92% | 5.7s
2026-07-29 02:36:58 |   -> saved best
2026-07-29 02:37:04 | Ep 37/50 | Loss 0.0677 Acc 97.72% | Val 0.0575 Acc 97.54% | 5.7s
2026-07-29 02:37:09 | Ep 38/50 | Loss 0.0678 Acc 97.36% | Val 0.0897 Acc 95.98% | 5.7s
2026-07-29 02:37:15 | Ep 39/50 | Loss 0.0803 Acc 97.33% | Val 0.0715 Acc 97.15% | 5.7s
2026-07-29 02:37:21 | Ep 40/50 | Loss 0.0680 Acc 97.46% | Val 0.0605 Acc 97.67% | 5.7s
2026-07-29 02:37:27 | Ep 41/50 | Loss 0.0648 Acc 97.72% | Val 0.0478 Acc 98.44% | 5.7s
2026-07-29 02:37:27 |   -> saved best
2026-07-29 02:37:33 | Ep 42/50 | Loss 0.0613 Acc 97.85% | Val 0.0551 Acc 98.31% | 5.7s
2026-07-29 02:37:39 | Ep 43/50 | Loss 0.0636 Acc 97.82% | Val 0.0813 Acc 96.63% | 5.7s
2026-07-29 02:37:44 | Ep 44/50 | Loss 0.0599 Acc 97.88% | Val 0.0625 Acc 97.54% | 5.6s
2026-07-29 02:37:50 | Ep 45/50 | Loss 0.0693 Acc 97.59% | Val 0.0699 Acc 97.02% | 5.7s
2026-07-29 02:37:56 | Ep 46/50 | Loss 0.0711 Acc 97.56% | Val 0.0599 Acc 98.18% | 5.7s
2026-07-29 02:38:02 | Ep 47/50 | Loss 0.0552 Acc 98.01% | Val 0.0636 Acc 97.67% | 5.7s
2026-07-29 02:38:07 | Ep 48/50 | Loss 0.0553 Acc 98.08% | Val 0.0564 Acc 98.18% | 5.7s
2026-07-29 02:38:13 | Ep 49/50 | Loss 0.0514 Acc 98.14% | Val 0.0521 Acc 98.44% | 5.7s
2026-07-29 02:38:19 | Ep 50/50 | Loss 0.0552 Acc 98.11% | Val 0.0500 Acc 98.31% | 5.6s
2026-07-29 02:38:19 | Done in 5.09 min
2026-07-29 02:38:21 | 
================================================================================
2026-07-29 02:38:21 | TRAIN (FROM SCRATCH): MobileViT-S | Fold 3/5 | batch=128 | lr=1.00e-04 | classes=4
2026-07-29 02:38:21 | ================================================================================
2026-07-29 02:38:21 |   [INFO] MobileViT-S initialized FROM SCRATCH (no pretrained weights)
2026-07-29 02:38:49 | Ep 01/50 | Loss 1.0271 Acc 66.89% | Val 1.3035 Acc 52.60% | 27.7s
2026-07-29 02:38:49 |   -> saved best
2026-07-29 02:38:55 | Ep 02/50 | Loss 0.4768 Acc 83.11% | Val 0.3024 Acc 83.12% | 5.9s
2026-07-29 02:38:55 |   -> saved best
2026-07-29 02:39:01 | Ep 03/50 | Loss 0.3404 Acc 85.22% | Val 0.2239 Acc 86.88% | 5.7s
2026-07-29 02:39:01 |   -> saved best
2026-07-29 02:39:07 | Ep 04/50 | Loss 0.2847 Acc 88.22% | Val 0.2081 Acc 90.91% | 5.6s
2026-07-29 02:39:07 |   -> saved best
2026-07-29 02:39:13 | Ep 05/50 | Loss 0.2628 Acc 89.88% | Val 0.2490 Acc 87.66% | 5.7s
2026-07-29 02:39:18 | Ep 06/50 | Loss 0.2152 Acc 91.60% | Val 0.1525 Acc 92.34% | 5.7s
2026-07-29 02:39:18 |   -> saved best
2026-07-29 02:39:24 | Ep 07/50 | Loss 0.1832 Acc 92.71% | Val 0.1275 Acc 94.81% | 5.7s
2026-07-29 02:39:24 |   -> saved best
2026-07-29 02:39:30 | Ep 08/50 | Loss 0.1638 Acc 93.95% | Val 0.1806 Acc 91.17% | 5.7s
2026-07-29 02:39:36 | Ep 09/50 | Loss 0.1614 Acc 94.37% | Val 0.1020 Acc 94.81% | 5.7s
2026-07-29 02:39:36 |   -> saved best
2026-07-29 02:39:42 | Ep 10/50 | Loss 0.1331 Acc 95.21% | Val 0.1907 Acc 91.43% | 5.7s
2026-07-29 02:39:47 | Ep 11/50 | Loss 0.1466 Acc 94.47% | Val 0.0991 Acc 94.68% | 5.7s
2026-07-29 02:39:48 |   -> saved best
2026-07-29 02:39:53 | Ep 12/50 | Loss 0.1273 Acc 95.35% | Val 0.0697 Acc 97.27% | 5.7s
2026-07-29 02:39:53 |   -> saved best
2026-07-29 02:39:59 | Ep 13/50 | Loss 0.1191 Acc 95.54% | Val 0.0809 Acc 96.49% | 5.7s
2026-07-29 02:40:05 | Ep 14/50 | Loss 0.1175 Acc 95.87% | Val 0.0828 Acc 96.62% | 5.7s
2026-07-29 02:40:11 | Ep 15/50 | Loss 0.1142 Acc 95.64% | Val 0.1382 Acc 94.03% | 5.7s
2026-07-29 02:40:17 | Ep 16/50 | Loss 0.0996 Acc 96.45% | Val 0.0620 Acc 97.40% | 5.7s
2026-07-29 02:40:17 |   -> saved best
2026-07-29 02:40:22 | Ep 17/50 | Loss 0.0932 Acc 96.65% | Val 0.1063 Acc 95.71% | 5.7s
2026-07-29 02:40:28 | Ep 18/50 | Loss 0.0991 Acc 96.19% | Val 0.0925 Acc 96.10% | 5.7s
2026-07-29 02:40:34 | Ep 19/50 | Loss 0.1013 Acc 96.29% | Val 0.0720 Acc 96.62% | 5.7s
2026-07-29 02:40:40 | Ep 20/50 | Loss 0.1000 Acc 96.29% | Val 0.0605 Acc 97.14% | 5.7s
2026-07-29 02:40:40 |   -> saved best
2026-07-29 02:40:46 | Ep 21/50 | Loss 0.0962 Acc 96.71% | Val 0.0472 Acc 98.44% | 5.7s
2026-07-29 02:40:46 |   -> saved best
2026-07-29 02:40:52 | Ep 22/50 | Loss 0.0976 Acc 96.26% | Val 0.0718 Acc 97.14% | 5.7s
2026-07-29 02:40:57 | Ep 23/50 | Loss 0.0930 Acc 96.61% | Val 0.1502 Acc 93.51% | 5.7s
2026-07-29 02:41:03 | Ep 24/50 | Loss 0.0900 Acc 96.65% | Val 0.0476 Acc 98.18% | 5.7s
2026-07-29 02:41:09 | Ep 25/50 | Loss 0.0814 Acc 97.20% | Val 0.0618 Acc 97.40% | 5.8s
2026-07-29 02:41:15 | Ep 26/50 | Loss 0.0857 Acc 96.94% | Val 0.0791 Acc 96.88% | 5.7s
2026-07-29 02:41:21 | Ep 27/50 | Loss 0.0807 Acc 97.17% | Val 0.0536 Acc 97.92% | 5.7s
2026-07-29 02:41:27 | Ep 28/50 | Loss 0.0733 Acc 97.56% | Val 0.0451 Acc 97.92% | 5.7s
2026-07-29 02:41:27 |   -> saved best
2026-07-29 02:41:32 | Ep 29/50 | Loss 0.0785 Acc 97.46% | Val 0.0479 Acc 97.79% | 5.7s
2026-07-29 02:41:38 | Ep 30/50 | Loss 0.0690 Acc 97.69% | Val 0.0463 Acc 98.44% | 5.6s
2026-07-29 02:41:44 | Ep 31/50 | Loss 0.0652 Acc 97.79% | Val 0.0364 Acc 98.31% | 5.7s
2026-07-29 02:41:44 |   -> saved best
2026-07-29 02:41:50 | Ep 32/50 | Loss 0.0719 Acc 97.56% | Val 0.0519 Acc 98.18% | 5.7s
2026-07-29 02:41:56 | Ep 33/50 | Loss 0.0726 Acc 97.49% | Val 0.0525 Acc 97.53% | 5.7s
2026-07-29 02:42:01 | Ep 34/50 | Loss 0.0664 Acc 97.92% | Val 0.0466 Acc 97.66% | 5.7s
2026-07-29 02:42:07 | Ep 35/50 | Loss 0.0683 Acc 97.56% | Val 0.0453 Acc 97.92% | 5.7s
2026-07-29 02:42:13 | Ep 36/50 | Loss 0.0634 Acc 97.72% | Val 0.0720 Acc 96.36% | 5.7s
2026-07-29 02:42:19 | Ep 37/50 | Loss 0.0646 Acc 97.79% | Val 0.0617 Acc 97.27% | 5.7s
2026-07-29 02:42:24 | Ep 38/50 | Loss 0.0601 Acc 97.85% | Val 0.0424 Acc 98.05% | 5.7s
2026-07-29 02:42:30 | Ep 39/50 | Loss 0.0617 Acc 97.85% | Val 0.0498 Acc 97.92% | 5.7s
2026-07-29 02:42:36 | Ep 40/50 | Loss 0.0639 Acc 97.72% | Val 0.0553 Acc 97.53% | 5.6s
2026-07-29 02:42:42 | Ep 41/50 | Loss 0.0599 Acc 97.95% | Val 0.0343 Acc 98.70% | 5.7s
2026-07-29 02:42:42 |   -> saved best
2026-07-29 02:42:48 | Ep 42/50 | Loss 0.0490 Acc 98.37% | Val 0.0392 Acc 98.70% | 5.7s
2026-07-29 02:42:53 | Ep 43/50 | Loss 0.0633 Acc 97.62% | Val 0.0539 Acc 97.92% | 5.7s
2026-07-29 02:42:59 | Ep 44/50 | Loss 0.0584 Acc 97.82% | Val 0.0335 Acc 98.31% | 5.7s
2026-07-29 02:42:59 |   -> saved best
2026-07-29 02:43:05 | Ep 45/50 | Loss 0.0488 Acc 98.21% | Val 0.0245 Acc 98.96% | 5.7s
2026-07-29 02:43:05 |   -> saved best
2026-07-29 02:43:11 | Ep 46/50 | Loss 0.0617 Acc 97.79% | Val 0.0342 Acc 98.44% | 5.7s
2026-07-29 02:43:17 | Ep 47/50 | Loss 0.0571 Acc 97.98% | Val 0.0373 Acc 98.18% | 5.7s
2026-07-29 02:43:22 | Ep 48/50 | Loss 0.0518 Acc 98.40% | Val 0.0446 Acc 97.66% | 5.7s
2026-07-29 02:43:28 | Ep 49/50 | Loss 0.0669 Acc 97.66% | Val 0.0604 Acc 97.01% | 5.7s
2026-07-29 02:43:34 | Ep 50/50 | Loss 0.0597 Acc 97.88% | Val 0.0669 Acc 96.88% | 5.7s
2026-07-29 02:43:34 | Done in 5.21 min
2026-07-29 02:43:37 | 
================================================================================
2026-07-29 02:43:37 | TRAIN (FROM SCRATCH): MobileViT-S | Fold 4/5 | batch=128 | lr=1.00e-04 | classes=4
2026-07-29 02:43:37 | ================================================================================
2026-07-29 02:43:37 |   [INFO] MobileViT-S initialized FROM SCRATCH (no pretrained weights)
2026-07-29 02:43:57 | Ep 01/50 | Loss 1.0290 Acc 68.75% | Val 1.0730 Acc 57.92% | 20.4s
2026-07-29 02:43:57 |   -> saved best
2026-07-29 02:44:03 | Ep 02/50 | Loss 0.4883 Acc 82.98% | Val 0.3316 Acc 82.99% | 5.7s
2026-07-29 02:44:03 |   -> saved best
2026-07-29 02:44:09 | Ep 03/50 | Loss 0.3620 Acc 84.86% | Val 0.2246 Acc 88.44% | 5.6s
2026-07-29 02:44:09 |   -> saved best
2026-07-29 02:44:14 | Ep 04/50 | Loss 0.3037 Acc 87.50% | Val 0.2396 Acc 88.70% | 5.7s
2026-07-29 02:44:20 | Ep 05/50 | Loss 0.2748 Acc 88.25% | Val 0.2080 Acc 89.87% | 5.7s
2026-07-29 02:44:20 |   -> saved best
2026-07-29 02:44:26 | Ep 06/50 | Loss 0.2629 Acc 89.42% | Val 0.1697 Acc 91.30% | 5.7s
2026-07-29 02:44:26 |   -> saved best
2026-07-29 02:44:32 | Ep 07/50 | Loss 0.2400 Acc 90.17% | Val 0.1555 Acc 92.99% | 5.7s
2026-07-29 02:44:32 |   -> saved best
2026-07-29 02:44:38 | Ep 08/50 | Loss 0.2428 Acc 90.20% | Val 0.1740 Acc 91.30% | 5.7s
2026-07-29 02:44:43 | Ep 09/50 | Loss 0.2074 Acc 91.76% | Val 0.1543 Acc 92.08% | 5.7s
2026-07-29 02:44:43 |   -> saved best
2026-07-29 02:44:49 | Ep 10/50 | Loss 0.1955 Acc 92.55% | Val 0.1426 Acc 93.25% | 5.7s
2026-07-29 02:44:49 |   -> saved best
2026-07-29 02:44:55 | Ep 11/50 | Loss 0.1718 Acc 93.39% | Val 0.1094 Acc 94.55% | 5.7s
2026-07-29 02:44:55 |   -> saved best
2026-07-29 02:45:01 | Ep 12/50 | Loss 0.1549 Acc 94.08% | Val 0.1567 Acc 92.60% | 5.6s
2026-07-29 02:45:07 | Ep 13/50 | Loss 0.1543 Acc 93.88% | Val 0.0960 Acc 96.36% | 5.7s
2026-07-29 02:45:07 |   -> saved best
2026-07-29 02:45:12 | Ep 14/50 | Loss 0.1305 Acc 94.95% | Val 0.0883 Acc 96.49% | 5.7s
2026-07-29 02:45:13 |   -> saved best
2026-07-29 02:45:18 | Ep 15/50 | Loss 0.1388 Acc 94.86% | Val 0.0830 Acc 96.49% | 5.7s
2026-07-29 02:45:18 |   -> saved best
2026-07-29 02:45:24 | Ep 16/50 | Loss 0.1231 Acc 95.28% | Val 0.0798 Acc 96.36% | 5.7s
2026-07-29 02:45:24 |   -> saved best
2026-07-29 02:45:30 | Ep 17/50 | Loss 0.1247 Acc 95.25% | Val 0.0830 Acc 95.97% | 5.7s
2026-07-29 02:45:36 | Ep 18/50 | Loss 0.1162 Acc 95.74% | Val 0.1087 Acc 95.58% | 5.7s
2026-07-29 02:45:41 | Ep 19/50 | Loss 0.1111 Acc 95.51% | Val 0.0713 Acc 97.14% | 5.7s
2026-07-29 02:45:42 |   -> saved best
2026-07-29 02:45:47 | Ep 20/50 | Loss 0.1079 Acc 96.00% | Val 0.0749 Acc 96.75% | 5.7s
2026-07-29 02:45:53 | Ep 21/50 | Loss 0.0998 Acc 96.26% | Val 0.0774 Acc 96.88% | 5.7s
2026-07-29 02:45:59 | Ep 22/50 | Loss 0.0978 Acc 96.26% | Val 0.0728 Acc 97.40% | 5.7s
2026-07-29 02:46:05 | Ep 23/50 | Loss 0.0964 Acc 96.55% | Val 0.0775 Acc 96.75% | 5.7s
2026-07-29 02:46:11 | Ep 24/50 | Loss 0.0967 Acc 96.19% | Val 0.0735 Acc 97.01% | 5.7s
2026-07-29 02:46:16 | Ep 25/50 | Loss 0.1014 Acc 96.32% | Val 0.0699 Acc 96.75% | 5.7s
2026-07-29 02:46:16 |   -> saved best
2026-07-29 02:46:22 | Ep 26/50 | Loss 0.1023 Acc 96.19% | Val 0.1213 Acc 95.06% | 5.7s
2026-07-29 02:46:28 | Ep 27/50 | Loss 0.0873 Acc 96.58% | Val 0.0796 Acc 96.62% | 5.6s
2026-07-29 02:46:34 | Ep 28/50 | Loss 0.0939 Acc 96.48% | Val 0.0698 Acc 97.66% | 5.7s
2026-07-29 02:46:34 |   -> saved best
2026-07-29 02:46:40 | Ep 29/50 | Loss 0.0984 Acc 96.29% | Val 0.0639 Acc 96.88% | 5.8s
2026-07-29 02:46:40 |   -> saved best
2026-07-29 02:46:46 | Ep 30/50 | Loss 0.0898 Acc 96.84% | Val 0.0788 Acc 96.62% | 5.7s
2026-07-29 02:46:51 | Ep 31/50 | Loss 0.0824 Acc 97.30% | Val 0.0619 Acc 97.14% | 5.8s
2026-07-29 02:46:51 |   -> saved best
2026-07-29 02:46:57 | Ep 32/50 | Loss 0.0771 Acc 97.40% | Val 0.0608 Acc 97.27% | 5.6s
2026-07-29 02:46:57 |   -> saved best
2026-07-29 02:47:03 | Ep 33/50 | Loss 0.0721 Acc 97.69% | Val 0.1137 Acc 94.81% | 5.7s
2026-07-29 02:47:09 | Ep 34/50 | Loss 0.0894 Acc 96.84% | Val 0.0809 Acc 96.36% | 5.8s
2026-07-29 02:47:15 | Ep 35/50 | Loss 0.0727 Acc 97.36% | Val 0.0593 Acc 97.27% | 5.8s
2026-07-29 02:47:15 |   -> saved best
2026-07-29 02:47:21 | Ep 36/50 | Loss 0.0797 Acc 97.10% | Val 0.0663 Acc 97.14% | 5.7s
2026-07-29 02:47:26 | Ep 37/50 | Loss 0.0743 Acc 97.43% | Val 0.0850 Acc 96.75% | 5.7s
2026-07-29 02:47:32 | Ep 38/50 | Loss 0.0813 Acc 97.10% | Val 0.0708 Acc 96.88% | 5.7s
2026-07-29 02:47:38 | Ep 39/50 | Loss 0.0816 Acc 96.94% | Val 0.0637 Acc 97.53% | 5.7s
2026-07-29 02:47:44 | Ep 40/50 | Loss 0.0764 Acc 97.66% | Val 0.0585 Acc 98.05% | 5.7s
2026-07-29 02:47:44 |   -> saved best
2026-07-29 02:47:50 | Ep 41/50 | Loss 0.0681 Acc 97.53% | Val 0.0596 Acc 97.79% | 5.7s
2026-07-29 02:47:56 | Ep 42/50 | Loss 0.0668 Acc 97.66% | Val 0.0594 Acc 97.66% | 5.7s
2026-07-29 02:48:01 | Ep 43/50 | Loss 0.0712 Acc 97.40% | Val 0.0690 Acc 97.27% | 5.7s
2026-07-29 02:48:07 | Ep 44/50 | Loss 0.0663 Acc 97.66% | Val 0.0745 Acc 96.75% | 5.7s
2026-07-29 02:48:13 | Ep 45/50 | Loss 0.0689 Acc 97.85% | Val 0.0574 Acc 97.53% | 5.7s
2026-07-29 02:48:13 |   -> saved best
2026-07-29 02:48:19 | Ep 46/50 | Loss 0.0813 Acc 97.14% | Val 0.0608 Acc 97.14% | 5.7s
2026-07-29 02:48:24 | Ep 47/50 | Loss 0.0755 Acc 97.43% | Val 0.0670 Acc 97.53% | 5.7s
2026-07-29 02:48:30 | Ep 48/50 | Loss 0.0616 Acc 97.75% | Val 0.0586 Acc 97.66% | 5.7s
2026-07-29 02:48:36 | Ep 49/50 | Loss 0.0664 Acc 97.30% | Val 0.0647 Acc 97.53% | 5.7s
2026-07-29 02:48:42 | Ep 50/50 | Loss 0.0654 Acc 97.92% | Val 0.0523 Acc 97.66% | 5.7s
2026-07-29 02:48:42 |   -> saved best
2026-07-29 02:48:42 | Done in 5.09 min
2026-07-29 02:48:44 | 
================================================================================
2026-07-29 02:48:44 | TRAIN (FROM SCRATCH): MobileViT-S | Fold 5/5 | batch=128 | lr=1.00e-04 | classes=4
2026-07-29 02:48:44 | ================================================================================
2026-07-29 02:48:44 |   [INFO] MobileViT-S initialized FROM SCRATCH (no pretrained weights)
2026-07-29 02:49:05 | Ep 01/50 | Loss 1.0087 Acc 68.52% | Val 0.9901 Acc 54.81% | 20.3s
2026-07-29 02:49:05 |   -> saved best
2026-07-29 02:49:11 | Ep 02/50 | Loss 0.4701 Acc 83.53% | Val 0.3192 Acc 84.03% | 5.7s
2026-07-29 02:49:11 |   -> saved best
2026-07-29 02:49:16 | Ep 03/50 | Loss 0.3423 Acc 85.64% | Val 0.2747 Acc 85.71% | 5.7s
2026-07-29 02:49:16 |   -> saved best
2026-07-29 02:49:22 | Ep 04/50 | Loss 0.2976 Acc 86.33% | Val 0.2240 Acc 87.66% | 5.7s
2026-07-29 02:49:22 |   -> saved best
2026-07-29 02:49:28 | Ep 05/50 | Loss 0.2793 Acc 88.18% | Val 0.2683 Acc 86.36% | 5.7s
2026-07-29 02:49:34 | Ep 06/50 | Loss 0.2578 Acc 88.83% | Val 0.2639 Acc 86.75% | 5.6s
2026-07-29 02:49:40 | Ep 07/50 | Loss 0.2339 Acc 90.30% | Val 0.2313 Acc 88.70% | 5.7s
2026-07-29 02:49:45 | Ep 08/50 | Loss 0.2196 Acc 90.92% | Val 0.1980 Acc 90.13% | 5.6s
2026-07-29 02:49:45 |   -> saved best
2026-07-29 02:49:51 | Ep 09/50 | Loss 0.2040 Acc 92.19% | Val 0.2154 Acc 90.26% | 5.7s
2026-07-29 02:49:57 | Ep 10/50 | Loss 0.1702 Acc 93.55% | Val 0.1524 Acc 92.34% | 5.7s
2026-07-29 02:49:57 |   -> saved best
2026-07-29 02:50:03 | Ep 11/50 | Loss 0.1494 Acc 94.37% | Val 0.1272 Acc 94.55% | 5.7s
2026-07-29 02:50:03 |   -> saved best
2026-07-29 02:50:08 | Ep 12/50 | Loss 0.1349 Acc 94.63% | Val 0.1717 Acc 92.08% | 5.6s
2026-07-29 02:50:14 | Ep 13/50 | Loss 0.1501 Acc 94.30% | Val 0.1327 Acc 94.29% | 5.6s
2026-07-29 02:50:20 | Ep 14/50 | Loss 0.1366 Acc 94.66% | Val 0.1333 Acc 94.42% | 5.6s
2026-07-29 02:50:26 | Ep 15/50 | Loss 0.1255 Acc 95.12% | Val 0.1452 Acc 94.16% | 5.7s
2026-07-29 02:50:31 | Ep 16/50 | Loss 0.1079 Acc 95.96% | Val 0.1150 Acc 94.03% | 5.6s
2026-07-29 02:50:31 |   -> saved best
2026-07-29 02:50:37 | Ep 17/50 | Loss 0.1040 Acc 95.87% | Val 0.1038 Acc 95.97% | 5.6s
2026-07-29 02:50:37 |   -> saved best
2026-07-29 02:50:43 | Ep 18/50 | Loss 0.0945 Acc 96.78% | Val 0.1120 Acc 95.32% | 5.7s
2026-07-29 02:50:49 | Ep 19/50 | Loss 0.0898 Acc 97.20% | Val 0.1073 Acc 95.32% | 5.7s
2026-07-29 02:50:55 | Ep 20/50 | Loss 0.1001 Acc 96.42% | Val 0.0980 Acc 96.10% | 5.7s
2026-07-29 02:50:55 |   -> saved best
2026-07-29 02:51:01 | Ep 21/50 | Loss 0.0914 Acc 96.65% | Val 0.1040 Acc 96.23% | 5.7s
2026-07-29 02:51:06 | Ep 22/50 | Loss 0.0948 Acc 96.48% | Val 0.1102 Acc 95.71% | 5.7s
2026-07-29 02:51:12 | Ep 23/50 | Loss 0.0941 Acc 96.45% | Val 0.0977 Acc 96.36% | 5.7s
2026-07-29 02:51:12 |   -> saved best
2026-07-29 02:51:18 | Ep 24/50 | Loss 0.0980 Acc 96.09% | Val 0.0805 Acc 96.88% | 5.7s
2026-07-29 02:51:18 |   -> saved best
2026-07-29 02:51:24 | Ep 25/50 | Loss 0.0836 Acc 96.88% | Val 0.0727 Acc 97.40% | 5.7s
2026-07-29 02:51:24 |   -> saved best
2026-07-29 02:51:30 | Ep 26/50 | Loss 0.0788 Acc 97.01% | Val 0.1462 Acc 94.03% | 5.7s
2026-07-29 02:51:35 | Ep 27/50 | Loss 0.0743 Acc 97.40% | Val 0.1138 Acc 95.58% | 5.7s
2026-07-29 02:51:41 | Ep 28/50 | Loss 0.0790 Acc 96.84% | Val 0.0751 Acc 97.40% | 5.7s
2026-07-29 02:51:47 | Ep 29/50 | Loss 0.0691 Acc 97.30% | Val 0.0790 Acc 96.62% | 5.7s
2026-07-29 02:51:53 | Ep 30/50 | Loss 0.0799 Acc 97.04% | Val 0.1100 Acc 95.97% | 5.7s
2026-07-29 02:51:59 | Ep 31/50 | Loss 0.0725 Acc 97.27% | Val 0.0896 Acc 97.01% | 5.7s
2026-07-29 02:52:04 | Ep 32/50 | Loss 0.0661 Acc 97.66% | Val 0.0833 Acc 97.14% | 5.7s
2026-07-29 02:52:10 | Ep 33/50 | Loss 0.0698 Acc 97.53% | Val 0.0855 Acc 96.88% | 5.7s
2026-07-29 02:52:16 | Ep 34/50 | Loss 0.0629 Acc 97.69% | Val 0.0836 Acc 96.75% | 5.7s
2026-07-29 02:52:22 | Ep 35/50 | Loss 0.0687 Acc 97.36% | Val 0.1027 Acc 95.97% | 5.6s
2026-07-29 02:52:28 | Ep 36/50 | Loss 0.0604 Acc 97.92% | Val 0.0799 Acc 97.40% | 5.7s
2026-07-29 02:52:33 | Ep 37/50 | Loss 0.0569 Acc 98.08% | Val 0.0826 Acc 97.14% | 5.6s
2026-07-29 02:52:39 | Ep 38/50 | Loss 0.0581 Acc 97.75% | Val 0.0795 Acc 97.14% | 5.8s
2026-07-29 02:52:45 | Ep 39/50 | Loss 0.0630 Acc 97.66% | Val 0.1248 Acc 95.45% | 5.7s
2026-07-29 02:52:51 | Ep 40/50 | Loss 0.0634 Acc 97.85% | Val 0.0920 Acc 96.88% | 5.6s
2026-07-29 02:52:51 |   Early stop at epoch 40
2026-07-29 02:52:51 | Done in 4.11 min
2026-07-29 02:52:53 | 
================================================================================
2026-07-29 02:52:53 | TRAIN (FROM SCRATCH): ConvNeXt-Base | Fold 1/5 | batch=64 | lr=1.00e-04 | classes=4
2026-07-29 02:52:53 | ================================================================================
2026-07-29 02:52:54 |   [INFO] ConvNeXt-Base initialized FROM SCRATCH (no pretrained weights)
2026-07-29 02:53:34 | Ep 01/50 | Loss 1.1545 Acc 53.16% | Val 0.9564 Acc 66.93% | 40.3s
2026-07-29 02:53:35 |   -> saved best
2026-07-29 02:53:45 | Ep 02/50 | Loss 0.7065 Acc 72.30% | Val 0.4562 Acc 79.77% | 9.2s
2026-07-29 02:53:45 |   -> saved best
2026-07-29 02:53:55 | Ep 03/50 | Loss 0.4306 Acc 81.90% | Val 0.3023 Acc 84.82% | 9.1s
2026-07-29 02:53:55 |   -> saved best
2026-07-29 02:54:11 | Ep 04/50 | Loss 0.3605 Acc 84.38% | Val 0.3003 Acc 84.70% | 9.0s
2026-07-29 02:54:11 |   -> saved best
2026-07-29 02:54:21 | Ep 05/50 | Loss 0.2992 Acc 86.82% | Val 0.2558 Acc 88.59% | 9.0s
2026-07-29 02:54:21 |   -> saved best
2026-07-29 02:54:31 | Ep 06/50 | Loss 0.2659 Acc 88.02% | Val 0.2055 Acc 90.66% | 9.0s
2026-07-29 02:54:32 |   -> saved best
2026-07-29 02:54:54 | Ep 07/50 | Loss 0.2618 Acc 89.26% | Val 0.2200 Acc 88.33% | 9.2s
2026-07-29 02:55:03 | Ep 08/50 | Loss 0.2589 Acc 88.83% | Val 0.2171 Acc 89.36% | 8.9s
2026-07-29 02:55:13 | Ep 09/50 | Loss 0.2225 Acc 90.40% | Val 0.1546 Acc 92.87% | 8.9s
2026-07-29 02:55:14 |   -> saved best
2026-07-29 02:55:29 | Ep 10/50 | Loss 0.2354 Acc 89.94% | Val 0.2088 Acc 91.57% | 9.2s
2026-07-29 02:55:50 | Ep 11/50 | Loss 0.2022 Acc 91.47% | Val 0.1524 Acc 93.26% | 9.1s
2026-07-29 02:55:51 |   -> saved best
2026-07-29 02:56:01 | Ep 12/50 | Loss 0.1859 Acc 92.51% | Val 0.2307 Acc 89.75% | 8.9s
2026-07-29 02:56:11 | Ep 13/50 | Loss 0.1878 Acc 92.58% | Val 0.1884 Acc 91.18% | 8.9s
2026-07-29 02:56:25 | Ep 14/50 | Loss 0.1878 Acc 92.74% | Val 0.1420 Acc 93.77% | 9.1s
2026-07-29 02:56:25 |   -> saved best
2026-07-29 02:56:35 | Ep 15/50 | Loss 0.1861 Acc 92.02% | Val 0.1704 Acc 92.09% | 8.9s
2026-07-29 02:56:45 | Ep 16/50 | Loss 0.1606 Acc 93.36% | Val 0.1578 Acc 93.00% | 8.9s
2026-07-29 02:56:54 | Ep 17/50 | Loss 0.1458 Acc 94.14% | Val 0.1281 Acc 93.64% | 8.9s
2026-07-29 02:56:55 |   -> saved best
2026-07-29 02:57:12 | Ep 18/50 | Loss 0.1652 Acc 92.90% | Val 0.1132 Acc 95.33% | 9.2s
2026-07-29 02:57:12 |   -> saved best
2026-07-29 02:57:22 | Ep 19/50 | Loss 0.1537 Acc 94.17% | Val 0.1474 Acc 93.39% | 8.9s
2026-07-29 02:57:32 | Ep 20/50 | Loss 0.1625 Acc 93.52% | Val 0.1113 Acc 95.46% | 8.9s
2026-07-29 02:57:32 |   -> saved best
2026-07-29 02:57:43 | Ep 21/50 | Loss 0.1613 Acc 93.75% | Val 0.1305 Acc 94.81% | 9.0s
2026-07-29 02:58:07 | Ep 22/50 | Loss 0.1417 Acc 94.95% | Val 0.1701 Acc 91.83% | 9.1s
2026-07-29 02:58:17 | Ep 23/50 | Loss 0.1327 Acc 95.18% | Val 0.0955 Acc 95.72% | 8.9s
2026-07-29 02:58:17 |   -> saved best
2026-07-29 02:58:27 | Ep 24/50 | Loss 0.1388 Acc 94.76% | Val 0.1938 Acc 92.22% | 8.9s
2026-07-29 02:58:37 | Ep 25/50 | Loss 0.1387 Acc 94.79% | Val 0.0937 Acc 95.98% | 9.0s
2026-07-29 02:58:37 |   -> saved best
2026-07-29 02:58:57 | Ep 26/50 | Loss 0.1340 Acc 94.92% | Val 0.1056 Acc 95.85% | 9.1s
2026-07-29 02:59:07 | Ep 27/50 | Loss 0.1452 Acc 94.63% | Val 0.1081 Acc 95.07% | 8.9s
2026-07-29 02:59:17 | Ep 28/50 | Loss 0.1241 Acc 95.28% | Val 0.1121 Acc 95.20% | 9.0s
2026-07-29 02:59:27 | Ep 29/50 | Loss 0.1169 Acc 95.64% | Val 0.1372 Acc 94.29% | 8.9s
2026-07-29 02:59:37 | Ep 30/50 | Loss 0.1156 Acc 95.67% | Val 0.1326 Acc 93.51% | 9.0s
2026-07-29 02:59:50 | Ep 31/50 | Loss 0.1248 Acc 95.35% | Val 0.1365 Acc 93.26% | 9.0s
2026-07-29 03:00:00 | Ep 32/50 | Loss 0.1096 Acc 95.64% | Val 0.1073 Acc 95.07% | 9.0s
2026-07-29 03:00:09 | Ep 33/50 | Loss 0.1207 Acc 95.48% | Val 0.1037 Acc 95.33% | 9.0s
2026-07-29 03:00:19 | Ep 34/50 | Loss 0.1073 Acc 95.74% | Val 0.1115 Acc 95.33% | 8.9s
2026-07-29 03:00:29 | Ep 35/50 | Loss 0.1268 Acc 95.51% | Val 0.0909 Acc 96.63% | 8.9s
2026-07-29 03:00:29 |   -> saved best
2026-07-29 03:00:45 | Ep 36/50 | Loss 0.0985 Acc 96.00% | Val 0.1183 Acc 94.94% | 9.1s
2026-07-29 03:01:06 | Ep 37/50 | Loss 0.1137 Acc 95.96% | Val 0.0916 Acc 96.24% | 9.2s
2026-07-29 03:01:16 | Ep 38/50 | Loss 0.1067 Acc 96.03% | Val 0.1078 Acc 95.07% | 9.0s
2026-07-29 03:01:26 | Ep 39/50 | Loss 0.1067 Acc 95.87% | Val 0.1217 Acc 94.94% | 8.9s
2026-07-29 03:01:36 | Ep 40/50 | Loss 0.0981 Acc 96.22% | Val 0.0750 Acc 96.50% | 8.9s
2026-07-29 03:01:36 |   -> saved best
2026-07-29 03:01:46 | Ep 41/50 | Loss 0.1099 Acc 95.64% | Val 0.0899 Acc 96.76% | 9.0s
2026-07-29 03:02:05 | Ep 42/50 | Loss 0.0933 Acc 96.68% | Val 0.0969 Acc 95.59% | 9.1s
2026-07-29 03:02:15 | Ep 43/50 | Loss 0.1614 Acc 94.50% | Val 0.1068 Acc 96.11% | 8.9s
2026-07-29 03:02:24 | Ep 44/50 | Loss 0.1143 Acc 95.83% | Val 0.1011 Acc 95.85% | 8.9s
2026-07-29 03:02:34 | Ep 45/50 | Loss 0.0870 Acc 96.68% | Val 0.0846 Acc 96.11% | 9.0s
2026-07-29 03:02:44 | Ep 46/50 | Loss 0.0896 Acc 96.68% | Val 0.0841 Acc 95.85% | 8.9s
2026-07-29 03:02:54 | Ep 47/50 | Loss 0.0839 Acc 96.81% | Val 0.0810 Acc 96.11% | 8.9s
2026-07-29 03:03:09 | Ep 48/50 | Loss 0.0785 Acc 97.23% | Val 0.0887 Acc 96.89% | 9.0s
2026-07-29 03:03:19 | Ep 49/50 | Loss 0.0812 Acc 96.84% | Val 0.0649 Acc 97.54% | 8.9s
2026-07-29 03:03:19 |   -> saved best
2026-07-29 03:03:29 | Ep 50/50 | Loss 0.0972 Acc 96.42% | Val 0.0862 Acc 96.89% | 8.9s
2026-07-29 03:03:30 | Done in 10.60 min
2026-07-29 03:03:33 | 
================================================================================
2026-07-29 03:03:33 | TRAIN (FROM SCRATCH): ConvNeXt-Base | Fold 2/5 | batch=64 | lr=1.00e-04 | classes=4
2026-07-29 03:03:33 | ================================================================================
2026-07-29 03:03:34 |   [INFO] ConvNeXt-Base initialized FROM SCRATCH (no pretrained weights)
2026-07-29 03:03:58 | Ep 01/50 | Loss 1.1700 Acc 53.32% | Val 0.8352 Acc 65.24% | 24.4s
2026-07-29 03:03:58 |   -> saved best
2026-07-29 03:04:14 | Ep 02/50 | Loss 0.6813 Acc 72.27% | Val 0.4262 Acc 79.90% | 9.1s
2026-07-29 03:04:21 |   -> saved best
2026-07-29 03:04:35 | Ep 03/50 | Loss 0.4075 Acc 81.74% | Val 0.3314 Acc 83.66% | 9.1s
2026-07-29 03:04:36 |   -> saved best
2026-07-29 03:04:45 | Ep 04/50 | Loss 0.3089 Acc 85.84% | Val 0.2400 Acc 88.20% | 8.9s
2026-07-29 03:04:46 |   -> saved best
2026-07-29 03:04:56 | Ep 05/50 | Loss 0.3046 Acc 86.46% | Val 0.2317 Acc 88.33% | 8.9s
2026-07-29 03:04:56 |   -> saved best
2026-07-29 03:05:18 | Ep 06/50 | Loss 0.2575 Acc 89.10% | Val 0.2006 Acc 91.44% | 9.2s
2026-07-29 03:05:18 |   -> saved best
2026-07-29 03:05:28 | Ep 07/50 | Loss 0.2347 Acc 90.07% | Val 0.1614 Acc 92.87% | 9.0s
2026-07-29 03:05:28 |   -> saved best
2026-07-29 03:05:38 | Ep 08/50 | Loss 0.2241 Acc 90.46% | Val 0.1633 Acc 93.13% | 8.9s
2026-07-29 03:05:48 | Ep 09/50 | Loss 0.2009 Acc 91.54% | Val 0.1562 Acc 93.00% | 8.9s
2026-07-29 03:05:52 |   -> saved best
2026-07-29 03:06:02 | Ep 10/50 | Loss 0.2120 Acc 91.31% | Val 0.2046 Acc 90.53% | 9.1s
2026-07-29 03:06:12 | Ep 11/50 | Loss 0.1927 Acc 92.09% | Val 0.1440 Acc 93.77% | 9.0s
2026-07-29 03:06:12 |   -> saved best
2026-07-29 03:06:22 | Ep 12/50 | Loss 0.2248 Acc 90.98% | Val 0.1881 Acc 91.31% | 9.0s
2026-07-29 03:06:39 | Ep 13/50 | Loss 0.1900 Acc 91.96% | Val 0.1737 Acc 92.87% | 9.1s
2026-07-29 03:06:59 | Ep 14/50 | Loss 0.1690 Acc 93.13% | Val 0.1570 Acc 93.90% | 9.1s
2026-07-29 03:07:09 | Ep 15/50 | Loss 0.1803 Acc 92.74% | Val 0.1776 Acc 92.87% | 8.9s
2026-07-29 03:07:18 | Ep 16/50 | Loss 0.1670 Acc 93.52% | Val 0.1290 Acc 94.29% | 8.9s
2026-07-29 03:07:19 |   -> saved best
2026-07-29 03:07:28 | Ep 17/50 | Loss 0.1536 Acc 93.78% | Val 0.1464 Acc 94.68% | 8.9s
2026-07-29 03:07:39 | Ep 18/50 | Loss 0.1566 Acc 93.46% | Val 0.1319 Acc 94.03% | 8.9s
2026-07-29 03:07:52 | Ep 19/50 | Loss 0.1364 Acc 94.43% | Val 0.1641 Acc 93.90% | 9.1s
2026-07-29 03:08:01 | Ep 20/50 | Loss 0.1446 Acc 94.60% | Val 0.1579 Acc 94.29% | 9.0s
2026-07-29 03:08:11 | Ep 21/50 | Loss 0.1347 Acc 94.47% | Val 0.1432 Acc 95.07% | 8.9s
2026-07-29 03:08:21 | Ep 22/50 | Loss 0.1422 Acc 94.24% | Val 0.1662 Acc 93.39% | 9.0s
2026-07-29 03:08:31 | Ep 23/50 | Loss 0.1637 Acc 93.88% | Val 0.1310 Acc 95.20% | 8.9s
2026-07-29 03:08:43 | Ep 24/50 | Loss 0.1383 Acc 95.18% | Val 0.1458 Acc 93.51% | 8.9s
2026-07-29 03:08:53 | Ep 25/50 | Loss 0.1849 Acc 93.52% | Val 0.1702 Acc 93.13% | 8.9s
2026-07-29 03:09:03 | Ep 26/50 | Loss 0.1361 Acc 94.47% | Val 0.1137 Acc 95.98% | 8.9s
2026-07-29 03:09:03 |   -> saved best
2026-07-29 03:09:13 | Ep 27/50 | Loss 0.1277 Acc 94.73% | Val 0.1561 Acc 94.42% | 8.9s
2026-07-29 03:09:23 | Ep 28/50 | Loss 0.1152 Acc 95.35% | Val 0.1308 Acc 94.29% | 8.9s
2026-07-29 03:09:36 | Ep 29/50 | Loss 0.1252 Acc 95.08% | Val 0.1041 Acc 97.28% | 9.0s
2026-07-29 03:09:36 |   -> saved best
2026-07-29 03:09:58 | Ep 30/50 | Loss 0.1332 Acc 94.99% | Val 0.1154 Acc 96.37% | 9.1s
2026-07-29 03:10:08 | Ep 31/50 | Loss 0.1124 Acc 95.38% | Val 0.1228 Acc 95.33% | 8.9s
2026-07-29 03:10:18 | Ep 32/50 | Loss 0.1097 Acc 95.96% | Val 0.0990 Acc 96.63% | 8.9s
2026-07-29 03:10:18 |   -> saved best
2026-07-29 03:10:28 | Ep 33/50 | Loss 0.1130 Acc 95.77% | Val 0.1345 Acc 95.72% | 9.0s
2026-07-29 03:10:38 | Ep 34/50 | Loss 0.1025 Acc 96.13% | Val 0.0966 Acc 96.76% | 8.9s
2026-07-29 03:10:38 |   -> saved best
2026-07-29 03:10:59 | Ep 35/50 | Loss 0.0994 Acc 96.06% | Val 0.1111 Acc 95.59% | 9.1s
2026-07-29 03:11:09 | Ep 36/50 | Loss 0.1032 Acc 95.77% | Val 0.0909 Acc 97.02% | 8.9s
2026-07-29 03:11:09 |   -> saved best
2026-07-29 03:11:19 | Ep 37/50 | Loss 0.1006 Acc 96.00% | Val 0.1102 Acc 96.24% | 8.9s
2026-07-29 03:11:28 | Ep 38/50 | Loss 0.0890 Acc 96.61% | Val 0.0984 Acc 96.63% | 8.9s
2026-07-29 03:11:42 | Ep 39/50 | Loss 0.1016 Acc 96.13% | Val 0.1297 Acc 95.59% | 9.2s
2026-07-29 03:11:51 | Ep 40/50 | Loss 0.1057 Acc 96.22% | Val 0.1130 Acc 96.50% | 8.9s
2026-07-29 03:12:01 | Ep 41/50 | Loss 0.0974 Acc 95.80% | Val 0.0944 Acc 97.02% | 9.0s
2026-07-29 03:12:11 | Ep 42/50 | Loss 0.1013 Acc 95.74% | Val 0.0997 Acc 96.89% | 8.9s
2026-07-29 03:12:21 | Ep 43/50 | Loss 0.0851 Acc 96.68% | Val 0.1040 Acc 96.76% | 8.9s
2026-07-29 03:12:31 | Ep 44/50 | Loss 0.0954 Acc 96.22% | Val 0.1427 Acc 94.55% | 8.9s
2026-07-29 03:12:47 | Ep 45/50 | Loss 0.0897 Acc 96.45% | Val 0.1085 Acc 95.85% | 9.1s
2026-07-29 03:13:06 | Ep 46/50 | Loss 0.0794 Acc 96.55% | Val 0.0937 Acc 97.15% | 9.1s
2026-07-29 03:13:16 | Ep 47/50 | Loss 0.0941 Acc 96.29% | Val 0.1260 Acc 96.37% | 8.9s
2026-07-29 03:13:26 | Ep 48/50 | Loss 0.0938 Acc 96.22% | Val 0.1184 Acc 95.07% | 8.9s
2026-07-29 03:13:36 | Ep 49/50 | Loss 0.0985 Acc 96.48% | Val 0.0976 Acc 97.02% | 8.9s
2026-07-29 03:13:46 | Ep 50/50 | Loss 0.0777 Acc 96.68% | Val 0.0777 Acc 97.54% | 8.9s
2026-07-29 03:13:46 |   -> saved best
2026-07-29 03:13:53 | Done in 10.32 min
2026-07-29 03:13:56 | 
================================================================================
2026-07-29 03:13:56 | TRAIN (FROM SCRATCH): ConvNeXt-Base | Fold 3/5 | batch=64 | lr=1.00e-04 | classes=4
2026-07-29 03:13:56 | ================================================================================
2026-07-29 03:13:56 |   [INFO] ConvNeXt-Base initialized FROM SCRATCH (no pretrained weights)
2026-07-29 03:14:22 | Ep 01/50 | Loss 1.0831 Acc 57.23% | Val 0.7807 Acc 65.32% | 26.0s
2026-07-29 03:14:22 |   -> saved best
2026-07-29 03:14:32 | Ep 02/50 | Loss 0.6473 Acc 74.09% | Val 0.4336 Acc 79.74% | 9.0s
2026-07-29 03:14:33 |   -> saved best
2026-07-29 03:14:43 | Ep 03/50 | Loss 0.4018 Acc 82.03% | Val 0.2943 Acc 83.64% | 8.9s
2026-07-29 03:14:43 |   -> saved best
2026-07-29 03:14:53 | Ep 04/50 | Loss 0.3402 Acc 84.15% | Val 0.2743 Acc 85.32% | 8.9s
2026-07-29 03:14:56 |   -> saved best
2026-07-29 03:15:09 | Ep 05/50 | Loss 0.2831 Acc 87.40% | Val 0.2213 Acc 87.40% | 9.1s
2026-07-29 03:15:09 |   -> saved best
2026-07-29 03:15:19 | Ep 06/50 | Loss 0.2603 Acc 88.90% | Val 0.2481 Acc 88.96% | 8.9s
2026-07-29 03:15:35 | Ep 07/50 | Loss 0.2754 Acc 88.74% | Val 0.1874 Acc 90.65% | 9.0s
2026-07-29 03:15:42 |   -> saved best
2026-07-29 03:15:56 | Ep 08/50 | Loss 0.2164 Acc 91.18% | Val 0.1694 Acc 91.69% | 9.1s
2026-07-29 03:15:57 |   -> saved best
2026-07-29 03:16:06 | Ep 09/50 | Loss 0.2011 Acc 91.86% | Val 0.1466 Acc 93.38% | 8.9s
2026-07-29 03:16:07 |   -> saved best
2026-07-29 03:16:17 | Ep 10/50 | Loss 0.1962 Acc 92.42% | Val 0.2108 Acc 90.26% | 9.0s
2026-07-29 03:16:36 | Ep 11/50 | Loss 0.2104 Acc 91.70% | Val 0.1512 Acc 92.60% | 9.0s
2026-07-29 03:16:46 | Ep 12/50 | Loss 0.1855 Acc 92.61% | Val 0.1763 Acc 90.39% | 8.9s
2026-07-29 03:16:56 | Ep 13/50 | Loss 0.1765 Acc 93.36% | Val 0.1473 Acc 93.12% | 8.9s
2026-07-29 03:17:05 | Ep 14/50 | Loss 0.1958 Acc 91.99% | Val 0.1322 Acc 93.38% | 8.9s
2026-07-29 03:17:06 |   -> saved best
2026-07-29 03:17:22 | Ep 15/50 | Loss 0.1720 Acc 93.39% | Val 0.1403 Acc 93.90% | 9.1s
2026-07-29 03:17:42 | Ep 16/50 | Loss 0.1798 Acc 93.26% | Val 0.1293 Acc 94.29% | 9.1s
2026-07-29 03:17:42 |   -> saved best
2026-07-29 03:17:52 | Ep 17/50 | Loss 0.1492 Acc 93.82% | Val 0.1202 Acc 94.42% | 9.0s
2026-07-29 03:17:52 |   -> saved best
2026-07-29 03:18:02 | Ep 18/50 | Loss 0.1422 Acc 94.37% | Val 0.1699 Acc 91.95% | 8.9s
2026-07-29 03:18:17 | Ep 19/50 | Loss 0.1495 Acc 94.01% | Val 0.1908 Acc 90.52% | 9.0s
2026-07-29 03:18:27 | Ep 20/50 | Loss 0.1574 Acc 93.68% | Val 0.1527 Acc 93.51% | 9.0s
2026-07-29 03:18:36 | Ep 21/50 | Loss 0.1431 Acc 94.21% | Val 0.1669 Acc 91.69% | 9.0s
2026-07-29 03:18:46 | Ep 22/50 | Loss 0.1446 Acc 94.24% | Val 0.1235 Acc 95.06% | 9.0s
2026-07-29 03:18:56 | Ep 23/50 | Loss 0.1413 Acc 94.79% | Val 0.1284 Acc 94.29% | 9.0s
2026-07-29 03:19:10 | Ep 24/50 | Loss 0.1464 Acc 94.17% | Val 0.1236 Acc 94.81% | 9.0s
2026-07-29 03:19:32 | Ep 25/50 | Loss 0.1514 Acc 93.98% | Val 0.0976 Acc 95.32% | 9.1s
2026-07-29 03:19:32 |   -> saved best
2026-07-29 03:19:42 | Ep 26/50 | Loss 0.1360 Acc 94.37% | Val 0.1115 Acc 94.55% | 8.9s
2026-07-29 03:19:52 | Ep 27/50 | Loss 0.1374 Acc 94.66% | Val 0.1257 Acc 94.81% | 8.9s
2026-07-29 03:20:02 | Ep 28/50 | Loss 0.1305 Acc 94.86% | Val 0.1878 Acc 93.25% | 8.9s
2026-07-29 03:20:15 | Ep 29/50 | Loss 0.1301 Acc 94.79% | Val 0.1205 Acc 94.29% | 9.0s
2026-07-29 03:20:25 | Ep 30/50 | Loss 0.1246 Acc 95.21% | Val 0.1039 Acc 95.06% | 8.9s
2026-07-29 03:20:35 | Ep 31/50 | Loss 0.1108 Acc 95.87% | Val 0.0865 Acc 97.14% | 9.0s
2026-07-29 03:20:35 |   -> saved best
2026-07-29 03:20:45 | Ep 32/50 | Loss 0.1154 Acc 95.61% | Val 0.0809 Acc 96.36% | 8.9s
2026-07-29 03:20:45 |   -> saved best
2026-07-29 03:20:58 | Ep 33/50 | Loss 0.1275 Acc 94.95% | Val 0.1255 Acc 94.16% | 9.1s
2026-07-29 03:21:21 | Ep 34/50 | Loss 0.1087 Acc 96.03% | Val 0.1033 Acc 95.71% | 9.1s
2026-07-29 03:21:31 | Ep 35/50 | Loss 0.1082 Acc 95.57% | Val 0.0926 Acc 95.84% | 8.9s
2026-07-29 03:21:41 | Ep 36/50 | Loss 0.1267 Acc 95.61% | Val 0.0756 Acc 96.36% | 9.0s
2026-07-29 03:21:41 |   -> saved best
2026-07-29 03:21:51 | Ep 37/50 | Loss 0.1060 Acc 95.87% | Val 0.1061 Acc 95.71% | 9.0s
2026-07-29 03:22:03 | Ep 38/50 | Loss 0.1080 Acc 95.96% | Val 0.0907 Acc 95.97% | 9.0s
2026-07-29 03:22:13 | Ep 39/50 | Loss 0.0912 Acc 96.71% | Val 0.0854 Acc 95.71% | 8.9s
2026-07-29 03:22:23 | Ep 40/50 | Loss 0.0987 Acc 96.58% | Val 0.1652 Acc 95.19% | 9.0s
2026-07-29 03:22:33 | Ep 41/50 | Loss 0.1096 Acc 95.61% | Val 0.0776 Acc 96.62% | 8.9s
2026-07-29 03:22:43 | Ep 42/50 | Loss 0.1067 Acc 96.45% | Val 0.0715 Acc 96.62% | 8.9s
2026-07-29 03:22:43 |   -> saved best
2026-07-29 03:22:53 | Ep 43/50 | Loss 0.0978 Acc 96.22% | Val 0.0851 Acc 96.88% | 9.0s
2026-07-29 03:23:09 | Ep 44/50 | Loss 0.1084 Acc 95.96% | Val 0.0679 Acc 97.27% | 9.0s
2026-07-29 03:23:09 |   -> saved best
2026-07-29 03:23:19 | Ep 45/50 | Loss 0.1025 Acc 96.16% | Val 0.0918 Acc 96.62% | 9.0s
2026-07-29 03:23:29 | Ep 46/50 | Loss 0.1042 Acc 96.13% | Val 0.0800 Acc 96.75% | 9.0s
2026-07-29 03:23:39 | Ep 47/50 | Loss 0.0895 Acc 96.81% | Val 0.0576 Acc 97.92% | 8.9s
2026-07-29 03:23:39 |   -> saved best
2026-07-29 03:23:55 | Ep 48/50 | Loss 0.0803 Acc 96.81% | Val 0.0764 Acc 96.88% | 9.2s
2026-07-29 03:24:16 | Ep 49/50 | Loss 0.0796 Acc 96.94% | Val 0.0601 Acc 97.79% | 9.2s
2026-07-29 03:24:25 | Ep 50/50 | Loss 0.0846 Acc 96.78% | Val 0.1052 Acc 96.10% | 8.9s
2026-07-29 03:24:26 | Done in 10.50 min
2026-07-29 03:24:29 | 
================================================================================
2026-07-29 03:24:29 | TRAIN (FROM SCRATCH): ConvNeXt-Base | Fold 4/5 | batch=64 | lr=1.00e-04 | classes=4
2026-07-29 03:24:29 | ================================================================================
2026-07-29 03:24:30 |   [INFO] ConvNeXt-Base initialized FROM SCRATCH (no pretrained weights)
2026-07-29 03:24:53 | Ep 01/50 | Loss 1.0642 Acc 58.04% | Val 0.7387 Acc 69.35% | 23.6s
2026-07-29 03:24:53 |   -> saved best
2026-07-29 03:25:03 | Ep 02/50 | Loss 0.6139 Acc 75.52% | Val 0.3630 Acc 84.03% | 9.0s
2026-07-29 03:25:04 |   -> saved best
2026-07-29 03:25:22 | Ep 03/50 | Loss 0.3933 Acc 82.65% | Val 0.3368 Acc 83.25% | 9.1s
2026-07-29 03:25:23 |   -> saved best
2026-07-29 03:25:32 | Ep 04/50 | Loss 0.3217 Acc 85.64% | Val 0.2239 Acc 88.31% | 8.9s
2026-07-29 03:25:33 |   -> saved best
2026-07-29 03:25:43 | Ep 05/50 | Loss 0.2810 Acc 87.86% | Val 0.2156 Acc 90.52% | 8.9s
2026-07-29 03:25:43 |   -> saved best
2026-07-29 03:26:01 | Ep 06/50 | Loss 0.2519 Acc 89.03% | Val 0.1944 Acc 89.87% | 9.2s
2026-07-29 03:26:01 |   -> saved best
2026-07-29 03:26:11 | Ep 07/50 | Loss 0.2550 Acc 89.00% | Val 0.2078 Acc 91.56% | 9.0s
2026-07-29 03:26:21 | Ep 08/50 | Loss 0.2295 Acc 90.14% | Val 0.1681 Acc 91.95% | 8.9s
2026-07-29 03:26:21 |   -> saved best
2026-07-29 03:26:36 | Ep 09/50 | Loss 0.2457 Acc 89.68% | Val 0.1531 Acc 92.86% | 9.1s
2026-07-29 03:26:43 |   -> saved best
2026-07-29 03:26:59 | Ep 10/50 | Loss 0.2128 Acc 91.54% | Val 0.1295 Acc 94.81% | 9.1s
2026-07-29 03:26:59 |   -> saved best
2026-07-29 03:27:09 | Ep 11/50 | Loss 0.2243 Acc 90.23% | Val 0.1695 Acc 91.56% | 8.9s
2026-07-29 03:27:19 | Ep 12/50 | Loss 0.1830 Acc 92.58% | Val 0.1430 Acc 93.25% | 8.9s
2026-07-29 03:27:37 | Ep 13/50 | Loss 0.1903 Acc 91.70% | Val 0.2278 Acc 90.00% | 9.1s
2026-07-29 03:27:47 | Ep 14/50 | Loss 0.2359 Acc 90.40% | Val 0.1523 Acc 93.51% | 9.0s
2026-07-29 03:27:57 | Ep 15/50 | Loss 0.1887 Acc 92.19% | Val 0.1180 Acc 94.29% | 8.9s
2026-07-29 03:27:57 |   -> saved best
2026-07-29 03:28:07 | Ep 16/50 | Loss 0.1570 Acc 93.55% | Val 0.1138 Acc 94.16% | 8.9s
2026-07-29 03:28:08 |   -> saved best
2026-07-29 03:28:24 | Ep 17/50 | Loss 0.1706 Acc 93.33% | Val 0.1501 Acc 93.64% | 9.2s
2026-07-29 03:28:34 | Ep 18/50 | Loss 0.1613 Acc 93.39% | Val 0.1197 Acc 95.45% | 8.9s
2026-07-29 03:28:44 | Ep 19/50 | Loss 0.1704 Acc 93.00% | Val 0.1028 Acc 95.19% | 9.0s
2026-07-29 03:28:44 |   -> saved best
2026-07-29 03:28:54 | Ep 20/50 | Loss 0.1584 Acc 93.39% | Val 0.1112 Acc 94.94% | 8.9s
2026-07-29 03:29:14 | Ep 21/50 | Loss 0.1552 Acc 93.75% | Val 0.0888 Acc 97.01% | 9.1s
2026-07-29 03:29:21 |   -> saved best
2026-07-29 03:29:31 | Ep 22/50 | Loss 0.1494 Acc 93.68% | Val 0.0872 Acc 96.62% | 9.2s
2026-07-29 03:29:32 |   -> saved best
2026-07-29 03:29:41 | Ep 23/50 | Loss 0.1482 Acc 94.43% | Val 0.0835 Acc 96.49% | 8.9s
2026-07-29 03:29:42 |   -> saved best
2026-07-29 03:29:52 | Ep 24/50 | Loss 0.1519 Acc 94.24% | Val 0.1106 Acc 95.32% | 8.9s
2026-07-29 03:30:09 | Ep 25/50 | Loss 0.1728 Acc 93.13% | Val 0.0862 Acc 96.88% | 9.1s
2026-07-29 03:30:19 | Ep 26/50 | Loss 0.1504 Acc 94.37% | Val 0.0832 Acc 96.62% | 8.9s
2026-07-29 03:30:19 |   -> saved best
2026-07-29 03:30:29 | Ep 27/50 | Loss 0.1319 Acc 94.89% | Val 0.0768 Acc 97.01% | 9.0s
2026-07-29 03:30:30 |   -> saved best
2026-07-29 03:30:40 | Ep 28/50 | Loss 0.1925 Acc 93.03% | Val 0.2086 Acc 91.17% | 8.9s
2026-07-29 03:30:54 | Ep 29/50 | Loss 0.2251 Acc 90.85% | Val 0.1313 Acc 95.32% | 9.0s
2026-07-29 03:31:04 | Ep 30/50 | Loss 0.1681 Acc 93.23% | Val 0.0990 Acc 96.36% | 8.9s
2026-07-29 03:31:13 | Ep 31/50 | Loss 0.1466 Acc 94.92% | Val 0.1016 Acc 96.23% | 8.9s
2026-07-29 03:31:23 | Ep 32/50 | Loss 0.1497 Acc 94.21% | Val 0.0972 Acc 96.23% | 8.9s
2026-07-29 03:31:33 | Ep 33/50 | Loss 0.1279 Acc 95.41% | Val 0.0788 Acc 96.62% | 8.9s
2026-07-29 03:31:45 | Ep 34/50 | Loss 0.1241 Acc 95.44% | Val 0.0836 Acc 97.27% | 9.0s
2026-07-29 03:32:08 | Ep 35/50 | Loss 0.1438 Acc 94.63% | Val 0.0929 Acc 96.23% | 9.2s
2026-07-29 03:32:17 | Ep 36/50 | Loss 0.1317 Acc 95.02% | Val 0.0901 Acc 95.97% | 8.9s
2026-07-29 03:32:27 | Ep 37/50 | Loss 0.1192 Acc 95.61% | Val 0.0739 Acc 97.40% | 9.0s
2026-07-29 03:32:28 |   -> saved best
2026-07-29 03:32:38 | Ep 38/50 | Loss 0.1214 Acc 95.31% | Val 0.0728 Acc 97.14% | 8.9s
2026-07-29 03:32:38 |   -> saved best
2026-07-29 03:32:52 | Ep 39/50 | Loss 0.1101 Acc 95.96% | Val 0.0684 Acc 97.40% | 9.2s
2026-07-29 03:32:53 |   -> saved best
2026-07-29 03:33:02 | Ep 40/50 | Loss 0.1181 Acc 95.77% | Val 0.0766 Acc 97.14% | 8.9s
2026-07-29 03:33:12 | Ep 41/50 | Loss 0.1130 Acc 95.80% | Val 0.0790 Acc 96.49% | 8.9s
2026-07-29 03:33:22 | Ep 42/50 | Loss 0.1302 Acc 95.25% | Val 0.0865 Acc 96.88% | 8.9s
2026-07-29 03:33:32 | Ep 43/50 | Loss 0.1112 Acc 95.64% | Val 0.0744 Acc 97.66% | 8.9s
2026-07-29 03:33:47 | Ep 44/50 | Loss 0.1069 Acc 95.87% | Val 0.0830 Acc 96.36% | 8.9s
2026-07-29 03:33:57 | Ep 45/50 | Loss 0.1118 Acc 96.06% | Val 0.0658 Acc 96.75% | 8.9s
2026-07-29 03:33:58 |   -> saved best
2026-07-29 03:34:07 | Ep 46/50 | Loss 0.1060 Acc 96.03% | Val 0.0573 Acc 97.66% | 9.0s
2026-07-29 03:34:08 |   -> saved best
2026-07-29 03:34:18 | Ep 47/50 | Loss 0.0879 Acc 96.84% | Val 0.0576 Acc 97.40% | 9.0s
2026-07-29 03:34:35 | Ep 48/50 | Loss 0.1110 Acc 95.51% | Val 0.0604 Acc 97.92% | 9.1s
2026-07-29 03:34:53 | Ep 49/50 | Loss 0.1102 Acc 95.61% | Val 0.0655 Acc 97.01% | 9.1s
2026-07-29 03:35:03 | Ep 50/50 | Loss 0.1018 Acc 95.96% | Val 0.0578 Acc 97.01% | 8.9s
2026-07-29 03:35:04 | Done in 10.57 min
2026-07-29 03:35:06 | 
================================================================================
2026-07-29 03:35:06 | TRAIN (FROM SCRATCH): ConvNeXt-Base | Fold 5/5 | batch=64 | lr=1.00e-04 | classes=4
2026-07-29 03:35:06 | ================================================================================
2026-07-29 03:35:07 |   [INFO] ConvNeXt-Base initialized FROM SCRATCH (no pretrained weights)
2026-07-29 03:35:31 | Ep 01/50 | Loss 1.1117 Acc 56.09% | Val 0.7904 Acc 67.66% | 23.7s
2026-07-29 03:35:31 |   -> saved best
2026-07-29 03:35:41 | Ep 02/50 | Loss 0.6518 Acc 74.09% | Val 0.4178 Acc 80.78% | 9.2s
2026-07-29 03:35:42 |   -> saved best
2026-07-29 03:36:04 | Ep 03/50 | Loss 0.4181 Acc 82.42% | Val 0.3229 Acc 84.81% | 9.3s
2026-07-29 03:36:04 |   -> saved best
2026-07-29 03:36:14 | Ep 04/50 | Loss 0.3178 Acc 85.94% | Val 0.2590 Acc 87.92% | 8.9s
2026-07-29 03:36:14 |   -> saved best
2026-07-29 03:36:24 | Ep 05/50 | Loss 0.2890 Acc 87.47% | Val 0.2379 Acc 88.57% | 9.0s
2026-07-29 03:36:25 |   -> saved best
2026-07-29 03:36:46 | Ep 06/50 | Loss 0.2539 Acc 89.55% | Val 0.2691 Acc 87.01% | 9.3s
2026-07-29 03:36:56 | Ep 07/50 | Loss 0.2214 Acc 90.66% | Val 0.2483 Acc 89.22% | 8.9s
2026-07-29 03:37:05 | Ep 08/50 | Loss 0.2223 Acc 90.49% | Val 0.1918 Acc 91.17% | 8.9s
2026-07-29 03:37:06 |   -> saved best
2026-07-29 03:37:19 | Ep 09/50 | Loss 0.1910 Acc 92.29% | Val 0.2436 Acc 90.52% | 9.0s
2026-07-29 03:37:42 | Ep 10/50 | Loss 0.2176 Acc 91.37% | Val 0.2240 Acc 90.13% | 9.2s
2026-07-29 03:37:52 | Ep 11/50 | Loss 0.1718 Acc 92.68% | Val 0.2118 Acc 90.39% | 9.0s
2026-07-29 03:38:02 | Ep 12/50 | Loss 0.1836 Acc 92.06% | Val 0.1764 Acc 91.95% | 8.9s
2026-07-29 03:38:02 |   -> saved best
2026-07-29 03:38:13 | Ep 13/50 | Loss 0.1796 Acc 92.58% | Val 0.1917 Acc 92.47% | 9.0s
2026-07-29 03:38:25 | Ep 14/50 | Loss 0.1569 Acc 93.46% | Val 0.1555 Acc 93.77% | 9.0s
2026-07-29 03:38:25 |   -> saved best
2026-07-29 03:38:35 | Ep 15/50 | Loss 0.1602 Acc 93.33% | Val 0.1984 Acc 92.60% | 8.9s
2026-07-29 03:38:45 | Ep 16/50 | Loss 0.1567 Acc 93.68% | Val 0.2404 Acc 89.35% | 8.9s
2026-07-29 03:38:57 | Ep 17/50 | Loss 0.1451 Acc 94.27% | Val 0.1829 Acc 92.60% | 9.0s
2026-07-29 03:39:08 | Ep 18/50 | Loss 0.1657 Acc 93.55% | Val 0.1696 Acc 94.03% | 8.9s
2026-07-29 03:39:18 | Ep 19/50 | Loss 0.1538 Acc 94.14% | Val 0.1633 Acc 93.77% | 8.9s
2026-07-29 03:39:28 | Ep 20/50 | Loss 0.1169 Acc 95.31% | Val 0.1522 Acc 93.90% | 8.9s
2026-07-29 03:39:28 |   -> saved best
2026-07-29 03:39:38 | Ep 21/50 | Loss 0.1727 Acc 93.39% | Val 0.2176 Acc 90.52% | 8.9s
2026-07-29 03:39:56 | Ep 22/50 | Loss 0.1569 Acc 93.49% | Val 0.2126 Acc 91.95% | 9.1s
2026-07-29 03:40:14 | Ep 23/50 | Loss 0.1229 Acc 94.89% | Val 0.1836 Acc 93.77% | 9.2s
2026-07-29 03:40:24 | Ep 24/50 | Loss 0.1326 Acc 94.89% | Val 0.1834 Acc 92.99% | 8.9s
2026-07-29 03:40:34 | Ep 25/50 | Loss 0.1413 Acc 94.21% | Val 0.2005 Acc 92.73% | 9.0s
2026-07-29 03:40:43 | Ep 26/50 | Loss 0.1191 Acc 95.41% | Val 0.1627 Acc 94.16% | 8.9s
2026-07-29 03:40:53 | Ep 27/50 | Loss 0.1274 Acc 94.76% | Val 0.1595 Acc 93.77% | 9.0s
2026-07-29 03:41:09 | Ep 28/50 | Loss 0.1084 Acc 95.87% | Val 0.1652 Acc 93.25% | 9.0s
2026-07-29 03:41:19 | Ep 29/50 | Loss 0.1129 Acc 96.00% | Val 0.1577 Acc 93.51% | 9.0s
2026-07-29 03:41:29 | Ep 30/50 | Loss 0.1232 Acc 95.02% | Val 0.1300 Acc 94.81% | 9.0s
2026-07-29 03:41:29 |   -> saved best
2026-07-29 03:41:39 | Ep 31/50 | Loss 0.1074 Acc 95.96% | Val 0.1421 Acc 94.81% | 8.9s
2026-07-29 03:41:49 | Ep 32/50 | Loss 0.1227 Acc 95.08% | Val 0.1446 Acc 94.42% | 8.9s
2026-07-29 03:42:03 | Ep 33/50 | Loss 0.1200 Acc 95.25% | Val 0.1412 Acc 94.55% | 9.0s
2026-07-29 03:42:13 | Ep 34/50 | Loss 0.1063 Acc 95.90% | Val 0.1480 Acc 94.03% | 9.0s
2026-07-29 03:42:23 | Ep 35/50 | Loss 0.1056 Acc 96.13% | Val 0.1477 Acc 93.77% | 8.9s
2026-07-29 03:42:33 | Ep 36/50 | Loss 0.0993 Acc 96.32% | Val 0.1574 Acc 94.42% | 8.9s
2026-07-29 03:42:42 | Ep 37/50 | Loss 0.0859 Acc 96.91% | Val 0.1625 Acc 94.16% | 8.9s
2026-07-29 03:42:53 | Ep 38/50 | Loss 0.1003 Acc 95.90% | Val 0.1455 Acc 94.81% | 9.0s
2026-07-29 03:43:17 | Ep 39/50 | Loss 0.0959 Acc 96.29% | Val 0.1246 Acc 95.32% | 9.2s
2026-07-29 03:43:17 |   -> saved best
2026-07-29 03:43:27 | Ep 40/50 | Loss 0.0821 Acc 96.78% | Val 0.1293 Acc 94.55% | 8.9s
2026-07-29 03:43:37 | Ep 41/50 | Loss 0.0784 Acc 97.20% | Val 0.1650 Acc 94.16% | 8.9s
2026-07-29 03:43:47 | Ep 42/50 | Loss 0.0964 Acc 96.13% | Val 0.1493 Acc 94.81% | 9.0s
2026-07-29 03:43:57 | Ep 43/50 | Loss 0.0845 Acc 96.74% | Val 0.1290 Acc 94.68% | 8.9s
2026-07-29 03:44:14 | Ep 44/50 | Loss 0.0826 Acc 97.07% | Val 0.1406 Acc 94.55% | 9.1s
2026-07-29 03:44:24 | Ep 45/50 | Loss 0.0809 Acc 96.68% | Val 0.1346 Acc 94.94% | 9.0s
2026-07-29 03:44:33 | Ep 46/50 | Loss 0.0895 Acc 96.88% | Val 0.1338 Acc 95.06% | 9.0s
2026-07-29 03:44:43 | Ep 47/50 | Loss 0.0703 Acc 97.53% | Val 0.1370 Acc 95.45% | 8.9s
2026-07-29 03:44:53 | Ep 48/50 | Loss 0.0833 Acc 96.78% | Val 0.1269 Acc 94.29% | 8.9s
2026-07-29 03:45:07 | Ep 49/50 | Loss 0.0930 Acc 96.39% | Val 0.1485 Acc 95.32% | 9.0s
2026-07-29 03:45:29 | Ep 50/50 | Loss 0.0905 Acc 96.68% | Val 0.1114 Acc 95.58% | 9.1s
2026-07-29 03:45:29 |   -> saved best
2026-07-29 03:45:30 | Done in 10.39 min
2026-07-29 03:45:33 | 
================================================================================
2026-07-29 03:45:33 | FINAL SUMMARY  --  PlantVillage Corn (5-fold CV, baselines scratch / CViTLw ViT-branch scratch)
2026-07-29 03:45:33 | ================================================================================
2026-07-29 03:45:33 | 
|                 |   Params (M) |   n_folds | Accuracy       | Precision      | Recall         | F1-Score       | Kappa             | AUC               | Train Time (min)   |
|:----------------|-------------:|----------:|:---------------|:---------------|:---------------|:---------------|:------------------|:------------------|:-------------------|
| CViTLw          |        0.33  |         5 | 98.44 +/- 0.65 | 97.74 +/- 0.94 | 97.92 +/- 0.89 | 97.83 +/- 0.91 | 0.9787 +/- 0.0089 | 0.9990 +/- 0.0007 | 8.68 +/- 0.40      |
| MobileNetV2     |        2.229 |         5 | 95.30 +/- 1.03 | 93.57 +/- 1.31 | 93.37 +/- 1.69 | 93.43 +/- 1.47 | 0.9356 +/- 0.0141 | 0.9942 +/- 0.0013 | 4.97 +/- 0.15      |
| EfficientNet-B0 |        4.013 |         5 | 97.35 +/- 0.60 | 96.60 +/- 0.69 | 95.98 +/- 1.03 | 96.26 +/- 0.87 | 0.9637 +/- 0.0082 | 0.9968 +/- 0.0012 | 4.99 +/- 0.11      |
| ResNet-50       |       23.516 |         5 | 97.61 +/- 0.55 | 96.76 +/- 0.80 | 96.79 +/- 0.73 | 96.77 +/- 0.77 | 0.9673 +/- 0.0076 | 0.9982 +/- 0.0011 | 4.78 +/- 0.22      |
| ViT-B/16        |       85.802 |         5 | 97.98 +/- 0.27 | 97.42 +/- 0.48 | 97.01 +/- 0.44 | 97.19 +/- 0.35 | 0.9722 +/- 0.0037 | 0.9985 +/- 0.0008 | 9.38 +/- 0.69      |
| Swin-Tiny       |       27.522 |         5 | 98.18 +/- 0.53 | 97.62 +/- 0.79 | 97.40 +/- 0.67 | 97.50 +/- 0.71 | 0.9751 +/- 0.0072 | 0.9983 +/- 0.0013 | 5.46 +/- 0.02      |
| DeiT-Small      |       21.667 |         5 | 97.56 +/- 0.77 | 96.88 +/- 0.82 | 96.47 +/- 1.45 | 96.64 +/- 1.18 | 0.9665 +/- 0.0106 | 0.9978 +/- 0.0014 | 4.03 +/- 0.81      |
| MobileViT-S     |        4.94  |         5 | 98.18 +/- 0.57 | 97.45 +/- 0.85 | 97.59 +/- 0.71 | 97.52 +/- 0.78 | 0.9751 +/- 0.0078 | 0.9982 +/- 0.0013 | 4.98 +/- 0.45      |
| ConvNeXt-Base   |       87.571 |         5 | 97.25 +/- 0.84 | 96.35 +/- 1.27 | 96.16 +/- 1.12 | 96.24 +/- 1.18 | 0.9623 +/- 0.0115 | 0.9975 +/- 0.0016 | 10.48 +/- 0.11     |
2026-07-29 03:45:33 | 
Saved: C:\Users\Admin\Desktop\hai\ConViTX\code ViT_8 block CNN\HybridModel_PlantVillage_Corn_NoPretrain\results\comparison_results.json
2026-07-29 03:45:33 | Progress: C:\Users\Admin\Desktop\hai\ConViTX\code ViT_8 block CNN\HybridModel_PlantVillage_Corn_NoPretrain\results\training_progress.json
